CRITICAL - 2021-12-23 09:06:23 --> count(): Parameter must be an array or an object that implements Countable
#0 /home/dnzwygdo/app/Views/admin/invoice/lihat.php(112): CodeIgniter\Debug\Exceptions->errorHandler(2, 'count(): Parame...', '/home/dnzwygdo/...', 112, Array)
#1 /home/dnzwygdo/vendor/codeigniter4/framework/system/View/View.php(246): include('/home/dnzwygdo/...')
#2 /home/dnzwygdo/vendor/codeigniter4/framework/system/Common.php(1119): CodeIgniter\View\View->render('admin/invoice/l...', Array, true)
#3 /home/dnzwygdo/app/Controllers/Admin/Invoices.php(80): view('admin/invoice/l...', Array)
#4 /home/dnzwygdo/vendor/codeigniter4/framework/system/CodeIgniter.php(918): App\Controllers\Admin\Invoices->lihat('semua', 'semua')
#5 /home/dnzwygdo/vendor/codeigniter4/framework/system/CodeIgniter.php(404): CodeIgniter\CodeIgniter->runController(Object(App\Controllers\Admin\Invoices))
#6 /home/dnzwygdo/vendor/codeigniter4/framework/system/CodeIgniter.php(312): CodeIgniter\CodeIgniter->handleRequest(NULL, Object(Config\Cache), false)
#7 /home/dnzwygdo/public_html/index.php(45): CodeIgniter\CodeIgniter->run()
#8 {main}
CRITICAL - 2021-12-23 10:39:56 --> Invalid argument supplied for foreach()
#0 /home/dnzwygdo/app/Controllers/BaseController.php(122): CodeIgniter\Debug\Exceptions->errorHandler(2, 'Invalid argumen...', '/home/dnzwygdo/...', 122, Array)
#1 /home/dnzwygdo/app/Controllers/User/Invoices.php(148): App\Controllers\BaseController->juraganBy('21')
#2 /home/dnzwygdo/vendor/codeigniter4/framework/system/CodeIgniter.php(918): App\Controllers\User\Invoices->lihat()
#3 /home/dnzwygdo/vendor/codeigniter4/framework/system/CodeIgniter.php(404): CodeIgniter\CodeIgniter->runController(Object(App\Controllers\User\Invoices))
#4 /home/dnzwygdo/vendor/codeigniter4/framework/system/CodeIgniter.php(312): CodeIgniter\CodeIgniter->handleRequest(NULL, Object(Config\Cache), false)
#5 /home/dnzwygdo/public_html/index.php(45): CodeIgniter\CodeIgniter->run()
#6 {main}
CRITICAL - 2021-12-23 10:40:17 --> Invalid argument supplied for foreach()
#0 /home/dnzwygdo/app/Controllers/BaseController.php(122): CodeIgniter\Debug\Exceptions->errorHandler(2, 'Invalid argumen...', '/home/dnzwygdo/...', 122, Array)
#1 /home/dnzwygdo/app/Controllers/User/Invoices.php(148): App\Controllers\BaseController->juraganBy('21')
#2 /home/dnzwygdo/vendor/codeigniter4/framework/system/CodeIgniter.php(918): App\Controllers\User\Invoices->lihat()
#3 /home/dnzwygdo/vendor/codeigniter4/framework/system/CodeIgniter.php(404): CodeIgniter\CodeIgniter->runController(Object(App\Controllers\User\Invoices))
#4 /home/dnzwygdo/vendor/codeigniter4/framework/system/CodeIgniter.php(312): CodeIgniter\CodeIgniter->handleRequest(NULL, Object(Config\Cache), false)
#5 /home/dnzwygdo/public_html/index.php(45): CodeIgniter\CodeIgniter->run()
#6 {main}
CRITICAL - 2021-12-23 10:41:26 --> Invalid argument supplied for foreach()
#0 /home/dnzwygdo/app/Controllers/BaseController.php(122): CodeIgniter\Debug\Exceptions->errorHandler(2, 'Invalid argumen...', '/home/dnzwygdo/...', 122, Array)
#1 /home/dnzwygdo/app/Controllers/User/Invoices.php(148): App\Controllers\BaseController->juraganBy('21')
#2 /home/dnzwygdo/vendor/codeigniter4/framework/system/CodeIgniter.php(918): App\Controllers\User\Invoices->lihat()
#3 /home/dnzwygdo/vendor/codeigniter4/framework/system/CodeIgniter.php(404): CodeIgniter\CodeIgniter->runController(Object(App\Controllers\User\Invoices))
#4 /home/dnzwygdo/vendor/codeigniter4/framework/system/CodeIgniter.php(312): CodeIgniter\CodeIgniter->handleRequest(NULL, Object(Config\Cache), false)
#5 /home/dnzwygdo/public_html/index.php(45): CodeIgniter\CodeIgniter->run()
#6 {main}
CRITICAL - 2021-12-23 10:41:56 --> Invalid argument supplied for foreach()
#0 /home/dnzwygdo/app/Controllers/BaseController.php(122): CodeIgniter\Debug\Exceptions->errorHandler(2, 'Invalid argumen...', '/home/dnzwygdo/...', 122, Array)
#1 /home/dnzwygdo/app/Controllers/User/Invoices.php(148): App\Controllers\BaseController->juraganBy('21')
#2 /home/dnzwygdo/vendor/codeigniter4/framework/system/CodeIgniter.php(918): App\Controllers\User\Invoices->lihat()
#3 /home/dnzwygdo/vendor/codeigniter4/framework/system/CodeIgniter.php(404): CodeIgniter\CodeIgniter->runController(Object(App\Controllers\User\Invoices))
#4 /home/dnzwygdo/vendor/codeigniter4/framework/system/CodeIgniter.php(312): CodeIgniter\CodeIgniter->handleRequest(NULL, Object(Config\Cache), false)
#5 /home/dnzwygdo/public_html/index.php(45): CodeIgniter\CodeIgniter->run()
#6 {main}
CRITICAL - 2021-12-23 10:41:58 --> Invalid argument supplied for foreach()
#0 /home/dnzwygdo/app/Controllers/BaseController.php(122): CodeIgniter\Debug\Exceptions->errorHandler(2, 'Invalid argumen...', '/home/dnzwygdo/...', 122, Array)
#1 /home/dnzwygdo/app/Controllers/User/Invoices.php(148): App\Controllers\BaseController->juraganBy('21')
#2 /home/dnzwygdo/vendor/codeigniter4/framework/system/CodeIgniter.php(918): App\Controllers\User\Invoices->lihat()
#3 /home/dnzwygdo/vendor/codeigniter4/framework/system/CodeIgniter.php(404): CodeIgniter\CodeIgniter->runController(Object(App\Controllers\User\Invoices))
#4 /home/dnzwygdo/vendor/codeigniter4/framework/system/CodeIgniter.php(312): CodeIgniter\CodeIgniter->handleRequest(NULL, Object(Config\Cache), false)
#5 /home/dnzwygdo/public_html/index.php(45): CodeIgniter\CodeIgniter->run()
#6 {main}
CRITICAL - 2021-12-23 10:41:59 --> Invalid argument supplied for foreach()
#0 /home/dnzwygdo/app/Controllers/BaseController.php(122): CodeIgniter\Debug\Exceptions->errorHandler(2, 'Invalid argumen...', '/home/dnzwygdo/...', 122, Array)
#1 /home/dnzwygdo/app/Controllers/User/Invoices.php(148): App\Controllers\BaseController->juraganBy('21')
#2 /home/dnzwygdo/vendor/codeigniter4/framework/system/CodeIgniter.php(918): App\Controllers\User\Invoices->lihat()
#3 /home/dnzwygdo/vendor/codeigniter4/framework/system/CodeIgniter.php(404): CodeIgniter\CodeIgniter->runController(Object(App\Controllers\User\Invoices))
#4 /home/dnzwygdo/vendor/codeigniter4/framework/system/CodeIgniter.php(312): CodeIgniter\CodeIgniter->handleRequest(NULL, Object(Config\Cache), false)
#5 /home/dnzwygdo/public_html/index.php(45): CodeIgniter\CodeIgniter->run()
#6 {main}
CRITICAL - 2021-12-23 10:41:59 --> Invalid argument supplied for foreach()
#0 /home/dnzwygdo/app/Controllers/BaseController.php(122): CodeIgniter\Debug\Exceptions->errorHandler(2, 'Invalid argumen...', '/home/dnzwygdo/...', 122, Array)
#1 /home/dnzwygdo/app/Controllers/User/Invoices.php(148): App\Controllers\BaseController->juraganBy('21')
#2 /home/dnzwygdo/vendor/codeigniter4/framework/system/CodeIgniter.php(918): App\Controllers\User\Invoices->lihat()
#3 /home/dnzwygdo/vendor/codeigniter4/framework/system/CodeIgniter.php(404): CodeIgniter\CodeIgniter->runController(Object(App\Controllers\User\Invoices))
#4 /home/dnzwygdo/vendor/codeigniter4/framework/system/CodeIgniter.php(312): CodeIgniter\CodeIgniter->handleRequest(NULL, Object(Config\Cache), false)
#5 /home/dnzwygdo/public_html/index.php(45): CodeIgniter\CodeIgniter->run()
#6 {main}
CRITICAL - 2021-12-23 10:41:59 --> Invalid argument supplied for foreach()
#0 /home/dnzwygdo/app/Controllers/BaseController.php(122): CodeIgniter\Debug\Exceptions->errorHandler(2, 'Invalid argumen...', '/home/dnzwygdo/...', 122, Array)
#1 /home/dnzwygdo/app/Controllers/User/Invoices.php(148): App\Controllers\BaseController->juraganBy('21')
#2 /home/dnzwygdo/vendor/codeigniter4/framework/system/CodeIgniter.php(918): App\Controllers\User\Invoices->lihat()
#3 /home/dnzwygdo/vendor/codeigniter4/framework/system/CodeIgniter.php(404): CodeIgniter\CodeIgniter->runController(Object(App\Controllers\User\Invoices))
#4 /home/dnzwygdo/vendor/codeigniter4/framework/system/CodeIgniter.php(312): CodeIgniter\CodeIgniter->handleRequest(NULL, Object(Config\Cache), false)
#5 /home/dnzwygdo/public_html/index.php(45): CodeIgniter\CodeIgniter->run()
#6 {main}
CRITICAL - 2021-12-23 10:41:59 --> Invalid argument supplied for foreach()
#0 /home/dnzwygdo/app/Controllers/BaseController.php(122): CodeIgniter\Debug\Exceptions->errorHandler(2, 'Invalid argumen...', '/home/dnzwygdo/...', 122, Array)
#1 /home/dnzwygdo/app/Controllers/User/Invoices.php(148): App\Controllers\BaseController->juraganBy('21')
#2 /home/dnzwygdo/vendor/codeigniter4/framework/system/CodeIgniter.php(918): App\Controllers\User\Invoices->lihat()
#3 /home/dnzwygdo/vendor/codeigniter4/framework/system/CodeIgniter.php(404): CodeIgniter\CodeIgniter->runController(Object(App\Controllers\User\Invoices))
#4 /home/dnzwygdo/vendor/codeigniter4/framework/system/CodeIgniter.php(312): CodeIgniter\CodeIgniter->handleRequest(NULL, Object(Config\Cache), false)
#5 /home/dnzwygdo/public_html/index.php(45): CodeIgniter\CodeIgniter->run()
#6 {main}
CRITICAL - 2021-12-23 10:42:00 --> Invalid argument supplied for foreach()
#0 /home/dnzwygdo/app/Controllers/BaseController.php(122): CodeIgniter\Debug\Exceptions->errorHandler(2, 'Invalid argumen...', '/home/dnzwygdo/...', 122, Array)
#1 /home/dnzwygdo/app/Controllers/User/Invoices.php(148): App\Controllers\BaseController->juraganBy('21')
#2 /home/dnzwygdo/vendor/codeigniter4/framework/system/CodeIgniter.php(918): App\Controllers\User\Invoices->lihat()
#3 /home/dnzwygdo/vendor/codeigniter4/framework/system/CodeIgniter.php(404): CodeIgniter\CodeIgniter->runController(Object(App\Controllers\User\Invoices))
#4 /home/dnzwygdo/vendor/codeigniter4/framework/system/CodeIgniter.php(312): CodeIgniter\CodeIgniter->handleRequest(NULL, Object(Config\Cache), false)
#5 /home/dnzwygdo/public_html/index.php(45): CodeIgniter\CodeIgniter->run()
#6 {main}
CRITICAL - 2021-12-23 10:42:00 --> Invalid argument supplied for foreach()
#0 /home/dnzwygdo/app/Controllers/BaseController.php(122): CodeIgniter\Debug\Exceptions->errorHandler(2, 'Invalid argumen...', '/home/dnzwygdo/...', 122, Array)
#1 /home/dnzwygdo/app/Controllers/User/Invoices.php(148): App\Controllers\BaseController->juraganBy('21')
#2 /home/dnzwygdo/vendor/codeigniter4/framework/system/CodeIgniter.php(918): App\Controllers\User\Invoices->lihat()
#3 /home/dnzwygdo/vendor/codeigniter4/framework/system/CodeIgniter.php(404): CodeIgniter\CodeIgniter->runController(Object(App\Controllers\User\Invoices))
#4 /home/dnzwygdo/vendor/codeigniter4/framework/system/CodeIgniter.php(312): CodeIgniter\CodeIgniter->handleRequest(NULL, Object(Config\Cache), false)
#5 /home/dnzwygdo/public_html/index.php(45): CodeIgniter\CodeIgniter->run()
#6 {main}
CRITICAL - 2021-12-23 10:42:03 --> Invalid argument supplied for foreach()
#0 /home/dnzwygdo/app/Controllers/BaseController.php(122): CodeIgniter\Debug\Exceptions->errorHandler(2, 'Invalid argumen...', '/home/dnzwygdo/...', 122, Array)
#1 /home/dnzwygdo/app/Controllers/User/Invoices.php(148): App\Controllers\BaseController->juraganBy('21')
#2 /home/dnzwygdo/vendor/codeigniter4/framework/system/CodeIgniter.php(918): App\Controllers\User\Invoices->lihat()
#3 /home/dnzwygdo/vendor/codeigniter4/framework/system/CodeIgniter.php(404): CodeIgniter\CodeIgniter->runController(Object(App\Controllers\User\Invoices))
#4 /home/dnzwygdo/vendor/codeigniter4/framework/system/CodeIgniter.php(312): CodeIgniter\CodeIgniter->handleRequest(NULL, Object(Config\Cache), false)
#5 /home/dnzwygdo/public_html/index.php(45): CodeIgniter\CodeIgniter->run()
#6 {main}
CRITICAL - 2021-12-23 10:42:03 --> Invalid argument supplied for foreach()
#0 /home/dnzwygdo/app/Controllers/BaseController.php(122): CodeIgniter\Debug\Exceptions->errorHandler(2, 'Invalid argumen...', '/home/dnzwygdo/...', 122, Array)
#1 /home/dnzwygdo/app/Controllers/User/Invoices.php(148): App\Controllers\BaseController->juraganBy('21')
#2 /home/dnzwygdo/vendor/codeigniter4/framework/system/CodeIgniter.php(918): App\Controllers\User\Invoices->lihat()
#3 /home/dnzwygdo/vendor/codeigniter4/framework/system/CodeIgniter.php(404): CodeIgniter\CodeIgniter->runController(Object(App\Controllers\User\Invoices))
#4 /home/dnzwygdo/vendor/codeigniter4/framework/system/CodeIgniter.php(312): CodeIgniter\CodeIgniter->handleRequest(NULL, Object(Config\Cache), false)
#5 /home/dnzwygdo/public_html/index.php(45): CodeIgniter\CodeIgniter->run()
#6 {main}
CRITICAL - 2021-12-23 10:42:04 --> Invalid argument supplied for foreach()
#0 /home/dnzwygdo/app/Controllers/BaseController.php(122): CodeIgniter\Debug\Exceptions->errorHandler(2, 'Invalid argumen...', '/home/dnzwygdo/...', 122, Array)
#1 /home/dnzwygdo/app/Controllers/User/Invoices.php(148): App\Controllers\BaseController->juraganBy('21')
#2 /home/dnzwygdo/vendor/codeigniter4/framework/system/CodeIgniter.php(918): App\Controllers\User\Invoices->lihat()
#3 /home/dnzwygdo/vendor/codeigniter4/framework/system/CodeIgniter.php(404): CodeIgniter\CodeIgniter->runController(Object(App\Controllers\User\Invoices))
#4 /home/dnzwygdo/vendor/codeigniter4/framework/system/CodeIgniter.php(312): CodeIgniter\CodeIgniter->handleRequest(NULL, Object(Config\Cache), false)
#5 /home/dnzwygdo/public_html/index.php(45): CodeIgniter\CodeIgniter->run()
#6 {main}
CRITICAL - 2021-12-23 10:42:08 --> Invalid argument supplied for foreach()
#0 /home/dnzwygdo/app/Controllers/BaseController.php(122): CodeIgniter\Debug\Exceptions->errorHandler(2, 'Invalid argumen...', '/home/dnzwygdo/...', 122, Array)
#1 /home/dnzwygdo/app/Controllers/User/Invoices.php(148): App\Controllers\BaseController->juraganBy('21')
#2 /home/dnzwygdo/vendor/codeigniter4/framework/system/CodeIgniter.php(918): App\Controllers\User\Invoices->lihat()
#3 /home/dnzwygdo/vendor/codeigniter4/framework/system/CodeIgniter.php(404): CodeIgniter\CodeIgniter->runController(Object(App\Controllers\User\Invoices))
#4 /home/dnzwygdo/vendor/codeigniter4/framework/system/CodeIgniter.php(312): CodeIgniter\CodeIgniter->handleRequest(NULL, Object(Config\Cache), false)
#5 /home/dnzwygdo/public_html/index.php(45): CodeIgniter\CodeIgniter->run()
#6 {main}
CRITICAL - 2021-12-23 10:42:14 --> Invalid argument supplied for foreach()
#0 /home/dnzwygdo/app/Controllers/BaseController.php(122): CodeIgniter\Debug\Exceptions->errorHandler(2, 'Invalid argumen...', '/home/dnzwygdo/...', 122, Array)
#1 /home/dnzwygdo/app/Controllers/User/Invoices.php(148): App\Controllers\BaseController->juraganBy('21')
#2 /home/dnzwygdo/vendor/codeigniter4/framework/system/CodeIgniter.php(918): App\Controllers\User\Invoices->lihat()
#3 /home/dnzwygdo/vendor/codeigniter4/framework/system/CodeIgniter.php(404): CodeIgniter\CodeIgniter->runController(Object(App\Controllers\User\Invoices))
#4 /home/dnzwygdo/vendor/codeigniter4/framework/system/CodeIgniter.php(312): CodeIgniter\CodeIgniter->handleRequest(NULL, Object(Config\Cache), false)
#5 /home/dnzwygdo/public_html/index.php(45): CodeIgniter\CodeIgniter->run()
#6 {main}
CRITICAL - 2021-12-23 10:42:18 --> Invalid argument supplied for foreach()
#0 /home/dnzwygdo/app/Controllers/BaseController.php(122): CodeIgniter\Debug\Exceptions->errorHandler(2, 'Invalid argumen...', '/home/dnzwygdo/...', 122, Array)
#1 /home/dnzwygdo/app/Controllers/User/Invoices.php(148): App\Controllers\BaseController->juraganBy('21')
#2 /home/dnzwygdo/vendor/codeigniter4/framework/system/CodeIgniter.php(918): App\Controllers\User\Invoices->lihat()
#3 /home/dnzwygdo/vendor/codeigniter4/framework/system/CodeIgniter.php(404): CodeIgniter\CodeIgniter->runController(Object(App\Controllers\User\Invoices))
#4 /home/dnzwygdo/vendor/codeigniter4/framework/system/CodeIgniter.php(312): CodeIgniter\CodeIgniter->handleRequest(NULL, Object(Config\Cache), false)
#5 /home/dnzwygdo/public_html/index.php(45): CodeIgniter\CodeIgniter->run()
#6 {main}
CRITICAL - 2021-12-23 10:42:20 --> Invalid argument supplied for foreach()
#0 /home/dnzwygdo/app/Controllers/BaseController.php(122): CodeIgniter\Debug\Exceptions->errorHandler(2, 'Invalid argumen...', '/home/dnzwygdo/...', 122, Array)
#1 /home/dnzwygdo/app/Controllers/User/Invoices.php(148): App\Controllers\BaseController->juraganBy('21')
#2 /home/dnzwygdo/vendor/codeigniter4/framework/system/CodeIgniter.php(918): App\Controllers\User\Invoices->lihat()
#3 /home/dnzwygdo/vendor/codeigniter4/framework/system/CodeIgniter.php(404): CodeIgniter\CodeIgniter->runController(Object(App\Controllers\User\Invoices))
#4 /home/dnzwygdo/vendor/codeigniter4/framework/system/CodeIgniter.php(312): CodeIgniter\CodeIgniter->handleRequest(NULL, Object(Config\Cache), false)
#5 /home/dnzwygdo/public_html/index.php(45): CodeIgniter\CodeIgniter->run()
#6 {main}
CRITICAL - 2021-12-23 10:42:21 --> Invalid argument supplied for foreach()
#0 /home/dnzwygdo/app/Controllers/BaseController.php(122): CodeIgniter\Debug\Exceptions->errorHandler(2, 'Invalid argumen...', '/home/dnzwygdo/...', 122, Array)
#1 /home/dnzwygdo/app/Controllers/User/Invoices.php(148): App\Controllers\BaseController->juraganBy('21')
#2 /home/dnzwygdo/vendor/codeigniter4/framework/system/CodeIgniter.php(918): App\Controllers\User\Invoices->lihat()
#3 /home/dnzwygdo/vendor/codeigniter4/framework/system/CodeIgniter.php(404): CodeIgniter\CodeIgniter->runController(Object(App\Controllers\User\Invoices))
#4 /home/dnzwygdo/vendor/codeigniter4/framework/system/CodeIgniter.php(312): CodeIgniter\CodeIgniter->handleRequest(NULL, Object(Config\Cache), false)
#5 /home/dnzwygdo/public_html/index.php(45): CodeIgniter\CodeIgniter->run()
#6 {main}
CRITICAL - 2021-12-23 10:45:54 --> Invalid argument supplied for foreach()
#0 /home/dnzwygdo/app/Controllers/BaseController.php(122): CodeIgniter\Debug\Exceptions->errorHandler(2, 'Invalid argumen...', '/home/dnzwygdo/...', 122, Array)
#1 /home/dnzwygdo/app/Controllers/User/Invoices.php(148): App\Controllers\BaseController->juraganBy('21')
#2 /home/dnzwygdo/vendor/codeigniter4/framework/system/CodeIgniter.php(918): App\Controllers\User\Invoices->lihat()
#3 /home/dnzwygdo/vendor/codeigniter4/framework/system/CodeIgniter.php(404): CodeIgniter\CodeIgniter->runController(Object(App\Controllers\User\Invoices))
#4 /home/dnzwygdo/vendor/codeigniter4/framework/system/CodeIgniter.php(312): CodeIgniter\CodeIgniter->handleRequest(NULL, Object(Config\Cache), false)
#5 /home/dnzwygdo/public_html/index.php(45): CodeIgniter\CodeIgniter->run()
#6 {main}
CRITICAL - 2021-12-23 10:45:56 --> Invalid argument supplied for foreach()
#0 /home/dnzwygdo/app/Controllers/BaseController.php(122): CodeIgniter\Debug\Exceptions->errorHandler(2, 'Invalid argumen...', '/home/dnzwygdo/...', 122, Array)
#1 /home/dnzwygdo/app/Controllers/User/Invoices.php(148): App\Controllers\BaseController->juraganBy('21')
#2 /home/dnzwygdo/vendor/codeigniter4/framework/system/CodeIgniter.php(918): App\Controllers\User\Invoices->lihat()
#3 /home/dnzwygdo/vendor/codeigniter4/framework/system/CodeIgniter.php(404): CodeIgniter\CodeIgniter->runController(Object(App\Controllers\User\Invoices))
#4 /home/dnzwygdo/vendor/codeigniter4/framework/system/CodeIgniter.php(312): CodeIgniter\CodeIgniter->handleRequest(NULL, Object(Config\Cache), false)
#5 /home/dnzwygdo/public_html/index.php(45): CodeIgniter\CodeIgniter->run()
#6 {main}
CRITICAL - 2021-12-23 10:45:56 --> Invalid argument supplied for foreach()
#0 /home/dnzwygdo/app/Controllers/BaseController.php(122): CodeIgniter\Debug\Exceptions->errorHandler(2, 'Invalid argumen...', '/home/dnzwygdo/...', 122, Array)
#1 /home/dnzwygdo/app/Controllers/User/Invoices.php(148): App\Controllers\BaseController->juraganBy('21')
#2 /home/dnzwygdo/vendor/codeigniter4/framework/system/CodeIgniter.php(918): App\Controllers\User\Invoices->lihat()
#3 /home/dnzwygdo/vendor/codeigniter4/framework/system/CodeIgniter.php(404): CodeIgniter\CodeIgniter->runController(Object(App\Controllers\User\Invoices))
#4 /home/dnzwygdo/vendor/codeigniter4/framework/system/CodeIgniter.php(312): CodeIgniter\CodeIgniter->handleRequest(NULL, Object(Config\Cache), false)
#5 /home/dnzwygdo/public_html/index.php(45): CodeIgniter\CodeIgniter->run()
#6 {main}
CRITICAL - 2021-12-23 10:45:56 --> Invalid argument supplied for foreach()
#0 /home/dnzwygdo/app/Controllers/BaseController.php(122): CodeIgniter\Debug\Exceptions->errorHandler(2, 'Invalid argumen...', '/home/dnzwygdo/...', 122, Array)
#1 /home/dnzwygdo/app/Controllers/User/Invoices.php(148): App\Controllers\BaseController->juraganBy('21')
#2 /home/dnzwygdo/vendor/codeigniter4/framework/system/CodeIgniter.php(918): App\Controllers\User\Invoices->lihat()
#3 /home/dnzwygdo/vendor/codeigniter4/framework/system/CodeIgniter.php(404): CodeIgniter\CodeIgniter->runController(Object(App\Controllers\User\Invoices))
#4 /home/dnzwygdo/vendor/codeigniter4/framework/system/CodeIgniter.php(312): CodeIgniter\CodeIgniter->handleRequest(NULL, Object(Config\Cache), false)
#5 /home/dnzwygdo/public_html/index.php(45): CodeIgniter\CodeIgniter->run()
#6 {main}
CRITICAL - 2021-12-23 10:45:56 --> Invalid argument supplied for foreach()
#0 /home/dnzwygdo/app/Controllers/BaseController.php(122): CodeIgniter\Debug\Exceptions->errorHandler(2, 'Invalid argumen...', '/home/dnzwygdo/...', 122, Array)
#1 /home/dnzwygdo/app/Controllers/User/Invoices.php(148): App\Controllers\BaseController->juraganBy('21')
#2 /home/dnzwygdo/vendor/codeigniter4/framework/system/CodeIgniter.php(918): App\Controllers\User\Invoices->lihat()
#3 /home/dnzwygdo/vendor/codeigniter4/framework/system/CodeIgniter.php(404): CodeIgniter\CodeIgniter->runController(Object(App\Controllers\User\Invoices))
#4 /home/dnzwygdo/vendor/codeigniter4/framework/system/CodeIgniter.php(312): CodeIgniter\CodeIgniter->handleRequest(NULL, Object(Config\Cache), false)
#5 /home/dnzwygdo/public_html/index.php(45): CodeIgniter\CodeIgniter->run()
#6 {main}
CRITICAL - 2021-12-23 10:45:56 --> Invalid argument supplied for foreach()
#0 /home/dnzwygdo/app/Controllers/BaseController.php(122): CodeIgniter\Debug\Exceptions->errorHandler(2, 'Invalid argumen...', '/home/dnzwygdo/...', 122, Array)
#1 /home/dnzwygdo/app/Controllers/User/Invoices.php(148): App\Controllers\BaseController->juraganBy('21')
#2 /home/dnzwygdo/vendor/codeigniter4/framework/system/CodeIgniter.php(918): App\Controllers\User\Invoices->lihat()
#3 /home/dnzwygdo/vendor/codeigniter4/framework/system/CodeIgniter.php(404): CodeIgniter\CodeIgniter->runController(Object(App\Controllers\User\Invoices))
#4 /home/dnzwygdo/vendor/codeigniter4/framework/system/CodeIgniter.php(312): CodeIgniter\CodeIgniter->handleRequest(NULL, Object(Config\Cache), false)
#5 /home/dnzwygdo/public_html/index.php(45): CodeIgniter\CodeIgniter->run()
#6 {main}
CRITICAL - 2021-12-23 10:45:57 --> Invalid argument supplied for foreach()
#0 /home/dnzwygdo/app/Controllers/BaseController.php(122): CodeIgniter\Debug\Exceptions->errorHandler(2, 'Invalid argumen...', '/home/dnzwygdo/...', 122, Array)
#1 /home/dnzwygdo/app/Controllers/User/Invoices.php(148): App\Controllers\BaseController->juraganBy('21')
#2 /home/dnzwygdo/vendor/codeigniter4/framework/system/CodeIgniter.php(918): App\Controllers\User\Invoices->lihat()
#3 /home/dnzwygdo/vendor/codeigniter4/framework/system/CodeIgniter.php(404): CodeIgniter\CodeIgniter->runController(Object(App\Controllers\User\Invoices))
#4 /home/dnzwygdo/vendor/codeigniter4/framework/system/CodeIgniter.php(312): CodeIgniter\CodeIgniter->handleRequest(NULL, Object(Config\Cache), false)
#5 /home/dnzwygdo/public_html/index.php(45): CodeIgniter\CodeIgniter->run()
#6 {main}
CRITICAL - 2021-12-23 10:45:57 --> Invalid argument supplied for foreach()
#0 /home/dnzwygdo/app/Controllers/BaseController.php(122): CodeIgniter\Debug\Exceptions->errorHandler(2, 'Invalid argumen...', '/home/dnzwygdo/...', 122, Array)
#1 /home/dnzwygdo/app/Controllers/User/Invoices.php(148): App\Controllers\BaseController->juraganBy('21')
#2 /home/dnzwygdo/vendor/codeigniter4/framework/system/CodeIgniter.php(918): App\Controllers\User\Invoices->lihat()
#3 /home/dnzwygdo/vendor/codeigniter4/framework/system/CodeIgniter.php(404): CodeIgniter\CodeIgniter->runController(Object(App\Controllers\User\Invoices))
#4 /home/dnzwygdo/vendor/codeigniter4/framework/system/CodeIgniter.php(312): CodeIgniter\CodeIgniter->handleRequest(NULL, Object(Config\Cache), false)
#5 /home/dnzwygdo/public_html/index.php(45): CodeIgniter\CodeIgniter->run()
#6 {main}
CRITICAL - 2021-12-23 10:45:57 --> Invalid argument supplied for foreach()
#0 /home/dnzwygdo/app/Controllers/BaseController.php(122): CodeIgniter\Debug\Exceptions->errorHandler(2, 'Invalid argumen...', '/home/dnzwygdo/...', 122, Array)
#1 /home/dnzwygdo/app/Controllers/User/Invoices.php(148): App\Controllers\BaseController->juraganBy('21')
#2 /home/dnzwygdo/vendor/codeigniter4/framework/system/CodeIgniter.php(918): App\Controllers\User\Invoices->lihat()
#3 /home/dnzwygdo/vendor/codeigniter4/framework/system/CodeIgniter.php(404): CodeIgniter\CodeIgniter->runController(Object(App\Controllers\User\Invoices))
#4 /home/dnzwygdo/vendor/codeigniter4/framework/system/CodeIgniter.php(312): CodeIgniter\CodeIgniter->handleRequest(NULL, Object(Config\Cache), false)
#5 /home/dnzwygdo/public_html/index.php(45): CodeIgniter\CodeIgniter->run()
#6 {main}
CRITICAL - 2021-12-23 10:45:57 --> Invalid argument supplied for foreach()
#0 /home/dnzwygdo/app/Controllers/BaseController.php(122): CodeIgniter\Debug\Exceptions->errorHandler(2, 'Invalid argumen...', '/home/dnzwygdo/...', 122, Array)
#1 /home/dnzwygdo/app/Controllers/User/Invoices.php(148): App\Controllers\BaseController->juraganBy('21')
#2 /home/dnzwygdo/vendor/codeigniter4/framework/system/CodeIgniter.php(918): App\Controllers\User\Invoices->lihat()
#3 /home/dnzwygdo/vendor/codeigniter4/framework/system/CodeIgniter.php(404): CodeIgniter\CodeIgniter->runController(Object(App\Controllers\User\Invoices))
#4 /home/dnzwygdo/vendor/codeigniter4/framework/system/CodeIgniter.php(312): CodeIgniter\CodeIgniter->handleRequest(NULL, Object(Config\Cache), false)
#5 /home/dnzwygdo/public_html/index.php(45): CodeIgniter\CodeIgniter->run()
#6 {main}
CRITICAL - 2021-12-23 10:45:57 --> Invalid argument supplied for foreach()
#0 /home/dnzwygdo/app/Controllers/BaseController.php(122): CodeIgniter\Debug\Exceptions->errorHandler(2, 'Invalid argumen...', '/home/dnzwygdo/...', 122, Array)
#1 /home/dnzwygdo/app/Controllers/User/Invoices.php(148): App\Controllers\BaseController->juraganBy('21')
#2 /home/dnzwygdo/vendor/codeigniter4/framework/system/CodeIgniter.php(918): App\Controllers\User\Invoices->lihat()
#3 /home/dnzwygdo/vendor/codeigniter4/framework/system/CodeIgniter.php(404): CodeIgniter\CodeIgniter->runController(Object(App\Controllers\User\Invoices))
#4 /home/dnzwygdo/vendor/codeigniter4/framework/system/CodeIgniter.php(312): CodeIgniter\CodeIgniter->handleRequest(NULL, Object(Config\Cache), false)
#5 /home/dnzwygdo/public_html/index.php(45): CodeIgniter\CodeIgniter->run()
#6 {main}
CRITICAL - 2021-12-23 10:46:06 --> Invalid argument supplied for foreach()
#0 /home/dnzwygdo/app/Controllers/BaseController.php(122): CodeIgniter\Debug\Exceptions->errorHandler(2, 'Invalid argumen...', '/home/dnzwygdo/...', 122, Array)
#1 /home/dnzwygdo/app/Controllers/User/Invoices.php(148): App\Controllers\BaseController->juraganBy('21')
#2 /home/dnzwygdo/vendor/codeigniter4/framework/system/CodeIgniter.php(918): App\Controllers\User\Invoices->lihat()
#3 /home/dnzwygdo/vendor/codeigniter4/framework/system/CodeIgniter.php(404): CodeIgniter\CodeIgniter->runController(Object(App\Controllers\User\Invoices))
#4 /home/dnzwygdo/vendor/codeigniter4/framework/system/CodeIgniter.php(312): CodeIgniter\CodeIgniter->handleRequest(NULL, Object(Config\Cache), false)
#5 /home/dnzwygdo/public_html/index.php(45): CodeIgniter\CodeIgniter->run()
#6 {main}
CRITICAL - 2021-12-23 10:55:00 --> Invalid argument supplied for foreach()
#0 /home/dnzwygdo/app/Controllers/BaseController.php(122): CodeIgniter\Debug\Exceptions->errorHandler(2, 'Invalid argumen...', '/home/dnzwygdo/...', 122, Array)
#1 /home/dnzwygdo/app/Controllers/User/Invoices.php(148): App\Controllers\BaseController->juraganBy('21')
#2 /home/dnzwygdo/vendor/codeigniter4/framework/system/CodeIgniter.php(918): App\Controllers\User\Invoices->lihat()
#3 /home/dnzwygdo/vendor/codeigniter4/framework/system/CodeIgniter.php(404): CodeIgniter\CodeIgniter->runController(Object(App\Controllers\User\Invoices))
#4 /home/dnzwygdo/vendor/codeigniter4/framework/system/CodeIgniter.php(312): CodeIgniter\CodeIgniter->handleRequest(NULL, Object(Config\Cache), false)
#5 /home/dnzwygdo/public_html/index.php(45): CodeIgniter\CodeIgniter->run()
#6 {main}
CRITICAL - 2021-12-23 10:55:05 --> Invalid argument supplied for foreach()
#0 /home/dnzwygdo/app/Controllers/BaseController.php(122): CodeIgniter\Debug\Exceptions->errorHandler(2, 'Invalid argumen...', '/home/dnzwygdo/...', 122, Array)
#1 /home/dnzwygdo/app/Controllers/User/Invoices.php(148): App\Controllers\BaseController->juraganBy('21')
#2 /home/dnzwygdo/vendor/codeigniter4/framework/system/CodeIgniter.php(918): App\Controllers\User\Invoices->lihat()
#3 /home/dnzwygdo/vendor/codeigniter4/framework/system/CodeIgniter.php(404): CodeIgniter\CodeIgniter->runController(Object(App\Controllers\User\Invoices))
#4 /home/dnzwygdo/vendor/codeigniter4/framework/system/CodeIgniter.php(312): CodeIgniter\CodeIgniter->handleRequest(NULL, Object(Config\Cache), false)
#5 /home/dnzwygdo/public_html/index.php(45): CodeIgniter\CodeIgniter->run()
#6 {main}
CRITICAL - 2021-12-23 10:55:05 --> Invalid argument supplied for foreach()
#0 /home/dnzwygdo/app/Controllers/BaseController.php(122): CodeIgniter\Debug\Exceptions->errorHandler(2, 'Invalid argumen...', '/home/dnzwygdo/...', 122, Array)
#1 /home/dnzwygdo/app/Controllers/User/Invoices.php(148): App\Controllers\BaseController->juraganBy('21')
#2 /home/dnzwygdo/vendor/codeigniter4/framework/system/CodeIgniter.php(918): App\Controllers\User\Invoices->lihat()
#3 /home/dnzwygdo/vendor/codeigniter4/framework/system/CodeIgniter.php(404): CodeIgniter\CodeIgniter->runController(Object(App\Controllers\User\Invoices))
#4 /home/dnzwygdo/vendor/codeigniter4/framework/system/CodeIgniter.php(312): CodeIgniter\CodeIgniter->handleRequest(NULL, Object(Config\Cache), false)
#5 /home/dnzwygdo/public_html/index.php(45): CodeIgniter\CodeIgniter->run()
#6 {main}
CRITICAL - 2021-12-23 10:55:06 --> Invalid argument supplied for foreach()
#0 /home/dnzwygdo/app/Controllers/BaseController.php(122): CodeIgniter\Debug\Exceptions->errorHandler(2, 'Invalid argumen...', '/home/dnzwygdo/...', 122, Array)
#1 /home/dnzwygdo/app/Controllers/User/Invoices.php(148): App\Controllers\BaseController->juraganBy('21')
#2 /home/dnzwygdo/vendor/codeigniter4/framework/system/CodeIgniter.php(918): App\Controllers\User\Invoices->lihat()
#3 /home/dnzwygdo/vendor/codeigniter4/framework/system/CodeIgniter.php(404): CodeIgniter\CodeIgniter->runController(Object(App\Controllers\User\Invoices))
#4 /home/dnzwygdo/vendor/codeigniter4/framework/system/CodeIgniter.php(312): CodeIgniter\CodeIgniter->handleRequest(NULL, Object(Config\Cache), false)
#5 /home/dnzwygdo/public_html/index.php(45): CodeIgniter\CodeIgniter->run()
#6 {main}
CRITICAL - 2021-12-23 10:55:06 --> Invalid argument supplied for foreach()
#0 /home/dnzwygdo/app/Controllers/BaseController.php(122): CodeIgniter\Debug\Exceptions->errorHandler(2, 'Invalid argumen...', '/home/dnzwygdo/...', 122, Array)
#1 /home/dnzwygdo/app/Controllers/User/Invoices.php(148): App\Controllers\BaseController->juraganBy('21')
#2 /home/dnzwygdo/vendor/codeigniter4/framework/system/CodeIgniter.php(918): App\Controllers\User\Invoices->lihat()
#3 /home/dnzwygdo/vendor/codeigniter4/framework/system/CodeIgniter.php(404): CodeIgniter\CodeIgniter->runController(Object(App\Controllers\User\Invoices))
#4 /home/dnzwygdo/vendor/codeigniter4/framework/system/CodeIgniter.php(312): CodeIgniter\CodeIgniter->handleRequest(NULL, Object(Config\Cache), false)
#5 /home/dnzwygdo/public_html/index.php(45): CodeIgniter\CodeIgniter->run()
#6 {main}
CRITICAL - 2021-12-23 10:55:07 --> Invalid argument supplied for foreach()
#0 /home/dnzwygdo/app/Controllers/BaseController.php(122): CodeIgniter\Debug\Exceptions->errorHandler(2, 'Invalid argumen...', '/home/dnzwygdo/...', 122, Array)
#1 /home/dnzwygdo/app/Controllers/User/Invoices.php(148): App\Controllers\BaseController->juraganBy('21')
#2 /home/dnzwygdo/vendor/codeigniter4/framework/system/CodeIgniter.php(918): App\Controllers\User\Invoices->lihat()
#3 /home/dnzwygdo/vendor/codeigniter4/framework/system/CodeIgniter.php(404): CodeIgniter\CodeIgniter->runController(Object(App\Controllers\User\Invoices))
#4 /home/dnzwygdo/vendor/codeigniter4/framework/system/CodeIgniter.php(312): CodeIgniter\CodeIgniter->handleRequest(NULL, Object(Config\Cache), false)
#5 /home/dnzwygdo/public_html/index.php(45): CodeIgniter\CodeIgniter->run()
#6 {main}
CRITICAL - 2021-12-23 10:55:19 --> Invalid argument supplied for foreach()
#0 /home/dnzwygdo/app/Controllers/BaseController.php(122): CodeIgniter\Debug\Exceptions->errorHandler(2, 'Invalid argumen...', '/home/dnzwygdo/...', 122, Array)
#1 /home/dnzwygdo/app/Controllers/User/Invoices.php(148): App\Controllers\BaseController->juraganBy('21')
#2 /home/dnzwygdo/vendor/codeigniter4/framework/system/CodeIgniter.php(918): App\Controllers\User\Invoices->lihat()
#3 /home/dnzwygdo/vendor/codeigniter4/framework/system/CodeIgniter.php(404): CodeIgniter\CodeIgniter->runController(Object(App\Controllers\User\Invoices))
#4 /home/dnzwygdo/vendor/codeigniter4/framework/system/CodeIgniter.php(312): CodeIgniter\CodeIgniter->handleRequest(NULL, Object(Config\Cache), false)
#5 /home/dnzwygdo/public_html/index.php(45): CodeIgniter\CodeIgniter->run()
#6 {main}
CRITICAL - 2021-12-23 10:55:32 --> Invalid argument supplied for foreach()
#0 /home/dnzwygdo/app/Controllers/BaseController.php(122): CodeIgniter\Debug\Exceptions->errorHandler(2, 'Invalid argumen...', '/home/dnzwygdo/...', 122, Array)
#1 /home/dnzwygdo/app/Controllers/User/Invoices.php(148): App\Controllers\BaseController->juraganBy('21')
#2 /home/dnzwygdo/vendor/codeigniter4/framework/system/CodeIgniter.php(918): App\Controllers\User\Invoices->lihat()
#3 /home/dnzwygdo/vendor/codeigniter4/framework/system/CodeIgniter.php(404): CodeIgniter\CodeIgniter->runController(Object(App\Controllers\User\Invoices))
#4 /home/dnzwygdo/vendor/codeigniter4/framework/system/CodeIgniter.php(312): CodeIgniter\CodeIgniter->handleRequest(NULL, Object(Config\Cache), false)
#5 /home/dnzwygdo/public_html/index.php(45): CodeIgniter\CodeIgniter->run()
#6 {main}
CRITICAL - 2021-12-23 10:55:43 --> Invalid argument supplied for foreach()
#0 /home/dnzwygdo/app/Controllers/BaseController.php(122): CodeIgniter\Debug\Exceptions->errorHandler(2, 'Invalid argumen...', '/home/dnzwygdo/...', 122, Array)
#1 /home/dnzwygdo/app/Controllers/User/Invoices.php(148): App\Controllers\BaseController->juraganBy('21')
#2 /home/dnzwygdo/vendor/codeigniter4/framework/system/CodeIgniter.php(918): App\Controllers\User\Invoices->lihat()
#3 /home/dnzwygdo/vendor/codeigniter4/framework/system/CodeIgniter.php(404): CodeIgniter\CodeIgniter->runController(Object(App\Controllers\User\Invoices))
#4 /home/dnzwygdo/vendor/codeigniter4/framework/system/CodeIgniter.php(312): CodeIgniter\CodeIgniter->handleRequest(NULL, Object(Config\Cache), false)
#5 /home/dnzwygdo/public_html/index.php(45): CodeIgniter\CodeIgniter->run()
#6 {main}
CRITICAL - 2021-12-23 10:55:55 --> Invalid argument supplied for foreach()
#0 /home/dnzwygdo/app/Controllers/BaseController.php(122): CodeIgniter\Debug\Exceptions->errorHandler(2, 'Invalid argumen...', '/home/dnzwygdo/...', 122, Array)
#1 /home/dnzwygdo/app/Controllers/User/Invoices.php(148): App\Controllers\BaseController->juraganBy('21')
#2 /home/dnzwygdo/vendor/codeigniter4/framework/system/CodeIgniter.php(918): App\Controllers\User\Invoices->lihat()
#3 /home/dnzwygdo/vendor/codeigniter4/framework/system/CodeIgniter.php(404): CodeIgniter\CodeIgniter->runController(Object(App\Controllers\User\Invoices))
#4 /home/dnzwygdo/vendor/codeigniter4/framework/system/CodeIgniter.php(312): CodeIgniter\CodeIgniter->handleRequest(NULL, Object(Config\Cache), false)
#5 /home/dnzwygdo/public_html/index.php(45): CodeIgniter\CodeIgniter->run()
#6 {main}
CRITICAL - 2021-12-23 10:55:56 --> Invalid argument supplied for foreach()
#0 /home/dnzwygdo/app/Controllers/BaseController.php(122): CodeIgniter\Debug\Exceptions->errorHandler(2, 'Invalid argumen...', '/home/dnzwygdo/...', 122, Array)
#1 /home/dnzwygdo/app/Controllers/User/Invoices.php(148): App\Controllers\BaseController->juraganBy('21')
#2 /home/dnzwygdo/vendor/codeigniter4/framework/system/CodeIgniter.php(918): App\Controllers\User\Invoices->lihat()
#3 /home/dnzwygdo/vendor/codeigniter4/framework/system/CodeIgniter.php(404): CodeIgniter\CodeIgniter->runController(Object(App\Controllers\User\Invoices))
#4 /home/dnzwygdo/vendor/codeigniter4/framework/system/CodeIgniter.php(312): CodeIgniter\CodeIgniter->handleRequest(NULL, Object(Config\Cache), false)
#5 /home/dnzwygdo/public_html/index.php(45): CodeIgniter\CodeIgniter->run()
#6 {main}
CRITICAL - 2021-12-23 10:55:56 --> Invalid argument supplied for foreach()
#0 /home/dnzwygdo/app/Controllers/BaseController.php(122): CodeIgniter\Debug\Exceptions->errorHandler(2, 'Invalid argumen...', '/home/dnzwygdo/...', 122, Array)
#1 /home/dnzwygdo/app/Controllers/User/Invoices.php(148): App\Controllers\BaseController->juraganBy('21')
#2 /home/dnzwygdo/vendor/codeigniter4/framework/system/CodeIgniter.php(918): App\Controllers\User\Invoices->lihat()
#3 /home/dnzwygdo/vendor/codeigniter4/framework/system/CodeIgniter.php(404): CodeIgniter\CodeIgniter->runController(Object(App\Controllers\User\Invoices))
#4 /home/dnzwygdo/vendor/codeigniter4/framework/system/CodeIgniter.php(312): CodeIgniter\CodeIgniter->handleRequest(NULL, Object(Config\Cache), false)
#5 /home/dnzwygdo/public_html/index.php(45): CodeIgniter\CodeIgniter->run()
#6 {main}
CRITICAL - 2021-12-23 10:55:56 --> Invalid argument supplied for foreach()
#0 /home/dnzwygdo/app/Controllers/BaseController.php(122): CodeIgniter\Debug\Exceptions->errorHandler(2, 'Invalid argumen...', '/home/dnzwygdo/...', 122, Array)
#1 /home/dnzwygdo/app/Controllers/User/Invoices.php(148): App\Controllers\BaseController->juraganBy('21')
#2 /home/dnzwygdo/vendor/codeigniter4/framework/system/CodeIgniter.php(918): App\Controllers\User\Invoices->lihat()
#3 /home/dnzwygdo/vendor/codeigniter4/framework/system/CodeIgniter.php(404): CodeIgniter\CodeIgniter->runController(Object(App\Controllers\User\Invoices))
#4 /home/dnzwygdo/vendor/codeigniter4/framework/system/CodeIgniter.php(312): CodeIgniter\CodeIgniter->handleRequest(NULL, Object(Config\Cache), false)
#5 /home/dnzwygdo/public_html/index.php(45): CodeIgniter\CodeIgniter->run()
#6 {main}
CRITICAL - 2021-12-23 10:55:56 --> Invalid argument supplied for foreach()
#0 /home/dnzwygdo/app/Controllers/BaseController.php(122): CodeIgniter\Debug\Exceptions->errorHandler(2, 'Invalid argumen...', '/home/dnzwygdo/...', 122, Array)
#1 /home/dnzwygdo/app/Controllers/User/Invoices.php(148): App\Controllers\BaseController->juraganBy('21')
#2 /home/dnzwygdo/vendor/codeigniter4/framework/system/CodeIgniter.php(918): App\Controllers\User\Invoices->lihat()
#3 /home/dnzwygdo/vendor/codeigniter4/framework/system/CodeIgniter.php(404): CodeIgniter\CodeIgniter->runController(Object(App\Controllers\User\Invoices))
#4 /home/dnzwygdo/vendor/codeigniter4/framework/system/CodeIgniter.php(312): CodeIgniter\CodeIgniter->handleRequest(NULL, Object(Config\Cache), false)
#5 /home/dnzwygdo/public_html/index.php(45): CodeIgniter\CodeIgniter->run()
#6 {main}
CRITICAL - 2021-12-23 10:55:57 --> Invalid argument supplied for foreach()
#0 /home/dnzwygdo/app/Controllers/BaseController.php(122): CodeIgniter\Debug\Exceptions->errorHandler(2, 'Invalid argumen...', '/home/dnzwygdo/...', 122, Array)
#1 /home/dnzwygdo/app/Controllers/User/Invoices.php(148): App\Controllers\BaseController->juraganBy('21')
#2 /home/dnzwygdo/vendor/codeigniter4/framework/system/CodeIgniter.php(918): App\Controllers\User\Invoices->lihat()
#3 /home/dnzwygdo/vendor/codeigniter4/framework/system/CodeIgniter.php(404): CodeIgniter\CodeIgniter->runController(Object(App\Controllers\User\Invoices))
#4 /home/dnzwygdo/vendor/codeigniter4/framework/system/CodeIgniter.php(312): CodeIgniter\CodeIgniter->handleRequest(NULL, Object(Config\Cache), false)
#5 /home/dnzwygdo/public_html/index.php(45): CodeIgniter\CodeIgniter->run()
#6 {main}
CRITICAL - 2021-12-23 10:55:57 --> Invalid argument supplied for foreach()
#0 /home/dnzwygdo/app/Controllers/BaseController.php(122): CodeIgniter\Debug\Exceptions->errorHandler(2, 'Invalid argumen...', '/home/dnzwygdo/...', 122, Array)
#1 /home/dnzwygdo/app/Controllers/User/Invoices.php(148): App\Controllers\BaseController->juraganBy('21')
#2 /home/dnzwygdo/vendor/codeigniter4/framework/system/CodeIgniter.php(918): App\Controllers\User\Invoices->lihat()
#3 /home/dnzwygdo/vendor/codeigniter4/framework/system/CodeIgniter.php(404): CodeIgniter\CodeIgniter->runController(Object(App\Controllers\User\Invoices))
#4 /home/dnzwygdo/vendor/codeigniter4/framework/system/CodeIgniter.php(312): CodeIgniter\CodeIgniter->handleRequest(NULL, Object(Config\Cache), false)
#5 /home/dnzwygdo/public_html/index.php(45): CodeIgniter\CodeIgniter->run()
#6 {main}
CRITICAL - 2021-12-23 10:55:57 --> Invalid argument supplied for foreach()
#0 /home/dnzwygdo/app/Controllers/BaseController.php(122): CodeIgniter\Debug\Exceptions->errorHandler(2, 'Invalid argumen...', '/home/dnzwygdo/...', 122, Array)
#1 /home/dnzwygdo/app/Controllers/User/Invoices.php(148): App\Controllers\BaseController->juraganBy('21')
#2 /home/dnzwygdo/vendor/codeigniter4/framework/system/CodeIgniter.php(918): App\Controllers\User\Invoices->lihat()
#3 /home/dnzwygdo/vendor/codeigniter4/framework/system/CodeIgniter.php(404): CodeIgniter\CodeIgniter->runController(Object(App\Controllers\User\Invoices))
#4 /home/dnzwygdo/vendor/codeigniter4/framework/system/CodeIgniter.php(312): CodeIgniter\CodeIgniter->handleRequest(NULL, Object(Config\Cache), false)
#5 /home/dnzwygdo/public_html/index.php(45): CodeIgniter\CodeIgniter->run()
#6 {main}
CRITICAL - 2021-12-23 10:58:03 --> Invalid argument supplied for foreach()
#0 /home/dnzwygdo/app/Controllers/BaseController.php(122): CodeIgniter\Debug\Exceptions->errorHandler(2, 'Invalid argumen...', '/home/dnzwygdo/...', 122, Array)
#1 /home/dnzwygdo/app/Controllers/User/Invoices.php(148): App\Controllers\BaseController->juraganBy('21')
#2 /home/dnzwygdo/vendor/codeigniter4/framework/system/CodeIgniter.php(918): App\Controllers\User\Invoices->lihat()
#3 /home/dnzwygdo/vendor/codeigniter4/framework/system/CodeIgniter.php(404): CodeIgniter\CodeIgniter->runController(Object(App\Controllers\User\Invoices))
#4 /home/dnzwygdo/vendor/codeigniter4/framework/system/CodeIgniter.php(312): CodeIgniter\CodeIgniter->handleRequest(NULL, Object(Config\Cache), false)
#5 /home/dnzwygdo/public_html/index.php(45): CodeIgniter\CodeIgniter->run()
#6 {main}
CRITICAL - 2021-12-23 10:58:19 --> Invalid argument supplied for foreach()
#0 /home/dnzwygdo/app/Controllers/BaseController.php(122): CodeIgniter\Debug\Exceptions->errorHandler(2, 'Invalid argumen...', '/home/dnzwygdo/...', 122, Array)
#1 /home/dnzwygdo/app/Controllers/User/Invoices.php(148): App\Controllers\BaseController->juraganBy('21')
#2 /home/dnzwygdo/vendor/codeigniter4/framework/system/CodeIgniter.php(918): App\Controllers\User\Invoices->lihat()
#3 /home/dnzwygdo/vendor/codeigniter4/framework/system/CodeIgniter.php(404): CodeIgniter\CodeIgniter->runController(Object(App\Controllers\User\Invoices))
#4 /home/dnzwygdo/vendor/codeigniter4/framework/system/CodeIgniter.php(312): CodeIgniter\CodeIgniter->handleRequest(NULL, Object(Config\Cache), false)
#5 /home/dnzwygdo/public_html/index.php(45): CodeIgniter\CodeIgniter->run()
#6 {main}
CRITICAL - 2021-12-23 10:58:20 --> Invalid argument supplied for foreach()
#0 /home/dnzwygdo/app/Controllers/BaseController.php(122): CodeIgniter\Debug\Exceptions->errorHandler(2, 'Invalid argumen...', '/home/dnzwygdo/...', 122, Array)
#1 /home/dnzwygdo/app/Controllers/User/Invoices.php(148): App\Controllers\BaseController->juraganBy('21')
#2 /home/dnzwygdo/vendor/codeigniter4/framework/system/CodeIgniter.php(918): App\Controllers\User\Invoices->lihat()
#3 /home/dnzwygdo/vendor/codeigniter4/framework/system/CodeIgniter.php(404): CodeIgniter\CodeIgniter->runController(Object(App\Controllers\User\Invoices))
#4 /home/dnzwygdo/vendor/codeigniter4/framework/system/CodeIgniter.php(312): CodeIgniter\CodeIgniter->handleRequest(NULL, Object(Config\Cache), false)
#5 /home/dnzwygdo/public_html/index.php(45): CodeIgniter\CodeIgniter->run()
#6 {main}
CRITICAL - 2021-12-23 10:58:21 --> Invalid argument supplied for foreach()
#0 /home/dnzwygdo/app/Controllers/BaseController.php(122): CodeIgniter\Debug\Exceptions->errorHandler(2, 'Invalid argumen...', '/home/dnzwygdo/...', 122, Array)
#1 /home/dnzwygdo/app/Controllers/User/Invoices.php(148): App\Controllers\BaseController->juraganBy('21')
#2 /home/dnzwygdo/vendor/codeigniter4/framework/system/CodeIgniter.php(918): App\Controllers\User\Invoices->lihat()
#3 /home/dnzwygdo/vendor/codeigniter4/framework/system/CodeIgniter.php(404): CodeIgniter\CodeIgniter->runController(Object(App\Controllers\User\Invoices))
#4 /home/dnzwygdo/vendor/codeigniter4/framework/system/CodeIgniter.php(312): CodeIgniter\CodeIgniter->handleRequest(NULL, Object(Config\Cache), false)
#5 /home/dnzwygdo/public_html/index.php(45): CodeIgniter\CodeIgniter->run()
#6 {main}
CRITICAL - 2021-12-23 10:58:22 --> Invalid argument supplied for foreach()
#0 /home/dnzwygdo/app/Controllers/BaseController.php(122): CodeIgniter\Debug\Exceptions->errorHandler(2, 'Invalid argumen...', '/home/dnzwygdo/...', 122, Array)
#1 /home/dnzwygdo/app/Controllers/User/Invoices.php(148): App\Controllers\BaseController->juraganBy('21')
#2 /home/dnzwygdo/vendor/codeigniter4/framework/system/CodeIgniter.php(918): App\Controllers\User\Invoices->lihat()
#3 /home/dnzwygdo/vendor/codeigniter4/framework/system/CodeIgniter.php(404): CodeIgniter\CodeIgniter->runController(Object(App\Controllers\User\Invoices))
#4 /home/dnzwygdo/vendor/codeigniter4/framework/system/CodeIgniter.php(312): CodeIgniter\CodeIgniter->handleRequest(NULL, Object(Config\Cache), false)
#5 /home/dnzwygdo/public_html/index.php(45): CodeIgniter\CodeIgniter->run()
#6 {main}
CRITICAL - 2021-12-23 11:14:33 --> Invalid argument supplied for foreach()
#0 /home/dnzwygdo/app/Controllers/BaseController.php(122): CodeIgniter\Debug\Exceptions->errorHandler(2, 'Invalid argumen...', '/home/dnzwygdo/...', 122, Array)
#1 /home/dnzwygdo/app/Controllers/User/Invoices.php(148): App\Controllers\BaseController->juraganBy('21')
#2 /home/dnzwygdo/vendor/codeigniter4/framework/system/CodeIgniter.php(918): App\Controllers\User\Invoices->lihat()
#3 /home/dnzwygdo/vendor/codeigniter4/framework/system/CodeIgniter.php(404): CodeIgniter\CodeIgniter->runController(Object(App\Controllers\User\Invoices))
#4 /home/dnzwygdo/vendor/codeigniter4/framework/system/CodeIgniter.php(312): CodeIgniter\CodeIgniter->handleRequest(NULL, Object(Config\Cache), false)
#5 /home/dnzwygdo/public_html/index.php(45): CodeIgniter\CodeIgniter->run()
#6 {main}
CRITICAL - 2021-12-23 11:14:35 --> Invalid argument supplied for foreach()
#0 /home/dnzwygdo/app/Controllers/BaseController.php(122): CodeIgniter\Debug\Exceptions->errorHandler(2, 'Invalid argumen...', '/home/dnzwygdo/...', 122, Array)
#1 /home/dnzwygdo/app/Controllers/User/Invoices.php(148): App\Controllers\BaseController->juraganBy('21')
#2 /home/dnzwygdo/vendor/codeigniter4/framework/system/CodeIgniter.php(918): App\Controllers\User\Invoices->lihat()
#3 /home/dnzwygdo/vendor/codeigniter4/framework/system/CodeIgniter.php(404): CodeIgniter\CodeIgniter->runController(Object(App\Controllers\User\Invoices))
#4 /home/dnzwygdo/vendor/codeigniter4/framework/system/CodeIgniter.php(312): CodeIgniter\CodeIgniter->handleRequest(NULL, Object(Config\Cache), false)
#5 /home/dnzwygdo/public_html/index.php(45): CodeIgniter\CodeIgniter->run()
#6 {main}
CRITICAL - 2021-12-23 11:14:35 --> Invalid argument supplied for foreach()
#0 /home/dnzwygdo/app/Controllers/BaseController.php(122): CodeIgniter\Debug\Exceptions->errorHandler(2, 'Invalid argumen...', '/home/dnzwygdo/...', 122, Array)
#1 /home/dnzwygdo/app/Controllers/User/Invoices.php(148): App\Controllers\BaseController->juraganBy('21')
#2 /home/dnzwygdo/vendor/codeigniter4/framework/system/CodeIgniter.php(918): App\Controllers\User\Invoices->lihat()
#3 /home/dnzwygdo/vendor/codeigniter4/framework/system/CodeIgniter.php(404): CodeIgniter\CodeIgniter->runController(Object(App\Controllers\User\Invoices))
#4 /home/dnzwygdo/vendor/codeigniter4/framework/system/CodeIgniter.php(312): CodeIgniter\CodeIgniter->handleRequest(NULL, Object(Config\Cache), false)
#5 /home/dnzwygdo/public_html/index.php(45): CodeIgniter\CodeIgniter->run()
#6 {main}
CRITICAL - 2021-12-23 11:14:35 --> Invalid argument supplied for foreach()
#0 /home/dnzwygdo/app/Controllers/BaseController.php(122): CodeIgniter\Debug\Exceptions->errorHandler(2, 'Invalid argumen...', '/home/dnzwygdo/...', 122, Array)
#1 /home/dnzwygdo/app/Controllers/User/Invoices.php(148): App\Controllers\BaseController->juraganBy('21')
#2 /home/dnzwygdo/vendor/codeigniter4/framework/system/CodeIgniter.php(918): App\Controllers\User\Invoices->lihat()
#3 /home/dnzwygdo/vendor/codeigniter4/framework/system/CodeIgniter.php(404): CodeIgniter\CodeIgniter->runController(Object(App\Controllers\User\Invoices))
#4 /home/dnzwygdo/vendor/codeigniter4/framework/system/CodeIgniter.php(312): CodeIgniter\CodeIgniter->handleRequest(NULL, Object(Config\Cache), false)
#5 /home/dnzwygdo/public_html/index.php(45): CodeIgniter\CodeIgniter->run()
#6 {main}
CRITICAL - 2021-12-23 11:14:35 --> Invalid argument supplied for foreach()
#0 /home/dnzwygdo/app/Controllers/BaseController.php(122): CodeIgniter\Debug\Exceptions->errorHandler(2, 'Invalid argumen...', '/home/dnzwygdo/...', 122, Array)
#1 /home/dnzwygdo/app/Controllers/User/Invoices.php(148): App\Controllers\BaseController->juraganBy('21')
#2 /home/dnzwygdo/vendor/codeigniter4/framework/system/CodeIgniter.php(918): App\Controllers\User\Invoices->lihat()
#3 /home/dnzwygdo/vendor/codeigniter4/framework/system/CodeIgniter.php(404): CodeIgniter\CodeIgniter->runController(Object(App\Controllers\User\Invoices))
#4 /home/dnzwygdo/vendor/codeigniter4/framework/system/CodeIgniter.php(312): CodeIgniter\CodeIgniter->handleRequest(NULL, Object(Config\Cache), false)
#5 /home/dnzwygdo/public_html/index.php(45): CodeIgniter\CodeIgniter->run()
#6 {main}
CRITICAL - 2021-12-23 11:14:35 --> Invalid argument supplied for foreach()
#0 /home/dnzwygdo/app/Controllers/BaseController.php(122): CodeIgniter\Debug\Exceptions->errorHandler(2, 'Invalid argumen...', '/home/dnzwygdo/...', 122, Array)
#1 /home/dnzwygdo/app/Controllers/User/Invoices.php(148): App\Controllers\BaseController->juraganBy('21')
#2 /home/dnzwygdo/vendor/codeigniter4/framework/system/CodeIgniter.php(918): App\Controllers\User\Invoices->lihat()
#3 /home/dnzwygdo/vendor/codeigniter4/framework/system/CodeIgniter.php(404): CodeIgniter\CodeIgniter->runController(Object(App\Controllers\User\Invoices))
#4 /home/dnzwygdo/vendor/codeigniter4/framework/system/CodeIgniter.php(312): CodeIgniter\CodeIgniter->handleRequest(NULL, Object(Config\Cache), false)
#5 /home/dnzwygdo/public_html/index.php(45): CodeIgniter\CodeIgniter->run()
#6 {main}
CRITICAL - 2021-12-23 11:14:36 --> Invalid argument supplied for foreach()
#0 /home/dnzwygdo/app/Controllers/BaseController.php(122): CodeIgniter\Debug\Exceptions->errorHandler(2, 'Invalid argumen...', '/home/dnzwygdo/...', 122, Array)
#1 /home/dnzwygdo/app/Controllers/User/Invoices.php(148): App\Controllers\BaseController->juraganBy('21')
#2 /home/dnzwygdo/vendor/codeigniter4/framework/system/CodeIgniter.php(918): App\Controllers\User\Invoices->lihat()
#3 /home/dnzwygdo/vendor/codeigniter4/framework/system/CodeIgniter.php(404): CodeIgniter\CodeIgniter->runController(Object(App\Controllers\User\Invoices))
#4 /home/dnzwygdo/vendor/codeigniter4/framework/system/CodeIgniter.php(312): CodeIgniter\CodeIgniter->handleRequest(NULL, Object(Config\Cache), false)
#5 /home/dnzwygdo/public_html/index.php(45): CodeIgniter\CodeIgniter->run()
#6 {main}
CRITICAL - 2021-12-23 11:14:36 --> Invalid argument supplied for foreach()
#0 /home/dnzwygdo/app/Controllers/BaseController.php(122): CodeIgniter\Debug\Exceptions->errorHandler(2, 'Invalid argumen...', '/home/dnzwygdo/...', 122, Array)
#1 /home/dnzwygdo/app/Controllers/User/Invoices.php(148): App\Controllers\BaseController->juraganBy('21')
#2 /home/dnzwygdo/vendor/codeigniter4/framework/system/CodeIgniter.php(918): App\Controllers\User\Invoices->lihat()
#3 /home/dnzwygdo/vendor/codeigniter4/framework/system/CodeIgniter.php(404): CodeIgniter\CodeIgniter->runController(Object(App\Controllers\User\Invoices))
#4 /home/dnzwygdo/vendor/codeigniter4/framework/system/CodeIgniter.php(312): CodeIgniter\CodeIgniter->handleRequest(NULL, Object(Config\Cache), false)
#5 /home/dnzwygdo/public_html/index.php(45): CodeIgniter\CodeIgniter->run()
#6 {main}
CRITICAL - 2021-12-23 11:14:36 --> Invalid argument supplied for foreach()
#0 /home/dnzwygdo/app/Controllers/BaseController.php(122): CodeIgniter\Debug\Exceptions->errorHandler(2, 'Invalid argumen...', '/home/dnzwygdo/...', 122, Array)
#1 /home/dnzwygdo/app/Controllers/User/Invoices.php(148): App\Controllers\BaseController->juraganBy('21')
#2 /home/dnzwygdo/vendor/codeigniter4/framework/system/CodeIgniter.php(918): App\Controllers\User\Invoices->lihat()
#3 /home/dnzwygdo/vendor/codeigniter4/framework/system/CodeIgniter.php(404): CodeIgniter\CodeIgniter->runController(Object(App\Controllers\User\Invoices))
#4 /home/dnzwygdo/vendor/codeigniter4/framework/system/CodeIgniter.php(312): CodeIgniter\CodeIgniter->handleRequest(NULL, Object(Config\Cache), false)
#5 /home/dnzwygdo/public_html/index.php(45): CodeIgniter\CodeIgniter->run()
#6 {main}
CRITICAL - 2021-12-23 11:14:37 --> Invalid argument supplied for foreach()
#0 /home/dnzwygdo/app/Controllers/BaseController.php(122): CodeIgniter\Debug\Exceptions->errorHandler(2, 'Invalid argumen...', '/home/dnzwygdo/...', 122, Array)
#1 /home/dnzwygdo/app/Controllers/User/Invoices.php(148): App\Controllers\BaseController->juraganBy('21')
#2 /home/dnzwygdo/vendor/codeigniter4/framework/system/CodeIgniter.php(918): App\Controllers\User\Invoices->lihat()
#3 /home/dnzwygdo/vendor/codeigniter4/framework/system/CodeIgniter.php(404): CodeIgniter\CodeIgniter->runController(Object(App\Controllers\User\Invoices))
#4 /home/dnzwygdo/vendor/codeigniter4/framework/system/CodeIgniter.php(312): CodeIgniter\CodeIgniter->handleRequest(NULL, Object(Config\Cache), false)
#5 /home/dnzwygdo/public_html/index.php(45): CodeIgniter\CodeIgniter->run()
#6 {main}
CRITICAL - 2021-12-23 11:14:38 --> Invalid argument supplied for foreach()
#0 /home/dnzwygdo/app/Controllers/BaseController.php(122): CodeIgniter\Debug\Exceptions->errorHandler(2, 'Invalid argumen...', '/home/dnzwygdo/...', 122, Array)
#1 /home/dnzwygdo/app/Controllers/User/Invoices.php(148): App\Controllers\BaseController->juraganBy('21')
#2 /home/dnzwygdo/vendor/codeigniter4/framework/system/CodeIgniter.php(918): App\Controllers\User\Invoices->lihat()
#3 /home/dnzwygdo/vendor/codeigniter4/framework/system/CodeIgniter.php(404): CodeIgniter\CodeIgniter->runController(Object(App\Controllers\User\Invoices))
#4 /home/dnzwygdo/vendor/codeigniter4/framework/system/CodeIgniter.php(312): CodeIgniter\CodeIgniter->handleRequest(NULL, Object(Config\Cache), false)
#5 /home/dnzwygdo/public_html/index.php(45): CodeIgniter\CodeIgniter->run()
#6 {main}
CRITICAL - 2021-12-23 11:14:38 --> Invalid argument supplied for foreach()
#0 /home/dnzwygdo/app/Controllers/BaseController.php(122): CodeIgniter\Debug\Exceptions->errorHandler(2, 'Invalid argumen...', '/home/dnzwygdo/...', 122, Array)
#1 /home/dnzwygdo/app/Controllers/User/Invoices.php(148): App\Controllers\BaseController->juraganBy('21')
#2 /home/dnzwygdo/vendor/codeigniter4/framework/system/CodeIgniter.php(918): App\Controllers\User\Invoices->lihat()
#3 /home/dnzwygdo/vendor/codeigniter4/framework/system/CodeIgniter.php(404): CodeIgniter\CodeIgniter->runController(Object(App\Controllers\User\Invoices))
#4 /home/dnzwygdo/vendor/codeigniter4/framework/system/CodeIgniter.php(312): CodeIgniter\CodeIgniter->handleRequest(NULL, Object(Config\Cache), false)
#5 /home/dnzwygdo/public_html/index.php(45): CodeIgniter\CodeIgniter->run()
#6 {main}
CRITICAL - 2021-12-23 11:14:38 --> Invalid argument supplied for foreach()
#0 /home/dnzwygdo/app/Controllers/BaseController.php(122): CodeIgniter\Debug\Exceptions->errorHandler(2, 'Invalid argumen...', '/home/dnzwygdo/...', 122, Array)
#1 /home/dnzwygdo/app/Controllers/User/Invoices.php(148): App\Controllers\BaseController->juraganBy('21')
#2 /home/dnzwygdo/vendor/codeigniter4/framework/system/CodeIgniter.php(918): App\Controllers\User\Invoices->lihat()
#3 /home/dnzwygdo/vendor/codeigniter4/framework/system/CodeIgniter.php(404): CodeIgniter\CodeIgniter->runController(Object(App\Controllers\User\Invoices))
#4 /home/dnzwygdo/vendor/codeigniter4/framework/system/CodeIgniter.php(312): CodeIgniter\CodeIgniter->handleRequest(NULL, Object(Config\Cache), false)
#5 /home/dnzwygdo/public_html/index.php(45): CodeIgniter\CodeIgniter->run()
#6 {main}
CRITICAL - 2021-12-23 11:14:38 --> Invalid argument supplied for foreach()
#0 /home/dnzwygdo/app/Controllers/BaseController.php(122): CodeIgniter\Debug\Exceptions->errorHandler(2, 'Invalid argumen...', '/home/dnzwygdo/...', 122, Array)
#1 /home/dnzwygdo/app/Controllers/User/Invoices.php(148): App\Controllers\BaseController->juraganBy('21')
#2 /home/dnzwygdo/vendor/codeigniter4/framework/system/CodeIgniter.php(918): App\Controllers\User\Invoices->lihat()
#3 /home/dnzwygdo/vendor/codeigniter4/framework/system/CodeIgniter.php(404): CodeIgniter\CodeIgniter->runController(Object(App\Controllers\User\Invoices))
#4 /home/dnzwygdo/vendor/codeigniter4/framework/system/CodeIgniter.php(312): CodeIgniter\CodeIgniter->handleRequest(NULL, Object(Config\Cache), false)
#5 /home/dnzwygdo/public_html/index.php(45): CodeIgniter\CodeIgniter->run()
#6 {main}
CRITICAL - 2021-12-23 11:14:38 --> Invalid argument supplied for foreach()
#0 /home/dnzwygdo/app/Controllers/BaseController.php(122): CodeIgniter\Debug\Exceptions->errorHandler(2, 'Invalid argumen...', '/home/dnzwygdo/...', 122, Array)
#1 /home/dnzwygdo/app/Controllers/User/Invoices.php(148): App\Controllers\BaseController->juraganBy('21')
#2 /home/dnzwygdo/vendor/codeigniter4/framework/system/CodeIgniter.php(918): App\Controllers\User\Invoices->lihat()
#3 /home/dnzwygdo/vendor/codeigniter4/framework/system/CodeIgniter.php(404): CodeIgniter\CodeIgniter->runController(Object(App\Controllers\User\Invoices))
#4 /home/dnzwygdo/vendor/codeigniter4/framework/system/CodeIgniter.php(312): CodeIgniter\CodeIgniter->handleRequest(NULL, Object(Config\Cache), false)
#5 /home/dnzwygdo/public_html/index.php(45): CodeIgniter\CodeIgniter->run()
#6 {main}
CRITICAL - 2021-12-23 11:14:39 --> Invalid argument supplied for foreach()
#0 /home/dnzwygdo/app/Controllers/BaseController.php(122): CodeIgniter\Debug\Exceptions->errorHandler(2, 'Invalid argumen...', '/home/dnzwygdo/...', 122, Array)
#1 /home/dnzwygdo/app/Controllers/User/Invoices.php(148): App\Controllers\BaseController->juraganBy('21')
#2 /home/dnzwygdo/vendor/codeigniter4/framework/system/CodeIgniter.php(918): App\Controllers\User\Invoices->lihat()
#3 /home/dnzwygdo/vendor/codeigniter4/framework/system/CodeIgniter.php(404): CodeIgniter\CodeIgniter->runController(Object(App\Controllers\User\Invoices))
#4 /home/dnzwygdo/vendor/codeigniter4/framework/system/CodeIgniter.php(312): CodeIgniter\CodeIgniter->handleRequest(NULL, Object(Config\Cache), false)
#5 /home/dnzwygdo/public_html/index.php(45): CodeIgniter\CodeIgniter->run()
#6 {main}
CRITICAL - 2021-12-23 11:14:39 --> Invalid argument supplied for foreach()
#0 /home/dnzwygdo/app/Controllers/BaseController.php(122): CodeIgniter\Debug\Exceptions->errorHandler(2, 'Invalid argumen...', '/home/dnzwygdo/...', 122, Array)
#1 /home/dnzwygdo/app/Controllers/User/Invoices.php(148): App\Controllers\BaseController->juraganBy('21')
#2 /home/dnzwygdo/vendor/codeigniter4/framework/system/CodeIgniter.php(918): App\Controllers\User\Invoices->lihat()
#3 /home/dnzwygdo/vendor/codeigniter4/framework/system/CodeIgniter.php(404): CodeIgniter\CodeIgniter->runController(Object(App\Controllers\User\Invoices))
#4 /home/dnzwygdo/vendor/codeigniter4/framework/system/CodeIgniter.php(312): CodeIgniter\CodeIgniter->handleRequest(NULL, Object(Config\Cache), false)
#5 /home/dnzwygdo/public_html/index.php(45): CodeIgniter\CodeIgniter->run()
#6 {main}
CRITICAL - 2021-12-23 11:14:39 --> Invalid argument supplied for foreach()
#0 /home/dnzwygdo/app/Controllers/BaseController.php(122): CodeIgniter\Debug\Exceptions->errorHandler(2, 'Invalid argumen...', '/home/dnzwygdo/...', 122, Array)
#1 /home/dnzwygdo/app/Controllers/User/Invoices.php(148): App\Controllers\BaseController->juraganBy('21')
#2 /home/dnzwygdo/vendor/codeigniter4/framework/system/CodeIgniter.php(918): App\Controllers\User\Invoices->lihat()
#3 /home/dnzwygdo/vendor/codeigniter4/framework/system/CodeIgniter.php(404): CodeIgniter\CodeIgniter->runController(Object(App\Controllers\User\Invoices))
#4 /home/dnzwygdo/vendor/codeigniter4/framework/system/CodeIgniter.php(312): CodeIgniter\CodeIgniter->handleRequest(NULL, Object(Config\Cache), false)
#5 /home/dnzwygdo/public_html/index.php(45): CodeIgniter\CodeIgniter->run()
#6 {main}
CRITICAL - 2021-12-23 11:14:39 --> Invalid argument supplied for foreach()
#0 /home/dnzwygdo/app/Controllers/BaseController.php(122): CodeIgniter\Debug\Exceptions->errorHandler(2, 'Invalid argumen...', '/home/dnzwygdo/...', 122, Array)
#1 /home/dnzwygdo/app/Controllers/User/Invoices.php(148): App\Controllers\BaseController->juraganBy('21')
#2 /home/dnzwygdo/vendor/codeigniter4/framework/system/CodeIgniter.php(918): App\Controllers\User\Invoices->lihat()
#3 /home/dnzwygdo/vendor/codeigniter4/framework/system/CodeIgniter.php(404): CodeIgniter\CodeIgniter->runController(Object(App\Controllers\User\Invoices))
#4 /home/dnzwygdo/vendor/codeigniter4/framework/system/CodeIgniter.php(312): CodeIgniter\CodeIgniter->handleRequest(NULL, Object(Config\Cache), false)
#5 /home/dnzwygdo/public_html/index.php(45): CodeIgniter\CodeIgniter->run()
#6 {main}
CRITICAL - 2021-12-23 11:14:39 --> Invalid argument supplied for foreach()
#0 /home/dnzwygdo/app/Controllers/BaseController.php(122): CodeIgniter\Debug\Exceptions->errorHandler(2, 'Invalid argumen...', '/home/dnzwygdo/...', 122, Array)
#1 /home/dnzwygdo/app/Controllers/User/Invoices.php(148): App\Controllers\BaseController->juraganBy('21')
#2 /home/dnzwygdo/vendor/codeigniter4/framework/system/CodeIgniter.php(918): App\Controllers\User\Invoices->lihat()
#3 /home/dnzwygdo/vendor/codeigniter4/framework/system/CodeIgniter.php(404): CodeIgniter\CodeIgniter->runController(Object(App\Controllers\User\Invoices))
#4 /home/dnzwygdo/vendor/codeigniter4/framework/system/CodeIgniter.php(312): CodeIgniter\CodeIgniter->handleRequest(NULL, Object(Config\Cache), false)
#5 /home/dnzwygdo/public_html/index.php(45): CodeIgniter\CodeIgniter->run()
#6 {main}
CRITICAL - 2021-12-23 11:26:13 --> Invalid argument supplied for foreach()
#0 /home/dnzwygdo/app/Controllers/BaseController.php(122): CodeIgniter\Debug\Exceptions->errorHandler(2, 'Invalid argumen...', '/home/dnzwygdo/...', 122, Array)
#1 /home/dnzwygdo/app/Controllers/User/Invoices.php(148): App\Controllers\BaseController->juraganBy('21')
#2 /home/dnzwygdo/vendor/codeigniter4/framework/system/CodeIgniter.php(918): App\Controllers\User\Invoices->lihat()
#3 /home/dnzwygdo/vendor/codeigniter4/framework/system/CodeIgniter.php(404): CodeIgniter\CodeIgniter->runController(Object(App\Controllers\User\Invoices))
#4 /home/dnzwygdo/vendor/codeigniter4/framework/system/CodeIgniter.php(312): CodeIgniter\CodeIgniter->handleRequest(NULL, Object(Config\Cache), false)
#5 /home/dnzwygdo/public_html/index.php(45): CodeIgniter\CodeIgniter->run()
#6 {main}
CRITICAL - 2021-12-23 11:26:14 --> Invalid argument supplied for foreach()
#0 /home/dnzwygdo/app/Controllers/BaseController.php(122): CodeIgniter\Debug\Exceptions->errorHandler(2, 'Invalid argumen...', '/home/dnzwygdo/...', 122, Array)
#1 /home/dnzwygdo/app/Controllers/User/Invoices.php(148): App\Controllers\BaseController->juraganBy('21')
#2 /home/dnzwygdo/vendor/codeigniter4/framework/system/CodeIgniter.php(918): App\Controllers\User\Invoices->lihat()
#3 /home/dnzwygdo/vendor/codeigniter4/framework/system/CodeIgniter.php(404): CodeIgniter\CodeIgniter->runController(Object(App\Controllers\User\Invoices))
#4 /home/dnzwygdo/vendor/codeigniter4/framework/system/CodeIgniter.php(312): CodeIgniter\CodeIgniter->handleRequest(NULL, Object(Config\Cache), false)
#5 /home/dnzwygdo/public_html/index.php(45): CodeIgniter\CodeIgniter->run()
#6 {main}
CRITICAL - 2021-12-23 11:26:15 --> Invalid argument supplied for foreach()
#0 /home/dnzwygdo/app/Controllers/BaseController.php(122): CodeIgniter\Debug\Exceptions->errorHandler(2, 'Invalid argumen...', '/home/dnzwygdo/...', 122, Array)
#1 /home/dnzwygdo/app/Controllers/User/Invoices.php(148): App\Controllers\BaseController->juraganBy('21')
#2 /home/dnzwygdo/vendor/codeigniter4/framework/system/CodeIgniter.php(918): App\Controllers\User\Invoices->lihat()
#3 /home/dnzwygdo/vendor/codeigniter4/framework/system/CodeIgniter.php(404): CodeIgniter\CodeIgniter->runController(Object(App\Controllers\User\Invoices))
#4 /home/dnzwygdo/vendor/codeigniter4/framework/system/CodeIgniter.php(312): CodeIgniter\CodeIgniter->handleRequest(NULL, Object(Config\Cache), false)
#5 /home/dnzwygdo/public_html/index.php(45): CodeIgniter\CodeIgniter->run()
#6 {main}
CRITICAL - 2021-12-23 11:26:15 --> Invalid argument supplied for foreach()
#0 /home/dnzwygdo/app/Controllers/BaseController.php(122): CodeIgniter\Debug\Exceptions->errorHandler(2, 'Invalid argumen...', '/home/dnzwygdo/...', 122, Array)
#1 /home/dnzwygdo/app/Controllers/User/Invoices.php(148): App\Controllers\BaseController->juraganBy('21')
#2 /home/dnzwygdo/vendor/codeigniter4/framework/system/CodeIgniter.php(918): App\Controllers\User\Invoices->lihat()
#3 /home/dnzwygdo/vendor/codeigniter4/framework/system/CodeIgniter.php(404): CodeIgniter\CodeIgniter->runController(Object(App\Controllers\User\Invoices))
#4 /home/dnzwygdo/vendor/codeigniter4/framework/system/CodeIgniter.php(312): CodeIgniter\CodeIgniter->handleRequest(NULL, Object(Config\Cache), false)
#5 /home/dnzwygdo/public_html/index.php(45): CodeIgniter\CodeIgniter->run()
#6 {main}
CRITICAL - 2021-12-23 11:26:15 --> Invalid argument supplied for foreach()
#0 /home/dnzwygdo/app/Controllers/BaseController.php(122): CodeIgniter\Debug\Exceptions->errorHandler(2, 'Invalid argumen...', '/home/dnzwygdo/...', 122, Array)
#1 /home/dnzwygdo/app/Controllers/User/Invoices.php(148): App\Controllers\BaseController->juraganBy('21')
#2 /home/dnzwygdo/vendor/codeigniter4/framework/system/CodeIgniter.php(918): App\Controllers\User\Invoices->lihat()
#3 /home/dnzwygdo/vendor/codeigniter4/framework/system/CodeIgniter.php(404): CodeIgniter\CodeIgniter->runController(Object(App\Controllers\User\Invoices))
#4 /home/dnzwygdo/vendor/codeigniter4/framework/system/CodeIgniter.php(312): CodeIgniter\CodeIgniter->handleRequest(NULL, Object(Config\Cache), false)
#5 /home/dnzwygdo/public_html/index.php(45): CodeIgniter\CodeIgniter->run()
#6 {main}
CRITICAL - 2021-12-23 11:26:15 --> Invalid argument supplied for foreach()
#0 /home/dnzwygdo/app/Controllers/BaseController.php(122): CodeIgniter\Debug\Exceptions->errorHandler(2, 'Invalid argumen...', '/home/dnzwygdo/...', 122, Array)
#1 /home/dnzwygdo/app/Controllers/User/Invoices.php(148): App\Controllers\BaseController->juraganBy('21')
#2 /home/dnzwygdo/vendor/codeigniter4/framework/system/CodeIgniter.php(918): App\Controllers\User\Invoices->lihat()
#3 /home/dnzwygdo/vendor/codeigniter4/framework/system/CodeIgniter.php(404): CodeIgniter\CodeIgniter->runController(Object(App\Controllers\User\Invoices))
#4 /home/dnzwygdo/vendor/codeigniter4/framework/system/CodeIgniter.php(312): CodeIgniter\CodeIgniter->handleRequest(NULL, Object(Config\Cache), false)
#5 /home/dnzwygdo/public_html/index.php(45): CodeIgniter\CodeIgniter->run()
#6 {main}
CRITICAL - 2021-12-23 11:26:15 --> Invalid argument supplied for foreach()
#0 /home/dnzwygdo/app/Controllers/BaseController.php(122): CodeIgniter\Debug\Exceptions->errorHandler(2, 'Invalid argumen...', '/home/dnzwygdo/...', 122, Array)
#1 /home/dnzwygdo/app/Controllers/User/Invoices.php(148): App\Controllers\BaseController->juraganBy('21')
#2 /home/dnzwygdo/vendor/codeigniter4/framework/system/CodeIgniter.php(918): App\Controllers\User\Invoices->lihat()
#3 /home/dnzwygdo/vendor/codeigniter4/framework/system/CodeIgniter.php(404): CodeIgniter\CodeIgniter->runController(Object(App\Controllers\User\Invoices))
#4 /home/dnzwygdo/vendor/codeigniter4/framework/system/CodeIgniter.php(312): CodeIgniter\CodeIgniter->handleRequest(NULL, Object(Config\Cache), false)
#5 /home/dnzwygdo/public_html/index.php(45): CodeIgniter\CodeIgniter->run()
#6 {main}
CRITICAL - 2021-12-23 11:26:15 --> Invalid argument supplied for foreach()
#0 /home/dnzwygdo/app/Controllers/BaseController.php(122): CodeIgniter\Debug\Exceptions->errorHandler(2, 'Invalid argumen...', '/home/dnzwygdo/...', 122, Array)
#1 /home/dnzwygdo/app/Controllers/User/Invoices.php(148): App\Controllers\BaseController->juraganBy('21')
#2 /home/dnzwygdo/vendor/codeigniter4/framework/system/CodeIgniter.php(918): App\Controllers\User\Invoices->lihat()
#3 /home/dnzwygdo/vendor/codeigniter4/framework/system/CodeIgniter.php(404): CodeIgniter\CodeIgniter->runController(Object(App\Controllers\User\Invoices))
#4 /home/dnzwygdo/vendor/codeigniter4/framework/system/CodeIgniter.php(312): CodeIgniter\CodeIgniter->handleRequest(NULL, Object(Config\Cache), false)
#5 /home/dnzwygdo/public_html/index.php(45): CodeIgniter\CodeIgniter->run()
#6 {main}
CRITICAL - 2021-12-23 11:26:20 --> Invalid argument supplied for foreach()
#0 /home/dnzwygdo/app/Controllers/BaseController.php(122): CodeIgniter\Debug\Exceptions->errorHandler(2, 'Invalid argumen...', '/home/dnzwygdo/...', 122, Array)
#1 /home/dnzwygdo/app/Controllers/User/Invoices.php(148): App\Controllers\BaseController->juraganBy('21')
#2 /home/dnzwygdo/vendor/codeigniter4/framework/system/CodeIgniter.php(918): App\Controllers\User\Invoices->lihat()
#3 /home/dnzwygdo/vendor/codeigniter4/framework/system/CodeIgniter.php(404): CodeIgniter\CodeIgniter->runController(Object(App\Controllers\User\Invoices))
#4 /home/dnzwygdo/vendor/codeigniter4/framework/system/CodeIgniter.php(312): CodeIgniter\CodeIgniter->handleRequest(NULL, Object(Config\Cache), false)
#5 /home/dnzwygdo/public_html/index.php(45): CodeIgniter\CodeIgniter->run()
#6 {main}
CRITICAL - 2021-12-23 11:26:25 --> Invalid argument supplied for foreach()
#0 /home/dnzwygdo/app/Controllers/BaseController.php(122): CodeIgniter\Debug\Exceptions->errorHandler(2, 'Invalid argumen...', '/home/dnzwygdo/...', 122, Array)
#1 /home/dnzwygdo/app/Controllers/User/Invoices.php(148): App\Controllers\BaseController->juraganBy('21')
#2 /home/dnzwygdo/vendor/codeigniter4/framework/system/CodeIgniter.php(918): App\Controllers\User\Invoices->lihat()
#3 /home/dnzwygdo/vendor/codeigniter4/framework/system/CodeIgniter.php(404): CodeIgniter\CodeIgniter->runController(Object(App\Controllers\User\Invoices))
#4 /home/dnzwygdo/vendor/codeigniter4/framework/system/CodeIgniter.php(312): CodeIgniter\CodeIgniter->handleRequest(NULL, Object(Config\Cache), false)
#5 /home/dnzwygdo/public_html/index.php(45): CodeIgniter\CodeIgniter->run()
#6 {main}
CRITICAL - 2021-12-23 11:26:28 --> Invalid argument supplied for foreach()
#0 /home/dnzwygdo/app/Controllers/BaseController.php(122): CodeIgniter\Debug\Exceptions->errorHandler(2, 'Invalid argumen...', '/home/dnzwygdo/...', 122, Array)
#1 /home/dnzwygdo/app/Controllers/User/Invoices.php(148): App\Controllers\BaseController->juraganBy('21')
#2 /home/dnzwygdo/vendor/codeigniter4/framework/system/CodeIgniter.php(918): App\Controllers\User\Invoices->lihat()
#3 /home/dnzwygdo/vendor/codeigniter4/framework/system/CodeIgniter.php(404): CodeIgniter\CodeIgniter->runController(Object(App\Controllers\User\Invoices))
#4 /home/dnzwygdo/vendor/codeigniter4/framework/system/CodeIgniter.php(312): CodeIgniter\CodeIgniter->handleRequest(NULL, Object(Config\Cache), false)
#5 /home/dnzwygdo/public_html/index.php(45): CodeIgniter\CodeIgniter->run()
#6 {main}
CRITICAL - 2021-12-23 11:30:38 --> Invalid argument supplied for foreach()
#0 /home/dnzwygdo/app/Controllers/BaseController.php(122): CodeIgniter\Debug\Exceptions->errorHandler(2, 'Invalid argumen...', '/home/dnzwygdo/...', 122, Array)
#1 /home/dnzwygdo/app/Controllers/User/Invoices.php(148): App\Controllers\BaseController->juraganBy('21')
#2 /home/dnzwygdo/vendor/codeigniter4/framework/system/CodeIgniter.php(918): App\Controllers\User\Invoices->lihat()
#3 /home/dnzwygdo/vendor/codeigniter4/framework/system/CodeIgniter.php(404): CodeIgniter\CodeIgniter->runController(Object(App\Controllers\User\Invoices))
#4 /home/dnzwygdo/vendor/codeigniter4/framework/system/CodeIgniter.php(312): CodeIgniter\CodeIgniter->handleRequest(NULL, Object(Config\Cache), false)
#5 /home/dnzwygdo/public_html/index.php(45): CodeIgniter\CodeIgniter->run()
#6 {main}
CRITICAL - 2021-12-23 11:30:40 --> Invalid argument supplied for foreach()
#0 /home/dnzwygdo/app/Controllers/BaseController.php(122): CodeIgniter\Debug\Exceptions->errorHandler(2, 'Invalid argumen...', '/home/dnzwygdo/...', 122, Array)
#1 /home/dnzwygdo/app/Controllers/User/Invoices.php(148): App\Controllers\BaseController->juraganBy('21')
#2 /home/dnzwygdo/vendor/codeigniter4/framework/system/CodeIgniter.php(918): App\Controllers\User\Invoices->lihat()
#3 /home/dnzwygdo/vendor/codeigniter4/framework/system/CodeIgniter.php(404): CodeIgniter\CodeIgniter->runController(Object(App\Controllers\User\Invoices))
#4 /home/dnzwygdo/vendor/codeigniter4/framework/system/CodeIgniter.php(312): CodeIgniter\CodeIgniter->handleRequest(NULL, Object(Config\Cache), false)
#5 /home/dnzwygdo/public_html/index.php(45): CodeIgniter\CodeIgniter->run()
#6 {main}
CRITICAL - 2021-12-23 11:30:40 --> Invalid argument supplied for foreach()
#0 /home/dnzwygdo/app/Controllers/BaseController.php(122): CodeIgniter\Debug\Exceptions->errorHandler(2, 'Invalid argumen...', '/home/dnzwygdo/...', 122, Array)
#1 /home/dnzwygdo/app/Controllers/User/Invoices.php(148): App\Controllers\BaseController->juraganBy('21')
#2 /home/dnzwygdo/vendor/codeigniter4/framework/system/CodeIgniter.php(918): App\Controllers\User\Invoices->lihat()
#3 /home/dnzwygdo/vendor/codeigniter4/framework/system/CodeIgniter.php(404): CodeIgniter\CodeIgniter->runController(Object(App\Controllers\User\Invoices))
#4 /home/dnzwygdo/vendor/codeigniter4/framework/system/CodeIgniter.php(312): CodeIgniter\CodeIgniter->handleRequest(NULL, Object(Config\Cache), false)
#5 /home/dnzwygdo/public_html/index.php(45): CodeIgniter\CodeIgniter->run()
#6 {main}
CRITICAL - 2021-12-23 11:30:40 --> Invalid argument supplied for foreach()
#0 /home/dnzwygdo/app/Controllers/BaseController.php(122): CodeIgniter\Debug\Exceptions->errorHandler(2, 'Invalid argumen...', '/home/dnzwygdo/...', 122, Array)
#1 /home/dnzwygdo/app/Controllers/User/Invoices.php(148): App\Controllers\BaseController->juraganBy('21')
#2 /home/dnzwygdo/vendor/codeigniter4/framework/system/CodeIgniter.php(918): App\Controllers\User\Invoices->lihat()
#3 /home/dnzwygdo/vendor/codeigniter4/framework/system/CodeIgniter.php(404): CodeIgniter\CodeIgniter->runController(Object(App\Controllers\User\Invoices))
#4 /home/dnzwygdo/vendor/codeigniter4/framework/system/CodeIgniter.php(312): CodeIgniter\CodeIgniter->handleRequest(NULL, Object(Config\Cache), false)
#5 /home/dnzwygdo/public_html/index.php(45): CodeIgniter\CodeIgniter->run()
#6 {main}
CRITICAL - 2021-12-23 11:30:41 --> Invalid argument supplied for foreach()
#0 /home/dnzwygdo/app/Controllers/BaseController.php(122): CodeIgniter\Debug\Exceptions->errorHandler(2, 'Invalid argumen...', '/home/dnzwygdo/...', 122, Array)
#1 /home/dnzwygdo/app/Controllers/User/Invoices.php(148): App\Controllers\BaseController->juraganBy('21')
#2 /home/dnzwygdo/vendor/codeigniter4/framework/system/CodeIgniter.php(918): App\Controllers\User\Invoices->lihat()
#3 /home/dnzwygdo/vendor/codeigniter4/framework/system/CodeIgniter.php(404): CodeIgniter\CodeIgniter->runController(Object(App\Controllers\User\Invoices))
#4 /home/dnzwygdo/vendor/codeigniter4/framework/system/CodeIgniter.php(312): CodeIgniter\CodeIgniter->handleRequest(NULL, Object(Config\Cache), false)
#5 /home/dnzwygdo/public_html/index.php(45): CodeIgniter\CodeIgniter->run()
#6 {main}
CRITICAL - 2021-12-23 11:30:41 --> Invalid argument supplied for foreach()
#0 /home/dnzwygdo/app/Controllers/BaseController.php(122): CodeIgniter\Debug\Exceptions->errorHandler(2, 'Invalid argumen...', '/home/dnzwygdo/...', 122, Array)
#1 /home/dnzwygdo/app/Controllers/User/Invoices.php(148): App\Controllers\BaseController->juraganBy('21')
#2 /home/dnzwygdo/vendor/codeigniter4/framework/system/CodeIgniter.php(918): App\Controllers\User\Invoices->lihat()
#3 /home/dnzwygdo/vendor/codeigniter4/framework/system/CodeIgniter.php(404): CodeIgniter\CodeIgniter->runController(Object(App\Controllers\User\Invoices))
#4 /home/dnzwygdo/vendor/codeigniter4/framework/system/CodeIgniter.php(312): CodeIgniter\CodeIgniter->handleRequest(NULL, Object(Config\Cache), false)
#5 /home/dnzwygdo/public_html/index.php(45): CodeIgniter\CodeIgniter->run()
#6 {main}
CRITICAL - 2021-12-23 11:30:58 --> Invalid argument supplied for foreach()
#0 /home/dnzwygdo/app/Controllers/BaseController.php(122): CodeIgniter\Debug\Exceptions->errorHandler(2, 'Invalid argumen...', '/home/dnzwygdo/...', 122, Array)
#1 /home/dnzwygdo/app/Controllers/User/Invoices.php(148): App\Controllers\BaseController->juraganBy('21')
#2 /home/dnzwygdo/vendor/codeigniter4/framework/system/CodeIgniter.php(918): App\Controllers\User\Invoices->lihat()
#3 /home/dnzwygdo/vendor/codeigniter4/framework/system/CodeIgniter.php(404): CodeIgniter\CodeIgniter->runController(Object(App\Controllers\User\Invoices))
#4 /home/dnzwygdo/vendor/codeigniter4/framework/system/CodeIgniter.php(312): CodeIgniter\CodeIgniter->handleRequest(NULL, Object(Config\Cache), false)
#5 /home/dnzwygdo/public_html/index.php(45): CodeIgniter\CodeIgniter->run()
#6 {main}
CRITICAL - 2021-12-23 11:30:59 --> Invalid argument supplied for foreach()
#0 /home/dnzwygdo/app/Controllers/BaseController.php(122): CodeIgniter\Debug\Exceptions->errorHandler(2, 'Invalid argumen...', '/home/dnzwygdo/...', 122, Array)
#1 /home/dnzwygdo/app/Controllers/User/Invoices.php(148): App\Controllers\BaseController->juraganBy('21')
#2 /home/dnzwygdo/vendor/codeigniter4/framework/system/CodeIgniter.php(918): App\Controllers\User\Invoices->lihat()
#3 /home/dnzwygdo/vendor/codeigniter4/framework/system/CodeIgniter.php(404): CodeIgniter\CodeIgniter->runController(Object(App\Controllers\User\Invoices))
#4 /home/dnzwygdo/vendor/codeigniter4/framework/system/CodeIgniter.php(312): CodeIgniter\CodeIgniter->handleRequest(NULL, Object(Config\Cache), false)
#5 /home/dnzwygdo/public_html/index.php(45): CodeIgniter\CodeIgniter->run()
#6 {main}
CRITICAL - 2021-12-23 11:30:59 --> Invalid argument supplied for foreach()
#0 /home/dnzwygdo/app/Controllers/BaseController.php(122): CodeIgniter\Debug\Exceptions->errorHandler(2, 'Invalid argumen...', '/home/dnzwygdo/...', 122, Array)
#1 /home/dnzwygdo/app/Controllers/User/Invoices.php(148): App\Controllers\BaseController->juraganBy('21')
#2 /home/dnzwygdo/vendor/codeigniter4/framework/system/CodeIgniter.php(918): App\Controllers\User\Invoices->lihat()
#3 /home/dnzwygdo/vendor/codeigniter4/framework/system/CodeIgniter.php(404): CodeIgniter\CodeIgniter->runController(Object(App\Controllers\User\Invoices))
#4 /home/dnzwygdo/vendor/codeigniter4/framework/system/CodeIgniter.php(312): CodeIgniter\CodeIgniter->handleRequest(NULL, Object(Config\Cache), false)
#5 /home/dnzwygdo/public_html/index.php(45): CodeIgniter\CodeIgniter->run()
#6 {main}
CRITICAL - 2021-12-23 11:31:00 --> Invalid argument supplied for foreach()
#0 /home/dnzwygdo/app/Controllers/BaseController.php(122): CodeIgniter\Debug\Exceptions->errorHandler(2, 'Invalid argumen...', '/home/dnzwygdo/...', 122, Array)
#1 /home/dnzwygdo/app/Controllers/User/Invoices.php(148): App\Controllers\BaseController->juraganBy('21')
#2 /home/dnzwygdo/vendor/codeigniter4/framework/system/CodeIgniter.php(918): App\Controllers\User\Invoices->lihat()
#3 /home/dnzwygdo/vendor/codeigniter4/framework/system/CodeIgniter.php(404): CodeIgniter\CodeIgniter->runController(Object(App\Controllers\User\Invoices))
#4 /home/dnzwygdo/vendor/codeigniter4/framework/system/CodeIgniter.php(312): CodeIgniter\CodeIgniter->handleRequest(NULL, Object(Config\Cache), false)
#5 /home/dnzwygdo/public_html/index.php(45): CodeIgniter\CodeIgniter->run()
#6 {main}
CRITICAL - 2021-12-23 11:31:00 --> Invalid argument supplied for foreach()
#0 /home/dnzwygdo/app/Controllers/BaseController.php(122): CodeIgniter\Debug\Exceptions->errorHandler(2, 'Invalid argumen...', '/home/dnzwygdo/...', 122, Array)
#1 /home/dnzwygdo/app/Controllers/User/Invoices.php(148): App\Controllers\BaseController->juraganBy('21')
#2 /home/dnzwygdo/vendor/codeigniter4/framework/system/CodeIgniter.php(918): App\Controllers\User\Invoices->lihat()
#3 /home/dnzwygdo/vendor/codeigniter4/framework/system/CodeIgniter.php(404): CodeIgniter\CodeIgniter->runController(Object(App\Controllers\User\Invoices))
#4 /home/dnzwygdo/vendor/codeigniter4/framework/system/CodeIgniter.php(312): CodeIgniter\CodeIgniter->handleRequest(NULL, Object(Config\Cache), false)
#5 /home/dnzwygdo/public_html/index.php(45): CodeIgniter\CodeIgniter->run()
#6 {main}
CRITICAL - 2021-12-23 11:31:00 --> Invalid argument supplied for foreach()
#0 /home/dnzwygdo/app/Controllers/BaseController.php(122): CodeIgniter\Debug\Exceptions->errorHandler(2, 'Invalid argumen...', '/home/dnzwygdo/...', 122, Array)
#1 /home/dnzwygdo/app/Controllers/User/Invoices.php(148): App\Controllers\BaseController->juraganBy('21')
#2 /home/dnzwygdo/vendor/codeigniter4/framework/system/CodeIgniter.php(918): App\Controllers\User\Invoices->lihat()
#3 /home/dnzwygdo/vendor/codeigniter4/framework/system/CodeIgniter.php(404): CodeIgniter\CodeIgniter->runController(Object(App\Controllers\User\Invoices))
#4 /home/dnzwygdo/vendor/codeigniter4/framework/system/CodeIgniter.php(312): CodeIgniter\CodeIgniter->handleRequest(NULL, Object(Config\Cache), false)
#5 /home/dnzwygdo/public_html/index.php(45): CodeIgniter\CodeIgniter->run()
#6 {main}
CRITICAL - 2021-12-23 11:31:00 --> Invalid argument supplied for foreach()
#0 /home/dnzwygdo/app/Controllers/BaseController.php(122): CodeIgniter\Debug\Exceptions->errorHandler(2, 'Invalid argumen...', '/home/dnzwygdo/...', 122, Array)
#1 /home/dnzwygdo/app/Controllers/User/Invoices.php(148): App\Controllers\BaseController->juraganBy('21')
#2 /home/dnzwygdo/vendor/codeigniter4/framework/system/CodeIgniter.php(918): App\Controllers\User\Invoices->lihat()
#3 /home/dnzwygdo/vendor/codeigniter4/framework/system/CodeIgniter.php(404): CodeIgniter\CodeIgniter->runController(Object(App\Controllers\User\Invoices))
#4 /home/dnzwygdo/vendor/codeigniter4/framework/system/CodeIgniter.php(312): CodeIgniter\CodeIgniter->handleRequest(NULL, Object(Config\Cache), false)
#5 /home/dnzwygdo/public_html/index.php(45): CodeIgniter\CodeIgniter->run()
#6 {main}
CRITICAL - 2021-12-23 11:31:00 --> Invalid argument supplied for foreach()
#0 /home/dnzwygdo/app/Controllers/BaseController.php(122): CodeIgniter\Debug\Exceptions->errorHandler(2, 'Invalid argumen...', '/home/dnzwygdo/...', 122, Array)
#1 /home/dnzwygdo/app/Controllers/User/Invoices.php(148): App\Controllers\BaseController->juraganBy('21')
#2 /home/dnzwygdo/vendor/codeigniter4/framework/system/CodeIgniter.php(918): App\Controllers\User\Invoices->lihat()
#3 /home/dnzwygdo/vendor/codeigniter4/framework/system/CodeIgniter.php(404): CodeIgniter\CodeIgniter->runController(Object(App\Controllers\User\Invoices))
#4 /home/dnzwygdo/vendor/codeigniter4/framework/system/CodeIgniter.php(312): CodeIgniter\CodeIgniter->handleRequest(NULL, Object(Config\Cache), false)
#5 /home/dnzwygdo/public_html/index.php(45): CodeIgniter\CodeIgniter->run()
#6 {main}
CRITICAL - 2021-12-23 11:31:01 --> Invalid argument supplied for foreach()
#0 /home/dnzwygdo/app/Controllers/BaseController.php(122): CodeIgniter\Debug\Exceptions->errorHandler(2, 'Invalid argumen...', '/home/dnzwygdo/...', 122, Array)
#1 /home/dnzwygdo/app/Controllers/User/Invoices.php(148): App\Controllers\BaseController->juraganBy('21')
#2 /home/dnzwygdo/vendor/codeigniter4/framework/system/CodeIgniter.php(918): App\Controllers\User\Invoices->lihat()
#3 /home/dnzwygdo/vendor/codeigniter4/framework/system/CodeIgniter.php(404): CodeIgniter\CodeIgniter->runController(Object(App\Controllers\User\Invoices))
#4 /home/dnzwygdo/vendor/codeigniter4/framework/system/CodeIgniter.php(312): CodeIgniter\CodeIgniter->handleRequest(NULL, Object(Config\Cache), false)
#5 /home/dnzwygdo/public_html/index.php(45): CodeIgniter\CodeIgniter->run()
#6 {main}
CRITICAL - 2021-12-23 11:34:29 --> Invalid argument supplied for foreach()
#0 /home/dnzwygdo/app/Controllers/BaseController.php(122): CodeIgniter\Debug\Exceptions->errorHandler(2, 'Invalid argumen...', '/home/dnzwygdo/...', 122, Array)
#1 /home/dnzwygdo/app/Controllers/User/Invoices.php(148): App\Controllers\BaseController->juraganBy('21')
#2 /home/dnzwygdo/vendor/codeigniter4/framework/system/CodeIgniter.php(918): App\Controllers\User\Invoices->lihat()
#3 /home/dnzwygdo/vendor/codeigniter4/framework/system/CodeIgniter.php(404): CodeIgniter\CodeIgniter->runController(Object(App\Controllers\User\Invoices))
#4 /home/dnzwygdo/vendor/codeigniter4/framework/system/CodeIgniter.php(312): CodeIgniter\CodeIgniter->handleRequest(NULL, Object(Config\Cache), false)
#5 /home/dnzwygdo/public_html/index.php(45): CodeIgniter\CodeIgniter->run()
#6 {main}
CRITICAL - 2021-12-23 11:34:33 --> Invalid argument supplied for foreach()
#0 /home/dnzwygdo/app/Controllers/BaseController.php(122): CodeIgniter\Debug\Exceptions->errorHandler(2, 'Invalid argumen...', '/home/dnzwygdo/...', 122, Array)
#1 /home/dnzwygdo/app/Controllers/User/Invoices.php(148): App\Controllers\BaseController->juraganBy('21')
#2 /home/dnzwygdo/vendor/codeigniter4/framework/system/CodeIgniter.php(918): App\Controllers\User\Invoices->lihat()
#3 /home/dnzwygdo/vendor/codeigniter4/framework/system/CodeIgniter.php(404): CodeIgniter\CodeIgniter->runController(Object(App\Controllers\User\Invoices))
#4 /home/dnzwygdo/vendor/codeigniter4/framework/system/CodeIgniter.php(312): CodeIgniter\CodeIgniter->handleRequest(NULL, Object(Config\Cache), false)
#5 /home/dnzwygdo/public_html/index.php(45): CodeIgniter\CodeIgniter->run()
#6 {main}
CRITICAL - 2021-12-23 11:34:34 --> Invalid argument supplied for foreach()
#0 /home/dnzwygdo/app/Controllers/BaseController.php(122): CodeIgniter\Debug\Exceptions->errorHandler(2, 'Invalid argumen...', '/home/dnzwygdo/...', 122, Array)
#1 /home/dnzwygdo/app/Controllers/User/Invoices.php(148): App\Controllers\BaseController->juraganBy('21')
#2 /home/dnzwygdo/vendor/codeigniter4/framework/system/CodeIgniter.php(918): App\Controllers\User\Invoices->lihat()
#3 /home/dnzwygdo/vendor/codeigniter4/framework/system/CodeIgniter.php(404): CodeIgniter\CodeIgniter->runController(Object(App\Controllers\User\Invoices))
#4 /home/dnzwygdo/vendor/codeigniter4/framework/system/CodeIgniter.php(312): CodeIgniter\CodeIgniter->handleRequest(NULL, Object(Config\Cache), false)
#5 /home/dnzwygdo/public_html/index.php(45): CodeIgniter\CodeIgniter->run()
#6 {main}
CRITICAL - 2021-12-23 11:34:35 --> Invalid argument supplied for foreach()
#0 /home/dnzwygdo/app/Controllers/BaseController.php(122): CodeIgniter\Debug\Exceptions->errorHandler(2, 'Invalid argumen...', '/home/dnzwygdo/...', 122, Array)
#1 /home/dnzwygdo/app/Controllers/User/Invoices.php(148): App\Controllers\BaseController->juraganBy('21')
#2 /home/dnzwygdo/vendor/codeigniter4/framework/system/CodeIgniter.php(918): App\Controllers\User\Invoices->lihat()
#3 /home/dnzwygdo/vendor/codeigniter4/framework/system/CodeIgniter.php(404): CodeIgniter\CodeIgniter->runController(Object(App\Controllers\User\Invoices))
#4 /home/dnzwygdo/vendor/codeigniter4/framework/system/CodeIgniter.php(312): CodeIgniter\CodeIgniter->handleRequest(NULL, Object(Config\Cache), false)
#5 /home/dnzwygdo/public_html/index.php(45): CodeIgniter\CodeIgniter->run()
#6 {main}
CRITICAL - 2021-12-23 11:34:35 --> Invalid argument supplied for foreach()
#0 /home/dnzwygdo/app/Controllers/BaseController.php(122): CodeIgniter\Debug\Exceptions->errorHandler(2, 'Invalid argumen...', '/home/dnzwygdo/...', 122, Array)
#1 /home/dnzwygdo/app/Controllers/User/Invoices.php(148): App\Controllers\BaseController->juraganBy('21')
#2 /home/dnzwygdo/vendor/codeigniter4/framework/system/CodeIgniter.php(918): App\Controllers\User\Invoices->lihat()
#3 /home/dnzwygdo/vendor/codeigniter4/framework/system/CodeIgniter.php(404): CodeIgniter\CodeIgniter->runController(Object(App\Controllers\User\Invoices))
#4 /home/dnzwygdo/vendor/codeigniter4/framework/system/CodeIgniter.php(312): CodeIgniter\CodeIgniter->handleRequest(NULL, Object(Config\Cache), false)
#5 /home/dnzwygdo/public_html/index.php(45): CodeIgniter\CodeIgniter->run()
#6 {main}
CRITICAL - 2021-12-23 11:34:35 --> Invalid argument supplied for foreach()
#0 /home/dnzwygdo/app/Controllers/BaseController.php(122): CodeIgniter\Debug\Exceptions->errorHandler(2, 'Invalid argumen...', '/home/dnzwygdo/...', 122, Array)
#1 /home/dnzwygdo/app/Controllers/User/Invoices.php(148): App\Controllers\BaseController->juraganBy('21')
#2 /home/dnzwygdo/vendor/codeigniter4/framework/system/CodeIgniter.php(918): App\Controllers\User\Invoices->lihat()
#3 /home/dnzwygdo/vendor/codeigniter4/framework/system/CodeIgniter.php(404): CodeIgniter\CodeIgniter->runController(Object(App\Controllers\User\Invoices))
#4 /home/dnzwygdo/vendor/codeigniter4/framework/system/CodeIgniter.php(312): CodeIgniter\CodeIgniter->handleRequest(NULL, Object(Config\Cache), false)
#5 /home/dnzwygdo/public_html/index.php(45): CodeIgniter\CodeIgniter->run()
#6 {main}
CRITICAL - 2021-12-23 11:34:42 --> Invalid argument supplied for foreach()
#0 /home/dnzwygdo/app/Controllers/BaseController.php(122): CodeIgniter\Debug\Exceptions->errorHandler(2, 'Invalid argumen...', '/home/dnzwygdo/...', 122, Array)
#1 /home/dnzwygdo/app/Controllers/User/Invoices.php(148): App\Controllers\BaseController->juraganBy('21')
#2 /home/dnzwygdo/vendor/codeigniter4/framework/system/CodeIgniter.php(918): App\Controllers\User\Invoices->lihat()
#3 /home/dnzwygdo/vendor/codeigniter4/framework/system/CodeIgniter.php(404): CodeIgniter\CodeIgniter->runController(Object(App\Controllers\User\Invoices))
#4 /home/dnzwygdo/vendor/codeigniter4/framework/system/CodeIgniter.php(312): CodeIgniter\CodeIgniter->handleRequest(NULL, Object(Config\Cache), false)
#5 /home/dnzwygdo/public_html/index.php(45): CodeIgniter\CodeIgniter->run()
#6 {main}
CRITICAL - 2021-12-23 11:36:10 --> Invalid argument supplied for foreach()
#0 /home/dnzwygdo/app/Controllers/BaseController.php(122): CodeIgniter\Debug\Exceptions->errorHandler(2, 'Invalid argumen...', '/home/dnzwygdo/...', 122, Array)
#1 /home/dnzwygdo/app/Controllers/User/Invoices.php(148): App\Controllers\BaseController->juraganBy('21')
#2 /home/dnzwygdo/vendor/codeigniter4/framework/system/CodeIgniter.php(918): App\Controllers\User\Invoices->lihat()
#3 /home/dnzwygdo/vendor/codeigniter4/framework/system/CodeIgniter.php(404): CodeIgniter\CodeIgniter->runController(Object(App\Controllers\User\Invoices))
#4 /home/dnzwygdo/vendor/codeigniter4/framework/system/CodeIgniter.php(312): CodeIgniter\CodeIgniter->handleRequest(NULL, Object(Config\Cache), false)
#5 /home/dnzwygdo/public_html/index.php(45): CodeIgniter\CodeIgniter->run()
#6 {main}
CRITICAL - 2021-12-23 11:36:10 --> Invalid argument supplied for foreach()
#0 /home/dnzwygdo/app/Controllers/BaseController.php(122): CodeIgniter\Debug\Exceptions->errorHandler(2, 'Invalid argumen...', '/home/dnzwygdo/...', 122, Array)
#1 /home/dnzwygdo/app/Controllers/User/Invoices.php(148): App\Controllers\BaseController->juraganBy('21')
#2 /home/dnzwygdo/vendor/codeigniter4/framework/system/CodeIgniter.php(918): App\Controllers\User\Invoices->lihat()
#3 /home/dnzwygdo/vendor/codeigniter4/framework/system/CodeIgniter.php(404): CodeIgniter\CodeIgniter->runController(Object(App\Controllers\User\Invoices))
#4 /home/dnzwygdo/vendor/codeigniter4/framework/system/CodeIgniter.php(312): CodeIgniter\CodeIgniter->handleRequest(NULL, Object(Config\Cache), false)
#5 /home/dnzwygdo/public_html/index.php(45): CodeIgniter\CodeIgniter->run()
#6 {main}
CRITICAL - 2021-12-23 11:36:11 --> Invalid argument supplied for foreach()
#0 /home/dnzwygdo/app/Controllers/BaseController.php(122): CodeIgniter\Debug\Exceptions->errorHandler(2, 'Invalid argumen...', '/home/dnzwygdo/...', 122, Array)
#1 /home/dnzwygdo/app/Controllers/User/Invoices.php(148): App\Controllers\BaseController->juraganBy('21')
#2 /home/dnzwygdo/vendor/codeigniter4/framework/system/CodeIgniter.php(918): App\Controllers\User\Invoices->lihat()
#3 /home/dnzwygdo/vendor/codeigniter4/framework/system/CodeIgniter.php(404): CodeIgniter\CodeIgniter->runController(Object(App\Controllers\User\Invoices))
#4 /home/dnzwygdo/vendor/codeigniter4/framework/system/CodeIgniter.php(312): CodeIgniter\CodeIgniter->handleRequest(NULL, Object(Config\Cache), false)
#5 /home/dnzwygdo/public_html/index.php(45): CodeIgniter\CodeIgniter->run()
#6 {main}
CRITICAL - 2021-12-23 11:36:11 --> Invalid argument supplied for foreach()
#0 /home/dnzwygdo/app/Controllers/BaseController.php(122): CodeIgniter\Debug\Exceptions->errorHandler(2, 'Invalid argumen...', '/home/dnzwygdo/...', 122, Array)
#1 /home/dnzwygdo/app/Controllers/User/Invoices.php(148): App\Controllers\BaseController->juraganBy('21')
#2 /home/dnzwygdo/vendor/codeigniter4/framework/system/CodeIgniter.php(918): App\Controllers\User\Invoices->lihat()
#3 /home/dnzwygdo/vendor/codeigniter4/framework/system/CodeIgniter.php(404): CodeIgniter\CodeIgniter->runController(Object(App\Controllers\User\Invoices))
#4 /home/dnzwygdo/vendor/codeigniter4/framework/system/CodeIgniter.php(312): CodeIgniter\CodeIgniter->handleRequest(NULL, Object(Config\Cache), false)
#5 /home/dnzwygdo/public_html/index.php(45): CodeIgniter\CodeIgniter->run()
#6 {main}
CRITICAL - 2021-12-23 11:36:12 --> Invalid argument supplied for foreach()
#0 /home/dnzwygdo/app/Controllers/BaseController.php(122): CodeIgniter\Debug\Exceptions->errorHandler(2, 'Invalid argumen...', '/home/dnzwygdo/...', 122, Array)
#1 /home/dnzwygdo/app/Controllers/User/Invoices.php(148): App\Controllers\BaseController->juraganBy('21')
#2 /home/dnzwygdo/vendor/codeigniter4/framework/system/CodeIgniter.php(918): App\Controllers\User\Invoices->lihat()
#3 /home/dnzwygdo/vendor/codeigniter4/framework/system/CodeIgniter.php(404): CodeIgniter\CodeIgniter->runController(Object(App\Controllers\User\Invoices))
#4 /home/dnzwygdo/vendor/codeigniter4/framework/system/CodeIgniter.php(312): CodeIgniter\CodeIgniter->handleRequest(NULL, Object(Config\Cache), false)
#5 /home/dnzwygdo/public_html/index.php(45): CodeIgniter\CodeIgniter->run()
#6 {main}
CRITICAL - 2021-12-23 11:50:56 --> Invalid argument supplied for foreach()
#0 /home/dnzwygdo/app/Controllers/BaseController.php(122): CodeIgniter\Debug\Exceptions->errorHandler(2, 'Invalid argumen...', '/home/dnzwygdo/...', 122, Array)
#1 /home/dnzwygdo/app/Controllers/User/Invoices.php(148): App\Controllers\BaseController->juraganBy('21')
#2 /home/dnzwygdo/vendor/codeigniter4/framework/system/CodeIgniter.php(918): App\Controllers\User\Invoices->lihat()
#3 /home/dnzwygdo/vendor/codeigniter4/framework/system/CodeIgniter.php(404): CodeIgniter\CodeIgniter->runController(Object(App\Controllers\User\Invoices))
#4 /home/dnzwygdo/vendor/codeigniter4/framework/system/CodeIgniter.php(312): CodeIgniter\CodeIgniter->handleRequest(NULL, Object(Config\Cache), false)
#5 /home/dnzwygdo/public_html/index.php(45): CodeIgniter\CodeIgniter->run()
#6 {main}
CRITICAL - 2021-12-23 11:50:57 --> Invalid argument supplied for foreach()
#0 /home/dnzwygdo/app/Controllers/BaseController.php(122): CodeIgniter\Debug\Exceptions->errorHandler(2, 'Invalid argumen...', '/home/dnzwygdo/...', 122, Array)
#1 /home/dnzwygdo/app/Controllers/User/Invoices.php(148): App\Controllers\BaseController->juraganBy('21')
#2 /home/dnzwygdo/vendor/codeigniter4/framework/system/CodeIgniter.php(918): App\Controllers\User\Invoices->lihat()
#3 /home/dnzwygdo/vendor/codeigniter4/framework/system/CodeIgniter.php(404): CodeIgniter\CodeIgniter->runController(Object(App\Controllers\User\Invoices))
#4 /home/dnzwygdo/vendor/codeigniter4/framework/system/CodeIgniter.php(312): CodeIgniter\CodeIgniter->handleRequest(NULL, Object(Config\Cache), false)
#5 /home/dnzwygdo/public_html/index.php(45): CodeIgniter\CodeIgniter->run()
#6 {main}
CRITICAL - 2021-12-23 11:50:58 --> Invalid argument supplied for foreach()
#0 /home/dnzwygdo/app/Controllers/BaseController.php(122): CodeIgniter\Debug\Exceptions->errorHandler(2, 'Invalid argumen...', '/home/dnzwygdo/...', 122, Array)
#1 /home/dnzwygdo/app/Controllers/User/Invoices.php(148): App\Controllers\BaseController->juraganBy('21')
#2 /home/dnzwygdo/vendor/codeigniter4/framework/system/CodeIgniter.php(918): App\Controllers\User\Invoices->lihat()
#3 /home/dnzwygdo/vendor/codeigniter4/framework/system/CodeIgniter.php(404): CodeIgniter\CodeIgniter->runController(Object(App\Controllers\User\Invoices))
#4 /home/dnzwygdo/vendor/codeigniter4/framework/system/CodeIgniter.php(312): CodeIgniter\CodeIgniter->handleRequest(NULL, Object(Config\Cache), false)
#5 /home/dnzwygdo/public_html/index.php(45): CodeIgniter\CodeIgniter->run()
#6 {main}
CRITICAL - 2021-12-23 11:51:05 --> Invalid argument supplied for foreach()
#0 /home/dnzwygdo/app/Controllers/BaseController.php(122): CodeIgniter\Debug\Exceptions->errorHandler(2, 'Invalid argumen...', '/home/dnzwygdo/...', 122, Array)
#1 /home/dnzwygdo/app/Controllers/User/Invoices.php(148): App\Controllers\BaseController->juraganBy('21')
#2 /home/dnzwygdo/vendor/codeigniter4/framework/system/CodeIgniter.php(918): App\Controllers\User\Invoices->lihat()
#3 /home/dnzwygdo/vendor/codeigniter4/framework/system/CodeIgniter.php(404): CodeIgniter\CodeIgniter->runController(Object(App\Controllers\User\Invoices))
#4 /home/dnzwygdo/vendor/codeigniter4/framework/system/CodeIgniter.php(312): CodeIgniter\CodeIgniter->handleRequest(NULL, Object(Config\Cache), false)
#5 /home/dnzwygdo/public_html/index.php(45): CodeIgniter\CodeIgniter->run()
#6 {main}
CRITICAL - 2021-12-23 11:51:16 --> Invalid argument supplied for foreach()
#0 /home/dnzwygdo/app/Controllers/BaseController.php(122): CodeIgniter\Debug\Exceptions->errorHandler(2, 'Invalid argumen...', '/home/dnzwygdo/...', 122, Array)
#1 /home/dnzwygdo/app/Controllers/User/Invoices.php(148): App\Controllers\BaseController->juraganBy('21')
#2 /home/dnzwygdo/vendor/codeigniter4/framework/system/CodeIgniter.php(918): App\Controllers\User\Invoices->lihat()
#3 /home/dnzwygdo/vendor/codeigniter4/framework/system/CodeIgniter.php(404): CodeIgniter\CodeIgniter->runController(Object(App\Controllers\User\Invoices))
#4 /home/dnzwygdo/vendor/codeigniter4/framework/system/CodeIgniter.php(312): CodeIgniter\CodeIgniter->handleRequest(NULL, Object(Config\Cache), false)
#5 /home/dnzwygdo/public_html/index.php(45): CodeIgniter\CodeIgniter->run()
#6 {main}
CRITICAL - 2021-12-23 11:51:16 --> Invalid argument supplied for foreach()
#0 /home/dnzwygdo/app/Controllers/BaseController.php(122): CodeIgniter\Debug\Exceptions->errorHandler(2, 'Invalid argumen...', '/home/dnzwygdo/...', 122, Array)
#1 /home/dnzwygdo/app/Controllers/User/Invoices.php(148): App\Controllers\BaseController->juraganBy('21')
#2 /home/dnzwygdo/vendor/codeigniter4/framework/system/CodeIgniter.php(918): App\Controllers\User\Invoices->lihat()
#3 /home/dnzwygdo/vendor/codeigniter4/framework/system/CodeIgniter.php(404): CodeIgniter\CodeIgniter->runController(Object(App\Controllers\User\Invoices))
#4 /home/dnzwygdo/vendor/codeigniter4/framework/system/CodeIgniter.php(312): CodeIgniter\CodeIgniter->handleRequest(NULL, Object(Config\Cache), false)
#5 /home/dnzwygdo/public_html/index.php(45): CodeIgniter\CodeIgniter->run()
#6 {main}
CRITICAL - 2021-12-23 11:51:17 --> Invalid argument supplied for foreach()
#0 /home/dnzwygdo/app/Controllers/BaseController.php(122): CodeIgniter\Debug\Exceptions->errorHandler(2, 'Invalid argumen...', '/home/dnzwygdo/...', 122, Array)
#1 /home/dnzwygdo/app/Controllers/User/Invoices.php(148): App\Controllers\BaseController->juraganBy('21')
#2 /home/dnzwygdo/vendor/codeigniter4/framework/system/CodeIgniter.php(918): App\Controllers\User\Invoices->lihat()
#3 /home/dnzwygdo/vendor/codeigniter4/framework/system/CodeIgniter.php(404): CodeIgniter\CodeIgniter->runController(Object(App\Controllers\User\Invoices))
#4 /home/dnzwygdo/vendor/codeigniter4/framework/system/CodeIgniter.php(312): CodeIgniter\CodeIgniter->handleRequest(NULL, Object(Config\Cache), false)
#5 /home/dnzwygdo/public_html/index.php(45): CodeIgniter\CodeIgniter->run()
#6 {main}
CRITICAL - 2021-12-23 11:51:17 --> Invalid argument supplied for foreach()
#0 /home/dnzwygdo/app/Controllers/BaseController.php(122): CodeIgniter\Debug\Exceptions->errorHandler(2, 'Invalid argumen...', '/home/dnzwygdo/...', 122, Array)
#1 /home/dnzwygdo/app/Controllers/User/Invoices.php(148): App\Controllers\BaseController->juraganBy('21')
#2 /home/dnzwygdo/vendor/codeigniter4/framework/system/CodeIgniter.php(918): App\Controllers\User\Invoices->lihat()
#3 /home/dnzwygdo/vendor/codeigniter4/framework/system/CodeIgniter.php(404): CodeIgniter\CodeIgniter->runController(Object(App\Controllers\User\Invoices))
#4 /home/dnzwygdo/vendor/codeigniter4/framework/system/CodeIgniter.php(312): CodeIgniter\CodeIgniter->handleRequest(NULL, Object(Config\Cache), false)
#5 /home/dnzwygdo/public_html/index.php(45): CodeIgniter\CodeIgniter->run()
#6 {main}
CRITICAL - 2021-12-23 11:51:17 --> Invalid argument supplied for foreach()
#0 /home/dnzwygdo/app/Controllers/BaseController.php(122): CodeIgniter\Debug\Exceptions->errorHandler(2, 'Invalid argumen...', '/home/dnzwygdo/...', 122, Array)
#1 /home/dnzwygdo/app/Controllers/User/Invoices.php(148): App\Controllers\BaseController->juraganBy('21')
#2 /home/dnzwygdo/vendor/codeigniter4/framework/system/CodeIgniter.php(918): App\Controllers\User\Invoices->lihat()
#3 /home/dnzwygdo/vendor/codeigniter4/framework/system/CodeIgniter.php(404): CodeIgniter\CodeIgniter->runController(Object(App\Controllers\User\Invoices))
#4 /home/dnzwygdo/vendor/codeigniter4/framework/system/CodeIgniter.php(312): CodeIgniter\CodeIgniter->handleRequest(NULL, Object(Config\Cache), false)
#5 /home/dnzwygdo/public_html/index.php(45): CodeIgniter\CodeIgniter->run()
#6 {main}
CRITICAL - 2021-12-23 11:51:42 --> Invalid argument supplied for foreach()
#0 /home/dnzwygdo/app/Controllers/BaseController.php(122): CodeIgniter\Debug\Exceptions->errorHandler(2, 'Invalid argumen...', '/home/dnzwygdo/...', 122, Array)
#1 /home/dnzwygdo/app/Controllers/User/Invoices.php(148): App\Controllers\BaseController->juraganBy('21')
#2 /home/dnzwygdo/vendor/codeigniter4/framework/system/CodeIgniter.php(918): App\Controllers\User\Invoices->lihat()
#3 /home/dnzwygdo/vendor/codeigniter4/framework/system/CodeIgniter.php(404): CodeIgniter\CodeIgniter->runController(Object(App\Controllers\User\Invoices))
#4 /home/dnzwygdo/vendor/codeigniter4/framework/system/CodeIgniter.php(312): CodeIgniter\CodeIgniter->handleRequest(NULL, Object(Config\Cache), false)
#5 /home/dnzwygdo/public_html/index.php(45): CodeIgniter\CodeIgniter->run()
#6 {main}
CRITICAL - 2021-12-23 11:51:43 --> Invalid argument supplied for foreach()
#0 /home/dnzwygdo/app/Controllers/BaseController.php(122): CodeIgniter\Debug\Exceptions->errorHandler(2, 'Invalid argumen...', '/home/dnzwygdo/...', 122, Array)
#1 /home/dnzwygdo/app/Controllers/User/Invoices.php(148): App\Controllers\BaseController->juraganBy('21')
#2 /home/dnzwygdo/vendor/codeigniter4/framework/system/CodeIgniter.php(918): App\Controllers\User\Invoices->lihat()
#3 /home/dnzwygdo/vendor/codeigniter4/framework/system/CodeIgniter.php(404): CodeIgniter\CodeIgniter->runController(Object(App\Controllers\User\Invoices))
#4 /home/dnzwygdo/vendor/codeigniter4/framework/system/CodeIgniter.php(312): CodeIgniter\CodeIgniter->handleRequest(NULL, Object(Config\Cache), false)
#5 /home/dnzwygdo/public_html/index.php(45): CodeIgniter\CodeIgniter->run()
#6 {main}
CRITICAL - 2021-12-23 11:51:45 --> Invalid argument supplied for foreach()
#0 /home/dnzwygdo/app/Controllers/BaseController.php(122): CodeIgniter\Debug\Exceptions->errorHandler(2, 'Invalid argumen...', '/home/dnzwygdo/...', 122, Array)
#1 /home/dnzwygdo/app/Controllers/User/Invoices.php(148): App\Controllers\BaseController->juraganBy('21')
#2 /home/dnzwygdo/vendor/codeigniter4/framework/system/CodeIgniter.php(918): App\Controllers\User\Invoices->lihat()
#3 /home/dnzwygdo/vendor/codeigniter4/framework/system/CodeIgniter.php(404): CodeIgniter\CodeIgniter->runController(Object(App\Controllers\User\Invoices))
#4 /home/dnzwygdo/vendor/codeigniter4/framework/system/CodeIgniter.php(312): CodeIgniter\CodeIgniter->handleRequest(NULL, Object(Config\Cache), false)
#5 /home/dnzwygdo/public_html/index.php(45): CodeIgniter\CodeIgniter->run()
#6 {main}
CRITICAL - 2021-12-23 11:51:45 --> Invalid argument supplied for foreach()
#0 /home/dnzwygdo/app/Controllers/BaseController.php(122): CodeIgniter\Debug\Exceptions->errorHandler(2, 'Invalid argumen...', '/home/dnzwygdo/...', 122, Array)
#1 /home/dnzwygdo/app/Controllers/User/Invoices.php(148): App\Controllers\BaseController->juraganBy('21')
#2 /home/dnzwygdo/vendor/codeigniter4/framework/system/CodeIgniter.php(918): App\Controllers\User\Invoices->lihat()
#3 /home/dnzwygdo/vendor/codeigniter4/framework/system/CodeIgniter.php(404): CodeIgniter\CodeIgniter->runController(Object(App\Controllers\User\Invoices))
#4 /home/dnzwygdo/vendor/codeigniter4/framework/system/CodeIgniter.php(312): CodeIgniter\CodeIgniter->handleRequest(NULL, Object(Config\Cache), false)
#5 /home/dnzwygdo/public_html/index.php(45): CodeIgniter\CodeIgniter->run()
#6 {main}
CRITICAL - 2021-12-23 11:51:46 --> Invalid argument supplied for foreach()
#0 /home/dnzwygdo/app/Controllers/BaseController.php(122): CodeIgniter\Debug\Exceptions->errorHandler(2, 'Invalid argumen...', '/home/dnzwygdo/...', 122, Array)
#1 /home/dnzwygdo/app/Controllers/User/Invoices.php(148): App\Controllers\BaseController->juraganBy('21')
#2 /home/dnzwygdo/vendor/codeigniter4/framework/system/CodeIgniter.php(918): App\Controllers\User\Invoices->lihat()
#3 /home/dnzwygdo/vendor/codeigniter4/framework/system/CodeIgniter.php(404): CodeIgniter\CodeIgniter->runController(Object(App\Controllers\User\Invoices))
#4 /home/dnzwygdo/vendor/codeigniter4/framework/system/CodeIgniter.php(312): CodeIgniter\CodeIgniter->handleRequest(NULL, Object(Config\Cache), false)
#5 /home/dnzwygdo/public_html/index.php(45): CodeIgniter\CodeIgniter->run()
#6 {main}
CRITICAL - 2021-12-23 12:06:21 --> Invalid argument supplied for foreach()
#0 /home/dnzwygdo/app/Controllers/BaseController.php(122): CodeIgniter\Debug\Exceptions->errorHandler(2, 'Invalid argumen...', '/home/dnzwygdo/...', 122, Array)
#1 /home/dnzwygdo/app/Controllers/User/Invoices.php(148): App\Controllers\BaseController->juraganBy('21')
#2 /home/dnzwygdo/vendor/codeigniter4/framework/system/CodeIgniter.php(918): App\Controllers\User\Invoices->lihat()
#3 /home/dnzwygdo/vendor/codeigniter4/framework/system/CodeIgniter.php(404): CodeIgniter\CodeIgniter->runController(Object(App\Controllers\User\Invoices))
#4 /home/dnzwygdo/vendor/codeigniter4/framework/system/CodeIgniter.php(312): CodeIgniter\CodeIgniter->handleRequest(NULL, Object(Config\Cache), false)
#5 /home/dnzwygdo/public_html/index.php(45): CodeIgniter\CodeIgniter->run()
#6 {main}
CRITICAL - 2021-12-23 12:08:15 --> Invalid argument supplied for foreach()
#0 /home/dnzwygdo/app/Controllers/BaseController.php(122): CodeIgniter\Debug\Exceptions->errorHandler(2, 'Invalid argumen...', '/home/dnzwygdo/...', 122, Array)
#1 /home/dnzwygdo/app/Controllers/User/Invoices.php(148): App\Controllers\BaseController->juraganBy('21')
#2 /home/dnzwygdo/vendor/codeigniter4/framework/system/CodeIgniter.php(918): App\Controllers\User\Invoices->lihat()
#3 /home/dnzwygdo/vendor/codeigniter4/framework/system/CodeIgniter.php(404): CodeIgniter\CodeIgniter->runController(Object(App\Controllers\User\Invoices))
#4 /home/dnzwygdo/vendor/codeigniter4/framework/system/CodeIgniter.php(312): CodeIgniter\CodeIgniter->handleRequest(NULL, Object(Config\Cache), false)
#5 /home/dnzwygdo/public_html/index.php(45): CodeIgniter\CodeIgniter->run()
#6 {main}
CRITICAL - 2021-12-23 12:09:22 --> Invalid argument supplied for foreach()
#0 /home/dnzwygdo/app/Controllers/BaseController.php(122): CodeIgniter\Debug\Exceptions->errorHandler(2, 'Invalid argumen...', '/home/dnzwygdo/...', 122, Array)
#1 /home/dnzwygdo/app/Controllers/User/Invoices.php(148): App\Controllers\BaseController->juraganBy('21')
#2 /home/dnzwygdo/vendor/codeigniter4/framework/system/CodeIgniter.php(918): App\Controllers\User\Invoices->lihat()
#3 /home/dnzwygdo/vendor/codeigniter4/framework/system/CodeIgniter.php(404): CodeIgniter\CodeIgniter->runController(Object(App\Controllers\User\Invoices))
#4 /home/dnzwygdo/vendor/codeigniter4/framework/system/CodeIgniter.php(312): CodeIgniter\CodeIgniter->handleRequest(NULL, Object(Config\Cache), false)
#5 /home/dnzwygdo/public_html/index.php(45): CodeIgniter\CodeIgniter->run()
#6 {main}
CRITICAL - 2021-12-23 12:09:24 --> Invalid argument supplied for foreach()
#0 /home/dnzwygdo/app/Controllers/BaseController.php(122): CodeIgniter\Debug\Exceptions->errorHandler(2, 'Invalid argumen...', '/home/dnzwygdo/...', 122, Array)
#1 /home/dnzwygdo/app/Controllers/User/Invoices.php(148): App\Controllers\BaseController->juraganBy('21')
#2 /home/dnzwygdo/vendor/codeigniter4/framework/system/CodeIgniter.php(918): App\Controllers\User\Invoices->lihat()
#3 /home/dnzwygdo/vendor/codeigniter4/framework/system/CodeIgniter.php(404): CodeIgniter\CodeIgniter->runController(Object(App\Controllers\User\Invoices))
#4 /home/dnzwygdo/vendor/codeigniter4/framework/system/CodeIgniter.php(312): CodeIgniter\CodeIgniter->handleRequest(NULL, Object(Config\Cache), false)
#5 /home/dnzwygdo/public_html/index.php(45): CodeIgniter\CodeIgniter->run()
#6 {main}
CRITICAL - 2021-12-23 12:09:25 --> Invalid argument supplied for foreach()
#0 /home/dnzwygdo/app/Controllers/BaseController.php(122): CodeIgniter\Debug\Exceptions->errorHandler(2, 'Invalid argumen...', '/home/dnzwygdo/...', 122, Array)
#1 /home/dnzwygdo/app/Controllers/User/Invoices.php(148): App\Controllers\BaseController->juraganBy('21')
#2 /home/dnzwygdo/vendor/codeigniter4/framework/system/CodeIgniter.php(918): App\Controllers\User\Invoices->lihat()
#3 /home/dnzwygdo/vendor/codeigniter4/framework/system/CodeIgniter.php(404): CodeIgniter\CodeIgniter->runController(Object(App\Controllers\User\Invoices))
#4 /home/dnzwygdo/vendor/codeigniter4/framework/system/CodeIgniter.php(312): CodeIgniter\CodeIgniter->handleRequest(NULL, Object(Config\Cache), false)
#5 /home/dnzwygdo/public_html/index.php(45): CodeIgniter\CodeIgniter->run()
#6 {main}
CRITICAL - 2021-12-23 12:09:25 --> Invalid argument supplied for foreach()
#0 /home/dnzwygdo/app/Controllers/BaseController.php(122): CodeIgniter\Debug\Exceptions->errorHandler(2, 'Invalid argumen...', '/home/dnzwygdo/...', 122, Array)
#1 /home/dnzwygdo/app/Controllers/User/Invoices.php(148): App\Controllers\BaseController->juraganBy('21')
#2 /home/dnzwygdo/vendor/codeigniter4/framework/system/CodeIgniter.php(918): App\Controllers\User\Invoices->lihat()
#3 /home/dnzwygdo/vendor/codeigniter4/framework/system/CodeIgniter.php(404): CodeIgniter\CodeIgniter->runController(Object(App\Controllers\User\Invoices))
#4 /home/dnzwygdo/vendor/codeigniter4/framework/system/CodeIgniter.php(312): CodeIgniter\CodeIgniter->handleRequest(NULL, Object(Config\Cache), false)
#5 /home/dnzwygdo/public_html/index.php(45): CodeIgniter\CodeIgniter->run()
#6 {main}
CRITICAL - 2021-12-23 12:09:25 --> Invalid argument supplied for foreach()
#0 /home/dnzwygdo/app/Controllers/BaseController.php(122): CodeIgniter\Debug\Exceptions->errorHandler(2, 'Invalid argumen...', '/home/dnzwygdo/...', 122, Array)
#1 /home/dnzwygdo/app/Controllers/User/Invoices.php(148): App\Controllers\BaseController->juraganBy('21')
#2 /home/dnzwygdo/vendor/codeigniter4/framework/system/CodeIgniter.php(918): App\Controllers\User\Invoices->lihat()
#3 /home/dnzwygdo/vendor/codeigniter4/framework/system/CodeIgniter.php(404): CodeIgniter\CodeIgniter->runController(Object(App\Controllers\User\Invoices))
#4 /home/dnzwygdo/vendor/codeigniter4/framework/system/CodeIgniter.php(312): CodeIgniter\CodeIgniter->handleRequest(NULL, Object(Config\Cache), false)
#5 /home/dnzwygdo/public_html/index.php(45): CodeIgniter\CodeIgniter->run()
#6 {main}
CRITICAL - 2021-12-23 12:09:25 --> Invalid argument supplied for foreach()
#0 /home/dnzwygdo/app/Controllers/BaseController.php(122): CodeIgniter\Debug\Exceptions->errorHandler(2, 'Invalid argumen...', '/home/dnzwygdo/...', 122, Array)
#1 /home/dnzwygdo/app/Controllers/User/Invoices.php(148): App\Controllers\BaseController->juraganBy('21')
#2 /home/dnzwygdo/vendor/codeigniter4/framework/system/CodeIgniter.php(918): App\Controllers\User\Invoices->lihat()
#3 /home/dnzwygdo/vendor/codeigniter4/framework/system/CodeIgniter.php(404): CodeIgniter\CodeIgniter->runController(Object(App\Controllers\User\Invoices))
#4 /home/dnzwygdo/vendor/codeigniter4/framework/system/CodeIgniter.php(312): CodeIgniter\CodeIgniter->handleRequest(NULL, Object(Config\Cache), false)
#5 /home/dnzwygdo/public_html/index.php(45): CodeIgniter\CodeIgniter->run()
#6 {main}
CRITICAL - 2021-12-23 12:09:34 --> Invalid argument supplied for foreach()
#0 /home/dnzwygdo/app/Controllers/BaseController.php(122): CodeIgniter\Debug\Exceptions->errorHandler(2, 'Invalid argumen...', '/home/dnzwygdo/...', 122, Array)
#1 /home/dnzwygdo/app/Controllers/User/Invoices.php(148): App\Controllers\BaseController->juraganBy('21')
#2 /home/dnzwygdo/vendor/codeigniter4/framework/system/CodeIgniter.php(918): App\Controllers\User\Invoices->lihat()
#3 /home/dnzwygdo/vendor/codeigniter4/framework/system/CodeIgniter.php(404): CodeIgniter\CodeIgniter->runController(Object(App\Controllers\User\Invoices))
#4 /home/dnzwygdo/vendor/codeigniter4/framework/system/CodeIgniter.php(312): CodeIgniter\CodeIgniter->handleRequest(NULL, Object(Config\Cache), false)
#5 /home/dnzwygdo/public_html/index.php(45): CodeIgniter\CodeIgniter->run()
#6 {main}
CRITICAL - 2021-12-23 12:22:07 --> Invalid argument supplied for foreach()
#0 /home/dnzwygdo/app/Controllers/BaseController.php(122): CodeIgniter\Debug\Exceptions->errorHandler(2, 'Invalid argumen...', '/home/dnzwygdo/...', 122, Array)
#1 /home/dnzwygdo/app/Controllers/User/Invoices.php(148): App\Controllers\BaseController->juraganBy('21')
#2 /home/dnzwygdo/vendor/codeigniter4/framework/system/CodeIgniter.php(918): App\Controllers\User\Invoices->lihat()
#3 /home/dnzwygdo/vendor/codeigniter4/framework/system/CodeIgniter.php(404): CodeIgniter\CodeIgniter->runController(Object(App\Controllers\User\Invoices))
#4 /home/dnzwygdo/vendor/codeigniter4/framework/system/CodeIgniter.php(312): CodeIgniter\CodeIgniter->handleRequest(NULL, Object(Config\Cache), false)
#5 /home/dnzwygdo/public_html/index.php(45): CodeIgniter\CodeIgniter->run()
#6 {main}
CRITICAL - 2021-12-23 12:22:20 --> Invalid argument supplied for foreach()
#0 /home/dnzwygdo/app/Controllers/BaseController.php(122): CodeIgniter\Debug\Exceptions->errorHandler(2, 'Invalid argumen...', '/home/dnzwygdo/...', 122, Array)
#1 /home/dnzwygdo/app/Controllers/User/Invoices.php(148): App\Controllers\BaseController->juraganBy('21')
#2 /home/dnzwygdo/vendor/codeigniter4/framework/system/CodeIgniter.php(918): App\Controllers\User\Invoices->lihat()
#3 /home/dnzwygdo/vendor/codeigniter4/framework/system/CodeIgniter.php(404): CodeIgniter\CodeIgniter->runController(Object(App\Controllers\User\Invoices))
#4 /home/dnzwygdo/vendor/codeigniter4/framework/system/CodeIgniter.php(312): CodeIgniter\CodeIgniter->handleRequest(NULL, Object(Config\Cache), false)
#5 /home/dnzwygdo/public_html/index.php(45): CodeIgniter\CodeIgniter->run()
#6 {main}
CRITICAL - 2021-12-23 12:22:26 --> Invalid argument supplied for foreach()
#0 /home/dnzwygdo/app/Controllers/BaseController.php(122): CodeIgniter\Debug\Exceptions->errorHandler(2, 'Invalid argumen...', '/home/dnzwygdo/...', 122, Array)
#1 /home/dnzwygdo/app/Controllers/User/Invoices.php(148): App\Controllers\BaseController->juraganBy('21')
#2 /home/dnzwygdo/vendor/codeigniter4/framework/system/CodeIgniter.php(918): App\Controllers\User\Invoices->lihat()
#3 /home/dnzwygdo/vendor/codeigniter4/framework/system/CodeIgniter.php(404): CodeIgniter\CodeIgniter->runController(Object(App\Controllers\User\Invoices))
#4 /home/dnzwygdo/vendor/codeigniter4/framework/system/CodeIgniter.php(312): CodeIgniter\CodeIgniter->handleRequest(NULL, Object(Config\Cache), false)
#5 /home/dnzwygdo/public_html/index.php(45): CodeIgniter\CodeIgniter->run()
#6 {main}
CRITICAL - 2021-12-23 12:22:27 --> Invalid argument supplied for foreach()
#0 /home/dnzwygdo/app/Controllers/BaseController.php(122): CodeIgniter\Debug\Exceptions->errorHandler(2, 'Invalid argumen...', '/home/dnzwygdo/...', 122, Array)
#1 /home/dnzwygdo/app/Controllers/User/Invoices.php(148): App\Controllers\BaseController->juraganBy('21')
#2 /home/dnzwygdo/vendor/codeigniter4/framework/system/CodeIgniter.php(918): App\Controllers\User\Invoices->lihat()
#3 /home/dnzwygdo/vendor/codeigniter4/framework/system/CodeIgniter.php(404): CodeIgniter\CodeIgniter->runController(Object(App\Controllers\User\Invoices))
#4 /home/dnzwygdo/vendor/codeigniter4/framework/system/CodeIgniter.php(312): CodeIgniter\CodeIgniter->handleRequest(NULL, Object(Config\Cache), false)
#5 /home/dnzwygdo/public_html/index.php(45): CodeIgniter\CodeIgniter->run()
#6 {main}
CRITICAL - 2021-12-23 12:22:28 --> Invalid argument supplied for foreach()
#0 /home/dnzwygdo/app/Controllers/BaseController.php(122): CodeIgniter\Debug\Exceptions->errorHandler(2, 'Invalid argumen...', '/home/dnzwygdo/...', 122, Array)
#1 /home/dnzwygdo/app/Controllers/User/Invoices.php(148): App\Controllers\BaseController->juraganBy('21')
#2 /home/dnzwygdo/vendor/codeigniter4/framework/system/CodeIgniter.php(918): App\Controllers\User\Invoices->lihat()
#3 /home/dnzwygdo/vendor/codeigniter4/framework/system/CodeIgniter.php(404): CodeIgniter\CodeIgniter->runController(Object(App\Controllers\User\Invoices))
#4 /home/dnzwygdo/vendor/codeigniter4/framework/system/CodeIgniter.php(312): CodeIgniter\CodeIgniter->handleRequest(NULL, Object(Config\Cache), false)
#5 /home/dnzwygdo/public_html/index.php(45): CodeIgniter\CodeIgniter->run()
#6 {main}
CRITICAL - 2021-12-23 12:22:28 --> Invalid argument supplied for foreach()
#0 /home/dnzwygdo/app/Controllers/BaseController.php(122): CodeIgniter\Debug\Exceptions->errorHandler(2, 'Invalid argumen...', '/home/dnzwygdo/...', 122, Array)
#1 /home/dnzwygdo/app/Controllers/User/Invoices.php(148): App\Controllers\BaseController->juraganBy('21')
#2 /home/dnzwygdo/vendor/codeigniter4/framework/system/CodeIgniter.php(918): App\Controllers\User\Invoices->lihat()
#3 /home/dnzwygdo/vendor/codeigniter4/framework/system/CodeIgniter.php(404): CodeIgniter\CodeIgniter->runController(Object(App\Controllers\User\Invoices))
#4 /home/dnzwygdo/vendor/codeigniter4/framework/system/CodeIgniter.php(312): CodeIgniter\CodeIgniter->handleRequest(NULL, Object(Config\Cache), false)
#5 /home/dnzwygdo/public_html/index.php(45): CodeIgniter\CodeIgniter->run()
#6 {main}
CRITICAL - 2021-12-23 12:22:29 --> Invalid argument supplied for foreach()
#0 /home/dnzwygdo/app/Controllers/BaseController.php(122): CodeIgniter\Debug\Exceptions->errorHandler(2, 'Invalid argumen...', '/home/dnzwygdo/...', 122, Array)
#1 /home/dnzwygdo/app/Controllers/User/Invoices.php(148): App\Controllers\BaseController->juraganBy('21')
#2 /home/dnzwygdo/vendor/codeigniter4/framework/system/CodeIgniter.php(918): App\Controllers\User\Invoices->lihat()
#3 /home/dnzwygdo/vendor/codeigniter4/framework/system/CodeIgniter.php(404): CodeIgniter\CodeIgniter->runController(Object(App\Controllers\User\Invoices))
#4 /home/dnzwygdo/vendor/codeigniter4/framework/system/CodeIgniter.php(312): CodeIgniter\CodeIgniter->handleRequest(NULL, Object(Config\Cache), false)
#5 /home/dnzwygdo/public_html/index.php(45): CodeIgniter\CodeIgniter->run()
#6 {main}
CRITICAL - 2021-12-23 12:22:29 --> Invalid argument supplied for foreach()
#0 /home/dnzwygdo/app/Controllers/BaseController.php(122): CodeIgniter\Debug\Exceptions->errorHandler(2, 'Invalid argumen...', '/home/dnzwygdo/...', 122, Array)
#1 /home/dnzwygdo/app/Controllers/User/Invoices.php(148): App\Controllers\BaseController->juraganBy('21')
#2 /home/dnzwygdo/vendor/codeigniter4/framework/system/CodeIgniter.php(918): App\Controllers\User\Invoices->lihat()
#3 /home/dnzwygdo/vendor/codeigniter4/framework/system/CodeIgniter.php(404): CodeIgniter\CodeIgniter->runController(Object(App\Controllers\User\Invoices))
#4 /home/dnzwygdo/vendor/codeigniter4/framework/system/CodeIgniter.php(312): CodeIgniter\CodeIgniter->handleRequest(NULL, Object(Config\Cache), false)
#5 /home/dnzwygdo/public_html/index.php(45): CodeIgniter\CodeIgniter->run()
#6 {main}
CRITICAL - 2021-12-23 12:22:29 --> Invalid argument supplied for foreach()
#0 /home/dnzwygdo/app/Controllers/BaseController.php(122): CodeIgniter\Debug\Exceptions->errorHandler(2, 'Invalid argumen...', '/home/dnzwygdo/...', 122, Array)
#1 /home/dnzwygdo/app/Controllers/User/Invoices.php(148): App\Controllers\BaseController->juraganBy('21')
#2 /home/dnzwygdo/vendor/codeigniter4/framework/system/CodeIgniter.php(918): App\Controllers\User\Invoices->lihat()
#3 /home/dnzwygdo/vendor/codeigniter4/framework/system/CodeIgniter.php(404): CodeIgniter\CodeIgniter->runController(Object(App\Controllers\User\Invoices))
#4 /home/dnzwygdo/vendor/codeigniter4/framework/system/CodeIgniter.php(312): CodeIgniter\CodeIgniter->handleRequest(NULL, Object(Config\Cache), false)
#5 /home/dnzwygdo/public_html/index.php(45): CodeIgniter\CodeIgniter->run()
#6 {main}
CRITICAL - 2021-12-23 12:22:29 --> Invalid argument supplied for foreach()
#0 /home/dnzwygdo/app/Controllers/BaseController.php(122): CodeIgniter\Debug\Exceptions->errorHandler(2, 'Invalid argumen...', '/home/dnzwygdo/...', 122, Array)
#1 /home/dnzwygdo/app/Controllers/User/Invoices.php(148): App\Controllers\BaseController->juraganBy('21')
#2 /home/dnzwygdo/vendor/codeigniter4/framework/system/CodeIgniter.php(918): App\Controllers\User\Invoices->lihat()
#3 /home/dnzwygdo/vendor/codeigniter4/framework/system/CodeIgniter.php(404): CodeIgniter\CodeIgniter->runController(Object(App\Controllers\User\Invoices))
#4 /home/dnzwygdo/vendor/codeigniter4/framework/system/CodeIgniter.php(312): CodeIgniter\CodeIgniter->handleRequest(NULL, Object(Config\Cache), false)
#5 /home/dnzwygdo/public_html/index.php(45): CodeIgniter\CodeIgniter->run()
#6 {main}
CRITICAL - 2021-12-23 12:22:29 --> Invalid argument supplied for foreach()
#0 /home/dnzwygdo/app/Controllers/BaseController.php(122): CodeIgniter\Debug\Exceptions->errorHandler(2, 'Invalid argumen...', '/home/dnzwygdo/...', 122, Array)
#1 /home/dnzwygdo/app/Controllers/User/Invoices.php(148): App\Controllers\BaseController->juraganBy('21')
#2 /home/dnzwygdo/vendor/codeigniter4/framework/system/CodeIgniter.php(918): App\Controllers\User\Invoices->lihat()
#3 /home/dnzwygdo/vendor/codeigniter4/framework/system/CodeIgniter.php(404): CodeIgniter\CodeIgniter->runController(Object(App\Controllers\User\Invoices))
#4 /home/dnzwygdo/vendor/codeigniter4/framework/system/CodeIgniter.php(312): CodeIgniter\CodeIgniter->handleRequest(NULL, Object(Config\Cache), false)
#5 /home/dnzwygdo/public_html/index.php(45): CodeIgniter\CodeIgniter->run()
#6 {main}
CRITICAL - 2021-12-23 12:22:30 --> Invalid argument supplied for foreach()
#0 /home/dnzwygdo/app/Controllers/BaseController.php(122): CodeIgniter\Debug\Exceptions->errorHandler(2, 'Invalid argumen...', '/home/dnzwygdo/...', 122, Array)
#1 /home/dnzwygdo/app/Controllers/User/Invoices.php(148): App\Controllers\BaseController->juraganBy('21')
#2 /home/dnzwygdo/vendor/codeigniter4/framework/system/CodeIgniter.php(918): App\Controllers\User\Invoices->lihat()
#3 /home/dnzwygdo/vendor/codeigniter4/framework/system/CodeIgniter.php(404): CodeIgniter\CodeIgniter->runController(Object(App\Controllers\User\Invoices))
#4 /home/dnzwygdo/vendor/codeigniter4/framework/system/CodeIgniter.php(312): CodeIgniter\CodeIgniter->handleRequest(NULL, Object(Config\Cache), false)
#5 /home/dnzwygdo/public_html/index.php(45): CodeIgniter\CodeIgniter->run()
#6 {main}
CRITICAL - 2021-12-23 12:22:43 --> Invalid argument supplied for foreach()
#0 /home/dnzwygdo/app/Controllers/BaseController.php(122): CodeIgniter\Debug\Exceptions->errorHandler(2, 'Invalid argumen...', '/home/dnzwygdo/...', 122, Array)
#1 /home/dnzwygdo/app/Controllers/User/Invoices.php(148): App\Controllers\BaseController->juraganBy('21')
#2 /home/dnzwygdo/vendor/codeigniter4/framework/system/CodeIgniter.php(918): App\Controllers\User\Invoices->lihat()
#3 /home/dnzwygdo/vendor/codeigniter4/framework/system/CodeIgniter.php(404): CodeIgniter\CodeIgniter->runController(Object(App\Controllers\User\Invoices))
#4 /home/dnzwygdo/vendor/codeigniter4/framework/system/CodeIgniter.php(312): CodeIgniter\CodeIgniter->handleRequest(NULL, Object(Config\Cache), false)
#5 /home/dnzwygdo/public_html/index.php(45): CodeIgniter\CodeIgniter->run()
#6 {main}
CRITICAL - 2021-12-23 12:22:50 --> Invalid argument supplied for foreach()
#0 /home/dnzwygdo/app/Controllers/BaseController.php(122): CodeIgniter\Debug\Exceptions->errorHandler(2, 'Invalid argumen...', '/home/dnzwygdo/...', 122, Array)
#1 /home/dnzwygdo/app/Controllers/User/Invoices.php(148): App\Controllers\BaseController->juraganBy('21')
#2 /home/dnzwygdo/vendor/codeigniter4/framework/system/CodeIgniter.php(918): App\Controllers\User\Invoices->lihat()
#3 /home/dnzwygdo/vendor/codeigniter4/framework/system/CodeIgniter.php(404): CodeIgniter\CodeIgniter->runController(Object(App\Controllers\User\Invoices))
#4 /home/dnzwygdo/vendor/codeigniter4/framework/system/CodeIgniter.php(312): CodeIgniter\CodeIgniter->handleRequest(NULL, Object(Config\Cache), false)
#5 /home/dnzwygdo/public_html/index.php(45): CodeIgniter\CodeIgniter->run()
#6 {main}
CRITICAL - 2021-12-23 12:22:57 --> Invalid argument supplied for foreach()
#0 /home/dnzwygdo/app/Controllers/BaseController.php(122): CodeIgniter\Debug\Exceptions->errorHandler(2, 'Invalid argumen...', '/home/dnzwygdo/...', 122, Array)
#1 /home/dnzwygdo/app/Controllers/User/Invoices.php(148): App\Controllers\BaseController->juraganBy('21')
#2 /home/dnzwygdo/vendor/codeigniter4/framework/system/CodeIgniter.php(918): App\Controllers\User\Invoices->lihat()
#3 /home/dnzwygdo/vendor/codeigniter4/framework/system/CodeIgniter.php(404): CodeIgniter\CodeIgniter->runController(Object(App\Controllers\User\Invoices))
#4 /home/dnzwygdo/vendor/codeigniter4/framework/system/CodeIgniter.php(312): CodeIgniter\CodeIgniter->handleRequest(NULL, Object(Config\Cache), false)
#5 /home/dnzwygdo/public_html/index.php(45): CodeIgniter\CodeIgniter->run()
#6 {main}
CRITICAL - 2021-12-23 12:23:20 --> Invalid argument supplied for foreach()
#0 /home/dnzwygdo/app/Controllers/BaseController.php(122): CodeIgniter\Debug\Exceptions->errorHandler(2, 'Invalid argumen...', '/home/dnzwygdo/...', 122, Array)
#1 /home/dnzwygdo/app/Controllers/User/Invoices.php(148): App\Controllers\BaseController->juraganBy('21')
#2 /home/dnzwygdo/vendor/codeigniter4/framework/system/CodeIgniter.php(918): App\Controllers\User\Invoices->lihat()
#3 /home/dnzwygdo/vendor/codeigniter4/framework/system/CodeIgniter.php(404): CodeIgniter\CodeIgniter->runController(Object(App\Controllers\User\Invoices))
#4 /home/dnzwygdo/vendor/codeigniter4/framework/system/CodeIgniter.php(312): CodeIgniter\CodeIgniter->handleRequest(NULL, Object(Config\Cache), false)
#5 /home/dnzwygdo/public_html/index.php(45): CodeIgniter\CodeIgniter->run()
#6 {main}
CRITICAL - 2021-12-23 13:05:19 --> Invalid argument supplied for foreach()
#0 /home/dnzwygdo/app/Controllers/BaseController.php(122): CodeIgniter\Debug\Exceptions->errorHandler(2, 'Invalid argumen...', '/home/dnzwygdo/...', 122, Array)
#1 /home/dnzwygdo/app/Controllers/User/Invoices.php(148): App\Controllers\BaseController->juraganBy('21')
#2 /home/dnzwygdo/vendor/codeigniter4/framework/system/CodeIgniter.php(918): App\Controllers\User\Invoices->lihat()
#3 /home/dnzwygdo/vendor/codeigniter4/framework/system/CodeIgniter.php(404): CodeIgniter\CodeIgniter->runController(Object(App\Controllers\User\Invoices))
#4 /home/dnzwygdo/vendor/codeigniter4/framework/system/CodeIgniter.php(312): CodeIgniter\CodeIgniter->handleRequest(NULL, Object(Config\Cache), false)
#5 /home/dnzwygdo/public_html/index.php(45): CodeIgniter\CodeIgniter->run()
#6 {main}
CRITICAL - 2021-12-23 13:05:26 --> Invalid argument supplied for foreach()
#0 /home/dnzwygdo/app/Controllers/BaseController.php(122): CodeIgniter\Debug\Exceptions->errorHandler(2, 'Invalid argumen...', '/home/dnzwygdo/...', 122, Array)
#1 /home/dnzwygdo/app/Controllers/User/Invoices.php(148): App\Controllers\BaseController->juraganBy('21')
#2 /home/dnzwygdo/vendor/codeigniter4/framework/system/CodeIgniter.php(918): App\Controllers\User\Invoices->lihat()
#3 /home/dnzwygdo/vendor/codeigniter4/framework/system/CodeIgniter.php(404): CodeIgniter\CodeIgniter->runController(Object(App\Controllers\User\Invoices))
#4 /home/dnzwygdo/vendor/codeigniter4/framework/system/CodeIgniter.php(312): CodeIgniter\CodeIgniter->handleRequest(NULL, Object(Config\Cache), false)
#5 /home/dnzwygdo/public_html/index.php(45): CodeIgniter\CodeIgniter->run()
#6 {main}
CRITICAL - 2021-12-23 13:09:02 --> Invalid argument supplied for foreach()
#0 /home/dnzwygdo/app/Controllers/BaseController.php(122): CodeIgniter\Debug\Exceptions->errorHandler(2, 'Invalid argumen...', '/home/dnzwygdo/...', 122, Array)
#1 /home/dnzwygdo/app/Controllers/User/Invoices.php(148): App\Controllers\BaseController->juraganBy('21')
#2 /home/dnzwygdo/vendor/codeigniter4/framework/system/CodeIgniter.php(918): App\Controllers\User\Invoices->lihat()
#3 /home/dnzwygdo/vendor/codeigniter4/framework/system/CodeIgniter.php(404): CodeIgniter\CodeIgniter->runController(Object(App\Controllers\User\Invoices))
#4 /home/dnzwygdo/vendor/codeigniter4/framework/system/CodeIgniter.php(312): CodeIgniter\CodeIgniter->handleRequest(NULL, Object(Config\Cache), false)
#5 /home/dnzwygdo/public_html/index.php(45): CodeIgniter\CodeIgniter->run()
#6 {main}
CRITICAL - 2021-12-23 13:09:23 --> Invalid argument supplied for foreach()
#0 /home/dnzwygdo/app/Controllers/BaseController.php(122): CodeIgniter\Debug\Exceptions->errorHandler(2, 'Invalid argumen...', '/home/dnzwygdo/...', 122, Array)
#1 /home/dnzwygdo/app/Controllers/User/Invoices.php(148): App\Controllers\BaseController->juraganBy('21')
#2 /home/dnzwygdo/vendor/codeigniter4/framework/system/CodeIgniter.php(918): App\Controllers\User\Invoices->lihat()
#3 /home/dnzwygdo/vendor/codeigniter4/framework/system/CodeIgniter.php(404): CodeIgniter\CodeIgniter->runController(Object(App\Controllers\User\Invoices))
#4 /home/dnzwygdo/vendor/codeigniter4/framework/system/CodeIgniter.php(312): CodeIgniter\CodeIgniter->handleRequest(NULL, Object(Config\Cache), false)
#5 /home/dnzwygdo/public_html/index.php(45): CodeIgniter\CodeIgniter->run()
#6 {main}
CRITICAL - 2021-12-23 13:09:32 --> Invalid argument supplied for foreach()
#0 /home/dnzwygdo/app/Controllers/BaseController.php(122): CodeIgniter\Debug\Exceptions->errorHandler(2, 'Invalid argumen...', '/home/dnzwygdo/...', 122, Array)
#1 /home/dnzwygdo/app/Controllers/User/Invoices.php(148): App\Controllers\BaseController->juraganBy('21')
#2 /home/dnzwygdo/vendor/codeigniter4/framework/system/CodeIgniter.php(918): App\Controllers\User\Invoices->lihat()
#3 /home/dnzwygdo/vendor/codeigniter4/framework/system/CodeIgniter.php(404): CodeIgniter\CodeIgniter->runController(Object(App\Controllers\User\Invoices))
#4 /home/dnzwygdo/vendor/codeigniter4/framework/system/CodeIgniter.php(312): CodeIgniter\CodeIgniter->handleRequest(NULL, Object(Config\Cache), false)
#5 /home/dnzwygdo/public_html/index.php(45): CodeIgniter\CodeIgniter->run()
#6 {main}
CRITICAL - 2021-12-23 13:16:21 --> Invalid argument supplied for foreach()
#0 /home/dnzwygdo/app/Controllers/BaseController.php(122): CodeIgniter\Debug\Exceptions->errorHandler(2, 'Invalid argumen...', '/home/dnzwygdo/...', 122, Array)
#1 /home/dnzwygdo/app/Controllers/User/Invoices.php(148): App\Controllers\BaseController->juraganBy('21')
#2 /home/dnzwygdo/vendor/codeigniter4/framework/system/CodeIgniter.php(918): App\Controllers\User\Invoices->lihat()
#3 /home/dnzwygdo/vendor/codeigniter4/framework/system/CodeIgniter.php(404): CodeIgniter\CodeIgniter->runController(Object(App\Controllers\User\Invoices))
#4 /home/dnzwygdo/vendor/codeigniter4/framework/system/CodeIgniter.php(312): CodeIgniter\CodeIgniter->handleRequest(NULL, Object(Config\Cache), false)
#5 /home/dnzwygdo/public_html/index.php(45): CodeIgniter\CodeIgniter->run()
#6 {main}
CRITICAL - 2021-12-23 13:23:54 --> Invalid argument supplied for foreach()
#0 /home/dnzwygdo/app/Controllers/BaseController.php(122): CodeIgniter\Debug\Exceptions->errorHandler(2, 'Invalid argumen...', '/home/dnzwygdo/...', 122, Array)
#1 /home/dnzwygdo/app/Controllers/User/Invoices.php(148): App\Controllers\BaseController->juraganBy('21')
#2 /home/dnzwygdo/vendor/codeigniter4/framework/system/CodeIgniter.php(918): App\Controllers\User\Invoices->lihat()
#3 /home/dnzwygdo/vendor/codeigniter4/framework/system/CodeIgniter.php(404): CodeIgniter\CodeIgniter->runController(Object(App\Controllers\User\Invoices))
#4 /home/dnzwygdo/vendor/codeigniter4/framework/system/CodeIgniter.php(312): CodeIgniter\CodeIgniter->handleRequest(NULL, Object(Config\Cache), false)
#5 /home/dnzwygdo/public_html/index.php(45): CodeIgniter\CodeIgniter->run()
#6 {main}
CRITICAL - 2021-12-23 13:24:51 --> Invalid argument supplied for foreach()
#0 /home/dnzwygdo/app/Controllers/BaseController.php(122): CodeIgniter\Debug\Exceptions->errorHandler(2, 'Invalid argumen...', '/home/dnzwygdo/...', 122, Array)
#1 /home/dnzwygdo/app/Controllers/User/Invoices.php(148): App\Controllers\BaseController->juraganBy('21')
#2 /home/dnzwygdo/vendor/codeigniter4/framework/system/CodeIgniter.php(918): App\Controllers\User\Invoices->lihat()
#3 /home/dnzwygdo/vendor/codeigniter4/framework/system/CodeIgniter.php(404): CodeIgniter\CodeIgniter->runController(Object(App\Controllers\User\Invoices))
#4 /home/dnzwygdo/vendor/codeigniter4/framework/system/CodeIgniter.php(312): CodeIgniter\CodeIgniter->handleRequest(NULL, Object(Config\Cache), false)
#5 /home/dnzwygdo/public_html/index.php(45): CodeIgniter\CodeIgniter->run()
#6 {main}
CRITICAL - 2021-12-23 13:24:53 --> Invalid argument supplied for foreach()
#0 /home/dnzwygdo/app/Controllers/BaseController.php(122): CodeIgniter\Debug\Exceptions->errorHandler(2, 'Invalid argumen...', '/home/dnzwygdo/...', 122, Array)
#1 /home/dnzwygdo/app/Controllers/User/Invoices.php(148): App\Controllers\BaseController->juraganBy('21')
#2 /home/dnzwygdo/vendor/codeigniter4/framework/system/CodeIgniter.php(918): App\Controllers\User\Invoices->lihat()
#3 /home/dnzwygdo/vendor/codeigniter4/framework/system/CodeIgniter.php(404): CodeIgniter\CodeIgniter->runController(Object(App\Controllers\User\Invoices))
#4 /home/dnzwygdo/vendor/codeigniter4/framework/system/CodeIgniter.php(312): CodeIgniter\CodeIgniter->handleRequest(NULL, Object(Config\Cache), false)
#5 /home/dnzwygdo/public_html/index.php(45): CodeIgniter\CodeIgniter->run()
#6 {main}
CRITICAL - 2021-12-23 13:24:57 --> Invalid argument supplied for foreach()
#0 /home/dnzwygdo/app/Controllers/BaseController.php(122): CodeIgniter\Debug\Exceptions->errorHandler(2, 'Invalid argumen...', '/home/dnzwygdo/...', 122, Array)
#1 /home/dnzwygdo/app/Controllers/User/Invoices.php(148): App\Controllers\BaseController->juraganBy('21')
#2 /home/dnzwygdo/vendor/codeigniter4/framework/system/CodeIgniter.php(918): App\Controllers\User\Invoices->lihat()
#3 /home/dnzwygdo/vendor/codeigniter4/framework/system/CodeIgniter.php(404): CodeIgniter\CodeIgniter->runController(Object(App\Controllers\User\Invoices))
#4 /home/dnzwygdo/vendor/codeigniter4/framework/system/CodeIgniter.php(312): CodeIgniter\CodeIgniter->handleRequest(NULL, Object(Config\Cache), false)
#5 /home/dnzwygdo/public_html/index.php(45): CodeIgniter\CodeIgniter->run()
#6 {main}
CRITICAL - 2021-12-23 13:25:42 --> Invalid argument supplied for foreach()
#0 /home/dnzwygdo/app/Controllers/BaseController.php(122): CodeIgniter\Debug\Exceptions->errorHandler(2, 'Invalid argumen...', '/home/dnzwygdo/...', 122, Array)
#1 /home/dnzwygdo/app/Controllers/User/Invoices.php(148): App\Controllers\BaseController->juraganBy('21')
#2 /home/dnzwygdo/vendor/codeigniter4/framework/system/CodeIgniter.php(918): App\Controllers\User\Invoices->lihat()
#3 /home/dnzwygdo/vendor/codeigniter4/framework/system/CodeIgniter.php(404): CodeIgniter\CodeIgniter->runController(Object(App\Controllers\User\Invoices))
#4 /home/dnzwygdo/vendor/codeigniter4/framework/system/CodeIgniter.php(312): CodeIgniter\CodeIgniter->handleRequest(NULL, Object(Config\Cache), false)
#5 /home/dnzwygdo/public_html/index.php(45): CodeIgniter\CodeIgniter->run()
#6 {main}
CRITICAL - 2021-12-23 13:38:58 --> Invalid argument supplied for foreach()
#0 /home/dnzwygdo/app/Controllers/BaseController.php(122): CodeIgniter\Debug\Exceptions->errorHandler(2, 'Invalid argumen...', '/home/dnzwygdo/...', 122, Array)
#1 /home/dnzwygdo/app/Controllers/User/Invoices.php(148): App\Controllers\BaseController->juraganBy('21')
#2 /home/dnzwygdo/vendor/codeigniter4/framework/system/CodeIgniter.php(918): App\Controllers\User\Invoices->lihat()
#3 /home/dnzwygdo/vendor/codeigniter4/framework/system/CodeIgniter.php(404): CodeIgniter\CodeIgniter->runController(Object(App\Controllers\User\Invoices))
#4 /home/dnzwygdo/vendor/codeigniter4/framework/system/CodeIgniter.php(312): CodeIgniter\CodeIgniter->handleRequest(NULL, Object(Config\Cache), false)
#5 /home/dnzwygdo/public_html/index.php(45): CodeIgniter\CodeIgniter->run()
#6 {main}
