ERROR - 2024-07-01 08:01:50 --> Error connecting to the database: mysqli_sql_exception: No such file or directory in /home/dnzwygdo/djuragancom/vendor/codeigniter4/framework/system/Database/MySQLi/Connection.php:171
Stack trace:
#0 /home/dnzwygdo/djuragancom/vendor/codeigniter4/framework/system/Database/MySQLi/Connection.php(171): mysqli->real_connect()
#1 /home/dnzwygdo/djuragancom/vendor/codeigniter4/framework/system/Database/BaseConnection.php(382): CodeIgniter\Database\MySQLi\Connection->connect()
#2 /home/dnzwygdo/djuragancom/vendor/codeigniter4/framework/system/Database/BaseConnection.php(588): CodeIgniter\Database\BaseConnection->initialize()
#3 /home/dnzwygdo/djuragancom/vendor/codeigniter4/framework/system/Database/BaseBuilder.php(1585): CodeIgniter\Database\BaseConnection->query()
#4 /home/dnzwygdo/djuragancom/vendor/codeigniter4/framework/system/Model.php(249): CodeIgniter\Database\BaseBuilder->get()
#5 /home/dnzwygdo/djuragancom/vendor/codeigniter4/framework/system/BaseModel.php(622): CodeIgniter\Model->doFirst()
#6 /home/dnzwygdo/djuragancom/app/Controllers/Auth.php(31): CodeIgniter\BaseModel->first()
#7 /home/dnzwygdo/djuragancom/vendor/codeigniter4/framework/system/CodeIgniter.php(898): App\Controllers\Auth->index()
#8 /home/dnzwygdo/djuragancom/vendor/codeigniter4/framework/system/CodeIgniter.php(457): CodeIgniter\CodeIgniter->runController()
#9 /home/dnzwygdo/djuragancom/vendor/codeigniter4/framework/system/CodeIgniter.php(340): CodeIgniter\CodeIgniter->handleRequest()
#10 /home/dnzwygdo/public_html/index.php(67): CodeIgniter\CodeIgniter->run()
#11 {main}

Next CodeIgniter\Database\Exceptions\DatabaseException: No such file or directory in /home/dnzwygdo/djuragancom/vendor/codeigniter4/framework/system/Database/MySQLi/Connection.php:215
Stack trace:
#0 /home/dnzwygdo/djuragancom/vendor/codeigniter4/framework/system/Database/BaseConnection.php(382): CodeIgniter\Database\MySQLi\Connection->connect()
#1 /home/dnzwygdo/djuragancom/vendor/codeigniter4/framework/system/Database/BaseConnection.php(588): CodeIgniter\Database\BaseConnection->initialize()
#2 /home/dnzwygdo/djuragancom/vendor/codeigniter4/framework/system/Database/BaseBuilder.php(1585): CodeIgniter\Database\BaseConnection->query()
#3 /home/dnzwygdo/djuragancom/vendor/codeigniter4/framework/system/Model.php(249): CodeIgniter\Database\BaseBuilder->get()
#4 /home/dnzwygdo/djuragancom/vendor/codeigniter4/framework/system/BaseModel.php(622): CodeIgniter\Model->doFirst()
#5 /home/dnzwygdo/djuragancom/app/Controllers/Auth.php(31): CodeIgniter\BaseModel->first()
#6 /home/dnzwygdo/djuragancom/vendor/codeigniter4/framework/system/CodeIgniter.php(898): App\Controllers\Auth->index()
#7 /home/dnzwygdo/djuragancom/vendor/codeigniter4/framework/system/CodeIgniter.php(457): CodeIgniter\CodeIgniter->runController()
#8 /home/dnzwygdo/djuragancom/vendor/codeigniter4/framework/system/CodeIgniter.php(340): CodeIgniter\CodeIgniter->handleRequest()
#9 /home/dnzwygdo/public_html/index.php(67): CodeIgniter\CodeIgniter->run()
#10 {main}
CRITICAL - 2024-07-01 08:01:50 --> Unable to connect to the database.
Main connection [MySQLi]: No such file or directory
in SYSTEMPATH/Database/BaseConnection.php on line 418.
 1 SYSTEMPATH/Database/BaseConnection.php(588): CodeIgniter\Database\BaseConnection->initialize()
 2 SYSTEMPATH/Database/BaseBuilder.php(1585): CodeIgniter\Database\BaseConnection->query()
 3 SYSTEMPATH/Model.php(249): CodeIgniter\Database\BaseBuilder->get()
 4 SYSTEMPATH/BaseModel.php(622): CodeIgniter\Model->doFirst()
 5 APPPATH/Controllers/Auth.php(31): CodeIgniter\BaseModel->first()
 6 SYSTEMPATH/CodeIgniter.php(898): App\Controllers\Auth->index()
 7 SYSTEMPATH/CodeIgniter.php(457): CodeIgniter\CodeIgniter->runController()
 8 SYSTEMPATH/CodeIgniter.php(340): CodeIgniter\CodeIgniter->handleRequest()
 9 FCPATH/index.php(67): CodeIgniter\CodeIgniter->run()
ERROR - 2024-07-01 08:02:03 --> Error connecting to the database: mysqli_sql_exception: No such file or directory in /home/dnzwygdo/djuragancom/vendor/codeigniter4/framework/system/Database/MySQLi/Connection.php:171
Stack trace:
#0 /home/dnzwygdo/djuragancom/vendor/codeigniter4/framework/system/Database/MySQLi/Connection.php(171): mysqli->real_connect()
#1 /home/dnzwygdo/djuragancom/vendor/codeigniter4/framework/system/Database/BaseConnection.php(382): CodeIgniter\Database\MySQLi\Connection->connect()
#2 /home/dnzwygdo/djuragancom/vendor/codeigniter4/framework/system/Database/BaseConnection.php(588): CodeIgniter\Database\BaseConnection->initialize()
#3 /home/dnzwygdo/djuragancom/vendor/codeigniter4/framework/system/Database/BaseBuilder.php(1585): CodeIgniter\Database\BaseConnection->query()
#4 /home/dnzwygdo/djuragancom/vendor/codeigniter4/framework/system/Model.php(249): CodeIgniter\Database\BaseBuilder->get()
#5 /home/dnzwygdo/djuragancom/vendor/codeigniter4/framework/system/BaseModel.php(622): CodeIgniter\Model->doFirst()
#6 /home/dnzwygdo/djuragancom/app/Controllers/Auth.php(31): CodeIgniter\BaseModel->first()
#7 /home/dnzwygdo/djuragancom/vendor/codeigniter4/framework/system/CodeIgniter.php(898): App\Controllers\Auth->index()
#8 /home/dnzwygdo/djuragancom/vendor/codeigniter4/framework/system/CodeIgniter.php(457): CodeIgniter\CodeIgniter->runController()
#9 /home/dnzwygdo/djuragancom/vendor/codeigniter4/framework/system/CodeIgniter.php(340): CodeIgniter\CodeIgniter->handleRequest()
#10 /home/dnzwygdo/public_html/index.php(67): CodeIgniter\CodeIgniter->run()
#11 {main}

Next CodeIgniter\Database\Exceptions\DatabaseException: No such file or directory in /home/dnzwygdo/djuragancom/vendor/codeigniter4/framework/system/Database/MySQLi/Connection.php:215
Stack trace:
#0 /home/dnzwygdo/djuragancom/vendor/codeigniter4/framework/system/Database/BaseConnection.php(382): CodeIgniter\Database\MySQLi\Connection->connect()
#1 /home/dnzwygdo/djuragancom/vendor/codeigniter4/framework/system/Database/BaseConnection.php(588): CodeIgniter\Database\BaseConnection->initialize()
#2 /home/dnzwygdo/djuragancom/vendor/codeigniter4/framework/system/Database/BaseBuilder.php(1585): CodeIgniter\Database\BaseConnection->query()
#3 /home/dnzwygdo/djuragancom/vendor/codeigniter4/framework/system/Model.php(249): CodeIgniter\Database\BaseBuilder->get()
#4 /home/dnzwygdo/djuragancom/vendor/codeigniter4/framework/system/BaseModel.php(622): CodeIgniter\Model->doFirst()
#5 /home/dnzwygdo/djuragancom/app/Controllers/Auth.php(31): CodeIgniter\BaseModel->first()
#6 /home/dnzwygdo/djuragancom/vendor/codeigniter4/framework/system/CodeIgniter.php(898): App\Controllers\Auth->index()
#7 /home/dnzwygdo/djuragancom/vendor/codeigniter4/framework/system/CodeIgniter.php(457): CodeIgniter\CodeIgniter->runController()
#8 /home/dnzwygdo/djuragancom/vendor/codeigniter4/framework/system/CodeIgniter.php(340): CodeIgniter\CodeIgniter->handleRequest()
#9 /home/dnzwygdo/public_html/index.php(67): CodeIgniter\CodeIgniter->run()
#10 {main}
CRITICAL - 2024-07-01 08:02:03 --> Unable to connect to the database.
Main connection [MySQLi]: No such file or directory
in SYSTEMPATH/Database/BaseConnection.php on line 418.
 1 SYSTEMPATH/Database/BaseConnection.php(588): CodeIgniter\Database\BaseConnection->initialize()
 2 SYSTEMPATH/Database/BaseBuilder.php(1585): CodeIgniter\Database\BaseConnection->query()
 3 SYSTEMPATH/Model.php(249): CodeIgniter\Database\BaseBuilder->get()
 4 SYSTEMPATH/BaseModel.php(622): CodeIgniter\Model->doFirst()
 5 APPPATH/Controllers/Auth.php(31): CodeIgniter\BaseModel->first()
 6 SYSTEMPATH/CodeIgniter.php(898): App\Controllers\Auth->index()
 7 SYSTEMPATH/CodeIgniter.php(457): CodeIgniter\CodeIgniter->runController()
 8 SYSTEMPATH/CodeIgniter.php(340): CodeIgniter\CodeIgniter->handleRequest()
 9 FCPATH/index.php(67): CodeIgniter\CodeIgniter->run()
ERROR - 2024-07-01 08:02:08 --> Error connecting to the database: mysqli_sql_exception: No such file or directory in /home/dnzwygdo/djuragancom/vendor/codeigniter4/framework/system/Database/MySQLi/Connection.php:171
Stack trace:
#0 /home/dnzwygdo/djuragancom/vendor/codeigniter4/framework/system/Database/MySQLi/Connection.php(171): mysqli->real_connect()
#1 /home/dnzwygdo/djuragancom/vendor/codeigniter4/framework/system/Database/BaseConnection.php(382): CodeIgniter\Database\MySQLi\Connection->connect()
#2 /home/dnzwygdo/djuragancom/vendor/codeigniter4/framework/system/Database/BaseConnection.php(588): CodeIgniter\Database\BaseConnection->initialize()
#3 /home/dnzwygdo/djuragancom/vendor/codeigniter4/framework/system/Database/BaseBuilder.php(1585): CodeIgniter\Database\BaseConnection->query()
#4 /home/dnzwygdo/djuragancom/vendor/codeigniter4/framework/system/Model.php(249): CodeIgniter\Database\BaseBuilder->get()
#5 /home/dnzwygdo/djuragancom/vendor/codeigniter4/framework/system/BaseModel.php(622): CodeIgniter\Model->doFirst()
#6 /home/dnzwygdo/djuragancom/app/Controllers/Auth.php(31): CodeIgniter\BaseModel->first()
#7 /home/dnzwygdo/djuragancom/vendor/codeigniter4/framework/system/CodeIgniter.php(898): App\Controllers\Auth->index()
#8 /home/dnzwygdo/djuragancom/vendor/codeigniter4/framework/system/CodeIgniter.php(457): CodeIgniter\CodeIgniter->runController()
#9 /home/dnzwygdo/djuragancom/vendor/codeigniter4/framework/system/CodeIgniter.php(340): CodeIgniter\CodeIgniter->handleRequest()
#10 /home/dnzwygdo/public_html/index.php(67): CodeIgniter\CodeIgniter->run()
#11 {main}

Next CodeIgniter\Database\Exceptions\DatabaseException: No such file or directory in /home/dnzwygdo/djuragancom/vendor/codeigniter4/framework/system/Database/MySQLi/Connection.php:215
Stack trace:
#0 /home/dnzwygdo/djuragancom/vendor/codeigniter4/framework/system/Database/BaseConnection.php(382): CodeIgniter\Database\MySQLi\Connection->connect()
#1 /home/dnzwygdo/djuragancom/vendor/codeigniter4/framework/system/Database/BaseConnection.php(588): CodeIgniter\Database\BaseConnection->initialize()
#2 /home/dnzwygdo/djuragancom/vendor/codeigniter4/framework/system/Database/BaseBuilder.php(1585): CodeIgniter\Database\BaseConnection->query()
#3 /home/dnzwygdo/djuragancom/vendor/codeigniter4/framework/system/Model.php(249): CodeIgniter\Database\BaseBuilder->get()
#4 /home/dnzwygdo/djuragancom/vendor/codeigniter4/framework/system/BaseModel.php(622): CodeIgniter\Model->doFirst()
#5 /home/dnzwygdo/djuragancom/app/Controllers/Auth.php(31): CodeIgniter\BaseModel->first()
#6 /home/dnzwygdo/djuragancom/vendor/codeigniter4/framework/system/CodeIgniter.php(898): App\Controllers\Auth->index()
#7 /home/dnzwygdo/djuragancom/vendor/codeigniter4/framework/system/CodeIgniter.php(457): CodeIgniter\CodeIgniter->runController()
#8 /home/dnzwygdo/djuragancom/vendor/codeigniter4/framework/system/CodeIgniter.php(340): CodeIgniter\CodeIgniter->handleRequest()
#9 /home/dnzwygdo/public_html/index.php(67): CodeIgniter\CodeIgniter->run()
#10 {main}
CRITICAL - 2024-07-01 08:02:08 --> Unable to connect to the database.
Main connection [MySQLi]: No such file or directory
in SYSTEMPATH/Database/BaseConnection.php on line 418.
 1 SYSTEMPATH/Database/BaseConnection.php(588): CodeIgniter\Database\BaseConnection->initialize()
 2 SYSTEMPATH/Database/BaseBuilder.php(1585): CodeIgniter\Database\BaseConnection->query()
 3 SYSTEMPATH/Model.php(249): CodeIgniter\Database\BaseBuilder->get()
 4 SYSTEMPATH/BaseModel.php(622): CodeIgniter\Model->doFirst()
 5 APPPATH/Controllers/Auth.php(31): CodeIgniter\BaseModel->first()
 6 SYSTEMPATH/CodeIgniter.php(898): App\Controllers\Auth->index()
 7 SYSTEMPATH/CodeIgniter.php(457): CodeIgniter\CodeIgniter->runController()
 8 SYSTEMPATH/CodeIgniter.php(340): CodeIgniter\CodeIgniter->handleRequest()
 9 FCPATH/index.php(67): CodeIgniter\CodeIgniter->run()
ERROR - 2024-07-01 08:11:40 --> Error connecting to the database: mysqli_sql_exception: No such file or directory in /home/dnzwygdo/djuragancom/vendor/codeigniter4/framework/system/Database/MySQLi/Connection.php:171
Stack trace:
#0 /home/dnzwygdo/djuragancom/vendor/codeigniter4/framework/system/Database/MySQLi/Connection.php(171): mysqli->real_connect()
#1 /home/dnzwygdo/djuragancom/vendor/codeigniter4/framework/system/Database/BaseConnection.php(382): CodeIgniter\Database\MySQLi\Connection->connect()
#2 /home/dnzwygdo/djuragancom/vendor/codeigniter4/framework/system/Database/BaseConnection.php(588): CodeIgniter\Database\BaseConnection->initialize()
#3 /home/dnzwygdo/djuragancom/vendor/codeigniter4/framework/system/Database/BaseBuilder.php(1585): CodeIgniter\Database\BaseConnection->query()
#4 /home/dnzwygdo/djuragancom/vendor/codeigniter4/framework/system/Model.php(249): CodeIgniter\Database\BaseBuilder->get()
#5 /home/dnzwygdo/djuragancom/vendor/codeigniter4/framework/system/BaseModel.php(622): CodeIgniter\Model->doFirst()
#6 /home/dnzwygdo/djuragancom/app/Controllers/Auth.php(31): CodeIgniter\BaseModel->first()
#7 /home/dnzwygdo/djuragancom/vendor/codeigniter4/framework/system/CodeIgniter.php(898): App\Controllers\Auth->index()
#8 /home/dnzwygdo/djuragancom/vendor/codeigniter4/framework/system/CodeIgniter.php(457): CodeIgniter\CodeIgniter->runController()
#9 /home/dnzwygdo/djuragancom/vendor/codeigniter4/framework/system/CodeIgniter.php(340): CodeIgniter\CodeIgniter->handleRequest()
#10 /home/dnzwygdo/public_html/index.php(67): CodeIgniter\CodeIgniter->run()
#11 {main}

Next CodeIgniter\Database\Exceptions\DatabaseException: No such file or directory in /home/dnzwygdo/djuragancom/vendor/codeigniter4/framework/system/Database/MySQLi/Connection.php:215
Stack trace:
#0 /home/dnzwygdo/djuragancom/vendor/codeigniter4/framework/system/Database/BaseConnection.php(382): CodeIgniter\Database\MySQLi\Connection->connect()
#1 /home/dnzwygdo/djuragancom/vendor/codeigniter4/framework/system/Database/BaseConnection.php(588): CodeIgniter\Database\BaseConnection->initialize()
#2 /home/dnzwygdo/djuragancom/vendor/codeigniter4/framework/system/Database/BaseBuilder.php(1585): CodeIgniter\Database\BaseConnection->query()
#3 /home/dnzwygdo/djuragancom/vendor/codeigniter4/framework/system/Model.php(249): CodeIgniter\Database\BaseBuilder->get()
#4 /home/dnzwygdo/djuragancom/vendor/codeigniter4/framework/system/BaseModel.php(622): CodeIgniter\Model->doFirst()
#5 /home/dnzwygdo/djuragancom/app/Controllers/Auth.php(31): CodeIgniter\BaseModel->first()
#6 /home/dnzwygdo/djuragancom/vendor/codeigniter4/framework/system/CodeIgniter.php(898): App\Controllers\Auth->index()
#7 /home/dnzwygdo/djuragancom/vendor/codeigniter4/framework/system/CodeIgniter.php(457): CodeIgniter\CodeIgniter->runController()
#8 /home/dnzwygdo/djuragancom/vendor/codeigniter4/framework/system/CodeIgniter.php(340): CodeIgniter\CodeIgniter->handleRequest()
#9 /home/dnzwygdo/public_html/index.php(67): CodeIgniter\CodeIgniter->run()
#10 {main}
CRITICAL - 2024-07-01 08:11:40 --> Unable to connect to the database.
Main connection [MySQLi]: No such file or directory
in SYSTEMPATH/Database/BaseConnection.php on line 418.
 1 SYSTEMPATH/Database/BaseConnection.php(588): CodeIgniter\Database\BaseConnection->initialize()
 2 SYSTEMPATH/Database/BaseBuilder.php(1585): CodeIgniter\Database\BaseConnection->query()
 3 SYSTEMPATH/Model.php(249): CodeIgniter\Database\BaseBuilder->get()
 4 SYSTEMPATH/BaseModel.php(622): CodeIgniter\Model->doFirst()
 5 APPPATH/Controllers/Auth.php(31): CodeIgniter\BaseModel->first()
 6 SYSTEMPATH/CodeIgniter.php(898): App\Controllers\Auth->index()
 7 SYSTEMPATH/CodeIgniter.php(457): CodeIgniter\CodeIgniter->runController()
 8 SYSTEMPATH/CodeIgniter.php(340): CodeIgniter\CodeIgniter->handleRequest()
 9 FCPATH/index.php(67): CodeIgniter\CodeIgniter->run()
ERROR - 2024-07-01 08:29:54 --> Error connecting to the database: mysqli_sql_exception: No such file or directory in /home/dnzwygdo/djuragancom/vendor/codeigniter4/framework/system/Database/MySQLi/Connection.php:170
Stack trace:
#0 /home/dnzwygdo/djuragancom/vendor/codeigniter4/framework/system/Database/MySQLi/Connection.php(170): mysqli->real_connect()
#1 /home/dnzwygdo/djuragancom/vendor/codeigniter4/framework/system/Database/BaseConnection.php(382): CodeIgniter\Database\MySQLi\Connection->connect()
#2 /home/dnzwygdo/djuragancom/vendor/codeigniter4/framework/system/Database/BaseConnection.php(588): CodeIgniter\Database\BaseConnection->initialize()
#3 /home/dnzwygdo/djuragancom/vendor/codeigniter4/framework/system/Database/BaseBuilder.php(1585): CodeIgniter\Database\BaseConnection->query()
#4 /home/dnzwygdo/djuragancom/vendor/codeigniter4/framework/system/Model.php(249): CodeIgniter\Database\BaseBuilder->get()
#5 /home/dnzwygdo/djuragancom/vendor/codeigniter4/framework/system/BaseModel.php(622): CodeIgniter\Model->doFirst()
#6 /home/dnzwygdo/djuragancom/app/Controllers/Auth.php(31): CodeIgniter\BaseModel->first()
#7 /home/dnzwygdo/djuragancom/vendor/codeigniter4/framework/system/CodeIgniter.php(898): App\Controllers\Auth->index()
#8 /home/dnzwygdo/djuragancom/vendor/codeigniter4/framework/system/CodeIgniter.php(457): CodeIgniter\CodeIgniter->runController()
#9 /home/dnzwygdo/djuragancom/vendor/codeigniter4/framework/system/CodeIgniter.php(340): CodeIgniter\CodeIgniter->handleRequest()
#10 /home/dnzwygdo/public_html/index.php(67): CodeIgniter\CodeIgniter->run()
#11 {main}

Next CodeIgniter\Database\Exceptions\DatabaseException: No such file or directory in /home/dnzwygdo/djuragancom/vendor/codeigniter4/framework/system/Database/MySQLi/Connection.php:215
Stack trace:
#0 /home/dnzwygdo/djuragancom/vendor/codeigniter4/framework/system/Database/BaseConnection.php(382): CodeIgniter\Database\MySQLi\Connection->connect()
#1 /home/dnzwygdo/djuragancom/vendor/codeigniter4/framework/system/Database/BaseConnection.php(588): CodeIgniter\Database\BaseConnection->initialize()
#2 /home/dnzwygdo/djuragancom/vendor/codeigniter4/framework/system/Database/BaseBuilder.php(1585): CodeIgniter\Database\BaseConnection->query()
#3 /home/dnzwygdo/djuragancom/vendor/codeigniter4/framework/system/Model.php(249): CodeIgniter\Database\BaseBuilder->get()
#4 /home/dnzwygdo/djuragancom/vendor/codeigniter4/framework/system/BaseModel.php(622): CodeIgniter\Model->doFirst()
#5 /home/dnzwygdo/djuragancom/app/Controllers/Auth.php(31): CodeIgniter\BaseModel->first()
#6 /home/dnzwygdo/djuragancom/vendor/codeigniter4/framework/system/CodeIgniter.php(898): App\Controllers\Auth->index()
#7 /home/dnzwygdo/djuragancom/vendor/codeigniter4/framework/system/CodeIgniter.php(457): CodeIgniter\CodeIgniter->runController()
#8 /home/dnzwygdo/djuragancom/vendor/codeigniter4/framework/system/CodeIgniter.php(340): CodeIgniter\CodeIgniter->handleRequest()
#9 /home/dnzwygdo/public_html/index.php(67): CodeIgniter\CodeIgniter->run()
#10 {main}
CRITICAL - 2024-07-01 08:29:54 --> Unable to connect to the database.
Main connection [MySQLi]: No such file or directory
in SYSTEMPATH/Database/BaseConnection.php on line 418.
 1 SYSTEMPATH/Database/BaseConnection.php(588): CodeIgniter\Database\BaseConnection->initialize()
 2 SYSTEMPATH/Database/BaseBuilder.php(1585): CodeIgniter\Database\BaseConnection->query()
 3 SYSTEMPATH/Model.php(249): CodeIgniter\Database\BaseBuilder->get()
 4 SYSTEMPATH/BaseModel.php(622): CodeIgniter\Model->doFirst()
 5 APPPATH/Controllers/Auth.php(31): CodeIgniter\BaseModel->first()
 6 SYSTEMPATH/CodeIgniter.php(898): App\Controllers\Auth->index()
 7 SYSTEMPATH/CodeIgniter.php(457): CodeIgniter\CodeIgniter->runController()
 8 SYSTEMPATH/CodeIgniter.php(340): CodeIgniter\CodeIgniter->handleRequest()
 9 FCPATH/index.php(67): CodeIgniter\CodeIgniter->run()
ERROR - 2024-07-01 08:30:07 --> Error connecting to the database: mysqli_sql_exception: No such file or directory in /home/dnzwygdo/djuragancom/vendor/codeigniter4/framework/system/Database/MySQLi/Connection.php:170
Stack trace:
#0 /home/dnzwygdo/djuragancom/vendor/codeigniter4/framework/system/Database/MySQLi/Connection.php(170): mysqli->real_connect()
#1 /home/dnzwygdo/djuragancom/vendor/codeigniter4/framework/system/Database/BaseConnection.php(382): CodeIgniter\Database\MySQLi\Connection->connect()
#2 /home/dnzwygdo/djuragancom/vendor/codeigniter4/framework/system/Database/BaseConnection.php(588): CodeIgniter\Database\BaseConnection->initialize()
#3 /home/dnzwygdo/djuragancom/vendor/codeigniter4/framework/system/Database/BaseBuilder.php(1585): CodeIgniter\Database\BaseConnection->query()
#4 /home/dnzwygdo/djuragancom/vendor/codeigniter4/framework/system/Model.php(249): CodeIgniter\Database\BaseBuilder->get()
#5 /home/dnzwygdo/djuragancom/vendor/codeigniter4/framework/system/BaseModel.php(622): CodeIgniter\Model->doFirst()
#6 /home/dnzwygdo/djuragancom/app/Controllers/Auth.php(31): CodeIgniter\BaseModel->first()
#7 /home/dnzwygdo/djuragancom/vendor/codeigniter4/framework/system/CodeIgniter.php(898): App\Controllers\Auth->index()
#8 /home/dnzwygdo/djuragancom/vendor/codeigniter4/framework/system/CodeIgniter.php(457): CodeIgniter\CodeIgniter->runController()
#9 /home/dnzwygdo/djuragancom/vendor/codeigniter4/framework/system/CodeIgniter.php(340): CodeIgniter\CodeIgniter->handleRequest()
#10 /home/dnzwygdo/public_html/index.php(67): CodeIgniter\CodeIgniter->run()
#11 {main}

Next CodeIgniter\Database\Exceptions\DatabaseException: No such file or directory in /home/dnzwygdo/djuragancom/vendor/codeigniter4/framework/system/Database/MySQLi/Connection.php:215
Stack trace:
#0 /home/dnzwygdo/djuragancom/vendor/codeigniter4/framework/system/Database/BaseConnection.php(382): CodeIgniter\Database\MySQLi\Connection->connect()
#1 /home/dnzwygdo/djuragancom/vendor/codeigniter4/framework/system/Database/BaseConnection.php(588): CodeIgniter\Database\BaseConnection->initialize()
#2 /home/dnzwygdo/djuragancom/vendor/codeigniter4/framework/system/Database/BaseBuilder.php(1585): CodeIgniter\Database\BaseConnection->query()
#3 /home/dnzwygdo/djuragancom/vendor/codeigniter4/framework/system/Model.php(249): CodeIgniter\Database\BaseBuilder->get()
#4 /home/dnzwygdo/djuragancom/vendor/codeigniter4/framework/system/BaseModel.php(622): CodeIgniter\Model->doFirst()
#5 /home/dnzwygdo/djuragancom/app/Controllers/Auth.php(31): CodeIgniter\BaseModel->first()
#6 /home/dnzwygdo/djuragancom/vendor/codeigniter4/framework/system/CodeIgniter.php(898): App\Controllers\Auth->index()
#7 /home/dnzwygdo/djuragancom/vendor/codeigniter4/framework/system/CodeIgniter.php(457): CodeIgniter\CodeIgniter->runController()
#8 /home/dnzwygdo/djuragancom/vendor/codeigniter4/framework/system/CodeIgniter.php(340): CodeIgniter\CodeIgniter->handleRequest()
#9 /home/dnzwygdo/public_html/index.php(67): CodeIgniter\CodeIgniter->run()
#10 {main}
CRITICAL - 2024-07-01 08:30:07 --> Unable to connect to the database.
Main connection [MySQLi]: No such file or directory
in SYSTEMPATH/Database/BaseConnection.php on line 418.
 1 SYSTEMPATH/Database/BaseConnection.php(588): CodeIgniter\Database\BaseConnection->initialize()
 2 SYSTEMPATH/Database/BaseBuilder.php(1585): CodeIgniter\Database\BaseConnection->query()
 3 SYSTEMPATH/Model.php(249): CodeIgniter\Database\BaseBuilder->get()
 4 SYSTEMPATH/BaseModel.php(622): CodeIgniter\Model->doFirst()
 5 APPPATH/Controllers/Auth.php(31): CodeIgniter\BaseModel->first()
 6 SYSTEMPATH/CodeIgniter.php(898): App\Controllers\Auth->index()
 7 SYSTEMPATH/CodeIgniter.php(457): CodeIgniter\CodeIgniter->runController()
 8 SYSTEMPATH/CodeIgniter.php(340): CodeIgniter\CodeIgniter->handleRequest()
 9 FCPATH/index.php(67): CodeIgniter\CodeIgniter->run()
ERROR - 2024-07-01 08:31:53 --> Error connecting to the database: mysqli_sql_exception: No such file or directory in /home/dnzwygdo/djuragancom/vendor/codeigniter4/framework/system/Database/MySQLi/Connection.php:170
Stack trace:
#0 /home/dnzwygdo/djuragancom/vendor/codeigniter4/framework/system/Database/MySQLi/Connection.php(170): mysqli->real_connect()
#1 /home/dnzwygdo/djuragancom/vendor/codeigniter4/framework/system/Database/BaseConnection.php(382): CodeIgniter\Database\MySQLi\Connection->connect()
#2 /home/dnzwygdo/djuragancom/vendor/codeigniter4/framework/system/Database/BaseConnection.php(588): CodeIgniter\Database\BaseConnection->initialize()
#3 /home/dnzwygdo/djuragancom/vendor/codeigniter4/framework/system/Database/BaseBuilder.php(1585): CodeIgniter\Database\BaseConnection->query()
#4 /home/dnzwygdo/djuragancom/vendor/codeigniter4/framework/system/Model.php(249): CodeIgniter\Database\BaseBuilder->get()
#5 /home/dnzwygdo/djuragancom/vendor/codeigniter4/framework/system/BaseModel.php(622): CodeIgniter\Model->doFirst()
#6 /home/dnzwygdo/djuragancom/app/Controllers/Auth.php(31): CodeIgniter\BaseModel->first()
#7 /home/dnzwygdo/djuragancom/vendor/codeigniter4/framework/system/CodeIgniter.php(898): App\Controllers\Auth->index()
#8 /home/dnzwygdo/djuragancom/vendor/codeigniter4/framework/system/CodeIgniter.php(457): CodeIgniter\CodeIgniter->runController()
#9 /home/dnzwygdo/djuragancom/vendor/codeigniter4/framework/system/CodeIgniter.php(340): CodeIgniter\CodeIgniter->handleRequest()
#10 /home/dnzwygdo/public_html/index.php(67): CodeIgniter\CodeIgniter->run()
#11 {main}

Next CodeIgniter\Database\Exceptions\DatabaseException: No such file or directory in /home/dnzwygdo/djuragancom/vendor/codeigniter4/framework/system/Database/MySQLi/Connection.php:215
Stack trace:
#0 /home/dnzwygdo/djuragancom/vendor/codeigniter4/framework/system/Database/BaseConnection.php(382): CodeIgniter\Database\MySQLi\Connection->connect()
#1 /home/dnzwygdo/djuragancom/vendor/codeigniter4/framework/system/Database/BaseConnection.php(588): CodeIgniter\Database\BaseConnection->initialize()
#2 /home/dnzwygdo/djuragancom/vendor/codeigniter4/framework/system/Database/BaseBuilder.php(1585): CodeIgniter\Database\BaseConnection->query()
#3 /home/dnzwygdo/djuragancom/vendor/codeigniter4/framework/system/Model.php(249): CodeIgniter\Database\BaseBuilder->get()
#4 /home/dnzwygdo/djuragancom/vendor/codeigniter4/framework/system/BaseModel.php(622): CodeIgniter\Model->doFirst()
#5 /home/dnzwygdo/djuragancom/app/Controllers/Auth.php(31): CodeIgniter\BaseModel->first()
#6 /home/dnzwygdo/djuragancom/vendor/codeigniter4/framework/system/CodeIgniter.php(898): App\Controllers\Auth->index()
#7 /home/dnzwygdo/djuragancom/vendor/codeigniter4/framework/system/CodeIgniter.php(457): CodeIgniter\CodeIgniter->runController()
#8 /home/dnzwygdo/djuragancom/vendor/codeigniter4/framework/system/CodeIgniter.php(340): CodeIgniter\CodeIgniter->handleRequest()
#9 /home/dnzwygdo/public_html/index.php(67): CodeIgniter\CodeIgniter->run()
#10 {main}
CRITICAL - 2024-07-01 08:31:53 --> Unable to connect to the database.
Main connection [MySQLi]: No such file or directory
in SYSTEMPATH/Database/BaseConnection.php on line 418.
 1 SYSTEMPATH/Database/BaseConnection.php(588): CodeIgniter\Database\BaseConnection->initialize()
 2 SYSTEMPATH/Database/BaseBuilder.php(1585): CodeIgniter\Database\BaseConnection->query()
 3 SYSTEMPATH/Model.php(249): CodeIgniter\Database\BaseBuilder->get()
 4 SYSTEMPATH/BaseModel.php(622): CodeIgniter\Model->doFirst()
 5 APPPATH/Controllers/Auth.php(31): CodeIgniter\BaseModel->first()
 6 SYSTEMPATH/CodeIgniter.php(898): App\Controllers\Auth->index()
 7 SYSTEMPATH/CodeIgniter.php(457): CodeIgniter\CodeIgniter->runController()
 8 SYSTEMPATH/CodeIgniter.php(340): CodeIgniter\CodeIgniter->handleRequest()
 9 FCPATH/index.php(67): CodeIgniter\CodeIgniter->run()
ERROR - 2024-07-01 08:35:13 --> Error connecting to the database: mysqli_sql_exception: No such file or directory in /home/dnzwygdo/djuragancom/vendor/codeigniter4/framework/system/Database/MySQLi/Connection.php:170
Stack trace:
#0 /home/dnzwygdo/djuragancom/vendor/codeigniter4/framework/system/Database/MySQLi/Connection.php(170): mysqli->real_connect()
#1 /home/dnzwygdo/djuragancom/vendor/codeigniter4/framework/system/Database/BaseConnection.php(382): CodeIgniter\Database\MySQLi\Connection->connect()
#2 /home/dnzwygdo/djuragancom/vendor/codeigniter4/framework/system/Database/BaseConnection.php(588): CodeIgniter\Database\BaseConnection->initialize()
#3 /home/dnzwygdo/djuragancom/vendor/codeigniter4/framework/system/Database/BaseBuilder.php(1585): CodeIgniter\Database\BaseConnection->query()
#4 /home/dnzwygdo/djuragancom/vendor/codeigniter4/framework/system/Model.php(249): CodeIgniter\Database\BaseBuilder->get()
#5 /home/dnzwygdo/djuragancom/vendor/codeigniter4/framework/system/BaseModel.php(622): CodeIgniter\Model->doFirst()
#6 /home/dnzwygdo/djuragancom/app/Controllers/Auth.php(31): CodeIgniter\BaseModel->first()
#7 /home/dnzwygdo/djuragancom/vendor/codeigniter4/framework/system/CodeIgniter.php(898): App\Controllers\Auth->index()
#8 /home/dnzwygdo/djuragancom/vendor/codeigniter4/framework/system/CodeIgniter.php(457): CodeIgniter\CodeIgniter->runController()
#9 /home/dnzwygdo/djuragancom/vendor/codeigniter4/framework/system/CodeIgniter.php(340): CodeIgniter\CodeIgniter->handleRequest()
#10 /home/dnzwygdo/public_html/index.php(67): CodeIgniter\CodeIgniter->run()
#11 {main}

Next CodeIgniter\Database\Exceptions\DatabaseException: No such file or directory in /home/dnzwygdo/djuragancom/vendor/codeigniter4/framework/system/Database/MySQLi/Connection.php:215
Stack trace:
#0 /home/dnzwygdo/djuragancom/vendor/codeigniter4/framework/system/Database/BaseConnection.php(382): CodeIgniter\Database\MySQLi\Connection->connect()
#1 /home/dnzwygdo/djuragancom/vendor/codeigniter4/framework/system/Database/BaseConnection.php(588): CodeIgniter\Database\BaseConnection->initialize()
#2 /home/dnzwygdo/djuragancom/vendor/codeigniter4/framework/system/Database/BaseBuilder.php(1585): CodeIgniter\Database\BaseConnection->query()
#3 /home/dnzwygdo/djuragancom/vendor/codeigniter4/framework/system/Model.php(249): CodeIgniter\Database\BaseBuilder->get()
#4 /home/dnzwygdo/djuragancom/vendor/codeigniter4/framework/system/BaseModel.php(622): CodeIgniter\Model->doFirst()
#5 /home/dnzwygdo/djuragancom/app/Controllers/Auth.php(31): CodeIgniter\BaseModel->first()
#6 /home/dnzwygdo/djuragancom/vendor/codeigniter4/framework/system/CodeIgniter.php(898): App\Controllers\Auth->index()
#7 /home/dnzwygdo/djuragancom/vendor/codeigniter4/framework/system/CodeIgniter.php(457): CodeIgniter\CodeIgniter->runController()
#8 /home/dnzwygdo/djuragancom/vendor/codeigniter4/framework/system/CodeIgniter.php(340): CodeIgniter\CodeIgniter->handleRequest()
#9 /home/dnzwygdo/public_html/index.php(67): CodeIgniter\CodeIgniter->run()
#10 {main}
CRITICAL - 2024-07-01 08:35:13 --> Unable to connect to the database.
Main connection [MySQLi]: No such file or directory
in SYSTEMPATH/Database/BaseConnection.php on line 418.
 1 SYSTEMPATH/Database/BaseConnection.php(588): CodeIgniter\Database\BaseConnection->initialize()
 2 SYSTEMPATH/Database/BaseBuilder.php(1585): CodeIgniter\Database\BaseConnection->query()
 3 SYSTEMPATH/Model.php(249): CodeIgniter\Database\BaseBuilder->get()
 4 SYSTEMPATH/BaseModel.php(622): CodeIgniter\Model->doFirst()
 5 APPPATH/Controllers/Auth.php(31): CodeIgniter\BaseModel->first()
 6 SYSTEMPATH/CodeIgniter.php(898): App\Controllers\Auth->index()
 7 SYSTEMPATH/CodeIgniter.php(457): CodeIgniter\CodeIgniter->runController()
 8 SYSTEMPATH/CodeIgniter.php(340): CodeIgniter\CodeIgniter->handleRequest()
 9 FCPATH/index.php(67): CodeIgniter\CodeIgniter->run()
ERROR - 2024-07-01 08:38:20 --> Error connecting to the database: mysqli_sql_exception: No such file or directory in /home/dnzwygdo/djuragancom/vendor/codeigniter4/framework/system/Database/MySQLi/Connection.php:170
Stack trace:
#0 /home/dnzwygdo/djuragancom/vendor/codeigniter4/framework/system/Database/MySQLi/Connection.php(170): mysqli->real_connect()
#1 /home/dnzwygdo/djuragancom/vendor/codeigniter4/framework/system/Database/BaseConnection.php(382): CodeIgniter\Database\MySQLi\Connection->connect()
#2 /home/dnzwygdo/djuragancom/vendor/codeigniter4/framework/system/Database/BaseConnection.php(588): CodeIgniter\Database\BaseConnection->initialize()
#3 /home/dnzwygdo/djuragancom/vendor/codeigniter4/framework/system/Database/BaseBuilder.php(1585): CodeIgniter\Database\BaseConnection->query()
#4 /home/dnzwygdo/djuragancom/vendor/codeigniter4/framework/system/Model.php(249): CodeIgniter\Database\BaseBuilder->get()
#5 /home/dnzwygdo/djuragancom/vendor/codeigniter4/framework/system/BaseModel.php(622): CodeIgniter\Model->doFirst()
#6 /home/dnzwygdo/djuragancom/app/Controllers/Auth.php(31): CodeIgniter\BaseModel->first()
#7 /home/dnzwygdo/djuragancom/vendor/codeigniter4/framework/system/CodeIgniter.php(898): App\Controllers\Auth->index()
#8 /home/dnzwygdo/djuragancom/vendor/codeigniter4/framework/system/CodeIgniter.php(457): CodeIgniter\CodeIgniter->runController()
#9 /home/dnzwygdo/djuragancom/vendor/codeigniter4/framework/system/CodeIgniter.php(340): CodeIgniter\CodeIgniter->handleRequest()
#10 /home/dnzwygdo/public_html/index.php(67): CodeIgniter\CodeIgniter->run()
#11 {main}

Next CodeIgniter\Database\Exceptions\DatabaseException: No such file or directory in /home/dnzwygdo/djuragancom/vendor/codeigniter4/framework/system/Database/MySQLi/Connection.php:215
Stack trace:
#0 /home/dnzwygdo/djuragancom/vendor/codeigniter4/framework/system/Database/BaseConnection.php(382): CodeIgniter\Database\MySQLi\Connection->connect()
#1 /home/dnzwygdo/djuragancom/vendor/codeigniter4/framework/system/Database/BaseConnection.php(588): CodeIgniter\Database\BaseConnection->initialize()
#2 /home/dnzwygdo/djuragancom/vendor/codeigniter4/framework/system/Database/BaseBuilder.php(1585): CodeIgniter\Database\BaseConnection->query()
#3 /home/dnzwygdo/djuragancom/vendor/codeigniter4/framework/system/Model.php(249): CodeIgniter\Database\BaseBuilder->get()
#4 /home/dnzwygdo/djuragancom/vendor/codeigniter4/framework/system/BaseModel.php(622): CodeIgniter\Model->doFirst()
#5 /home/dnzwygdo/djuragancom/app/Controllers/Auth.php(31): CodeIgniter\BaseModel->first()
#6 /home/dnzwygdo/djuragancom/vendor/codeigniter4/framework/system/CodeIgniter.php(898): App\Controllers\Auth->index()
#7 /home/dnzwygdo/djuragancom/vendor/codeigniter4/framework/system/CodeIgniter.php(457): CodeIgniter\CodeIgniter->runController()
#8 /home/dnzwygdo/djuragancom/vendor/codeigniter4/framework/system/CodeIgniter.php(340): CodeIgniter\CodeIgniter->handleRequest()
#9 /home/dnzwygdo/public_html/index.php(67): CodeIgniter\CodeIgniter->run()
#10 {main}
CRITICAL - 2024-07-01 08:38:20 --> Unable to connect to the database.
Main connection [MySQLi]: No such file or directory
in SYSTEMPATH/Database/BaseConnection.php on line 418.
 1 SYSTEMPATH/Database/BaseConnection.php(588): CodeIgniter\Database\BaseConnection->initialize()
 2 SYSTEMPATH/Database/BaseBuilder.php(1585): CodeIgniter\Database\BaseConnection->query()
 3 SYSTEMPATH/Model.php(249): CodeIgniter\Database\BaseBuilder->get()
 4 SYSTEMPATH/BaseModel.php(622): CodeIgniter\Model->doFirst()
 5 APPPATH/Controllers/Auth.php(31): CodeIgniter\BaseModel->first()
 6 SYSTEMPATH/CodeIgniter.php(898): App\Controllers\Auth->index()
 7 SYSTEMPATH/CodeIgniter.php(457): CodeIgniter\CodeIgniter->runController()
 8 SYSTEMPATH/CodeIgniter.php(340): CodeIgniter\CodeIgniter->handleRequest()
 9 FCPATH/index.php(67): CodeIgniter\CodeIgniter->run()
ERROR - 2024-07-01 08:43:26 --> Error connecting to the database: mysqli_sql_exception: No such file or directory in /home/dnzwygdo/djuragancom/vendor/codeigniter4/framework/system/Database/MySQLi/Connection.php:170
Stack trace:
#0 /home/dnzwygdo/djuragancom/vendor/codeigniter4/framework/system/Database/MySQLi/Connection.php(170): mysqli->real_connect()
#1 /home/dnzwygdo/djuragancom/vendor/codeigniter4/framework/system/Database/BaseConnection.php(382): CodeIgniter\Database\MySQLi\Connection->connect()
#2 /home/dnzwygdo/djuragancom/vendor/codeigniter4/framework/system/Database/BaseConnection.php(588): CodeIgniter\Database\BaseConnection->initialize()
#3 /home/dnzwygdo/djuragancom/vendor/codeigniter4/framework/system/Database/BaseBuilder.php(1585): CodeIgniter\Database\BaseConnection->query()
#4 /home/dnzwygdo/djuragancom/vendor/codeigniter4/framework/system/Model.php(249): CodeIgniter\Database\BaseBuilder->get()
#5 /home/dnzwygdo/djuragancom/vendor/codeigniter4/framework/system/BaseModel.php(622): CodeIgniter\Model->doFirst()
#6 /home/dnzwygdo/djuragancom/app/Controllers/Auth.php(31): CodeIgniter\BaseModel->first()
#7 /home/dnzwygdo/djuragancom/vendor/codeigniter4/framework/system/CodeIgniter.php(898): App\Controllers\Auth->index()
#8 /home/dnzwygdo/djuragancom/vendor/codeigniter4/framework/system/CodeIgniter.php(457): CodeIgniter\CodeIgniter->runController()
#9 /home/dnzwygdo/djuragancom/vendor/codeigniter4/framework/system/CodeIgniter.php(340): CodeIgniter\CodeIgniter->handleRequest()
#10 /home/dnzwygdo/public_html/index.php(67): CodeIgniter\CodeIgniter->run()
#11 {main}

Next CodeIgniter\Database\Exceptions\DatabaseException: No such file or directory in /home/dnzwygdo/djuragancom/vendor/codeigniter4/framework/system/Database/MySQLi/Connection.php:215
Stack trace:
#0 /home/dnzwygdo/djuragancom/vendor/codeigniter4/framework/system/Database/BaseConnection.php(382): CodeIgniter\Database\MySQLi\Connection->connect()
#1 /home/dnzwygdo/djuragancom/vendor/codeigniter4/framework/system/Database/BaseConnection.php(588): CodeIgniter\Database\BaseConnection->initialize()
#2 /home/dnzwygdo/djuragancom/vendor/codeigniter4/framework/system/Database/BaseBuilder.php(1585): CodeIgniter\Database\BaseConnection->query()
#3 /home/dnzwygdo/djuragancom/vendor/codeigniter4/framework/system/Model.php(249): CodeIgniter\Database\BaseBuilder->get()
#4 /home/dnzwygdo/djuragancom/vendor/codeigniter4/framework/system/BaseModel.php(622): CodeIgniter\Model->doFirst()
#5 /home/dnzwygdo/djuragancom/app/Controllers/Auth.php(31): CodeIgniter\BaseModel->first()
#6 /home/dnzwygdo/djuragancom/vendor/codeigniter4/framework/system/CodeIgniter.php(898): App\Controllers\Auth->index()
#7 /home/dnzwygdo/djuragancom/vendor/codeigniter4/framework/system/CodeIgniter.php(457): CodeIgniter\CodeIgniter->runController()
#8 /home/dnzwygdo/djuragancom/vendor/codeigniter4/framework/system/CodeIgniter.php(340): CodeIgniter\CodeIgniter->handleRequest()
#9 /home/dnzwygdo/public_html/index.php(67): CodeIgniter\CodeIgniter->run()
#10 {main}
CRITICAL - 2024-07-01 08:43:26 --> Unable to connect to the database.
Main connection [MySQLi]: No such file or directory
in SYSTEMPATH/Database/BaseConnection.php on line 418.
 1 SYSTEMPATH/Database/BaseConnection.php(588): CodeIgniter\Database\BaseConnection->initialize()
 2 SYSTEMPATH/Database/BaseBuilder.php(1585): CodeIgniter\Database\BaseConnection->query()
 3 SYSTEMPATH/Model.php(249): CodeIgniter\Database\BaseBuilder->get()
 4 SYSTEMPATH/BaseModel.php(622): CodeIgniter\Model->doFirst()
 5 APPPATH/Controllers/Auth.php(31): CodeIgniter\BaseModel->first()
 6 SYSTEMPATH/CodeIgniter.php(898): App\Controllers\Auth->index()
 7 SYSTEMPATH/CodeIgniter.php(457): CodeIgniter\CodeIgniter->runController()
 8 SYSTEMPATH/CodeIgniter.php(340): CodeIgniter\CodeIgniter->handleRequest()
 9 FCPATH/index.php(67): CodeIgniter\CodeIgniter->run()
ERROR - 2024-07-01 08:43:40 --> Error connecting to the database: mysqli_sql_exception: No such file or directory in /home/dnzwygdo/djuragancom/vendor/codeigniter4/framework/system/Database/MySQLi/Connection.php:170
Stack trace:
#0 /home/dnzwygdo/djuragancom/vendor/codeigniter4/framework/system/Database/MySQLi/Connection.php(170): mysqli->real_connect()
#1 /home/dnzwygdo/djuragancom/vendor/codeigniter4/framework/system/Database/BaseConnection.php(382): CodeIgniter\Database\MySQLi\Connection->connect()
#2 /home/dnzwygdo/djuragancom/vendor/codeigniter4/framework/system/Database/BaseConnection.php(588): CodeIgniter\Database\BaseConnection->initialize()
#3 /home/dnzwygdo/djuragancom/vendor/codeigniter4/framework/system/Database/BaseBuilder.php(1585): CodeIgniter\Database\BaseConnection->query()
#4 /home/dnzwygdo/djuragancom/vendor/codeigniter4/framework/system/Model.php(249): CodeIgniter\Database\BaseBuilder->get()
#5 /home/dnzwygdo/djuragancom/vendor/codeigniter4/framework/system/BaseModel.php(622): CodeIgniter\Model->doFirst()
#6 /home/dnzwygdo/djuragancom/app/Controllers/Auth.php(31): CodeIgniter\BaseModel->first()
#7 /home/dnzwygdo/djuragancom/vendor/codeigniter4/framework/system/CodeIgniter.php(898): App\Controllers\Auth->index()
#8 /home/dnzwygdo/djuragancom/vendor/codeigniter4/framework/system/CodeIgniter.php(457): CodeIgniter\CodeIgniter->runController()
#9 /home/dnzwygdo/djuragancom/vendor/codeigniter4/framework/system/CodeIgniter.php(340): CodeIgniter\CodeIgniter->handleRequest()
#10 /home/dnzwygdo/public_html/index.php(67): CodeIgniter\CodeIgniter->run()
#11 {main}

Next CodeIgniter\Database\Exceptions\DatabaseException: No such file or directory in /home/dnzwygdo/djuragancom/vendor/codeigniter4/framework/system/Database/MySQLi/Connection.php:215
Stack trace:
#0 /home/dnzwygdo/djuragancom/vendor/codeigniter4/framework/system/Database/BaseConnection.php(382): CodeIgniter\Database\MySQLi\Connection->connect()
#1 /home/dnzwygdo/djuragancom/vendor/codeigniter4/framework/system/Database/BaseConnection.php(588): CodeIgniter\Database\BaseConnection->initialize()
#2 /home/dnzwygdo/djuragancom/vendor/codeigniter4/framework/system/Database/BaseBuilder.php(1585): CodeIgniter\Database\BaseConnection->query()
#3 /home/dnzwygdo/djuragancom/vendor/codeigniter4/framework/system/Model.php(249): CodeIgniter\Database\BaseBuilder->get()
#4 /home/dnzwygdo/djuragancom/vendor/codeigniter4/framework/system/BaseModel.php(622): CodeIgniter\Model->doFirst()
#5 /home/dnzwygdo/djuragancom/app/Controllers/Auth.php(31): CodeIgniter\BaseModel->first()
#6 /home/dnzwygdo/djuragancom/vendor/codeigniter4/framework/system/CodeIgniter.php(898): App\Controllers\Auth->index()
#7 /home/dnzwygdo/djuragancom/vendor/codeigniter4/framework/system/CodeIgniter.php(457): CodeIgniter\CodeIgniter->runController()
#8 /home/dnzwygdo/djuragancom/vendor/codeigniter4/framework/system/CodeIgniter.php(340): CodeIgniter\CodeIgniter->handleRequest()
#9 /home/dnzwygdo/public_html/index.php(67): CodeIgniter\CodeIgniter->run()
#10 {main}
CRITICAL - 2024-07-01 08:43:40 --> Unable to connect to the database.
Main connection [MySQLi]: No such file or directory
in SYSTEMPATH/Database/BaseConnection.php on line 418.
 1 SYSTEMPATH/Database/BaseConnection.php(588): CodeIgniter\Database\BaseConnection->initialize()
 2 SYSTEMPATH/Database/BaseBuilder.php(1585): CodeIgniter\Database\BaseConnection->query()
 3 SYSTEMPATH/Model.php(249): CodeIgniter\Database\BaseBuilder->get()
 4 SYSTEMPATH/BaseModel.php(622): CodeIgniter\Model->doFirst()
 5 APPPATH/Controllers/Auth.php(31): CodeIgniter\BaseModel->first()
 6 SYSTEMPATH/CodeIgniter.php(898): App\Controllers\Auth->index()
 7 SYSTEMPATH/CodeIgniter.php(457): CodeIgniter\CodeIgniter->runController()
 8 SYSTEMPATH/CodeIgniter.php(340): CodeIgniter\CodeIgniter->handleRequest()
 9 FCPATH/index.php(67): CodeIgniter\CodeIgniter->run()
ERROR - 2024-07-01 08:45:01 --> Error connecting to the database: mysqli_sql_exception: No such file or directory in /home/dnzwygdo/djuragancom/vendor/codeigniter4/framework/system/Database/MySQLi/Connection.php:170
Stack trace:
#0 /home/dnzwygdo/djuragancom/vendor/codeigniter4/framework/system/Database/MySQLi/Connection.php(170): mysqli->real_connect()
#1 /home/dnzwygdo/djuragancom/vendor/codeigniter4/framework/system/Database/BaseConnection.php(382): CodeIgniter\Database\MySQLi\Connection->connect()
#2 /home/dnzwygdo/djuragancom/vendor/codeigniter4/framework/system/Database/BaseConnection.php(588): CodeIgniter\Database\BaseConnection->initialize()
#3 /home/dnzwygdo/djuragancom/vendor/codeigniter4/framework/system/Database/BaseBuilder.php(1585): CodeIgniter\Database\BaseConnection->query()
#4 /home/dnzwygdo/djuragancom/vendor/codeigniter4/framework/system/Model.php(249): CodeIgniter\Database\BaseBuilder->get()
#5 /home/dnzwygdo/djuragancom/vendor/codeigniter4/framework/system/BaseModel.php(622): CodeIgniter\Model->doFirst()
#6 /home/dnzwygdo/djuragancom/app/Controllers/Auth.php(31): CodeIgniter\BaseModel->first()
#7 /home/dnzwygdo/djuragancom/vendor/codeigniter4/framework/system/CodeIgniter.php(898): App\Controllers\Auth->index()
#8 /home/dnzwygdo/djuragancom/vendor/codeigniter4/framework/system/CodeIgniter.php(457): CodeIgniter\CodeIgniter->runController()
#9 /home/dnzwygdo/djuragancom/vendor/codeigniter4/framework/system/CodeIgniter.php(340): CodeIgniter\CodeIgniter->handleRequest()
#10 /home/dnzwygdo/public_html/index.php(67): CodeIgniter\CodeIgniter->run()
#11 {main}

Next CodeIgniter\Database\Exceptions\DatabaseException: No such file or directory in /home/dnzwygdo/djuragancom/vendor/codeigniter4/framework/system/Database/MySQLi/Connection.php:215
Stack trace:
#0 /home/dnzwygdo/djuragancom/vendor/codeigniter4/framework/system/Database/BaseConnection.php(382): CodeIgniter\Database\MySQLi\Connection->connect()
#1 /home/dnzwygdo/djuragancom/vendor/codeigniter4/framework/system/Database/BaseConnection.php(588): CodeIgniter\Database\BaseConnection->initialize()
#2 /home/dnzwygdo/djuragancom/vendor/codeigniter4/framework/system/Database/BaseBuilder.php(1585): CodeIgniter\Database\BaseConnection->query()
#3 /home/dnzwygdo/djuragancom/vendor/codeigniter4/framework/system/Model.php(249): CodeIgniter\Database\BaseBuilder->get()
#4 /home/dnzwygdo/djuragancom/vendor/codeigniter4/framework/system/BaseModel.php(622): CodeIgniter\Model->doFirst()
#5 /home/dnzwygdo/djuragancom/app/Controllers/Auth.php(31): CodeIgniter\BaseModel->first()
#6 /home/dnzwygdo/djuragancom/vendor/codeigniter4/framework/system/CodeIgniter.php(898): App\Controllers\Auth->index()
#7 /home/dnzwygdo/djuragancom/vendor/codeigniter4/framework/system/CodeIgniter.php(457): CodeIgniter\CodeIgniter->runController()
#8 /home/dnzwygdo/djuragancom/vendor/codeigniter4/framework/system/CodeIgniter.php(340): CodeIgniter\CodeIgniter->handleRequest()
#9 /home/dnzwygdo/public_html/index.php(67): CodeIgniter\CodeIgniter->run()
#10 {main}
CRITICAL - 2024-07-01 08:45:01 --> Unable to connect to the database.
Main connection [MySQLi]: No such file or directory
in SYSTEMPATH/Database/BaseConnection.php on line 418.
 1 SYSTEMPATH/Database/BaseConnection.php(588): CodeIgniter\Database\BaseConnection->initialize()
 2 SYSTEMPATH/Database/BaseBuilder.php(1585): CodeIgniter\Database\BaseConnection->query()
 3 SYSTEMPATH/Model.php(249): CodeIgniter\Database\BaseBuilder->get()
 4 SYSTEMPATH/BaseModel.php(622): CodeIgniter\Model->doFirst()
 5 APPPATH/Controllers/Auth.php(31): CodeIgniter\BaseModel->first()
 6 SYSTEMPATH/CodeIgniter.php(898): App\Controllers\Auth->index()
 7 SYSTEMPATH/CodeIgniter.php(457): CodeIgniter\CodeIgniter->runController()
 8 SYSTEMPATH/CodeIgniter.php(340): CodeIgniter\CodeIgniter->handleRequest()
 9 FCPATH/index.php(67): CodeIgniter\CodeIgniter->run()
ERROR - 2024-07-01 08:45:19 --> Error connecting to the database: mysqli_sql_exception: No such file or directory in /home/dnzwygdo/djuragancom/vendor/codeigniter4/framework/system/Database/MySQLi/Connection.php:170
Stack trace:
#0 /home/dnzwygdo/djuragancom/vendor/codeigniter4/framework/system/Database/MySQLi/Connection.php(170): mysqli->real_connect()
#1 /home/dnzwygdo/djuragancom/vendor/codeigniter4/framework/system/Database/BaseConnection.php(382): CodeIgniter\Database\MySQLi\Connection->connect()
#2 /home/dnzwygdo/djuragancom/vendor/codeigniter4/framework/system/Database/BaseConnection.php(588): CodeIgniter\Database\BaseConnection->initialize()
#3 /home/dnzwygdo/djuragancom/vendor/codeigniter4/framework/system/Database/BaseBuilder.php(1585): CodeIgniter\Database\BaseConnection->query()
#4 /home/dnzwygdo/djuragancom/vendor/codeigniter4/framework/system/Model.php(249): CodeIgniter\Database\BaseBuilder->get()
#5 /home/dnzwygdo/djuragancom/vendor/codeigniter4/framework/system/BaseModel.php(622): CodeIgniter\Model->doFirst()
#6 /home/dnzwygdo/djuragancom/app/Controllers/Auth.php(31): CodeIgniter\BaseModel->first()
#7 /home/dnzwygdo/djuragancom/vendor/codeigniter4/framework/system/CodeIgniter.php(898): App\Controllers\Auth->index()
#8 /home/dnzwygdo/djuragancom/vendor/codeigniter4/framework/system/CodeIgniter.php(457): CodeIgniter\CodeIgniter->runController()
#9 /home/dnzwygdo/djuragancom/vendor/codeigniter4/framework/system/CodeIgniter.php(340): CodeIgniter\CodeIgniter->handleRequest()
#10 /home/dnzwygdo/public_html/index.php(67): CodeIgniter\CodeIgniter->run()
#11 {main}

Next CodeIgniter\Database\Exceptions\DatabaseException: No such file or directory in /home/dnzwygdo/djuragancom/vendor/codeigniter4/framework/system/Database/MySQLi/Connection.php:215
Stack trace:
#0 /home/dnzwygdo/djuragancom/vendor/codeigniter4/framework/system/Database/BaseConnection.php(382): CodeIgniter\Database\MySQLi\Connection->connect()
#1 /home/dnzwygdo/djuragancom/vendor/codeigniter4/framework/system/Database/BaseConnection.php(588): CodeIgniter\Database\BaseConnection->initialize()
#2 /home/dnzwygdo/djuragancom/vendor/codeigniter4/framework/system/Database/BaseBuilder.php(1585): CodeIgniter\Database\BaseConnection->query()
#3 /home/dnzwygdo/djuragancom/vendor/codeigniter4/framework/system/Model.php(249): CodeIgniter\Database\BaseBuilder->get()
#4 /home/dnzwygdo/djuragancom/vendor/codeigniter4/framework/system/BaseModel.php(622): CodeIgniter\Model->doFirst()
#5 /home/dnzwygdo/djuragancom/app/Controllers/Auth.php(31): CodeIgniter\BaseModel->first()
#6 /home/dnzwygdo/djuragancom/vendor/codeigniter4/framework/system/CodeIgniter.php(898): App\Controllers\Auth->index()
#7 /home/dnzwygdo/djuragancom/vendor/codeigniter4/framework/system/CodeIgniter.php(457): CodeIgniter\CodeIgniter->runController()
#8 /home/dnzwygdo/djuragancom/vendor/codeigniter4/framework/system/CodeIgniter.php(340): CodeIgniter\CodeIgniter->handleRequest()
#9 /home/dnzwygdo/public_html/index.php(67): CodeIgniter\CodeIgniter->run()
#10 {main}
CRITICAL - 2024-07-01 08:45:19 --> Unable to connect to the database.
Main connection [MySQLi]: No such file or directory
in SYSTEMPATH/Database/BaseConnection.php on line 418.
 1 SYSTEMPATH/Database/BaseConnection.php(588): CodeIgniter\Database\BaseConnection->initialize()
 2 SYSTEMPATH/Database/BaseBuilder.php(1585): CodeIgniter\Database\BaseConnection->query()
 3 SYSTEMPATH/Model.php(249): CodeIgniter\Database\BaseBuilder->get()
 4 SYSTEMPATH/BaseModel.php(622): CodeIgniter\Model->doFirst()
 5 APPPATH/Controllers/Auth.php(31): CodeIgniter\BaseModel->first()
 6 SYSTEMPATH/CodeIgniter.php(898): App\Controllers\Auth->index()
 7 SYSTEMPATH/CodeIgniter.php(457): CodeIgniter\CodeIgniter->runController()
 8 SYSTEMPATH/CodeIgniter.php(340): CodeIgniter\CodeIgniter->handleRequest()
 9 FCPATH/index.php(67): CodeIgniter\CodeIgniter->run()
ERROR - 2024-07-01 09:12:13 --> Error connecting to the database: mysqli_sql_exception: Can't connect to local MySQL server through socket '/var/lib/mysql/mysql.sock' (2) in /home/dnzwygdo/djuragancom/vendor/codeigniter4/framework/system/Database/MySQLi/Connection.php:171
Stack trace:
#0 /home/dnzwygdo/djuragancom/vendor/codeigniter4/framework/system/Database/MySQLi/Connection.php(171): mysqli->real_connect('localhost', 'dnzwygdo_jura94...', 'v[,S+a7zlZd0', 'dnzwygdo_juraga...', 3306, '', 0)
#1 /home/dnzwygdo/djuragancom/vendor/codeigniter4/framework/system/Database/BaseConnection.php(382): CodeIgniter\Database\MySQLi\Connection->connect(false)
#2 /home/dnzwygdo/djuragancom/vendor/codeigniter4/framework/system/Database/BaseConnection.php(588): CodeIgniter\Database\BaseConnection->initialize()
#3 /home/dnzwygdo/djuragancom/vendor/codeigniter4/framework/system/Database/BaseBuilder.php(1585): CodeIgniter\Database\BaseConnection->query('SELECT *\nFROM `...', Array, false)
#4 /home/dnzwygdo/djuragancom/vendor/codeigniter4/framework/system/Model.php(249): CodeIgniter\Database\BaseBuilder->get()
#5 /home/dnzwygdo/djuragancom/vendor/codeigniter4/framework/system/BaseModel.php(622): CodeIgniter\Model->doFirst()
#6 /home/dnzwygdo/djuragancom/app/Controllers/Auth.php(31): CodeIgniter\BaseModel->first()
#7 /home/dnzwygdo/djuragancom/vendor/codeigniter4/framework/system/CodeIgniter.php(898): App\Controllers\Auth->index()
#8 /home/dnzwygdo/djuragancom/vendor/codeigniter4/framework/system/CodeIgniter.php(457): CodeIgniter\CodeIgniter->runController(Object(App\Controllers\Auth))
#9 /home/dnzwygdo/djuragancom/vendor/codeigniter4/framework/system/CodeIgniter.php(340): CodeIgniter\CodeIgniter->handleRequest(NULL, Object(Config\Cache), false)
#10 /home/dnzwygdo/public_html/index.php(67): CodeIgniter\CodeIgniter->run()
#11 {main}

Next CodeIgniter\Database\Exceptions\DatabaseException: Can't connect to local MySQL server through socket '/var/lib/mysql/mysql.sock' (2) in /home/dnzwygdo/djuragancom/vendor/codeigniter4/framework/system/Database/MySQLi/Connection.php:215
Stack trace:
#0 /home/dnzwygdo/djuragancom/vendor/codeigniter4/framework/system/Database/BaseConnection.php(382): CodeIgniter\Database\MySQLi\Connection->connect(false)
#1 /home/dnzwygdo/djuragancom/vendor/codeigniter4/framework/system/Database/BaseConnection.php(588): CodeIgniter\Database\BaseConnection->initialize()
#2 /home/dnzwygdo/djuragancom/vendor/codeigniter4/framework/system/Database/BaseBuilder.php(1585): CodeIgniter\Database\BaseConnection->query('SELECT *\nFROM `...', Array, false)
#3 /home/dnzwygdo/djuragancom/vendor/codeigniter4/framework/system/Model.php(249): CodeIgniter\Database\BaseBuilder->get()
#4 /home/dnzwygdo/djuragancom/vendor/codeigniter4/framework/system/BaseModel.php(622): CodeIgniter\Model->doFirst()
#5 /home/dnzwygdo/djuragancom/app/Controllers/Auth.php(31): CodeIgniter\BaseModel->first()
#6 /home/dnzwygdo/djuragancom/vendor/codeigniter4/framework/system/CodeIgniter.php(898): App\Controllers\Auth->index()
#7 /home/dnzwygdo/djuragancom/vendor/codeigniter4/framework/system/CodeIgniter.php(457): CodeIgniter\CodeIgniter->runController(Object(App\Controllers\Auth))
#8 /home/dnzwygdo/djuragancom/vendor/codeigniter4/framework/system/CodeIgniter.php(340): CodeIgniter\CodeIgniter->handleRequest(NULL, Object(Config\Cache), false)
#9 /home/dnzwygdo/public_html/index.php(67): CodeIgniter\CodeIgniter->run()
#10 {main}
CRITICAL - 2024-07-01 09:12:14 --> Unable to connect to the database.
Main connection [MySQLi]: Can't connect to local MySQL server through socket '/var/lib/mysql/mysql.sock' (2)
in SYSTEMPATH/Database/BaseConnection.php on line 418.
 1 SYSTEMPATH/Database/BaseConnection.php(588): CodeIgniter\Database\BaseConnection->initialize()
 2 SYSTEMPATH/Database/BaseBuilder.php(1585): CodeIgniter\Database\BaseConnection->query('SELECT *
FROM `order_user`
WHERE `username` = :username:
AND `order_user`.`deleted_at` IS NULL
 LIMIT 1', [...], false)
 3 SYSTEMPATH/Model.php(249): CodeIgniter\Database\BaseBuilder->get()
 4 SYSTEMPATH/BaseModel.php(622): CodeIgniter\Model->doFirst()
 5 APPPATH/Controllers/Auth.php(31): CodeIgniter\BaseModel->first()
 6 SYSTEMPATH/CodeIgniter.php(898): App\Controllers\Auth->index()
 7 SYSTEMPATH/CodeIgniter.php(457): CodeIgniter\CodeIgniter->runController(Object(App\Controllers\Auth))
 8 SYSTEMPATH/CodeIgniter.php(340): CodeIgniter\CodeIgniter->handleRequest(null, Object(Config\Cache), false)
 9 FCPATH/index.php(67): CodeIgniter\CodeIgniter->run()
ERROR - 2024-07-01 09:14:14 --> Error connecting to the database: mysqli_sql_exception: Can't connect to local MySQL server through socket '/var/lib/mysql/mysql.sock' (2) in /home/dnzwygdo/djuragancom/vendor/codeigniter4/framework/system/Database/MySQLi/Connection.php:171
Stack trace:
#0 /home/dnzwygdo/djuragancom/vendor/codeigniter4/framework/system/Database/MySQLi/Connection.php(171): mysqli->real_connect('localhost', 'dnzwygdo_jura94...', 'v[,S+a7zlZd0', 'dnzwygdo_juraga...', 3306, '', 0)
#1 /home/dnzwygdo/djuragancom/vendor/codeigniter4/framework/system/Database/BaseConnection.php(382): CodeIgniter\Database\MySQLi\Connection->connect(false)
#2 /home/dnzwygdo/djuragancom/vendor/codeigniter4/framework/system/Database/BaseConnection.php(588): CodeIgniter\Database\BaseConnection->initialize()
#3 /home/dnzwygdo/djuragancom/vendor/codeigniter4/framework/system/Database/BaseBuilder.php(1585): CodeIgniter\Database\BaseConnection->query('SELECT *\nFROM `...', Array, false)
#4 /home/dnzwygdo/djuragancom/vendor/codeigniter4/framework/system/Model.php(249): CodeIgniter\Database\BaseBuilder->get()
#5 /home/dnzwygdo/djuragancom/vendor/codeigniter4/framework/system/BaseModel.php(622): CodeIgniter\Model->doFirst()
#6 /home/dnzwygdo/djuragancom/app/Controllers/Auth.php(31): CodeIgniter\BaseModel->first()
#7 /home/dnzwygdo/djuragancom/vendor/codeigniter4/framework/system/CodeIgniter.php(898): App\Controllers\Auth->index()
#8 /home/dnzwygdo/djuragancom/vendor/codeigniter4/framework/system/CodeIgniter.php(457): CodeIgniter\CodeIgniter->runController(Object(App\Controllers\Auth))
#9 /home/dnzwygdo/djuragancom/vendor/codeigniter4/framework/system/CodeIgniter.php(340): CodeIgniter\CodeIgniter->handleRequest(NULL, Object(Config\Cache), false)
#10 /home/dnzwygdo/public_html/index.php(67): CodeIgniter\CodeIgniter->run()
#11 {main}

Next CodeIgniter\Database\Exceptions\DatabaseException: Can't connect to local MySQL server through socket '/var/lib/mysql/mysql.sock' (2) in /home/dnzwygdo/djuragancom/vendor/codeigniter4/framework/system/Database/MySQLi/Connection.php:215
Stack trace:
#0 /home/dnzwygdo/djuragancom/vendor/codeigniter4/framework/system/Database/BaseConnection.php(382): CodeIgniter\Database\MySQLi\Connection->connect(false)
#1 /home/dnzwygdo/djuragancom/vendor/codeigniter4/framework/system/Database/BaseConnection.php(588): CodeIgniter\Database\BaseConnection->initialize()
#2 /home/dnzwygdo/djuragancom/vendor/codeigniter4/framework/system/Database/BaseBuilder.php(1585): CodeIgniter\Database\BaseConnection->query('SELECT *\nFROM `...', Array, false)
#3 /home/dnzwygdo/djuragancom/vendor/codeigniter4/framework/system/Model.php(249): CodeIgniter\Database\BaseBuilder->get()
#4 /home/dnzwygdo/djuragancom/vendor/codeigniter4/framework/system/BaseModel.php(622): CodeIgniter\Model->doFirst()
#5 /home/dnzwygdo/djuragancom/app/Controllers/Auth.php(31): CodeIgniter\BaseModel->first()
#6 /home/dnzwygdo/djuragancom/vendor/codeigniter4/framework/system/CodeIgniter.php(898): App\Controllers\Auth->index()
#7 /home/dnzwygdo/djuragancom/vendor/codeigniter4/framework/system/CodeIgniter.php(457): CodeIgniter\CodeIgniter->runController(Object(App\Controllers\Auth))
#8 /home/dnzwygdo/djuragancom/vendor/codeigniter4/framework/system/CodeIgniter.php(340): CodeIgniter\CodeIgniter->handleRequest(NULL, Object(Config\Cache), false)
#9 /home/dnzwygdo/public_html/index.php(67): CodeIgniter\CodeIgniter->run()
#10 {main}
CRITICAL - 2024-07-01 09:14:14 --> Unable to connect to the database.
Main connection [MySQLi]: Can't connect to local MySQL server through socket '/var/lib/mysql/mysql.sock' (2)
in SYSTEMPATH/Database/BaseConnection.php on line 418.
 1 SYSTEMPATH/Database/BaseConnection.php(588): CodeIgniter\Database\BaseConnection->initialize()
 2 SYSTEMPATH/Database/BaseBuilder.php(1585): CodeIgniter\Database\BaseConnection->query('SELECT *
FROM `order_user`
WHERE `username` = :username:
AND `order_user`.`deleted_at` IS NULL
 LIMIT 1', [...], false)
 3 SYSTEMPATH/Model.php(249): CodeIgniter\Database\BaseBuilder->get()
 4 SYSTEMPATH/BaseModel.php(622): CodeIgniter\Model->doFirst()
 5 APPPATH/Controllers/Auth.php(31): CodeIgniter\BaseModel->first()
 6 SYSTEMPATH/CodeIgniter.php(898): App\Controllers\Auth->index()
 7 SYSTEMPATH/CodeIgniter.php(457): CodeIgniter\CodeIgniter->runController(Object(App\Controllers\Auth))
 8 SYSTEMPATH/CodeIgniter.php(340): CodeIgniter\CodeIgniter->handleRequest(null, Object(Config\Cache), false)
 9 FCPATH/index.php(67): CodeIgniter\CodeIgniter->run()
ERROR - 2024-07-01 09:17:58 --> Error connecting to the database: mysqli_sql_exception: Can't connect to local MySQL server through socket '/var/lib/mysql/mysql.sock' (2) in /home/dnzwygdo/djuragancom/vendor/codeigniter4/framework/system/Database/MySQLi/Connection.php:171
Stack trace:
#0 /home/dnzwygdo/djuragancom/vendor/codeigniter4/framework/system/Database/MySQLi/Connection.php(171): mysqli->real_connect('localhost', 'dnzwygdo_jura94...', 'v[,S+a7zlZd0', 'dnzwygdo_juraga...', 3306, '', 0)
#1 /home/dnzwygdo/djuragancom/vendor/codeigniter4/framework/system/Database/BaseConnection.php(382): CodeIgniter\Database\MySQLi\Connection->connect(false)
#2 /home/dnzwygdo/djuragancom/vendor/codeigniter4/framework/system/Database/BaseConnection.php(588): CodeIgniter\Database\BaseConnection->initialize()
#3 /home/dnzwygdo/djuragancom/vendor/codeigniter4/framework/system/Database/BaseBuilder.php(1585): CodeIgniter\Database\BaseConnection->query('SELECT *\nFROM `...', Array, false)
#4 /home/dnzwygdo/djuragancom/vendor/codeigniter4/framework/system/Model.php(249): CodeIgniter\Database\BaseBuilder->get()
#5 /home/dnzwygdo/djuragancom/vendor/codeigniter4/framework/system/BaseModel.php(622): CodeIgniter\Model->doFirst()
#6 /home/dnzwygdo/djuragancom/app/Controllers/Auth.php(31): CodeIgniter\BaseModel->first()
#7 /home/dnzwygdo/djuragancom/vendor/codeigniter4/framework/system/CodeIgniter.php(898): App\Controllers\Auth->index()
#8 /home/dnzwygdo/djuragancom/vendor/codeigniter4/framework/system/CodeIgniter.php(457): CodeIgniter\CodeIgniter->runController(Object(App\Controllers\Auth))
#9 /home/dnzwygdo/djuragancom/vendor/codeigniter4/framework/system/CodeIgniter.php(340): CodeIgniter\CodeIgniter->handleRequest(NULL, Object(Config\Cache), false)
#10 /home/dnzwygdo/public_html/index.php(67): CodeIgniter\CodeIgniter->run()
#11 {main}

Next CodeIgniter\Database\Exceptions\DatabaseException: Can't connect to local MySQL server through socket '/var/lib/mysql/mysql.sock' (2) in /home/dnzwygdo/djuragancom/vendor/codeigniter4/framework/system/Database/MySQLi/Connection.php:215
Stack trace:
#0 /home/dnzwygdo/djuragancom/vendor/codeigniter4/framework/system/Database/BaseConnection.php(382): CodeIgniter\Database\MySQLi\Connection->connect(false)
#1 /home/dnzwygdo/djuragancom/vendor/codeigniter4/framework/system/Database/BaseConnection.php(588): CodeIgniter\Database\BaseConnection->initialize()
#2 /home/dnzwygdo/djuragancom/vendor/codeigniter4/framework/system/Database/BaseBuilder.php(1585): CodeIgniter\Database\BaseConnection->query('SELECT *\nFROM `...', Array, false)
#3 /home/dnzwygdo/djuragancom/vendor/codeigniter4/framework/system/Model.php(249): CodeIgniter\Database\BaseBuilder->get()
#4 /home/dnzwygdo/djuragancom/vendor/codeigniter4/framework/system/BaseModel.php(622): CodeIgniter\Model->doFirst()
#5 /home/dnzwygdo/djuragancom/app/Controllers/Auth.php(31): CodeIgniter\BaseModel->first()
#6 /home/dnzwygdo/djuragancom/vendor/codeigniter4/framework/system/CodeIgniter.php(898): App\Controllers\Auth->index()
#7 /home/dnzwygdo/djuragancom/vendor/codeigniter4/framework/system/CodeIgniter.php(457): CodeIgniter\CodeIgniter->runController(Object(App\Controllers\Auth))
#8 /home/dnzwygdo/djuragancom/vendor/codeigniter4/framework/system/CodeIgniter.php(340): CodeIgniter\CodeIgniter->handleRequest(NULL, Object(Config\Cache), false)
#9 /home/dnzwygdo/public_html/index.php(67): CodeIgniter\CodeIgniter->run()
#10 {main}
CRITICAL - 2024-07-01 09:17:58 --> Unable to connect to the database.
Main connection [MySQLi]: Can't connect to local MySQL server through socket '/var/lib/mysql/mysql.sock' (2)
in SYSTEMPATH/Database/BaseConnection.php on line 418.
 1 SYSTEMPATH/Database/BaseConnection.php(588): CodeIgniter\Database\BaseConnection->initialize()
 2 SYSTEMPATH/Database/BaseBuilder.php(1585): CodeIgniter\Database\BaseConnection->query('SELECT *
FROM `order_user`
WHERE `username` = :username:
AND `order_user`.`deleted_at` IS NULL
 LIMIT 1', [...], false)
 3 SYSTEMPATH/Model.php(249): CodeIgniter\Database\BaseBuilder->get()
 4 SYSTEMPATH/BaseModel.php(622): CodeIgniter\Model->doFirst()
 5 APPPATH/Controllers/Auth.php(31): CodeIgniter\BaseModel->first()
 6 SYSTEMPATH/CodeIgniter.php(898): App\Controllers\Auth->index()
 7 SYSTEMPATH/CodeIgniter.php(457): CodeIgniter\CodeIgniter->runController(Object(App\Controllers\Auth))
 8 SYSTEMPATH/CodeIgniter.php(340): CodeIgniter\CodeIgniter->handleRequest(null, Object(Config\Cache), false)
 9 FCPATH/index.php(67): CodeIgniter\CodeIgniter->run()
ERROR - 2024-07-01 09:18:06 --> Error connecting to the database: mysqli_sql_exception: Can't connect to local MySQL server through socket '/var/lib/mysql/mysql.sock' (2) in /home/dnzwygdo/djuragancom/vendor/codeigniter4/framework/system/Database/MySQLi/Connection.php:171
Stack trace:
#0 /home/dnzwygdo/djuragancom/vendor/codeigniter4/framework/system/Database/MySQLi/Connection.php(171): mysqli->real_connect('localhost', 'dnzwygdo_jura94...', 'v[,S+a7zlZd0', 'dnzwygdo_juraga...', 3306, '', 0)
#1 /home/dnzwygdo/djuragancom/vendor/codeigniter4/framework/system/Database/BaseConnection.php(382): CodeIgniter\Database\MySQLi\Connection->connect(false)
#2 /home/dnzwygdo/djuragancom/vendor/codeigniter4/framework/system/Database/BaseConnection.php(588): CodeIgniter\Database\BaseConnection->initialize()
#3 /home/dnzwygdo/djuragancom/vendor/codeigniter4/framework/system/Database/BaseBuilder.php(1585): CodeIgniter\Database\BaseConnection->query('SELECT *\nFROM `...', Array, false)
#4 /home/dnzwygdo/djuragancom/vendor/codeigniter4/framework/system/Model.php(249): CodeIgniter\Database\BaseBuilder->get()
#5 /home/dnzwygdo/djuragancom/vendor/codeigniter4/framework/system/BaseModel.php(622): CodeIgniter\Model->doFirst()
#6 /home/dnzwygdo/djuragancom/app/Controllers/Auth.php(31): CodeIgniter\BaseModel->first()
#7 /home/dnzwygdo/djuragancom/vendor/codeigniter4/framework/system/CodeIgniter.php(898): App\Controllers\Auth->index()
#8 /home/dnzwygdo/djuragancom/vendor/codeigniter4/framework/system/CodeIgniter.php(457): CodeIgniter\CodeIgniter->runController(Object(App\Controllers\Auth))
#9 /home/dnzwygdo/djuragancom/vendor/codeigniter4/framework/system/CodeIgniter.php(340): CodeIgniter\CodeIgniter->handleRequest(NULL, Object(Config\Cache), false)
#10 /home/dnzwygdo/public_html/index.php(67): CodeIgniter\CodeIgniter->run()
#11 {main}

Next CodeIgniter\Database\Exceptions\DatabaseException: Can't connect to local MySQL server through socket '/var/lib/mysql/mysql.sock' (2) in /home/dnzwygdo/djuragancom/vendor/codeigniter4/framework/system/Database/MySQLi/Connection.php:215
Stack trace:
#0 /home/dnzwygdo/djuragancom/vendor/codeigniter4/framework/system/Database/BaseConnection.php(382): CodeIgniter\Database\MySQLi\Connection->connect(false)
#1 /home/dnzwygdo/djuragancom/vendor/codeigniter4/framework/system/Database/BaseConnection.php(588): CodeIgniter\Database\BaseConnection->initialize()
#2 /home/dnzwygdo/djuragancom/vendor/codeigniter4/framework/system/Database/BaseBuilder.php(1585): CodeIgniter\Database\BaseConnection->query('SELECT *\nFROM `...', Array, false)
#3 /home/dnzwygdo/djuragancom/vendor/codeigniter4/framework/system/Model.php(249): CodeIgniter\Database\BaseBuilder->get()
#4 /home/dnzwygdo/djuragancom/vendor/codeigniter4/framework/system/BaseModel.php(622): CodeIgniter\Model->doFirst()
#5 /home/dnzwygdo/djuragancom/app/Controllers/Auth.php(31): CodeIgniter\BaseModel->first()
#6 /home/dnzwygdo/djuragancom/vendor/codeigniter4/framework/system/CodeIgniter.php(898): App\Controllers\Auth->index()
#7 /home/dnzwygdo/djuragancom/vendor/codeigniter4/framework/system/CodeIgniter.php(457): CodeIgniter\CodeIgniter->runController(Object(App\Controllers\Auth))
#8 /home/dnzwygdo/djuragancom/vendor/codeigniter4/framework/system/CodeIgniter.php(340): CodeIgniter\CodeIgniter->handleRequest(NULL, Object(Config\Cache), false)
#9 /home/dnzwygdo/public_html/index.php(67): CodeIgniter\CodeIgniter->run()
#10 {main}
CRITICAL - 2024-07-01 09:18:06 --> Unable to connect to the database.
Main connection [MySQLi]: Can't connect to local MySQL server through socket '/var/lib/mysql/mysql.sock' (2)
in SYSTEMPATH/Database/BaseConnection.php on line 418.
 1 SYSTEMPATH/Database/BaseConnection.php(588): CodeIgniter\Database\BaseConnection->initialize()
 2 SYSTEMPATH/Database/BaseBuilder.php(1585): CodeIgniter\Database\BaseConnection->query('SELECT *
FROM `order_user`
WHERE `username` = :username:
AND `order_user`.`deleted_at` IS NULL
 LIMIT 1', [...], false)
 3 SYSTEMPATH/Model.php(249): CodeIgniter\Database\BaseBuilder->get()
 4 SYSTEMPATH/BaseModel.php(622): CodeIgniter\Model->doFirst()
 5 APPPATH/Controllers/Auth.php(31): CodeIgniter\BaseModel->first()
 6 SYSTEMPATH/CodeIgniter.php(898): App\Controllers\Auth->index()
 7 SYSTEMPATH/CodeIgniter.php(457): CodeIgniter\CodeIgniter->runController(Object(App\Controllers\Auth))
 8 SYSTEMPATH/CodeIgniter.php(340): CodeIgniter\CodeIgniter->handleRequest(null, Object(Config\Cache), false)
 9 FCPATH/index.php(67): CodeIgniter\CodeIgniter->run()
ERROR - 2024-07-01 09:41:10 --> Error connecting to the database: mysqli_sql_exception: Can't connect to local MySQL server through socket '/var/lib/mysql/mysql.sock' (2) in /home/dnzwygdo/djuragancom/vendor/codeigniter4/framework/system/Database/MySQLi/Connection.php:171
Stack trace:
#0 /home/dnzwygdo/djuragancom/vendor/codeigniter4/framework/system/Database/MySQLi/Connection.php(171): mysqli->real_connect('localhost', 'dnzwygdo_jura94...', 'v[,S+a7zlZd0', 'dnzwygdo_juraga...', 3306, '', 0)
#1 /home/dnzwygdo/djuragancom/vendor/codeigniter4/framework/system/Database/BaseConnection.php(382): CodeIgniter\Database\MySQLi\Connection->connect(false)
#2 /home/dnzwygdo/djuragancom/vendor/codeigniter4/framework/system/Database/BaseConnection.php(588): CodeIgniter\Database\BaseConnection->initialize()
#3 /home/dnzwygdo/djuragancom/vendor/codeigniter4/framework/system/Database/BaseBuilder.php(1585): CodeIgniter\Database\BaseConnection->query('SELECT *\nFROM `...', Array, false)
#4 /home/dnzwygdo/djuragancom/vendor/codeigniter4/framework/system/Model.php(249): CodeIgniter\Database\BaseBuilder->get()
#5 /home/dnzwygdo/djuragancom/vendor/codeigniter4/framework/system/BaseModel.php(622): CodeIgniter\Model->doFirst()
#6 /home/dnzwygdo/djuragancom/app/Controllers/Auth.php(31): CodeIgniter\BaseModel->first()
#7 /home/dnzwygdo/djuragancom/vendor/codeigniter4/framework/system/CodeIgniter.php(898): App\Controllers\Auth->index()
#8 /home/dnzwygdo/djuragancom/vendor/codeigniter4/framework/system/CodeIgniter.php(457): CodeIgniter\CodeIgniter->runController(Object(App\Controllers\Auth))
#9 /home/dnzwygdo/djuragancom/vendor/codeigniter4/framework/system/CodeIgniter.php(340): CodeIgniter\CodeIgniter->handleRequest(NULL, Object(Config\Cache), false)
#10 /home/dnzwygdo/public_html/index.php(67): CodeIgniter\CodeIgniter->run()
#11 {main}

Next CodeIgniter\Database\Exceptions\DatabaseException: Can't connect to local MySQL server through socket '/var/lib/mysql/mysql.sock' (2) in /home/dnzwygdo/djuragancom/vendor/codeigniter4/framework/system/Database/MySQLi/Connection.php:215
Stack trace:
#0 /home/dnzwygdo/djuragancom/vendor/codeigniter4/framework/system/Database/BaseConnection.php(382): CodeIgniter\Database\MySQLi\Connection->connect(false)
#1 /home/dnzwygdo/djuragancom/vendor/codeigniter4/framework/system/Database/BaseConnection.php(588): CodeIgniter\Database\BaseConnection->initialize()
#2 /home/dnzwygdo/djuragancom/vendor/codeigniter4/framework/system/Database/BaseBuilder.php(1585): CodeIgniter\Database\BaseConnection->query('SELECT *\nFROM `...', Array, false)
#3 /home/dnzwygdo/djuragancom/vendor/codeigniter4/framework/system/Model.php(249): CodeIgniter\Database\BaseBuilder->get()
#4 /home/dnzwygdo/djuragancom/vendor/codeigniter4/framework/system/BaseModel.php(622): CodeIgniter\Model->doFirst()
#5 /home/dnzwygdo/djuragancom/app/Controllers/Auth.php(31): CodeIgniter\BaseModel->first()
#6 /home/dnzwygdo/djuragancom/vendor/codeigniter4/framework/system/CodeIgniter.php(898): App\Controllers\Auth->index()
#7 /home/dnzwygdo/djuragancom/vendor/codeigniter4/framework/system/CodeIgniter.php(457): CodeIgniter\CodeIgniter->runController(Object(App\Controllers\Auth))
#8 /home/dnzwygdo/djuragancom/vendor/codeigniter4/framework/system/CodeIgniter.php(340): CodeIgniter\CodeIgniter->handleRequest(NULL, Object(Config\Cache), false)
#9 /home/dnzwygdo/public_html/index.php(67): CodeIgniter\CodeIgniter->run()
#10 {main}
CRITICAL - 2024-07-01 09:41:11 --> Unable to connect to the database.
Main connection [MySQLi]: Can't connect to local MySQL server through socket '/var/lib/mysql/mysql.sock' (2)
in SYSTEMPATH/Database/BaseConnection.php on line 418.
 1 SYSTEMPATH/Database/BaseConnection.php(588): CodeIgniter\Database\BaseConnection->initialize()
 2 SYSTEMPATH/Database/BaseBuilder.php(1585): CodeIgniter\Database\BaseConnection->query('SELECT *
FROM `order_user`
WHERE `username` = :username:
AND `order_user`.`deleted_at` IS NULL
 LIMIT 1', [...], false)
 3 SYSTEMPATH/Model.php(249): CodeIgniter\Database\BaseBuilder->get()
 4 SYSTEMPATH/BaseModel.php(622): CodeIgniter\Model->doFirst()
 5 APPPATH/Controllers/Auth.php(31): CodeIgniter\BaseModel->first()
 6 SYSTEMPATH/CodeIgniter.php(898): App\Controllers\Auth->index()
 7 SYSTEMPATH/CodeIgniter.php(457): CodeIgniter\CodeIgniter->runController(Object(App\Controllers\Auth))
 8 SYSTEMPATH/CodeIgniter.php(340): CodeIgniter\CodeIgniter->handleRequest(null, Object(Config\Cache), false)
 9 FCPATH/index.php(67): CodeIgniter\CodeIgniter->run()
ERROR - 2024-07-01 09:49:06 --> Error connecting to the database: mysqli_sql_exception: Can't connect to local MySQL server through socket '/var/lib/mysql/mysql.sock' (2) in /home/dnzwygdo/djuragancom/vendor/codeigniter4/framework/system/Database/MySQLi/Connection.php:171
Stack trace:
#0 /home/dnzwygdo/djuragancom/vendor/codeigniter4/framework/system/Database/MySQLi/Connection.php(171): mysqli->real_connect('localhost', 'dnzwygdo_jura94...', 'v[,S+a7zlZd0', 'dnzwygdo_juraga...', 3306, '', 0)
#1 /home/dnzwygdo/djuragancom/vendor/codeigniter4/framework/system/Database/BaseConnection.php(382): CodeIgniter\Database\MySQLi\Connection->connect(false)
#2 /home/dnzwygdo/djuragancom/vendor/codeigniter4/framework/system/Database/BaseConnection.php(588): CodeIgniter\Database\BaseConnection->initialize()
#3 /home/dnzwygdo/djuragancom/vendor/codeigniter4/framework/system/Database/BaseBuilder.php(1585): CodeIgniter\Database\BaseConnection->query('SELECT *\nFROM `...', Array, false)
#4 /home/dnzwygdo/djuragancom/vendor/codeigniter4/framework/system/Model.php(249): CodeIgniter\Database\BaseBuilder->get()
#5 /home/dnzwygdo/djuragancom/vendor/codeigniter4/framework/system/BaseModel.php(622): CodeIgniter\Model->doFirst()
#6 /home/dnzwygdo/djuragancom/app/Controllers/Auth.php(31): CodeIgniter\BaseModel->first()
#7 /home/dnzwygdo/djuragancom/vendor/codeigniter4/framework/system/CodeIgniter.php(898): App\Controllers\Auth->index()
#8 /home/dnzwygdo/djuragancom/vendor/codeigniter4/framework/system/CodeIgniter.php(457): CodeIgniter\CodeIgniter->runController(Object(App\Controllers\Auth))
#9 /home/dnzwygdo/djuragancom/vendor/codeigniter4/framework/system/CodeIgniter.php(340): CodeIgniter\CodeIgniter->handleRequest(NULL, Object(Config\Cache), false)
#10 /home/dnzwygdo/public_html/index.php(67): CodeIgniter\CodeIgniter->run()
#11 {main}

Next CodeIgniter\Database\Exceptions\DatabaseException: Can't connect to local MySQL server through socket '/var/lib/mysql/mysql.sock' (2) in /home/dnzwygdo/djuragancom/vendor/codeigniter4/framework/system/Database/MySQLi/Connection.php:215
Stack trace:
#0 /home/dnzwygdo/djuragancom/vendor/codeigniter4/framework/system/Database/BaseConnection.php(382): CodeIgniter\Database\MySQLi\Connection->connect(false)
#1 /home/dnzwygdo/djuragancom/vendor/codeigniter4/framework/system/Database/BaseConnection.php(588): CodeIgniter\Database\BaseConnection->initialize()
#2 /home/dnzwygdo/djuragancom/vendor/codeigniter4/framework/system/Database/BaseBuilder.php(1585): CodeIgniter\Database\BaseConnection->query('SELECT *\nFROM `...', Array, false)
#3 /home/dnzwygdo/djuragancom/vendor/codeigniter4/framework/system/Model.php(249): CodeIgniter\Database\BaseBuilder->get()
#4 /home/dnzwygdo/djuragancom/vendor/codeigniter4/framework/system/BaseModel.php(622): CodeIgniter\Model->doFirst()
#5 /home/dnzwygdo/djuragancom/app/Controllers/Auth.php(31): CodeIgniter\BaseModel->first()
#6 /home/dnzwygdo/djuragancom/vendor/codeigniter4/framework/system/CodeIgniter.php(898): App\Controllers\Auth->index()
#7 /home/dnzwygdo/djuragancom/vendor/codeigniter4/framework/system/CodeIgniter.php(457): CodeIgniter\CodeIgniter->runController(Object(App\Controllers\Auth))
#8 /home/dnzwygdo/djuragancom/vendor/codeigniter4/framework/system/CodeIgniter.php(340): CodeIgniter\CodeIgniter->handleRequest(NULL, Object(Config\Cache), false)
#9 /home/dnzwygdo/public_html/index.php(67): CodeIgniter\CodeIgniter->run()
#10 {main}
CRITICAL - 2024-07-01 09:49:06 --> Unable to connect to the database.
Main connection [MySQLi]: Can't connect to local MySQL server through socket '/var/lib/mysql/mysql.sock' (2)
in SYSTEMPATH/Database/BaseConnection.php on line 418.
 1 SYSTEMPATH/Database/BaseConnection.php(588): CodeIgniter\Database\BaseConnection->initialize()
 2 SYSTEMPATH/Database/BaseBuilder.php(1585): CodeIgniter\Database\BaseConnection->query('SELECT *
FROM `order_user`
WHERE `username` = :username:
AND `order_user`.`deleted_at` IS NULL
 LIMIT 1', [...], false)
 3 SYSTEMPATH/Model.php(249): CodeIgniter\Database\BaseBuilder->get()
 4 SYSTEMPATH/BaseModel.php(622): CodeIgniter\Model->doFirst()
 5 APPPATH/Controllers/Auth.php(31): CodeIgniter\BaseModel->first()
 6 SYSTEMPATH/CodeIgniter.php(898): App\Controllers\Auth->index()
 7 SYSTEMPATH/CodeIgniter.php(457): CodeIgniter\CodeIgniter->runController(Object(App\Controllers\Auth))
 8 SYSTEMPATH/CodeIgniter.php(340): CodeIgniter\CodeIgniter->handleRequest(null, Object(Config\Cache), false)
 9 FCPATH/index.php(67): CodeIgniter\CodeIgniter->run()
ERROR - 2024-07-01 10:11:13 --> Error connecting to the database: mysqli_sql_exception: Can't connect to local MySQL server through socket '/var/lib/mysql/mysql.sock' (2) in /home/dnzwygdo/djuragancom/vendor/codeigniter4/framework/system/Database/MySQLi/Connection.php:171
Stack trace:
#0 /home/dnzwygdo/djuragancom/vendor/codeigniter4/framework/system/Database/MySQLi/Connection.php(171): mysqli->real_connect('localhost', 'dnzwygdo_jura94...', 'v[,S+a7zlZd0', 'dnzwygdo_juraga...', 3306, '', 0)
#1 /home/dnzwygdo/djuragancom/vendor/codeigniter4/framework/system/Database/BaseConnection.php(382): CodeIgniter\Database\MySQLi\Connection->connect(false)
#2 /home/dnzwygdo/djuragancom/vendor/codeigniter4/framework/system/Database/BaseConnection.php(588): CodeIgniter\Database\BaseConnection->initialize()
#3 /home/dnzwygdo/djuragancom/vendor/codeigniter4/framework/system/Database/BaseBuilder.php(1585): CodeIgniter\Database\BaseConnection->query('SELECT *\nFROM `...', Array, false)
#4 /home/dnzwygdo/djuragancom/vendor/codeigniter4/framework/system/Model.php(249): CodeIgniter\Database\BaseBuilder->get()
#5 /home/dnzwygdo/djuragancom/vendor/codeigniter4/framework/system/BaseModel.php(622): CodeIgniter\Model->doFirst()
#6 /home/dnzwygdo/djuragancom/app/Controllers/Auth.php(31): CodeIgniter\BaseModel->first()
#7 /home/dnzwygdo/djuragancom/vendor/codeigniter4/framework/system/CodeIgniter.php(898): App\Controllers\Auth->index()
#8 /home/dnzwygdo/djuragancom/vendor/codeigniter4/framework/system/CodeIgniter.php(457): CodeIgniter\CodeIgniter->runController(Object(App\Controllers\Auth))
#9 /home/dnzwygdo/djuragancom/vendor/codeigniter4/framework/system/CodeIgniter.php(340): CodeIgniter\CodeIgniter->handleRequest(NULL, Object(Config\Cache), false)
#10 /home/dnzwygdo/public_html/index.php(67): CodeIgniter\CodeIgniter->run()
#11 {main}

Next CodeIgniter\Database\Exceptions\DatabaseException: Can't connect to local MySQL server through socket '/var/lib/mysql/mysql.sock' (2) in /home/dnzwygdo/djuragancom/vendor/codeigniter4/framework/system/Database/MySQLi/Connection.php:215
Stack trace:
#0 /home/dnzwygdo/djuragancom/vendor/codeigniter4/framework/system/Database/BaseConnection.php(382): CodeIgniter\Database\MySQLi\Connection->connect(false)
#1 /home/dnzwygdo/djuragancom/vendor/codeigniter4/framework/system/Database/BaseConnection.php(588): CodeIgniter\Database\BaseConnection->initialize()
#2 /home/dnzwygdo/djuragancom/vendor/codeigniter4/framework/system/Database/BaseBuilder.php(1585): CodeIgniter\Database\BaseConnection->query('SELECT *\nFROM `...', Array, false)
#3 /home/dnzwygdo/djuragancom/vendor/codeigniter4/framework/system/Model.php(249): CodeIgniter\Database\BaseBuilder->get()
#4 /home/dnzwygdo/djuragancom/vendor/codeigniter4/framework/system/BaseModel.php(622): CodeIgniter\Model->doFirst()
#5 /home/dnzwygdo/djuragancom/app/Controllers/Auth.php(31): CodeIgniter\BaseModel->first()
#6 /home/dnzwygdo/djuragancom/vendor/codeigniter4/framework/system/CodeIgniter.php(898): App\Controllers\Auth->index()
#7 /home/dnzwygdo/djuragancom/vendor/codeigniter4/framework/system/CodeIgniter.php(457): CodeIgniter\CodeIgniter->runController(Object(App\Controllers\Auth))
#8 /home/dnzwygdo/djuragancom/vendor/codeigniter4/framework/system/CodeIgniter.php(340): CodeIgniter\CodeIgniter->handleRequest(NULL, Object(Config\Cache), false)
#9 /home/dnzwygdo/public_html/index.php(67): CodeIgniter\CodeIgniter->run()
#10 {main}
CRITICAL - 2024-07-01 10:11:13 --> Unable to connect to the database.
Main connection [MySQLi]: Can't connect to local MySQL server through socket '/var/lib/mysql/mysql.sock' (2)
in SYSTEMPATH/Database/BaseConnection.php on line 418.
 1 SYSTEMPATH/Database/BaseConnection.php(588): CodeIgniter\Database\BaseConnection->initialize()
 2 SYSTEMPATH/Database/BaseBuilder.php(1585): CodeIgniter\Database\BaseConnection->query('SELECT *
FROM `order_user`
WHERE `username` = :username:
AND `order_user`.`deleted_at` IS NULL
 LIMIT 1', [...], false)
 3 SYSTEMPATH/Model.php(249): CodeIgniter\Database\BaseBuilder->get()
 4 SYSTEMPATH/BaseModel.php(622): CodeIgniter\Model->doFirst()
 5 APPPATH/Controllers/Auth.php(31): CodeIgniter\BaseModel->first()
 6 SYSTEMPATH/CodeIgniter.php(898): App\Controllers\Auth->index()
 7 SYSTEMPATH/CodeIgniter.php(457): CodeIgniter\CodeIgniter->runController(Object(App\Controllers\Auth))
 8 SYSTEMPATH/CodeIgniter.php(340): CodeIgniter\CodeIgniter->handleRequest(null, Object(Config\Cache), false)
 9 FCPATH/index.php(67): CodeIgniter\CodeIgniter->run()
ERROR - 2024-07-01 10:24:13 --> Error connecting to the database: mysqli_sql_exception: Can't connect to local MySQL server through socket '/var/lib/mysql/mysql.sock' (2) in /home/dnzwygdo/djuragancom/vendor/codeigniter4/framework/system/Database/MySQLi/Connection.php:171
Stack trace:
#0 /home/dnzwygdo/djuragancom/vendor/codeigniter4/framework/system/Database/MySQLi/Connection.php(171): mysqli->real_connect('localhost', 'dnzwygdo_jura94...', 'v[,S+a7zlZd0', 'dnzwygdo_juraga...', 3306, '', 0)
#1 /home/dnzwygdo/djuragancom/vendor/codeigniter4/framework/system/Database/BaseConnection.php(382): CodeIgniter\Database\MySQLi\Connection->connect(false)
#2 /home/dnzwygdo/djuragancom/vendor/codeigniter4/framework/system/Database/BaseConnection.php(588): CodeIgniter\Database\BaseConnection->initialize()
#3 /home/dnzwygdo/djuragancom/vendor/codeigniter4/framework/system/Database/BaseBuilder.php(1585): CodeIgniter\Database\BaseConnection->query('SELECT *\nFROM `...', Array, false)
#4 /home/dnzwygdo/djuragancom/vendor/codeigniter4/framework/system/Model.php(249): CodeIgniter\Database\BaseBuilder->get()
#5 /home/dnzwygdo/djuragancom/vendor/codeigniter4/framework/system/BaseModel.php(622): CodeIgniter\Model->doFirst()
#6 /home/dnzwygdo/djuragancom/app/Controllers/Auth.php(31): CodeIgniter\BaseModel->first()
#7 /home/dnzwygdo/djuragancom/vendor/codeigniter4/framework/system/CodeIgniter.php(898): App\Controllers\Auth->index()
#8 /home/dnzwygdo/djuragancom/vendor/codeigniter4/framework/system/CodeIgniter.php(457): CodeIgniter\CodeIgniter->runController(Object(App\Controllers\Auth))
#9 /home/dnzwygdo/djuragancom/vendor/codeigniter4/framework/system/CodeIgniter.php(340): CodeIgniter\CodeIgniter->handleRequest(NULL, Object(Config\Cache), false)
#10 /home/dnzwygdo/public_html/index.php(67): CodeIgniter\CodeIgniter->run()
#11 {main}

Next CodeIgniter\Database\Exceptions\DatabaseException: Can't connect to local MySQL server through socket '/var/lib/mysql/mysql.sock' (2) in /home/dnzwygdo/djuragancom/vendor/codeigniter4/framework/system/Database/MySQLi/Connection.php:215
Stack trace:
#0 /home/dnzwygdo/djuragancom/vendor/codeigniter4/framework/system/Database/BaseConnection.php(382): CodeIgniter\Database\MySQLi\Connection->connect(false)
#1 /home/dnzwygdo/djuragancom/vendor/codeigniter4/framework/system/Database/BaseConnection.php(588): CodeIgniter\Database\BaseConnection->initialize()
#2 /home/dnzwygdo/djuragancom/vendor/codeigniter4/framework/system/Database/BaseBuilder.php(1585): CodeIgniter\Database\BaseConnection->query('SELECT *\nFROM `...', Array, false)
#3 /home/dnzwygdo/djuragancom/vendor/codeigniter4/framework/system/Model.php(249): CodeIgniter\Database\BaseBuilder->get()
#4 /home/dnzwygdo/djuragancom/vendor/codeigniter4/framework/system/BaseModel.php(622): CodeIgniter\Model->doFirst()
#5 /home/dnzwygdo/djuragancom/app/Controllers/Auth.php(31): CodeIgniter\BaseModel->first()
#6 /home/dnzwygdo/djuragancom/vendor/codeigniter4/framework/system/CodeIgniter.php(898): App\Controllers\Auth->index()
#7 /home/dnzwygdo/djuragancom/vendor/codeigniter4/framework/system/CodeIgniter.php(457): CodeIgniter\CodeIgniter->runController(Object(App\Controllers\Auth))
#8 /home/dnzwygdo/djuragancom/vendor/codeigniter4/framework/system/CodeIgniter.php(340): CodeIgniter\CodeIgniter->handleRequest(NULL, Object(Config\Cache), false)
#9 /home/dnzwygdo/public_html/index.php(67): CodeIgniter\CodeIgniter->run()
#10 {main}
CRITICAL - 2024-07-01 10:24:13 --> Unable to connect to the database.
Main connection [MySQLi]: Can't connect to local MySQL server through socket '/var/lib/mysql/mysql.sock' (2)
in SYSTEMPATH/Database/BaseConnection.php on line 418.
 1 SYSTEMPATH/Database/BaseConnection.php(588): CodeIgniter\Database\BaseConnection->initialize()
 2 SYSTEMPATH/Database/BaseBuilder.php(1585): CodeIgniter\Database\BaseConnection->query('SELECT *
FROM `order_user`
WHERE `username` = :username:
AND `order_user`.`deleted_at` IS NULL
 LIMIT 1', [...], false)
 3 SYSTEMPATH/Model.php(249): CodeIgniter\Database\BaseBuilder->get()
 4 SYSTEMPATH/BaseModel.php(622): CodeIgniter\Model->doFirst()
 5 APPPATH/Controllers/Auth.php(31): CodeIgniter\BaseModel->first()
 6 SYSTEMPATH/CodeIgniter.php(898): App\Controllers\Auth->index()
 7 SYSTEMPATH/CodeIgniter.php(457): CodeIgniter\CodeIgniter->runController(Object(App\Controllers\Auth))
 8 SYSTEMPATH/CodeIgniter.php(340): CodeIgniter\CodeIgniter->handleRequest(null, Object(Config\Cache), false)
 9 FCPATH/index.php(67): CodeIgniter\CodeIgniter->run()
ERROR - 2024-07-01 10:25:04 --> Error connecting to the database: mysqli_sql_exception: Can't connect to local MySQL server through socket '/var/lib/mysql/mysql.sock' (2) in /home/dnzwygdo/djuragancom/vendor/codeigniter4/framework/system/Database/MySQLi/Connection.php:171
Stack trace:
#0 /home/dnzwygdo/djuragancom/vendor/codeigniter4/framework/system/Database/MySQLi/Connection.php(171): mysqli->real_connect('localhost', 'dnzwygdo_jura94...', 'v[,S+a7zlZd0', 'dnzwygdo_juraga...', 3306, '', 0)
#1 /home/dnzwygdo/djuragancom/vendor/codeigniter4/framework/system/Database/BaseConnection.php(382): CodeIgniter\Database\MySQLi\Connection->connect(false)
#2 /home/dnzwygdo/djuragancom/vendor/codeigniter4/framework/system/Database/BaseConnection.php(588): CodeIgniter\Database\BaseConnection->initialize()
#3 /home/dnzwygdo/djuragancom/vendor/codeigniter4/framework/system/Database/BaseBuilder.php(1585): CodeIgniter\Database\BaseConnection->query('SELECT *\nFROM `...', Array, false)
#4 /home/dnzwygdo/djuragancom/vendor/codeigniter4/framework/system/Model.php(249): CodeIgniter\Database\BaseBuilder->get()
#5 /home/dnzwygdo/djuragancom/vendor/codeigniter4/framework/system/BaseModel.php(622): CodeIgniter\Model->doFirst()
#6 /home/dnzwygdo/djuragancom/app/Controllers/Auth.php(31): CodeIgniter\BaseModel->first()
#7 /home/dnzwygdo/djuragancom/vendor/codeigniter4/framework/system/CodeIgniter.php(898): App\Controllers\Auth->index()
#8 /home/dnzwygdo/djuragancom/vendor/codeigniter4/framework/system/CodeIgniter.php(457): CodeIgniter\CodeIgniter->runController(Object(App\Controllers\Auth))
#9 /home/dnzwygdo/djuragancom/vendor/codeigniter4/framework/system/CodeIgniter.php(340): CodeIgniter\CodeIgniter->handleRequest(NULL, Object(Config\Cache), false)
#10 /home/dnzwygdo/public_html/index.php(67): CodeIgniter\CodeIgniter->run()
#11 {main}

Next CodeIgniter\Database\Exceptions\DatabaseException: Can't connect to local MySQL server through socket '/var/lib/mysql/mysql.sock' (2) in /home/dnzwygdo/djuragancom/vendor/codeigniter4/framework/system/Database/MySQLi/Connection.php:215
Stack trace:
#0 /home/dnzwygdo/djuragancom/vendor/codeigniter4/framework/system/Database/BaseConnection.php(382): CodeIgniter\Database\MySQLi\Connection->connect(false)
#1 /home/dnzwygdo/djuragancom/vendor/codeigniter4/framework/system/Database/BaseConnection.php(588): CodeIgniter\Database\BaseConnection->initialize()
#2 /home/dnzwygdo/djuragancom/vendor/codeigniter4/framework/system/Database/BaseBuilder.php(1585): CodeIgniter\Database\BaseConnection->query('SELECT *\nFROM `...', Array, false)
#3 /home/dnzwygdo/djuragancom/vendor/codeigniter4/framework/system/Model.php(249): CodeIgniter\Database\BaseBuilder->get()
#4 /home/dnzwygdo/djuragancom/vendor/codeigniter4/framework/system/BaseModel.php(622): CodeIgniter\Model->doFirst()
#5 /home/dnzwygdo/djuragancom/app/Controllers/Auth.php(31): CodeIgniter\BaseModel->first()
#6 /home/dnzwygdo/djuragancom/vendor/codeigniter4/framework/system/CodeIgniter.php(898): App\Controllers\Auth->index()
#7 /home/dnzwygdo/djuragancom/vendor/codeigniter4/framework/system/CodeIgniter.php(457): CodeIgniter\CodeIgniter->runController(Object(App\Controllers\Auth))
#8 /home/dnzwygdo/djuragancom/vendor/codeigniter4/framework/system/CodeIgniter.php(340): CodeIgniter\CodeIgniter->handleRequest(NULL, Object(Config\Cache), false)
#9 /home/dnzwygdo/public_html/index.php(67): CodeIgniter\CodeIgniter->run()
#10 {main}
CRITICAL - 2024-07-01 10:25:04 --> Unable to connect to the database.
Main connection [MySQLi]: Can't connect to local MySQL server through socket '/var/lib/mysql/mysql.sock' (2)
in SYSTEMPATH/Database/BaseConnection.php on line 418.
 1 SYSTEMPATH/Database/BaseConnection.php(588): CodeIgniter\Database\BaseConnection->initialize()
 2 SYSTEMPATH/Database/BaseBuilder.php(1585): CodeIgniter\Database\BaseConnection->query('SELECT *
FROM `order_user`
WHERE `username` = :username:
AND `order_user`.`deleted_at` IS NULL
 LIMIT 1', [...], false)
 3 SYSTEMPATH/Model.php(249): CodeIgniter\Database\BaseBuilder->get()
 4 SYSTEMPATH/BaseModel.php(622): CodeIgniter\Model->doFirst()
 5 APPPATH/Controllers/Auth.php(31): CodeIgniter\BaseModel->first()
 6 SYSTEMPATH/CodeIgniter.php(898): App\Controllers\Auth->index()
 7 SYSTEMPATH/CodeIgniter.php(457): CodeIgniter\CodeIgniter->runController(Object(App\Controllers\Auth))
 8 SYSTEMPATH/CodeIgniter.php(340): CodeIgniter\CodeIgniter->handleRequest(null, Object(Config\Cache), false)
 9 FCPATH/index.php(67): CodeIgniter\CodeIgniter->run()
ERROR - 2024-07-01 10:35:14 --> Error connecting to the database: mysqli_sql_exception: Access denied for user 'dnzwygdo_jura94n'@'localhost' (using password: YES) in /home/dnzwygdo/djuragancom/vendor/codeigniter4/framework/system/Database/MySQLi/Connection.php:171
Stack trace:
#0 /home/dnzwygdo/djuragancom/vendor/codeigniter4/framework/system/Database/MySQLi/Connection.php(171): mysqli->real_connect('localhost', 'dnzwygdo_jura94...', 'v[,S+a7zlZd0', 'dnzwygdo_juraga...', 3306, '', 0)
#1 /home/dnzwygdo/djuragancom/vendor/codeigniter4/framework/system/Database/BaseConnection.php(382): CodeIgniter\Database\MySQLi\Connection->connect(false)
#2 /home/dnzwygdo/djuragancom/vendor/codeigniter4/framework/system/Database/BaseConnection.php(588): CodeIgniter\Database\BaseConnection->initialize()
#3 /home/dnzwygdo/djuragancom/vendor/codeigniter4/framework/system/Database/BaseBuilder.php(1585): CodeIgniter\Database\BaseConnection->query('SELECT *\nFROM `...', Array, false)
#4 /home/dnzwygdo/djuragancom/vendor/codeigniter4/framework/system/Model.php(249): CodeIgniter\Database\BaseBuilder->get()
#5 /home/dnzwygdo/djuragancom/vendor/codeigniter4/framework/system/BaseModel.php(622): CodeIgniter\Model->doFirst()
#6 /home/dnzwygdo/djuragancom/app/Controllers/Auth.php(31): CodeIgniter\BaseModel->first()
#7 /home/dnzwygdo/djuragancom/vendor/codeigniter4/framework/system/CodeIgniter.php(898): App\Controllers\Auth->index()
#8 /home/dnzwygdo/djuragancom/vendor/codeigniter4/framework/system/CodeIgniter.php(457): CodeIgniter\CodeIgniter->runController(Object(App\Controllers\Auth))
#9 /home/dnzwygdo/djuragancom/vendor/codeigniter4/framework/system/CodeIgniter.php(340): CodeIgniter\CodeIgniter->handleRequest(NULL, Object(Config\Cache), false)
#10 /home/dnzwygdo/public_html/index.php(67): CodeIgniter\CodeIgniter->run()
#11 {main}

Next CodeIgniter\Database\Exceptions\DatabaseException: Access denied for user '****'@'localhost' (using password: YES) in /home/dnzwygdo/djuragancom/vendor/codeigniter4/framework/system/Database/MySQLi/Connection.php:215
Stack trace:
#0 /home/dnzwygdo/djuragancom/vendor/codeigniter4/framework/system/Database/BaseConnection.php(382): CodeIgniter\Database\MySQLi\Connection->connect(false)
#1 /home/dnzwygdo/djuragancom/vendor/codeigniter4/framework/system/Database/BaseConnection.php(588): CodeIgniter\Database\BaseConnection->initialize()
#2 /home/dnzwygdo/djuragancom/vendor/codeigniter4/framework/system/Database/BaseBuilder.php(1585): CodeIgniter\Database\BaseConnection->query('SELECT *\nFROM `...', Array, false)
#3 /home/dnzwygdo/djuragancom/vendor/codeigniter4/framework/system/Model.php(249): CodeIgniter\Database\BaseBuilder->get()
#4 /home/dnzwygdo/djuragancom/vendor/codeigniter4/framework/system/BaseModel.php(622): CodeIgniter\Model->doFirst()
#5 /home/dnzwygdo/djuragancom/app/Controllers/Auth.php(31): CodeIgniter\BaseModel->first()
#6 /home/dnzwygdo/djuragancom/vendor/codeigniter4/framework/system/CodeIgniter.php(898): App\Controllers\Auth->index()
#7 /home/dnzwygdo/djuragancom/vendor/codeigniter4/framework/system/CodeIgniter.php(457): CodeIgniter\CodeIgniter->runController(Object(App\Controllers\Auth))
#8 /home/dnzwygdo/djuragancom/vendor/codeigniter4/framework/system/CodeIgniter.php(340): CodeIgniter\CodeIgniter->handleRequest(NULL, Object(Config\Cache), false)
#9 /home/dnzwygdo/public_html/index.php(67): CodeIgniter\CodeIgniter->run()
#10 {main}
CRITICAL - 2024-07-01 10:35:14 --> Unable to connect to the database.
Main connection [MySQLi]: Access denied for user '****'@'localhost' (using password: YES)
in SYSTEMPATH/Database/BaseConnection.php on line 418.
 1 SYSTEMPATH/Database/BaseConnection.php(588): CodeIgniter\Database\BaseConnection->initialize()
 2 SYSTEMPATH/Database/BaseBuilder.php(1585): CodeIgniter\Database\BaseConnection->query('SELECT *
FROM `order_user`
WHERE `username` = :username:
AND `order_user`.`deleted_at` IS NULL
 LIMIT 1', [...], false)
 3 SYSTEMPATH/Model.php(249): CodeIgniter\Database\BaseBuilder->get()
 4 SYSTEMPATH/BaseModel.php(622): CodeIgniter\Model->doFirst()
 5 APPPATH/Controllers/Auth.php(31): CodeIgniter\BaseModel->first()
 6 SYSTEMPATH/CodeIgniter.php(898): App\Controllers\Auth->index()
 7 SYSTEMPATH/CodeIgniter.php(457): CodeIgniter\CodeIgniter->runController(Object(App\Controllers\Auth))
 8 SYSTEMPATH/CodeIgniter.php(340): CodeIgniter\CodeIgniter->handleRequest(null, Object(Config\Cache), false)
 9 FCPATH/index.php(67): CodeIgniter\CodeIgniter->run()
ERROR - 2024-07-01 10:50:25 --> Error connecting to the database: mysqli_sql_exception: Access denied for user 'dnzwygdo_jura94n'@'localhost' (using password: YES) in /home/dnzwygdo/djuragancom/vendor/codeigniter4/framework/system/Database/MySQLi/Connection.php:171
Stack trace:
#0 /home/dnzwygdo/djuragancom/vendor/codeigniter4/framework/system/Database/MySQLi/Connection.php(171): mysqli->real_connect('localhost', 'dnzwygdo_jura94...', 'v[,S+a7zlZd0', 'dnzwygdo_juraga...', 3306, '', 0)
#1 /home/dnzwygdo/djuragancom/vendor/codeigniter4/framework/system/Database/BaseConnection.php(382): CodeIgniter\Database\MySQLi\Connection->connect(false)
#2 /home/dnzwygdo/djuragancom/vendor/codeigniter4/framework/system/Database/BaseConnection.php(588): CodeIgniter\Database\BaseConnection->initialize()
#3 /home/dnzwygdo/djuragancom/vendor/codeigniter4/framework/system/Database/BaseBuilder.php(1585): CodeIgniter\Database\BaseConnection->query('SELECT *\nFROM `...', Array, false)
#4 /home/dnzwygdo/djuragancom/vendor/codeigniter4/framework/system/Model.php(249): CodeIgniter\Database\BaseBuilder->get()
#5 /home/dnzwygdo/djuragancom/vendor/codeigniter4/framework/system/BaseModel.php(622): CodeIgniter\Model->doFirst()
#6 /home/dnzwygdo/djuragancom/app/Controllers/Auth.php(31): CodeIgniter\BaseModel->first()
#7 /home/dnzwygdo/djuragancom/vendor/codeigniter4/framework/system/CodeIgniter.php(898): App\Controllers\Auth->index()
#8 /home/dnzwygdo/djuragancom/vendor/codeigniter4/framework/system/CodeIgniter.php(457): CodeIgniter\CodeIgniter->runController(Object(App\Controllers\Auth))
#9 /home/dnzwygdo/djuragancom/vendor/codeigniter4/framework/system/CodeIgniter.php(340): CodeIgniter\CodeIgniter->handleRequest(NULL, Object(Config\Cache), false)
#10 /home/dnzwygdo/public_html/index.php(67): CodeIgniter\CodeIgniter->run()
#11 {main}

Next CodeIgniter\Database\Exceptions\DatabaseException: Access denied for user '****'@'localhost' (using password: YES) in /home/dnzwygdo/djuragancom/vendor/codeigniter4/framework/system/Database/MySQLi/Connection.php:215
Stack trace:
#0 /home/dnzwygdo/djuragancom/vendor/codeigniter4/framework/system/Database/BaseConnection.php(382): CodeIgniter\Database\MySQLi\Connection->connect(false)
#1 /home/dnzwygdo/djuragancom/vendor/codeigniter4/framework/system/Database/BaseConnection.php(588): CodeIgniter\Database\BaseConnection->initialize()
#2 /home/dnzwygdo/djuragancom/vendor/codeigniter4/framework/system/Database/BaseBuilder.php(1585): CodeIgniter\Database\BaseConnection->query('SELECT *\nFROM `...', Array, false)
#3 /home/dnzwygdo/djuragancom/vendor/codeigniter4/framework/system/Model.php(249): CodeIgniter\Database\BaseBuilder->get()
#4 /home/dnzwygdo/djuragancom/vendor/codeigniter4/framework/system/BaseModel.php(622): CodeIgniter\Model->doFirst()
#5 /home/dnzwygdo/djuragancom/app/Controllers/Auth.php(31): CodeIgniter\BaseModel->first()
#6 /home/dnzwygdo/djuragancom/vendor/codeigniter4/framework/system/CodeIgniter.php(898): App\Controllers\Auth->index()
#7 /home/dnzwygdo/djuragancom/vendor/codeigniter4/framework/system/CodeIgniter.php(457): CodeIgniter\CodeIgniter->runController(Object(App\Controllers\Auth))
#8 /home/dnzwygdo/djuragancom/vendor/codeigniter4/framework/system/CodeIgniter.php(340): CodeIgniter\CodeIgniter->handleRequest(NULL, Object(Config\Cache), false)
#9 /home/dnzwygdo/public_html/index.php(67): CodeIgniter\CodeIgniter->run()
#10 {main}
CRITICAL - 2024-07-01 10:50:25 --> Unable to connect to the database.
Main connection [MySQLi]: Access denied for user '****'@'localhost' (using password: YES)
in SYSTEMPATH/Database/BaseConnection.php on line 418.
 1 SYSTEMPATH/Database/BaseConnection.php(588): CodeIgniter\Database\BaseConnection->initialize()
 2 SYSTEMPATH/Database/BaseBuilder.php(1585): CodeIgniter\Database\BaseConnection->query('SELECT *
FROM `order_user`
WHERE `username` = :username:
AND `order_user`.`deleted_at` IS NULL
 LIMIT 1', [...], false)
 3 SYSTEMPATH/Model.php(249): CodeIgniter\Database\BaseBuilder->get()
 4 SYSTEMPATH/BaseModel.php(622): CodeIgniter\Model->doFirst()
 5 APPPATH/Controllers/Auth.php(31): CodeIgniter\BaseModel->first()
 6 SYSTEMPATH/CodeIgniter.php(898): App\Controllers\Auth->index()
 7 SYSTEMPATH/CodeIgniter.php(457): CodeIgniter\CodeIgniter->runController(Object(App\Controllers\Auth))
 8 SYSTEMPATH/CodeIgniter.php(340): CodeIgniter\CodeIgniter->handleRequest(null, Object(Config\Cache), false)
 9 FCPATH/index.php(67): CodeIgniter\CodeIgniter->run()
ERROR - 2024-07-01 11:05:54 --> mysqli_sql_exception: Table 'dnzwygdo_juragan1.order_user' doesn't exist in /home/dnzwygdo/djuragancom/vendor/codeigniter4/framework/system/Database/MySQLi/Connection.php:292
Stack trace:
#0 /home/dnzwygdo/djuragancom/vendor/codeigniter4/framework/system/Database/MySQLi/Connection.php(292): mysqli->query('SELECT *\nFROM `...', 0)
#1 /home/dnzwygdo/djuragancom/vendor/codeigniter4/framework/system/Database/BaseConnection.php(693): CodeIgniter\Database\MySQLi\Connection->execute('SELECT *\nFROM `...')
#2 /home/dnzwygdo/djuragancom/vendor/codeigniter4/framework/system/Database/BaseConnection.php(620): CodeIgniter\Database\BaseConnection->simpleQuery('SELECT *\nFROM `...')
#3 /home/dnzwygdo/djuragancom/vendor/codeigniter4/framework/system/Database/BaseBuilder.php(1585): CodeIgniter\Database\BaseConnection->query('SELECT *\nFROM `...', Array, false)
#4 /home/dnzwygdo/djuragancom/vendor/codeigniter4/framework/system/Model.php(249): CodeIgniter\Database\BaseBuilder->get()
#5 /home/dnzwygdo/djuragancom/vendor/codeigniter4/framework/system/BaseModel.php(622): CodeIgniter\Model->doFirst()
#6 /home/dnzwygdo/djuragancom/app/Controllers/Auth.php(31): CodeIgniter\BaseModel->first()
#7 /home/dnzwygdo/djuragancom/vendor/codeigniter4/framework/system/CodeIgniter.php(898): App\Controllers\Auth->index()
#8 /home/dnzwygdo/djuragancom/vendor/codeigniter4/framework/system/CodeIgniter.php(457): CodeIgniter\CodeIgniter->runController(Object(App\Controllers\Auth))
#9 /home/dnzwygdo/djuragancom/vendor/codeigniter4/framework/system/CodeIgniter.php(340): CodeIgniter\CodeIgniter->handleRequest(NULL, Object(Config\Cache), false)
#10 /home/dnzwygdo/public_html/index.php(67): CodeIgniter\CodeIgniter->run()
#11 {main}
CRITICAL - 2024-07-01 11:05:54 --> Call to a member function getFirstRow() on bool
in SYSTEMPATH/Model.php on line 249.
 1 SYSTEMPATH/BaseModel.php(622): CodeIgniter\Model->doFirst()
 2 APPPATH/Controllers/Auth.php(31): CodeIgniter\BaseModel->first()
 3 SYSTEMPATH/CodeIgniter.php(898): App\Controllers\Auth->index()
 4 SYSTEMPATH/CodeIgniter.php(457): CodeIgniter\CodeIgniter->runController(Object(App\Controllers\Auth))
 5 SYSTEMPATH/CodeIgniter.php(340): CodeIgniter\CodeIgniter->handleRequest(null, Object(Config\Cache), false)
 6 FCPATH/index.php(67): CodeIgniter\CodeIgniter->run()
ERROR - 2024-07-01 11:24:18 --> mysqli_sql_exception: Table 'dnzwygdo_juragan1.order_user' doesn't exist in /home/dnzwygdo/djuragancom/vendor/codeigniter4/framework/system/Database/MySQLi/Connection.php:292
Stack trace:
#0 /home/dnzwygdo/djuragancom/vendor/codeigniter4/framework/system/Database/MySQLi/Connection.php(292): mysqli->query('SELECT *\nFROM `...', 0)
#1 /home/dnzwygdo/djuragancom/vendor/codeigniter4/framework/system/Database/BaseConnection.php(693): CodeIgniter\Database\MySQLi\Connection->execute('SELECT *\nFROM `...')
#2 /home/dnzwygdo/djuragancom/vendor/codeigniter4/framework/system/Database/BaseConnection.php(620): CodeIgniter\Database\BaseConnection->simpleQuery('SELECT *\nFROM `...')
#3 /home/dnzwygdo/djuragancom/vendor/codeigniter4/framework/system/Database/BaseBuilder.php(1585): CodeIgniter\Database\BaseConnection->query('SELECT *\nFROM `...', Array, false)
#4 /home/dnzwygdo/djuragancom/vendor/codeigniter4/framework/system/Model.php(249): CodeIgniter\Database\BaseBuilder->get()
#5 /home/dnzwygdo/djuragancom/vendor/codeigniter4/framework/system/BaseModel.php(622): CodeIgniter\Model->doFirst()
#6 /home/dnzwygdo/djuragancom/app/Controllers/Auth.php(31): CodeIgniter\BaseModel->first()
#7 /home/dnzwygdo/djuragancom/vendor/codeigniter4/framework/system/CodeIgniter.php(898): App\Controllers\Auth->index()
#8 /home/dnzwygdo/djuragancom/vendor/codeigniter4/framework/system/CodeIgniter.php(457): CodeIgniter\CodeIgniter->runController(Object(App\Controllers\Auth))
#9 /home/dnzwygdo/djuragancom/vendor/codeigniter4/framework/system/CodeIgniter.php(340): CodeIgniter\CodeIgniter->handleRequest(NULL, Object(Config\Cache), false)
#10 /home/dnzwygdo/public_html/index.php(67): CodeIgniter\CodeIgniter->run()
#11 {main}
CRITICAL - 2024-07-01 11:24:18 --> Call to a member function getFirstRow() on bool
in SYSTEMPATH/Model.php on line 249.
 1 SYSTEMPATH/BaseModel.php(622): CodeIgniter\Model->doFirst()
 2 APPPATH/Controllers/Auth.php(31): CodeIgniter\BaseModel->first()
 3 SYSTEMPATH/CodeIgniter.php(898): App\Controllers\Auth->index()
 4 SYSTEMPATH/CodeIgniter.php(457): CodeIgniter\CodeIgniter->runController(Object(App\Controllers\Auth))
 5 SYSTEMPATH/CodeIgniter.php(340): CodeIgniter\CodeIgniter->handleRequest(null, Object(Config\Cache), false)
 6 FCPATH/index.php(67): CodeIgniter\CodeIgniter->run()
ERROR - 2024-07-01 11:26:06 --> mysqli_sql_exception: Table 'dnzwygdo_juragan1.order_user' doesn't exist in /home/dnzwygdo/djuragancom/vendor/codeigniter4/framework/system/Database/MySQLi/Connection.php:292
Stack trace:
#0 /home/dnzwygdo/djuragancom/vendor/codeigniter4/framework/system/Database/MySQLi/Connection.php(292): mysqli->query('SELECT *\nFROM `...', 0)
#1 /home/dnzwygdo/djuragancom/vendor/codeigniter4/framework/system/Database/BaseConnection.php(693): CodeIgniter\Database\MySQLi\Connection->execute('SELECT *\nFROM `...')
#2 /home/dnzwygdo/djuragancom/vendor/codeigniter4/framework/system/Database/BaseConnection.php(620): CodeIgniter\Database\BaseConnection->simpleQuery('SELECT *\nFROM `...')
#3 /home/dnzwygdo/djuragancom/vendor/codeigniter4/framework/system/Database/BaseBuilder.php(1585): CodeIgniter\Database\BaseConnection->query('SELECT *\nFROM `...', Array, false)
#4 /home/dnzwygdo/djuragancom/vendor/codeigniter4/framework/system/Model.php(249): CodeIgniter\Database\BaseBuilder->get()
#5 /home/dnzwygdo/djuragancom/vendor/codeigniter4/framework/system/BaseModel.php(622): CodeIgniter\Model->doFirst()
#6 /home/dnzwygdo/djuragancom/app/Controllers/Auth.php(31): CodeIgniter\BaseModel->first()
#7 /home/dnzwygdo/djuragancom/vendor/codeigniter4/framework/system/CodeIgniter.php(898): App\Controllers\Auth->index()
#8 /home/dnzwygdo/djuragancom/vendor/codeigniter4/framework/system/CodeIgniter.php(457): CodeIgniter\CodeIgniter->runController(Object(App\Controllers\Auth))
#9 /home/dnzwygdo/djuragancom/vendor/codeigniter4/framework/system/CodeIgniter.php(340): CodeIgniter\CodeIgniter->handleRequest(NULL, Object(Config\Cache), false)
#10 /home/dnzwygdo/public_html/index.php(67): CodeIgniter\CodeIgniter->run()
#11 {main}
CRITICAL - 2024-07-01 11:26:06 --> Call to a member function getFirstRow() on bool
in SYSTEMPATH/Model.php on line 249.
 1 SYSTEMPATH/BaseModel.php(622): CodeIgniter\Model->doFirst()
 2 APPPATH/Controllers/Auth.php(31): CodeIgniter\BaseModel->first()
 3 SYSTEMPATH/CodeIgniter.php(898): App\Controllers\Auth->index()
 4 SYSTEMPATH/CodeIgniter.php(457): CodeIgniter\CodeIgniter->runController(Object(App\Controllers\Auth))
 5 SYSTEMPATH/CodeIgniter.php(340): CodeIgniter\CodeIgniter->handleRequest(null, Object(Config\Cache), false)
 6 FCPATH/index.php(67): CodeIgniter\CodeIgniter->run()
ERROR - 2024-07-01 12:14:37 --> mysqli_sql_exception: You have an error in your SQL syntax; check the manual that corresponds to your MySQL server version for the right syntax to use near ')
AND `order_invoice`.`deleted_at` IS NULL
ORDER BY `status_pesanan` ASC, `tangg' at line 3 in /home/dnzwygdo/djuragancom/vendor/codeigniter4/framework/system/Database/MySQLi/Connection.php:292
Stack trace:
#0 /home/dnzwygdo/djuragancom/vendor/codeigniter4/framework/system/Database/MySQLi/Connection.php(292): mysqli->query('SELECT *\nFROM `...', 0)
#1 /home/dnzwygdo/djuragancom/vendor/codeigniter4/framework/system/Database/BaseConnection.php(693): CodeIgniter\Database\MySQLi\Connection->execute('SELECT *\nFROM `...')
#2 /home/dnzwygdo/djuragancom/vendor/codeigniter4/framework/system/Database/BaseConnection.php(620): CodeIgniter\Database\BaseConnection->simpleQuery('SELECT *\nFROM `...')
#3 /home/dnzwygdo/djuragancom/vendor/codeigniter4/framework/system/Database/BaseBuilder.php(1585): CodeIgniter\Database\BaseConnection->query('SELECT *\nFROM `...', Array, false)
#4 /home/dnzwygdo/djuragancom/vendor/codeigniter4/framework/system/Model.php(222): CodeIgniter\Database\BaseBuilder->get()
#5 /home/dnzwygdo/djuragancom/vendor/codeigniter4/framework/system/BaseModel.php(584): CodeIgniter\Model->doFindAll(20, 0)
#6 /home/dnzwygdo/djuragancom/app/Models/InvoiceModel.php(74): CodeIgniter\BaseModel->findAll(20, 0)
#7 /home/dnzwygdo/djuragancom/app/Controllers/Admin/Invoices.php(66): App\Models\InvoiceModel->getAll('semua', 0, Array, 20, 0)
#8 /home/dnzwygdo/djuragancom/vendor/codeigniter4/framework/system/CodeIgniter.php(898): App\Controllers\Admin\Invoices->lihat('semua', 'semua')
#9 /home/dnzwygdo/djuragancom/vendor/codeigniter4/framework/system/CodeIgniter.php(457): CodeIgniter\CodeIgniter->runController(Object(App\Controllers\Admin\Invoices))
#10 /home/dnzwygdo/djuragancom/vendor/codeigniter4/framework/system/CodeIgniter.php(340): CodeIgniter\CodeIgniter->handleRequest(NULL, Object(Config\Cache), false)
#11 /home/dnzwygdo/public_html/index.php(67): CodeIgniter\CodeIgniter->run()
#12 {main}
CRITICAL - 2024-07-01 12:14:37 --> Call to a member function getResult() on bool
in SYSTEMPATH/Model.php on line 223.
 1 SYSTEMPATH/BaseModel.php(584): CodeIgniter\Model->doFindAll(20, 0)
 2 APPPATH/Models/InvoiceModel.php(74): CodeIgniter\BaseModel->findAll(20, 0)
 3 APPPATH/Controllers/Admin/Invoices.php(66): App\Models\InvoiceModel->getAll('semua', 0, [...], 20, 0)
 4 SYSTEMPATH/CodeIgniter.php(898): App\Controllers\Admin\Invoices->lihat('semua', 'semua')
 5 SYSTEMPATH/CodeIgniter.php(457): CodeIgniter\CodeIgniter->runController(Object(App\Controllers\Admin\Invoices))
 6 SYSTEMPATH/CodeIgniter.php(340): CodeIgniter\CodeIgniter->handleRequest(null, Object(Config\Cache), false)
 7 FCPATH/index.php(67): CodeIgniter\CodeIgniter->run()
ERROR - 2024-07-01 12:14:46 --> mysqli_sql_exception: You have an error in your SQL syntax; check the manual that corresponds to your MySQL server version for the right syntax to use near ')
AND `order_invoice`.`deleted_at` IS NULL
ORDER BY `status_pesanan` ASC, `tangg' at line 3 in /home/dnzwygdo/djuragancom/vendor/codeigniter4/framework/system/Database/MySQLi/Connection.php:292
Stack trace:
#0 /home/dnzwygdo/djuragancom/vendor/codeigniter4/framework/system/Database/MySQLi/Connection.php(292): mysqli->query('SELECT *\nFROM `...', 0)
#1 /home/dnzwygdo/djuragancom/vendor/codeigniter4/framework/system/Database/BaseConnection.php(693): CodeIgniter\Database\MySQLi\Connection->execute('SELECT *\nFROM `...')
#2 /home/dnzwygdo/djuragancom/vendor/codeigniter4/framework/system/Database/BaseConnection.php(620): CodeIgniter\Database\BaseConnection->simpleQuery('SELECT *\nFROM `...')
#3 /home/dnzwygdo/djuragancom/vendor/codeigniter4/framework/system/Database/BaseBuilder.php(1585): CodeIgniter\Database\BaseConnection->query('SELECT *\nFROM `...', Array, false)
#4 /home/dnzwygdo/djuragancom/vendor/codeigniter4/framework/system/Model.php(222): CodeIgniter\Database\BaseBuilder->get()
#5 /home/dnzwygdo/djuragancom/vendor/codeigniter4/framework/system/BaseModel.php(584): CodeIgniter\Model->doFindAll(20, 0)
#6 /home/dnzwygdo/djuragancom/app/Models/InvoiceModel.php(74): CodeIgniter\BaseModel->findAll(20, 0)
#7 /home/dnzwygdo/djuragancom/app/Controllers/Admin/Invoices.php(66): App\Models\InvoiceModel->getAll('semua', 0, Array, 20, 0)
#8 /home/dnzwygdo/djuragancom/vendor/codeigniter4/framework/system/CodeIgniter.php(898): App\Controllers\Admin\Invoices->lihat('semua', 'semua')
#9 /home/dnzwygdo/djuragancom/vendor/codeigniter4/framework/system/CodeIgniter.php(457): CodeIgniter\CodeIgniter->runController(Object(App\Controllers\Admin\Invoices))
#10 /home/dnzwygdo/djuragancom/vendor/codeigniter4/framework/system/CodeIgniter.php(340): CodeIgniter\CodeIgniter->handleRequest(NULL, Object(Config\Cache), false)
#11 /home/dnzwygdo/public_html/index.php(67): CodeIgniter\CodeIgniter->run()
#12 {main}
CRITICAL - 2024-07-01 12:14:46 --> Call to a member function getResult() on bool
in SYSTEMPATH/Model.php on line 223.
 1 SYSTEMPATH/BaseModel.php(584): CodeIgniter\Model->doFindAll(20, 0)
 2 APPPATH/Models/InvoiceModel.php(74): CodeIgniter\BaseModel->findAll(20, 0)
 3 APPPATH/Controllers/Admin/Invoices.php(66): App\Models\InvoiceModel->getAll('semua', 0, [...], 20, 0)
 4 SYSTEMPATH/CodeIgniter.php(898): App\Controllers\Admin\Invoices->lihat('semua', 'semua')
 5 SYSTEMPATH/CodeIgniter.php(457): CodeIgniter\CodeIgniter->runController(Object(App\Controllers\Admin\Invoices))
 6 SYSTEMPATH/CodeIgniter.php(340): CodeIgniter\CodeIgniter->handleRequest(null, Object(Config\Cache), false)
 7 FCPATH/index.php(67): CodeIgniter\CodeIgniter->run()
ERROR - 2024-07-01 12:35:38 --> mysqli_sql_exception: You have an error in your SQL syntax; check the manual that corresponds to your MySQL server version for the right syntax to use near ')
AND `order_invoice`.`deleted_at` IS NULL
ORDER BY `status_pesanan` ASC, `tangg' at line 3 in /home/dnzwygdo/djuragancom/vendor/codeigniter4/framework/system/Database/MySQLi/Connection.php:292
Stack trace:
#0 /home/dnzwygdo/djuragancom/vendor/codeigniter4/framework/system/Database/MySQLi/Connection.php(292): mysqli->query('SELECT *\nFROM `...', 0)
#1 /home/dnzwygdo/djuragancom/vendor/codeigniter4/framework/system/Database/BaseConnection.php(693): CodeIgniter\Database\MySQLi\Connection->execute('SELECT *\nFROM `...')
#2 /home/dnzwygdo/djuragancom/vendor/codeigniter4/framework/system/Database/BaseConnection.php(620): CodeIgniter\Database\BaseConnection->simpleQuery('SELECT *\nFROM `...')
#3 /home/dnzwygdo/djuragancom/vendor/codeigniter4/framework/system/Database/BaseBuilder.php(1585): CodeIgniter\Database\BaseConnection->query('SELECT *\nFROM `...', Array, false)
#4 /home/dnzwygdo/djuragancom/vendor/codeigniter4/framework/system/Model.php(222): CodeIgniter\Database\BaseBuilder->get()
#5 /home/dnzwygdo/djuragancom/vendor/codeigniter4/framework/system/BaseModel.php(584): CodeIgniter\Model->doFindAll(20, 0)
#6 /home/dnzwygdo/djuragancom/app/Models/InvoiceModel.php(74): CodeIgniter\BaseModel->findAll(20, 0)
#7 /home/dnzwygdo/djuragancom/app/Controllers/Admin/Invoices.php(66): App\Models\InvoiceModel->getAll('semua', 0, Array, 20, 0)
#8 /home/dnzwygdo/djuragancom/vendor/codeigniter4/framework/system/CodeIgniter.php(898): App\Controllers\Admin\Invoices->lihat('semua', 'semua')
#9 /home/dnzwygdo/djuragancom/vendor/codeigniter4/framework/system/CodeIgniter.php(457): CodeIgniter\CodeIgniter->runController(Object(App\Controllers\Admin\Invoices))
#10 /home/dnzwygdo/djuragancom/vendor/codeigniter4/framework/system/CodeIgniter.php(340): CodeIgniter\CodeIgniter->handleRequest(NULL, Object(Config\Cache), false)
#11 /home/dnzwygdo/public_html/index.php(67): CodeIgniter\CodeIgniter->run()
#12 {main}
CRITICAL - 2024-07-01 12:35:38 --> Call to a member function getResult() on bool
in SYSTEMPATH/Model.php on line 223.
 1 SYSTEMPATH/BaseModel.php(584): CodeIgniter\Model->doFindAll(20, 0)
 2 APPPATH/Models/InvoiceModel.php(74): CodeIgniter\BaseModel->findAll(20, 0)
 3 APPPATH/Controllers/Admin/Invoices.php(66): App\Models\InvoiceModel->getAll('semua', 0, [...], 20, 0)
 4 SYSTEMPATH/CodeIgniter.php(898): App\Controllers\Admin\Invoices->lihat('semua', 'semua')
 5 SYSTEMPATH/CodeIgniter.php(457): CodeIgniter\CodeIgniter->runController(Object(App\Controllers\Admin\Invoices))
 6 SYSTEMPATH/CodeIgniter.php(340): CodeIgniter\CodeIgniter->handleRequest(null, Object(Config\Cache), false)
 7 FCPATH/index.php(67): CodeIgniter\CodeIgniter->run()
ERROR - 2024-07-01 12:53:35 --> mysqli_sql_exception: You have an error in your SQL syntax; check the manual that corresponds to your MySQL server version for the right syntax to use near ')
AND `order_invoice`.`deleted_at` IS NULL
ORDER BY `status_pesanan` ASC, `tangg' at line 3 in /home/dnzwygdo/djuragancom/vendor/codeigniter4/framework/system/Database/MySQLi/Connection.php:292
Stack trace:
#0 /home/dnzwygdo/djuragancom/vendor/codeigniter4/framework/system/Database/MySQLi/Connection.php(292): mysqli->query('SELECT *\nFROM `...', 0)
#1 /home/dnzwygdo/djuragancom/vendor/codeigniter4/framework/system/Database/BaseConnection.php(693): CodeIgniter\Database\MySQLi\Connection->execute('SELECT *\nFROM `...')
#2 /home/dnzwygdo/djuragancom/vendor/codeigniter4/framework/system/Database/BaseConnection.php(620): CodeIgniter\Database\BaseConnection->simpleQuery('SELECT *\nFROM `...')
#3 /home/dnzwygdo/djuragancom/vendor/codeigniter4/framework/system/Database/BaseBuilder.php(1585): CodeIgniter\Database\BaseConnection->query('SELECT *\nFROM `...', Array, false)
#4 /home/dnzwygdo/djuragancom/vendor/codeigniter4/framework/system/Model.php(222): CodeIgniter\Database\BaseBuilder->get()
#5 /home/dnzwygdo/djuragancom/vendor/codeigniter4/framework/system/BaseModel.php(584): CodeIgniter\Model->doFindAll(20, 0)
#6 /home/dnzwygdo/djuragancom/app/Models/InvoiceModel.php(74): CodeIgniter\BaseModel->findAll(20, 0)
#7 /home/dnzwygdo/djuragancom/app/Controllers/Admin/Invoices.php(66): App\Models\InvoiceModel->getAll('semua', 0, Array, 20, 0)
#8 /home/dnzwygdo/djuragancom/vendor/codeigniter4/framework/system/CodeIgniter.php(898): App\Controllers\Admin\Invoices->lihat('semua', 'semua')
#9 /home/dnzwygdo/djuragancom/vendor/codeigniter4/framework/system/CodeIgniter.php(457): CodeIgniter\CodeIgniter->runController(Object(App\Controllers\Admin\Invoices))
#10 /home/dnzwygdo/djuragancom/vendor/codeigniter4/framework/system/CodeIgniter.php(340): CodeIgniter\CodeIgniter->handleRequest(NULL, Object(Config\Cache), false)
#11 /home/dnzwygdo/public_html/index.php(67): CodeIgniter\CodeIgniter->run()
#12 {main}
CRITICAL - 2024-07-01 12:53:35 --> Call to a member function getResult() on bool
in SYSTEMPATH/Model.php on line 223.
 1 SYSTEMPATH/BaseModel.php(584): CodeIgniter\Model->doFindAll(20, 0)
 2 APPPATH/Models/InvoiceModel.php(74): CodeIgniter\BaseModel->findAll(20, 0)
 3 APPPATH/Controllers/Admin/Invoices.php(66): App\Models\InvoiceModel->getAll('semua', 0, [...], 20, 0)
 4 SYSTEMPATH/CodeIgniter.php(898): App\Controllers\Admin\Invoices->lihat('semua', 'semua')
 5 SYSTEMPATH/CodeIgniter.php(457): CodeIgniter\CodeIgniter->runController(Object(App\Controllers\Admin\Invoices))
 6 SYSTEMPATH/CodeIgniter.php(340): CodeIgniter\CodeIgniter->handleRequest(null, Object(Config\Cache), false)
 7 FCPATH/index.php(67): CodeIgniter\CodeIgniter->run()
ERROR - 2024-07-01 12:53:47 --> mysqli_sql_exception: You have an error in your SQL syntax; check the manual that corresponds to your MySQL server version for the right syntax to use near ')
AND `order_invoice`.`deleted_at` IS NULL
ORDER BY `status_pesanan` ASC, `tangg' at line 3 in /home/dnzwygdo/djuragancom/vendor/codeigniter4/framework/system/Database/MySQLi/Connection.php:292
Stack trace:
#0 /home/dnzwygdo/djuragancom/vendor/codeigniter4/framework/system/Database/MySQLi/Connection.php(292): mysqli->query('SELECT *\nFROM `...', 0)
#1 /home/dnzwygdo/djuragancom/vendor/codeigniter4/framework/system/Database/BaseConnection.php(693): CodeIgniter\Database\MySQLi\Connection->execute('SELECT *\nFROM `...')
#2 /home/dnzwygdo/djuragancom/vendor/codeigniter4/framework/system/Database/BaseConnection.php(620): CodeIgniter\Database\BaseConnection->simpleQuery('SELECT *\nFROM `...')
#3 /home/dnzwygdo/djuragancom/vendor/codeigniter4/framework/system/Database/BaseBuilder.php(1585): CodeIgniter\Database\BaseConnection->query('SELECT *\nFROM `...', Array, false)
#4 /home/dnzwygdo/djuragancom/vendor/codeigniter4/framework/system/Model.php(222): CodeIgniter\Database\BaseBuilder->get()
#5 /home/dnzwygdo/djuragancom/vendor/codeigniter4/framework/system/BaseModel.php(584): CodeIgniter\Model->doFindAll(20, 0)
#6 /home/dnzwygdo/djuragancom/app/Models/InvoiceModel.php(74): CodeIgniter\BaseModel->findAll(20, 0)
#7 /home/dnzwygdo/djuragancom/app/Controllers/Admin/Invoices.php(66): App\Models\InvoiceModel->getAll('semua', 0, Array, 20, 0)
#8 /home/dnzwygdo/djuragancom/vendor/codeigniter4/framework/system/CodeIgniter.php(898): App\Controllers\Admin\Invoices->lihat('semua', 'semua')
#9 /home/dnzwygdo/djuragancom/vendor/codeigniter4/framework/system/CodeIgniter.php(457): CodeIgniter\CodeIgniter->runController(Object(App\Controllers\Admin\Invoices))
#10 /home/dnzwygdo/djuragancom/vendor/codeigniter4/framework/system/CodeIgniter.php(340): CodeIgniter\CodeIgniter->handleRequest(NULL, Object(Config\Cache), false)
#11 /home/dnzwygdo/public_html/index.php(67): CodeIgniter\CodeIgniter->run()
#12 {main}
CRITICAL - 2024-07-01 12:53:47 --> Call to a member function getResult() on bool
in SYSTEMPATH/Model.php on line 223.
 1 SYSTEMPATH/BaseModel.php(584): CodeIgniter\Model->doFindAll(20, 0)
 2 APPPATH/Models/InvoiceModel.php(74): CodeIgniter\BaseModel->findAll(20, 0)
 3 APPPATH/Controllers/Admin/Invoices.php(66): App\Models\InvoiceModel->getAll('semua', 0, [...], 20, 0)
 4 SYSTEMPATH/CodeIgniter.php(898): App\Controllers\Admin\Invoices->lihat('semua', 'semua')
 5 SYSTEMPATH/CodeIgniter.php(457): CodeIgniter\CodeIgniter->runController(Object(App\Controllers\Admin\Invoices))
 6 SYSTEMPATH/CodeIgniter.php(340): CodeIgniter\CodeIgniter->handleRequest(null, Object(Config\Cache), false)
 7 FCPATH/index.php(67): CodeIgniter\CodeIgniter->run()
ERROR - 2024-07-01 14:09:16 --> mysqli_sql_exception: You have an error in your SQL syntax; check the manual that corresponds to your MySQL server version for the right syntax to use near ')
AND `order_invoice`.`deleted_at` IS NULL
ORDER BY `status_pesanan` ASC, `tangg' at line 3 in /home/dnzwygdo/djuragancom/vendor/codeigniter4/framework/system/Database/MySQLi/Connection.php:292
Stack trace:
#0 /home/dnzwygdo/djuragancom/vendor/codeigniter4/framework/system/Database/MySQLi/Connection.php(292): mysqli->query('SELECT *\nFROM `...', 0)
#1 /home/dnzwygdo/djuragancom/vendor/codeigniter4/framework/system/Database/BaseConnection.php(693): CodeIgniter\Database\MySQLi\Connection->execute('SELECT *\nFROM `...')
#2 /home/dnzwygdo/djuragancom/vendor/codeigniter4/framework/system/Database/BaseConnection.php(620): CodeIgniter\Database\BaseConnection->simpleQuery('SELECT *\nFROM `...')
#3 /home/dnzwygdo/djuragancom/vendor/codeigniter4/framework/system/Database/BaseBuilder.php(1585): CodeIgniter\Database\BaseConnection->query('SELECT *\nFROM `...', Array, false)
#4 /home/dnzwygdo/djuragancom/vendor/codeigniter4/framework/system/Model.php(222): CodeIgniter\Database\BaseBuilder->get()
#5 /home/dnzwygdo/djuragancom/vendor/codeigniter4/framework/system/BaseModel.php(584): CodeIgniter\Model->doFindAll(20, 0)
#6 /home/dnzwygdo/djuragancom/app/Models/InvoiceModel.php(74): CodeIgniter\BaseModel->findAll(20, 0)
#7 /home/dnzwygdo/djuragancom/app/Controllers/Admin/Invoices.php(66): App\Models\InvoiceModel->getAll('semua', 0, Array, 20, 0)
#8 /home/dnzwygdo/djuragancom/vendor/codeigniter4/framework/system/CodeIgniter.php(898): App\Controllers\Admin\Invoices->lihat('semua', 'semua')
#9 /home/dnzwygdo/djuragancom/vendor/codeigniter4/framework/system/CodeIgniter.php(457): CodeIgniter\CodeIgniter->runController(Object(App\Controllers\Admin\Invoices))
#10 /home/dnzwygdo/djuragancom/vendor/codeigniter4/framework/system/CodeIgniter.php(340): CodeIgniter\CodeIgniter->handleRequest(NULL, Object(Config\Cache), false)
#11 /home/dnzwygdo/public_html/index.php(67): CodeIgniter\CodeIgniter->run()
#12 {main}
CRITICAL - 2024-07-01 14:09:16 --> Call to a member function getResult() on bool
in SYSTEMPATH/Model.php on line 223.
 1 SYSTEMPATH/BaseModel.php(584): CodeIgniter\Model->doFindAll(20, 0)
 2 APPPATH/Models/InvoiceModel.php(74): CodeIgniter\BaseModel->findAll(20, 0)
 3 APPPATH/Controllers/Admin/Invoices.php(66): App\Models\InvoiceModel->getAll('semua', 0, [...], 20, 0)
 4 SYSTEMPATH/CodeIgniter.php(898): App\Controllers\Admin\Invoices->lihat('semua', 'semua')
 5 SYSTEMPATH/CodeIgniter.php(457): CodeIgniter\CodeIgniter->runController(Object(App\Controllers\Admin\Invoices))
 6 SYSTEMPATH/CodeIgniter.php(340): CodeIgniter\CodeIgniter->handleRequest(null, Object(Config\Cache), false)
 7 FCPATH/index.php(67): CodeIgniter\CodeIgniter->run()
ERROR - 2024-07-01 14:09:20 --> mysqli_sql_exception: You have an error in your SQL syntax; check the manual that corresponds to your MySQL server version for the right syntax to use near ')
AND `order_invoice`.`deleted_at` IS NULL
ORDER BY `status_pesanan` ASC, `tangg' at line 3 in /home/dnzwygdo/djuragancom/vendor/codeigniter4/framework/system/Database/MySQLi/Connection.php:292
Stack trace:
#0 /home/dnzwygdo/djuragancom/vendor/codeigniter4/framework/system/Database/MySQLi/Connection.php(292): mysqli->query('SELECT *\nFROM `...', 0)
#1 /home/dnzwygdo/djuragancom/vendor/codeigniter4/framework/system/Database/BaseConnection.php(693): CodeIgniter\Database\MySQLi\Connection->execute('SELECT *\nFROM `...')
#2 /home/dnzwygdo/djuragancom/vendor/codeigniter4/framework/system/Database/BaseConnection.php(620): CodeIgniter\Database\BaseConnection->simpleQuery('SELECT *\nFROM `...')
#3 /home/dnzwygdo/djuragancom/vendor/codeigniter4/framework/system/Database/BaseBuilder.php(1585): CodeIgniter\Database\BaseConnection->query('SELECT *\nFROM `...', Array, false)
#4 /home/dnzwygdo/djuragancom/vendor/codeigniter4/framework/system/Model.php(222): CodeIgniter\Database\BaseBuilder->get()
#5 /home/dnzwygdo/djuragancom/vendor/codeigniter4/framework/system/BaseModel.php(584): CodeIgniter\Model->doFindAll(20, 0)
#6 /home/dnzwygdo/djuragancom/app/Models/InvoiceModel.php(74): CodeIgniter\BaseModel->findAll(20, 0)
#7 /home/dnzwygdo/djuragancom/app/Controllers/Admin/Invoices.php(66): App\Models\InvoiceModel->getAll('semua', 0, Array, 20, 0)
#8 /home/dnzwygdo/djuragancom/vendor/codeigniter4/framework/system/CodeIgniter.php(898): App\Controllers\Admin\Invoices->lihat('semua', 'semua')
#9 /home/dnzwygdo/djuragancom/vendor/codeigniter4/framework/system/CodeIgniter.php(457): CodeIgniter\CodeIgniter->runController(Object(App\Controllers\Admin\Invoices))
#10 /home/dnzwygdo/djuragancom/vendor/codeigniter4/framework/system/CodeIgniter.php(340): CodeIgniter\CodeIgniter->handleRequest(NULL, Object(Config\Cache), false)
#11 /home/dnzwygdo/public_html/index.php(67): CodeIgniter\CodeIgniter->run()
#12 {main}
CRITICAL - 2024-07-01 14:09:20 --> Call to a member function getResult() on bool
in SYSTEMPATH/Model.php on line 223.
 1 SYSTEMPATH/BaseModel.php(584): CodeIgniter\Model->doFindAll(20, 0)
 2 APPPATH/Models/InvoiceModel.php(74): CodeIgniter\BaseModel->findAll(20, 0)
 3 APPPATH/Controllers/Admin/Invoices.php(66): App\Models\InvoiceModel->getAll('semua', 0, [...], 20, 0)
 4 SYSTEMPATH/CodeIgniter.php(898): App\Controllers\Admin\Invoices->lihat('semua', 'semua')
 5 SYSTEMPATH/CodeIgniter.php(457): CodeIgniter\CodeIgniter->runController(Object(App\Controllers\Admin\Invoices))
 6 SYSTEMPATH/CodeIgniter.php(340): CodeIgniter\CodeIgniter->handleRequest(null, Object(Config\Cache), false)
 7 FCPATH/index.php(67): CodeIgniter\CodeIgniter->run()
ERROR - 2024-07-01 14:44:19 --> mysqli_sql_exception: You have an error in your SQL syntax; check the manual that corresponds to your MySQL server version for the right syntax to use near ')
AND `order_invoice`.`deleted_at` IS NULL
ORDER BY `status_pesanan` ASC, `tangg' at line 3 in /home/dnzwygdo/djuragancom/vendor/codeigniter4/framework/system/Database/MySQLi/Connection.php:292
Stack trace:
#0 /home/dnzwygdo/djuragancom/vendor/codeigniter4/framework/system/Database/MySQLi/Connection.php(292): mysqli->query('SELECT *\nFROM `...', 0)
#1 /home/dnzwygdo/djuragancom/vendor/codeigniter4/framework/system/Database/BaseConnection.php(693): CodeIgniter\Database\MySQLi\Connection->execute('SELECT *\nFROM `...')
#2 /home/dnzwygdo/djuragancom/vendor/codeigniter4/framework/system/Database/BaseConnection.php(620): CodeIgniter\Database\BaseConnection->simpleQuery('SELECT *\nFROM `...')
#3 /home/dnzwygdo/djuragancom/vendor/codeigniter4/framework/system/Database/BaseBuilder.php(1585): CodeIgniter\Database\BaseConnection->query('SELECT *\nFROM `...', Array, false)
#4 /home/dnzwygdo/djuragancom/vendor/codeigniter4/framework/system/Model.php(222): CodeIgniter\Database\BaseBuilder->get()
#5 /home/dnzwygdo/djuragancom/vendor/codeigniter4/framework/system/BaseModel.php(584): CodeIgniter\Model->doFindAll(20, 0)
#6 /home/dnzwygdo/djuragancom/app/Models/InvoiceModel.php(74): CodeIgniter\BaseModel->findAll(20, 0)
#7 /home/dnzwygdo/djuragancom/app/Controllers/Admin/Invoices.php(66): App\Models\InvoiceModel->getAll('semua', 0, Array, 20, 0)
#8 /home/dnzwygdo/djuragancom/vendor/codeigniter4/framework/system/CodeIgniter.php(898): App\Controllers\Admin\Invoices->lihat('semua', 'semua')
#9 /home/dnzwygdo/djuragancom/vendor/codeigniter4/framework/system/CodeIgniter.php(457): CodeIgniter\CodeIgniter->runController(Object(App\Controllers\Admin\Invoices))
#10 /home/dnzwygdo/djuragancom/vendor/codeigniter4/framework/system/CodeIgniter.php(340): CodeIgniter\CodeIgniter->handleRequest(NULL, Object(Config\Cache), false)
#11 /home/dnzwygdo/public_html/index.php(67): CodeIgniter\CodeIgniter->run()
#12 {main}
CRITICAL - 2024-07-01 14:44:19 --> Call to a member function getResult() on bool
in SYSTEMPATH/Model.php on line 223.
 1 SYSTEMPATH/BaseModel.php(584): CodeIgniter\Model->doFindAll(20, 0)
 2 APPPATH/Models/InvoiceModel.php(74): CodeIgniter\BaseModel->findAll(20, 0)
 3 APPPATH/Controllers/Admin/Invoices.php(66): App\Models\InvoiceModel->getAll('semua', 0, [...], 20, 0)
 4 SYSTEMPATH/CodeIgniter.php(898): App\Controllers\Admin\Invoices->lihat('semua', 'semua')
 5 SYSTEMPATH/CodeIgniter.php(457): CodeIgniter\CodeIgniter->runController(Object(App\Controllers\Admin\Invoices))
 6 SYSTEMPATH/CodeIgniter.php(340): CodeIgniter\CodeIgniter->handleRequest(null, Object(Config\Cache), false)
 7 FCPATH/index.php(67): CodeIgniter\CodeIgniter->run()
ERROR - 2024-07-01 14:44:32 --> mysqli_sql_exception: Incorrect DATE value: '2024-06-' in /home/dnzwygdo/djuragancom/vendor/codeigniter4/framework/system/Database/MySQLi/Connection.php:292
Stack trace:
#0 /home/dnzwygdo/djuragancom/vendor/codeigniter4/framework/system/Database/MySQLi/Connection.php(292): mysqli->query('SELECT `order_i...', 0)
#1 /home/dnzwygdo/djuragancom/vendor/codeigniter4/framework/system/Database/BaseConnection.php(693): CodeIgniter\Database\MySQLi\Connection->execute('SELECT `order_i...')
#2 /home/dnzwygdo/djuragancom/vendor/codeigniter4/framework/system/Database/BaseConnection.php(620): CodeIgniter\Database\BaseConnection->simpleQuery('SELECT `order_i...')
#3 /home/dnzwygdo/djuragancom/vendor/codeigniter4/framework/system/Database/BaseBuilder.php(1585): CodeIgniter\Database\BaseConnection->query('SELECT `order_i...', Array, false)
#4 /home/dnzwygdo/djuragancom/vendor/codeigniter4/framework/system/Model.php(222): CodeIgniter\Database\BaseBuilder->get()
#5 /home/dnzwygdo/djuragancom/vendor/codeigniter4/framework/system/BaseModel.php(584): CodeIgniter\Model->doFindAll(0, 0)
#6 /home/dnzwygdo/djuragancom/app/Models/InvoiceModel.php(297): CodeIgniter\BaseModel->findAll()
#7 /home/dnzwygdo/djuragancom/app/Models/InvoiceModel.php(47): App\Models\InvoiceModel->ambilIds(Array)
#8 /home/dnzwygdo/djuragancom/app/Controllers/Admin/Invoices.php(66): App\Models\InvoiceModel->getAll('semua', 0, Array, 20, 0)
#9 /home/dnzwygdo/djuragancom/vendor/codeigniter4/framework/system/CodeIgniter.php(898): App\Controllers\Admin\Invoices->lihat('semua', 'semua')
#10 /home/dnzwygdo/djuragancom/vendor/codeigniter4/framework/system/CodeIgniter.php(457): CodeIgniter\CodeIgniter->runController(Object(App\Controllers\Admin\Invoices))
#11 /home/dnzwygdo/djuragancom/vendor/codeigniter4/framework/system/CodeIgniter.php(340): CodeIgniter\CodeIgniter->handleRequest(NULL, Object(Config\Cache), false)
#12 /home/dnzwygdo/public_html/index.php(67): CodeIgniter\CodeIgniter->run()
#13 {main}
CRITICAL - 2024-07-01 14:44:32 --> Call to a member function getResult() on bool
in SYSTEMPATH/Model.php on line 223.
 1 SYSTEMPATH/BaseModel.php(584): CodeIgniter\Model->doFindAll(0, 0)
 2 APPPATH/Models/InvoiceModel.php(297): CodeIgniter\BaseModel->findAll()
 3 APPPATH/Models/InvoiceModel.php(47): App\Models\InvoiceModel->ambilIds([...])
 4 APPPATH/Controllers/Admin/Invoices.php(66): App\Models\InvoiceModel->getAll('semua', 0, [...], 20, 0)
 5 SYSTEMPATH/CodeIgniter.php(898): App\Controllers\Admin\Invoices->lihat('semua', 'semua')
 6 SYSTEMPATH/CodeIgniter.php(457): CodeIgniter\CodeIgniter->runController(Object(App\Controllers\Admin\Invoices))
 7 SYSTEMPATH/CodeIgniter.php(340): CodeIgniter\CodeIgniter->handleRequest(null, Object(Config\Cache), false)
 8 FCPATH/index.php(67): CodeIgniter\CodeIgniter->run()
