ERROR - 2023-09-09 09:07:09 --> mysqli_sql_exception: You have an error in your SQL syntax; check the manual that corresponds to your MySQL server version for the right syntax to use near ')
AND `order_invoice`.`deleted_at` IS NULL
ORDER BY `status_pesanan` ASC, `tangg' at line 3 in /home/dnzwygdo/djuragancom/vendor/codeigniter4/framework/system/Database/MySQLi/Connection.php:292
Stack trace:
#0 /home/dnzwygdo/djuragancom/vendor/codeigniter4/framework/system/Database/MySQLi/Connection.php(292): mysqli->query()
#1 /home/dnzwygdo/djuragancom/vendor/codeigniter4/framework/system/Database/BaseConnection.php(693): CodeIgniter\Database\MySQLi\Connection->execute()
#2 /home/dnzwygdo/djuragancom/vendor/codeigniter4/framework/system/Database/BaseConnection.php(620): CodeIgniter\Database\BaseConnection->simpleQuery()
#3 /home/dnzwygdo/djuragancom/vendor/codeigniter4/framework/system/Database/BaseBuilder.php(1585): CodeIgniter\Database\BaseConnection->query()
#4 /home/dnzwygdo/djuragancom/vendor/codeigniter4/framework/system/Model.php(222): CodeIgniter\Database\BaseBuilder->get()
#5 /home/dnzwygdo/djuragancom/vendor/codeigniter4/framework/system/BaseModel.php(584): CodeIgniter\Model->doFindAll()
#6 /home/dnzwygdo/djuragancom/app/Models/InvoiceModel.php(74): CodeIgniter\BaseModel->findAll()
#7 /home/dnzwygdo/djuragancom/app/Controllers/Admin/Invoices.php(66): App\Models\InvoiceModel->getAll()
#8 /home/dnzwygdo/djuragancom/vendor/codeigniter4/framework/system/CodeIgniter.php(898): App\Controllers\Admin\Invoices->lihat()
#9 /home/dnzwygdo/djuragancom/vendor/codeigniter4/framework/system/CodeIgniter.php(457): CodeIgniter\CodeIgniter->runController()
#10 /home/dnzwygdo/djuragancom/vendor/codeigniter4/framework/system/CodeIgniter.php(340): CodeIgniter\CodeIgniter->handleRequest()
#11 /home/dnzwygdo/public_html/index.php(67): CodeIgniter\CodeIgniter->run()
#12 {main}
CRITICAL - 2023-09-09 09:07:09 --> Call to a member function getResult() on bool
in SYSTEMPATH/Model.php on line 223.
 1 SYSTEMPATH/BaseModel.php(584): CodeIgniter\Model->doFindAll()
 2 APPPATH/Models/InvoiceModel.php(74): CodeIgniter\BaseModel->findAll()
 3 APPPATH/Controllers/Admin/Invoices.php(66): App\Models\InvoiceModel->getAll()
 4 SYSTEMPATH/CodeIgniter.php(898): App\Controllers\Admin\Invoices->lihat()
 5 SYSTEMPATH/CodeIgniter.php(457): CodeIgniter\CodeIgniter->runController()
 6 SYSTEMPATH/CodeIgniter.php(340): CodeIgniter\CodeIgniter->handleRequest()
 7 FCPATH/index.php(67): CodeIgniter\CodeIgniter->run()
ERROR - 2023-09-09 15:26:33 --> mysqli_sql_exception: You have an error in your SQL syntax; check the manual that corresponds to your MySQL server version for the right syntax to use near ')
AND `juragan_id` = 3
AND `order_invoice`.`deleted_at` IS NULL
ORDER BY `status' at line 3 in /home/dnzwygdo/djuragancom/vendor/codeigniter4/framework/system/Database/MySQLi/Connection.php:292
Stack trace:
#0 /home/dnzwygdo/djuragancom/vendor/codeigniter4/framework/system/Database/MySQLi/Connection.php(292): mysqli->query()
#1 /home/dnzwygdo/djuragancom/vendor/codeigniter4/framework/system/Database/BaseConnection.php(693): CodeIgniter\Database\MySQLi\Connection->execute()
#2 /home/dnzwygdo/djuragancom/vendor/codeigniter4/framework/system/Database/BaseConnection.php(620): CodeIgniter\Database\BaseConnection->simpleQuery()
#3 /home/dnzwygdo/djuragancom/vendor/codeigniter4/framework/system/Database/BaseBuilder.php(1585): CodeIgniter\Database\BaseConnection->query()
#4 /home/dnzwygdo/djuragancom/vendor/codeigniter4/framework/system/Model.php(222): CodeIgniter\Database\BaseBuilder->get()
#5 /home/dnzwygdo/djuragancom/vendor/codeigniter4/framework/system/BaseModel.php(584): CodeIgniter\Model->doFindAll()
#6 /home/dnzwygdo/djuragancom/app/Models/InvoiceModel.php(74): CodeIgniter\BaseModel->findAll()
#7 /home/dnzwygdo/djuragancom/app/Controllers/User/Invoices.php(156): App\Models\InvoiceModel->getAll()
#8 /home/dnzwygdo/djuragancom/vendor/codeigniter4/framework/system/CodeIgniter.php(898): App\Controllers\User\Invoices->lihat()
#9 /home/dnzwygdo/djuragancom/vendor/codeigniter4/framework/system/CodeIgniter.php(457): CodeIgniter\CodeIgniter->runController()
#10 /home/dnzwygdo/djuragancom/vendor/codeigniter4/framework/system/CodeIgniter.php(340): CodeIgniter\CodeIgniter->handleRequest()
#11 /home/dnzwygdo/public_html/index.php(67): CodeIgniter\CodeIgniter->run()
#12 {main}
CRITICAL - 2023-09-09 15:26:33 --> Call to a member function getResult() on bool
in SYSTEMPATH/Model.php on line 223.
 1 SYSTEMPATH/BaseModel.php(584): CodeIgniter\Model->doFindAll()
 2 APPPATH/Models/InvoiceModel.php(74): CodeIgniter\BaseModel->findAll()
 3 APPPATH/Controllers/User/Invoices.php(156): App\Models\InvoiceModel->getAll()
 4 SYSTEMPATH/CodeIgniter.php(898): App\Controllers\User\Invoices->lihat()
 5 SYSTEMPATH/CodeIgniter.php(457): CodeIgniter\CodeIgniter->runController()
 6 SYSTEMPATH/CodeIgniter.php(340): CodeIgniter\CodeIgniter->handleRequest()
 7 FCPATH/index.php(67): CodeIgniter\CodeIgniter->run()
ERROR - 2023-09-09 15:26:46 --> mysqli_sql_exception: You have an error in your SQL syntax; check the manual that corresponds to your MySQL server version for the right syntax to use near ')
AND `juragan_id` = 8
AND `order_invoice`.`deleted_at` IS NULL
ORDER BY `status' at line 3 in /home/dnzwygdo/djuragancom/vendor/codeigniter4/framework/system/Database/MySQLi/Connection.php:292
Stack trace:
#0 /home/dnzwygdo/djuragancom/vendor/codeigniter4/framework/system/Database/MySQLi/Connection.php(292): mysqli->query()
#1 /home/dnzwygdo/djuragancom/vendor/codeigniter4/framework/system/Database/BaseConnection.php(693): CodeIgniter\Database\MySQLi\Connection->execute()
#2 /home/dnzwygdo/djuragancom/vendor/codeigniter4/framework/system/Database/BaseConnection.php(620): CodeIgniter\Database\BaseConnection->simpleQuery()
#3 /home/dnzwygdo/djuragancom/vendor/codeigniter4/framework/system/Database/BaseBuilder.php(1585): CodeIgniter\Database\BaseConnection->query()
#4 /home/dnzwygdo/djuragancom/vendor/codeigniter4/framework/system/Model.php(222): CodeIgniter\Database\BaseBuilder->get()
#5 /home/dnzwygdo/djuragancom/vendor/codeigniter4/framework/system/BaseModel.php(584): CodeIgniter\Model->doFindAll()
#6 /home/dnzwygdo/djuragancom/app/Models/InvoiceModel.php(74): CodeIgniter\BaseModel->findAll()
#7 /home/dnzwygdo/djuragancom/app/Controllers/User/Invoices.php(156): App\Models\InvoiceModel->getAll()
#8 /home/dnzwygdo/djuragancom/vendor/codeigniter4/framework/system/CodeIgniter.php(898): App\Controllers\User\Invoices->lihat()
#9 /home/dnzwygdo/djuragancom/vendor/codeigniter4/framework/system/CodeIgniter.php(457): CodeIgniter\CodeIgniter->runController()
#10 /home/dnzwygdo/djuragancom/vendor/codeigniter4/framework/system/CodeIgniter.php(340): CodeIgniter\CodeIgniter->handleRequest()
#11 /home/dnzwygdo/public_html/index.php(67): CodeIgniter\CodeIgniter->run()
#12 {main}
CRITICAL - 2023-09-09 15:26:46 --> Call to a member function getResult() on bool
in SYSTEMPATH/Model.php on line 223.
 1 SYSTEMPATH/BaseModel.php(584): CodeIgniter\Model->doFindAll()
 2 APPPATH/Models/InvoiceModel.php(74): CodeIgniter\BaseModel->findAll()
 3 APPPATH/Controllers/User/Invoices.php(156): App\Models\InvoiceModel->getAll()
 4 SYSTEMPATH/CodeIgniter.php(898): App\Controllers\User\Invoices->lihat()
 5 SYSTEMPATH/CodeIgniter.php(457): CodeIgniter\CodeIgniter->runController()
 6 SYSTEMPATH/CodeIgniter.php(340): CodeIgniter\CodeIgniter->handleRequest()
 7 FCPATH/index.php(67): CodeIgniter\CodeIgniter->run()
ERROR - 2023-09-09 15:26:53 --> mysqli_sql_exception: You have an error in your SQL syntax; check the manual that corresponds to your MySQL server version for the right syntax to use near ')
AND `juragan_id` = 9
AND `order_invoice`.`deleted_at` IS NULL
ORDER BY `status' at line 3 in /home/dnzwygdo/djuragancom/vendor/codeigniter4/framework/system/Database/MySQLi/Connection.php:292
Stack trace:
#0 /home/dnzwygdo/djuragancom/vendor/codeigniter4/framework/system/Database/MySQLi/Connection.php(292): mysqli->query()
#1 /home/dnzwygdo/djuragancom/vendor/codeigniter4/framework/system/Database/BaseConnection.php(693): CodeIgniter\Database\MySQLi\Connection->execute()
#2 /home/dnzwygdo/djuragancom/vendor/codeigniter4/framework/system/Database/BaseConnection.php(620): CodeIgniter\Database\BaseConnection->simpleQuery()
#3 /home/dnzwygdo/djuragancom/vendor/codeigniter4/framework/system/Database/BaseBuilder.php(1585): CodeIgniter\Database\BaseConnection->query()
#4 /home/dnzwygdo/djuragancom/vendor/codeigniter4/framework/system/Model.php(222): CodeIgniter\Database\BaseBuilder->get()
#5 /home/dnzwygdo/djuragancom/vendor/codeigniter4/framework/system/BaseModel.php(584): CodeIgniter\Model->doFindAll()
#6 /home/dnzwygdo/djuragancom/app/Models/InvoiceModel.php(74): CodeIgniter\BaseModel->findAll()
#7 /home/dnzwygdo/djuragancom/app/Controllers/User/Invoices.php(156): App\Models\InvoiceModel->getAll()
#8 /home/dnzwygdo/djuragancom/vendor/codeigniter4/framework/system/CodeIgniter.php(898): App\Controllers\User\Invoices->lihat()
#9 /home/dnzwygdo/djuragancom/vendor/codeigniter4/framework/system/CodeIgniter.php(457): CodeIgniter\CodeIgniter->runController()
#10 /home/dnzwygdo/djuragancom/vendor/codeigniter4/framework/system/CodeIgniter.php(340): CodeIgniter\CodeIgniter->handleRequest()
#11 /home/dnzwygdo/public_html/index.php(67): CodeIgniter\CodeIgniter->run()
#12 {main}
CRITICAL - 2023-09-09 15:26:53 --> Call to a member function getResult() on bool
in SYSTEMPATH/Model.php on line 223.
 1 SYSTEMPATH/BaseModel.php(584): CodeIgniter\Model->doFindAll()
 2 APPPATH/Models/InvoiceModel.php(74): CodeIgniter\BaseModel->findAll()
 3 APPPATH/Controllers/User/Invoices.php(156): App\Models\InvoiceModel->getAll()
 4 SYSTEMPATH/CodeIgniter.php(898): App\Controllers\User\Invoices->lihat()
 5 SYSTEMPATH/CodeIgniter.php(457): CodeIgniter\CodeIgniter->runController()
 6 SYSTEMPATH/CodeIgniter.php(340): CodeIgniter\CodeIgniter->handleRequest()
 7 FCPATH/index.php(67): CodeIgniter\CodeIgniter->run()
ERROR - 2023-09-09 15:27:00 --> mysqli_sql_exception: You have an error in your SQL syntax; check the manual that corresponds to your MySQL server version for the right syntax to use near ')
AND `juragan_id` = 10
AND `order_invoice`.`deleted_at` IS NULL
ORDER BY `statu' at line 3 in /home/dnzwygdo/djuragancom/vendor/codeigniter4/framework/system/Database/MySQLi/Connection.php:292
Stack trace:
#0 /home/dnzwygdo/djuragancom/vendor/codeigniter4/framework/system/Database/MySQLi/Connection.php(292): mysqli->query()
#1 /home/dnzwygdo/djuragancom/vendor/codeigniter4/framework/system/Database/BaseConnection.php(693): CodeIgniter\Database\MySQLi\Connection->execute()
#2 /home/dnzwygdo/djuragancom/vendor/codeigniter4/framework/system/Database/BaseConnection.php(620): CodeIgniter\Database\BaseConnection->simpleQuery()
#3 /home/dnzwygdo/djuragancom/vendor/codeigniter4/framework/system/Database/BaseBuilder.php(1585): CodeIgniter\Database\BaseConnection->query()
#4 /home/dnzwygdo/djuragancom/vendor/codeigniter4/framework/system/Model.php(222): CodeIgniter\Database\BaseBuilder->get()
#5 /home/dnzwygdo/djuragancom/vendor/codeigniter4/framework/system/BaseModel.php(584): CodeIgniter\Model->doFindAll()
#6 /home/dnzwygdo/djuragancom/app/Models/InvoiceModel.php(74): CodeIgniter\BaseModel->findAll()
#7 /home/dnzwygdo/djuragancom/app/Controllers/User/Invoices.php(156): App\Models\InvoiceModel->getAll()
#8 /home/dnzwygdo/djuragancom/vendor/codeigniter4/framework/system/CodeIgniter.php(898): App\Controllers\User\Invoices->lihat()
#9 /home/dnzwygdo/djuragancom/vendor/codeigniter4/framework/system/CodeIgniter.php(457): CodeIgniter\CodeIgniter->runController()
#10 /home/dnzwygdo/djuragancom/vendor/codeigniter4/framework/system/CodeIgniter.php(340): CodeIgniter\CodeIgniter->handleRequest()
#11 /home/dnzwygdo/public_html/index.php(67): CodeIgniter\CodeIgniter->run()
#12 {main}
CRITICAL - 2023-09-09 15:27:00 --> Call to a member function getResult() on bool
in SYSTEMPATH/Model.php on line 223.
 1 SYSTEMPATH/BaseModel.php(584): CodeIgniter\Model->doFindAll()
 2 APPPATH/Models/InvoiceModel.php(74): CodeIgniter\BaseModel->findAll()
 3 APPPATH/Controllers/User/Invoices.php(156): App\Models\InvoiceModel->getAll()
 4 SYSTEMPATH/CodeIgniter.php(898): App\Controllers\User\Invoices->lihat()
 5 SYSTEMPATH/CodeIgniter.php(457): CodeIgniter\CodeIgniter->runController()
 6 SYSTEMPATH/CodeIgniter.php(340): CodeIgniter\CodeIgniter->handleRequest()
 7 FCPATH/index.php(67): CodeIgniter\CodeIgniter->run()
ERROR - 2023-09-09 15:27:08 --> mysqli_sql_exception: You have an error in your SQL syntax; check the manual that corresponds to your MySQL server version for the right syntax to use near ')
AND `juragan_id` = 12
AND `order_invoice`.`deleted_at` IS NULL
ORDER BY `statu' at line 3 in /home/dnzwygdo/djuragancom/vendor/codeigniter4/framework/system/Database/MySQLi/Connection.php:292
Stack trace:
#0 /home/dnzwygdo/djuragancom/vendor/codeigniter4/framework/system/Database/MySQLi/Connection.php(292): mysqli->query()
#1 /home/dnzwygdo/djuragancom/vendor/codeigniter4/framework/system/Database/BaseConnection.php(693): CodeIgniter\Database\MySQLi\Connection->execute()
#2 /home/dnzwygdo/djuragancom/vendor/codeigniter4/framework/system/Database/BaseConnection.php(620): CodeIgniter\Database\BaseConnection->simpleQuery()
#3 /home/dnzwygdo/djuragancom/vendor/codeigniter4/framework/system/Database/BaseBuilder.php(1585): CodeIgniter\Database\BaseConnection->query()
#4 /home/dnzwygdo/djuragancom/vendor/codeigniter4/framework/system/Model.php(222): CodeIgniter\Database\BaseBuilder->get()
#5 /home/dnzwygdo/djuragancom/vendor/codeigniter4/framework/system/BaseModel.php(584): CodeIgniter\Model->doFindAll()
#6 /home/dnzwygdo/djuragancom/app/Models/InvoiceModel.php(74): CodeIgniter\BaseModel->findAll()
#7 /home/dnzwygdo/djuragancom/app/Controllers/User/Invoices.php(156): App\Models\InvoiceModel->getAll()
#8 /home/dnzwygdo/djuragancom/vendor/codeigniter4/framework/system/CodeIgniter.php(898): App\Controllers\User\Invoices->lihat()
#9 /home/dnzwygdo/djuragancom/vendor/codeigniter4/framework/system/CodeIgniter.php(457): CodeIgniter\CodeIgniter->runController()
#10 /home/dnzwygdo/djuragancom/vendor/codeigniter4/framework/system/CodeIgniter.php(340): CodeIgniter\CodeIgniter->handleRequest()
#11 /home/dnzwygdo/public_html/index.php(67): CodeIgniter\CodeIgniter->run()
#12 {main}
CRITICAL - 2023-09-09 15:27:08 --> Call to a member function getResult() on bool
in SYSTEMPATH/Model.php on line 223.
 1 SYSTEMPATH/BaseModel.php(584): CodeIgniter\Model->doFindAll()
 2 APPPATH/Models/InvoiceModel.php(74): CodeIgniter\BaseModel->findAll()
 3 APPPATH/Controllers/User/Invoices.php(156): App\Models\InvoiceModel->getAll()
 4 SYSTEMPATH/CodeIgniter.php(898): App\Controllers\User\Invoices->lihat()
 5 SYSTEMPATH/CodeIgniter.php(457): CodeIgniter\CodeIgniter->runController()
 6 SYSTEMPATH/CodeIgniter.php(340): CodeIgniter\CodeIgniter->handleRequest()
 7 FCPATH/index.php(67): CodeIgniter\CodeIgniter->run()
ERROR - 2023-09-09 15:27:15 --> mysqli_sql_exception: You have an error in your SQL syntax; check the manual that corresponds to your MySQL server version for the right syntax to use near ')
AND `juragan_id` = 13
AND `order_invoice`.`deleted_at` IS NULL
ORDER BY `statu' at line 3 in /home/dnzwygdo/djuragancom/vendor/codeigniter4/framework/system/Database/MySQLi/Connection.php:292
Stack trace:
#0 /home/dnzwygdo/djuragancom/vendor/codeigniter4/framework/system/Database/MySQLi/Connection.php(292): mysqli->query()
#1 /home/dnzwygdo/djuragancom/vendor/codeigniter4/framework/system/Database/BaseConnection.php(693): CodeIgniter\Database\MySQLi\Connection->execute()
#2 /home/dnzwygdo/djuragancom/vendor/codeigniter4/framework/system/Database/BaseConnection.php(620): CodeIgniter\Database\BaseConnection->simpleQuery()
#3 /home/dnzwygdo/djuragancom/vendor/codeigniter4/framework/system/Database/BaseBuilder.php(1585): CodeIgniter\Database\BaseConnection->query()
#4 /home/dnzwygdo/djuragancom/vendor/codeigniter4/framework/system/Model.php(222): CodeIgniter\Database\BaseBuilder->get()
#5 /home/dnzwygdo/djuragancom/vendor/codeigniter4/framework/system/BaseModel.php(584): CodeIgniter\Model->doFindAll()
#6 /home/dnzwygdo/djuragancom/app/Models/InvoiceModel.php(74): CodeIgniter\BaseModel->findAll()
#7 /home/dnzwygdo/djuragancom/app/Controllers/User/Invoices.php(156): App\Models\InvoiceModel->getAll()
#8 /home/dnzwygdo/djuragancom/vendor/codeigniter4/framework/system/CodeIgniter.php(898): App\Controllers\User\Invoices->lihat()
#9 /home/dnzwygdo/djuragancom/vendor/codeigniter4/framework/system/CodeIgniter.php(457): CodeIgniter\CodeIgniter->runController()
#10 /home/dnzwygdo/djuragancom/vendor/codeigniter4/framework/system/CodeIgniter.php(340): CodeIgniter\CodeIgniter->handleRequest()
#11 /home/dnzwygdo/public_html/index.php(67): CodeIgniter\CodeIgniter->run()
#12 {main}
CRITICAL - 2023-09-09 15:27:15 --> Call to a member function getResult() on bool
in SYSTEMPATH/Model.php on line 223.
 1 SYSTEMPATH/BaseModel.php(584): CodeIgniter\Model->doFindAll()
 2 APPPATH/Models/InvoiceModel.php(74): CodeIgniter\BaseModel->findAll()
 3 APPPATH/Controllers/User/Invoices.php(156): App\Models\InvoiceModel->getAll()
 4 SYSTEMPATH/CodeIgniter.php(898): App\Controllers\User\Invoices->lihat()
 5 SYSTEMPATH/CodeIgniter.php(457): CodeIgniter\CodeIgniter->runController()
 6 SYSTEMPATH/CodeIgniter.php(340): CodeIgniter\CodeIgniter->handleRequest()
 7 FCPATH/index.php(67): CodeIgniter\CodeIgniter->run()
ERROR - 2023-09-09 15:27:23 --> mysqli_sql_exception: You have an error in your SQL syntax; check the manual that corresponds to your MySQL server version for the right syntax to use near ')
AND `juragan_id` = 27
AND `order_invoice`.`deleted_at` IS NULL
ORDER BY `statu' at line 3 in /home/dnzwygdo/djuragancom/vendor/codeigniter4/framework/system/Database/MySQLi/Connection.php:292
Stack trace:
#0 /home/dnzwygdo/djuragancom/vendor/codeigniter4/framework/system/Database/MySQLi/Connection.php(292): mysqli->query()
#1 /home/dnzwygdo/djuragancom/vendor/codeigniter4/framework/system/Database/BaseConnection.php(693): CodeIgniter\Database\MySQLi\Connection->execute()
#2 /home/dnzwygdo/djuragancom/vendor/codeigniter4/framework/system/Database/BaseConnection.php(620): CodeIgniter\Database\BaseConnection->simpleQuery()
#3 /home/dnzwygdo/djuragancom/vendor/codeigniter4/framework/system/Database/BaseBuilder.php(1585): CodeIgniter\Database\BaseConnection->query()
#4 /home/dnzwygdo/djuragancom/vendor/codeigniter4/framework/system/Model.php(222): CodeIgniter\Database\BaseBuilder->get()
#5 /home/dnzwygdo/djuragancom/vendor/codeigniter4/framework/system/BaseModel.php(584): CodeIgniter\Model->doFindAll()
#6 /home/dnzwygdo/djuragancom/app/Models/InvoiceModel.php(74): CodeIgniter\BaseModel->findAll()
#7 /home/dnzwygdo/djuragancom/app/Controllers/User/Invoices.php(156): App\Models\InvoiceModel->getAll()
#8 /home/dnzwygdo/djuragancom/vendor/codeigniter4/framework/system/CodeIgniter.php(898): App\Controllers\User\Invoices->lihat()
#9 /home/dnzwygdo/djuragancom/vendor/codeigniter4/framework/system/CodeIgniter.php(457): CodeIgniter\CodeIgniter->runController()
#10 /home/dnzwygdo/djuragancom/vendor/codeigniter4/framework/system/CodeIgniter.php(340): CodeIgniter\CodeIgniter->handleRequest()
#11 /home/dnzwygdo/public_html/index.php(67): CodeIgniter\CodeIgniter->run()
#12 {main}
CRITICAL - 2023-09-09 15:27:23 --> Call to a member function getResult() on bool
in SYSTEMPATH/Model.php on line 223.
 1 SYSTEMPATH/BaseModel.php(584): CodeIgniter\Model->doFindAll()
 2 APPPATH/Models/InvoiceModel.php(74): CodeIgniter\BaseModel->findAll()
 3 APPPATH/Controllers/User/Invoices.php(156): App\Models\InvoiceModel->getAll()
 4 SYSTEMPATH/CodeIgniter.php(898): App\Controllers\User\Invoices->lihat()
 5 SYSTEMPATH/CodeIgniter.php(457): CodeIgniter\CodeIgniter->runController()
 6 SYSTEMPATH/CodeIgniter.php(340): CodeIgniter\CodeIgniter->handleRequest()
 7 FCPATH/index.php(67): CodeIgniter\CodeIgniter->run()
ERROR - 2023-09-09 15:30:57 --> mysqli_sql_exception: You have an error in your SQL syntax; check the manual that corresponds to your MySQL server version for the right syntax to use near ')
AND `juragan_id` = 27
AND `order_invoice`.`deleted_at` IS NULL
ORDER BY `statu' at line 3 in /home/dnzwygdo/djuragancom/vendor/codeigniter4/framework/system/Database/MySQLi/Connection.php:292
Stack trace:
#0 /home/dnzwygdo/djuragancom/vendor/codeigniter4/framework/system/Database/MySQLi/Connection.php(292): mysqli->query()
#1 /home/dnzwygdo/djuragancom/vendor/codeigniter4/framework/system/Database/BaseConnection.php(693): CodeIgniter\Database\MySQLi\Connection->execute()
#2 /home/dnzwygdo/djuragancom/vendor/codeigniter4/framework/system/Database/BaseConnection.php(620): CodeIgniter\Database\BaseConnection->simpleQuery()
#3 /home/dnzwygdo/djuragancom/vendor/codeigniter4/framework/system/Database/BaseBuilder.php(1585): CodeIgniter\Database\BaseConnection->query()
#4 /home/dnzwygdo/djuragancom/vendor/codeigniter4/framework/system/Model.php(222): CodeIgniter\Database\BaseBuilder->get()
#5 /home/dnzwygdo/djuragancom/vendor/codeigniter4/framework/system/BaseModel.php(584): CodeIgniter\Model->doFindAll()
#6 /home/dnzwygdo/djuragancom/app/Models/InvoiceModel.php(74): CodeIgniter\BaseModel->findAll()
#7 /home/dnzwygdo/djuragancom/app/Controllers/User/Invoices.php(156): App\Models\InvoiceModel->getAll()
#8 /home/dnzwygdo/djuragancom/vendor/codeigniter4/framework/system/CodeIgniter.php(898): App\Controllers\User\Invoices->lihat()
#9 /home/dnzwygdo/djuragancom/vendor/codeigniter4/framework/system/CodeIgniter.php(457): CodeIgniter\CodeIgniter->runController()
#10 /home/dnzwygdo/djuragancom/vendor/codeigniter4/framework/system/CodeIgniter.php(340): CodeIgniter\CodeIgniter->handleRequest()
#11 /home/dnzwygdo/public_html/index.php(67): CodeIgniter\CodeIgniter->run()
#12 {main}
CRITICAL - 2023-09-09 15:30:57 --> Call to a member function getResult() on bool
in SYSTEMPATH/Model.php on line 223.
 1 SYSTEMPATH/BaseModel.php(584): CodeIgniter\Model->doFindAll()
 2 APPPATH/Models/InvoiceModel.php(74): CodeIgniter\BaseModel->findAll()
 3 APPPATH/Controllers/User/Invoices.php(156): App\Models\InvoiceModel->getAll()
 4 SYSTEMPATH/CodeIgniter.php(898): App\Controllers\User\Invoices->lihat()
 5 SYSTEMPATH/CodeIgniter.php(457): CodeIgniter\CodeIgniter->runController()
 6 SYSTEMPATH/CodeIgniter.php(340): CodeIgniter\CodeIgniter->handleRequest()
 7 FCPATH/index.php(67): CodeIgniter\CodeIgniter->run()
ERROR - 2023-09-09 15:31:06 --> mysqli_sql_exception: You have an error in your SQL syntax; check the manual that corresponds to your MySQL server version for the right syntax to use near ')
AND `juragan_id` = 13
AND `order_invoice`.`deleted_at` IS NULL
ORDER BY `statu' at line 3 in /home/dnzwygdo/djuragancom/vendor/codeigniter4/framework/system/Database/MySQLi/Connection.php:292
Stack trace:
#0 /home/dnzwygdo/djuragancom/vendor/codeigniter4/framework/system/Database/MySQLi/Connection.php(292): mysqli->query()
#1 /home/dnzwygdo/djuragancom/vendor/codeigniter4/framework/system/Database/BaseConnection.php(693): CodeIgniter\Database\MySQLi\Connection->execute()
#2 /home/dnzwygdo/djuragancom/vendor/codeigniter4/framework/system/Database/BaseConnection.php(620): CodeIgniter\Database\BaseConnection->simpleQuery()
#3 /home/dnzwygdo/djuragancom/vendor/codeigniter4/framework/system/Database/BaseBuilder.php(1585): CodeIgniter\Database\BaseConnection->query()
#4 /home/dnzwygdo/djuragancom/vendor/codeigniter4/framework/system/Model.php(222): CodeIgniter\Database\BaseBuilder->get()
#5 /home/dnzwygdo/djuragancom/vendor/codeigniter4/framework/system/BaseModel.php(584): CodeIgniter\Model->doFindAll()
#6 /home/dnzwygdo/djuragancom/app/Models/InvoiceModel.php(74): CodeIgniter\BaseModel->findAll()
#7 /home/dnzwygdo/djuragancom/app/Controllers/User/Invoices.php(156): App\Models\InvoiceModel->getAll()
#8 /home/dnzwygdo/djuragancom/vendor/codeigniter4/framework/system/CodeIgniter.php(898): App\Controllers\User\Invoices->lihat()
#9 /home/dnzwygdo/djuragancom/vendor/codeigniter4/framework/system/CodeIgniter.php(457): CodeIgniter\CodeIgniter->runController()
#10 /home/dnzwygdo/djuragancom/vendor/codeigniter4/framework/system/CodeIgniter.php(340): CodeIgniter\CodeIgniter->handleRequest()
#11 /home/dnzwygdo/public_html/index.php(67): CodeIgniter\CodeIgniter->run()
#12 {main}
CRITICAL - 2023-09-09 15:31:06 --> Call to a member function getResult() on bool
in SYSTEMPATH/Model.php on line 223.
 1 SYSTEMPATH/BaseModel.php(584): CodeIgniter\Model->doFindAll()
 2 APPPATH/Models/InvoiceModel.php(74): CodeIgniter\BaseModel->findAll()
 3 APPPATH/Controllers/User/Invoices.php(156): App\Models\InvoiceModel->getAll()
 4 SYSTEMPATH/CodeIgniter.php(898): App\Controllers\User\Invoices->lihat()
 5 SYSTEMPATH/CodeIgniter.php(457): CodeIgniter\CodeIgniter->runController()
 6 SYSTEMPATH/CodeIgniter.php(340): CodeIgniter\CodeIgniter->handleRequest()
 7 FCPATH/index.php(67): CodeIgniter\CodeIgniter->run()
ERROR - 2023-09-09 15:31:12 --> mysqli_sql_exception: You have an error in your SQL syntax; check the manual that corresponds to your MySQL server version for the right syntax to use near ')
AND `juragan_id` = 2
AND `order_invoice`.`deleted_at` IS NULL
ORDER BY `status' at line 3 in /home/dnzwygdo/djuragancom/vendor/codeigniter4/framework/system/Database/MySQLi/Connection.php:292
Stack trace:
#0 /home/dnzwygdo/djuragancom/vendor/codeigniter4/framework/system/Database/MySQLi/Connection.php(292): mysqli->query()
#1 /home/dnzwygdo/djuragancom/vendor/codeigniter4/framework/system/Database/BaseConnection.php(693): CodeIgniter\Database\MySQLi\Connection->execute()
#2 /home/dnzwygdo/djuragancom/vendor/codeigniter4/framework/system/Database/BaseConnection.php(620): CodeIgniter\Database\BaseConnection->simpleQuery()
#3 /home/dnzwygdo/djuragancom/vendor/codeigniter4/framework/system/Database/BaseBuilder.php(1585): CodeIgniter\Database\BaseConnection->query()
#4 /home/dnzwygdo/djuragancom/vendor/codeigniter4/framework/system/Model.php(222): CodeIgniter\Database\BaseBuilder->get()
#5 /home/dnzwygdo/djuragancom/vendor/codeigniter4/framework/system/BaseModel.php(584): CodeIgniter\Model->doFindAll()
#6 /home/dnzwygdo/djuragancom/app/Models/InvoiceModel.php(74): CodeIgniter\BaseModel->findAll()
#7 /home/dnzwygdo/djuragancom/app/Controllers/User/Invoices.php(156): App\Models\InvoiceModel->getAll()
#8 /home/dnzwygdo/djuragancom/vendor/codeigniter4/framework/system/CodeIgniter.php(898): App\Controllers\User\Invoices->lihat()
#9 /home/dnzwygdo/djuragancom/vendor/codeigniter4/framework/system/CodeIgniter.php(457): CodeIgniter\CodeIgniter->runController()
#10 /home/dnzwygdo/djuragancom/vendor/codeigniter4/framework/system/CodeIgniter.php(340): CodeIgniter\CodeIgniter->handleRequest()
#11 /home/dnzwygdo/public_html/index.php(67): CodeIgniter\CodeIgniter->run()
#12 {main}
CRITICAL - 2023-09-09 15:31:12 --> Call to a member function getResult() on bool
in SYSTEMPATH/Model.php on line 223.
 1 SYSTEMPATH/BaseModel.php(584): CodeIgniter\Model->doFindAll()
 2 APPPATH/Models/InvoiceModel.php(74): CodeIgniter\BaseModel->findAll()
 3 APPPATH/Controllers/User/Invoices.php(156): App\Models\InvoiceModel->getAll()
 4 SYSTEMPATH/CodeIgniter.php(898): App\Controllers\User\Invoices->lihat()
 5 SYSTEMPATH/CodeIgniter.php(457): CodeIgniter\CodeIgniter->runController()
 6 SYSTEMPATH/CodeIgniter.php(340): CodeIgniter\CodeIgniter->handleRequest()
 7 FCPATH/index.php(67): CodeIgniter\CodeIgniter->run()
ERROR - 2023-09-09 15:31:16 --> mysqli_sql_exception: You have an error in your SQL syntax; check the manual that corresponds to your MySQL server version for the right syntax to use near ')
AND `juragan_id` = 12
AND `order_invoice`.`deleted_at` IS NULL
ORDER BY `statu' at line 3 in /home/dnzwygdo/djuragancom/vendor/codeigniter4/framework/system/Database/MySQLi/Connection.php:292
Stack trace:
#0 /home/dnzwygdo/djuragancom/vendor/codeigniter4/framework/system/Database/MySQLi/Connection.php(292): mysqli->query()
#1 /home/dnzwygdo/djuragancom/vendor/codeigniter4/framework/system/Database/BaseConnection.php(693): CodeIgniter\Database\MySQLi\Connection->execute()
#2 /home/dnzwygdo/djuragancom/vendor/codeigniter4/framework/system/Database/BaseConnection.php(620): CodeIgniter\Database\BaseConnection->simpleQuery()
#3 /home/dnzwygdo/djuragancom/vendor/codeigniter4/framework/system/Database/BaseBuilder.php(1585): CodeIgniter\Database\BaseConnection->query()
#4 /home/dnzwygdo/djuragancom/vendor/codeigniter4/framework/system/Model.php(222): CodeIgniter\Database\BaseBuilder->get()
#5 /home/dnzwygdo/djuragancom/vendor/codeigniter4/framework/system/BaseModel.php(584): CodeIgniter\Model->doFindAll()
#6 /home/dnzwygdo/djuragancom/app/Models/InvoiceModel.php(74): CodeIgniter\BaseModel->findAll()
#7 /home/dnzwygdo/djuragancom/app/Controllers/User/Invoices.php(156): App\Models\InvoiceModel->getAll()
#8 /home/dnzwygdo/djuragancom/vendor/codeigniter4/framework/system/CodeIgniter.php(898): App\Controllers\User\Invoices->lihat()
#9 /home/dnzwygdo/djuragancom/vendor/codeigniter4/framework/system/CodeIgniter.php(457): CodeIgniter\CodeIgniter->runController()
#10 /home/dnzwygdo/djuragancom/vendor/codeigniter4/framework/system/CodeIgniter.php(340): CodeIgniter\CodeIgniter->handleRequest()
#11 /home/dnzwygdo/public_html/index.php(67): CodeIgniter\CodeIgniter->run()
#12 {main}
CRITICAL - 2023-09-09 15:31:16 --> Call to a member function getResult() on bool
in SYSTEMPATH/Model.php on line 223.
 1 SYSTEMPATH/BaseModel.php(584): CodeIgniter\Model->doFindAll()
 2 APPPATH/Models/InvoiceModel.php(74): CodeIgniter\BaseModel->findAll()
 3 APPPATH/Controllers/User/Invoices.php(156): App\Models\InvoiceModel->getAll()
 4 SYSTEMPATH/CodeIgniter.php(898): App\Controllers\User\Invoices->lihat()
 5 SYSTEMPATH/CodeIgniter.php(457): CodeIgniter\CodeIgniter->runController()
 6 SYSTEMPATH/CodeIgniter.php(340): CodeIgniter\CodeIgniter->handleRequest()
 7 FCPATH/index.php(67): CodeIgniter\CodeIgniter->run()
ERROR - 2023-09-09 15:31:22 --> mysqli_sql_exception: You have an error in your SQL syntax; check the manual that corresponds to your MySQL server version for the right syntax to use near ')
AND `juragan_id` = 10
AND `order_invoice`.`deleted_at` IS NULL
ORDER BY `statu' at line 3 in /home/dnzwygdo/djuragancom/vendor/codeigniter4/framework/system/Database/MySQLi/Connection.php:292
Stack trace:
#0 /home/dnzwygdo/djuragancom/vendor/codeigniter4/framework/system/Database/MySQLi/Connection.php(292): mysqli->query()
#1 /home/dnzwygdo/djuragancom/vendor/codeigniter4/framework/system/Database/BaseConnection.php(693): CodeIgniter\Database\MySQLi\Connection->execute()
#2 /home/dnzwygdo/djuragancom/vendor/codeigniter4/framework/system/Database/BaseConnection.php(620): CodeIgniter\Database\BaseConnection->simpleQuery()
#3 /home/dnzwygdo/djuragancom/vendor/codeigniter4/framework/system/Database/BaseBuilder.php(1585): CodeIgniter\Database\BaseConnection->query()
#4 /home/dnzwygdo/djuragancom/vendor/codeigniter4/framework/system/Model.php(222): CodeIgniter\Database\BaseBuilder->get()
#5 /home/dnzwygdo/djuragancom/vendor/codeigniter4/framework/system/BaseModel.php(584): CodeIgniter\Model->doFindAll()
#6 /home/dnzwygdo/djuragancom/app/Models/InvoiceModel.php(74): CodeIgniter\BaseModel->findAll()
#7 /home/dnzwygdo/djuragancom/app/Controllers/User/Invoices.php(156): App\Models\InvoiceModel->getAll()
#8 /home/dnzwygdo/djuragancom/vendor/codeigniter4/framework/system/CodeIgniter.php(898): App\Controllers\User\Invoices->lihat()
#9 /home/dnzwygdo/djuragancom/vendor/codeigniter4/framework/system/CodeIgniter.php(457): CodeIgniter\CodeIgniter->runController()
#10 /home/dnzwygdo/djuragancom/vendor/codeigniter4/framework/system/CodeIgniter.php(340): CodeIgniter\CodeIgniter->handleRequest()
#11 /home/dnzwygdo/public_html/index.php(67): CodeIgniter\CodeIgniter->run()
#12 {main}
CRITICAL - 2023-09-09 15:31:22 --> Call to a member function getResult() on bool
in SYSTEMPATH/Model.php on line 223.
 1 SYSTEMPATH/BaseModel.php(584): CodeIgniter\Model->doFindAll()
 2 APPPATH/Models/InvoiceModel.php(74): CodeIgniter\BaseModel->findAll()
 3 APPPATH/Controllers/User/Invoices.php(156): App\Models\InvoiceModel->getAll()
 4 SYSTEMPATH/CodeIgniter.php(898): App\Controllers\User\Invoices->lihat()
 5 SYSTEMPATH/CodeIgniter.php(457): CodeIgniter\CodeIgniter->runController()
 6 SYSTEMPATH/CodeIgniter.php(340): CodeIgniter\CodeIgniter->handleRequest()
 7 FCPATH/index.php(67): CodeIgniter\CodeIgniter->run()
ERROR - 2023-09-09 15:31:30 --> mysqli_sql_exception: You have an error in your SQL syntax; check the manual that corresponds to your MySQL server version for the right syntax to use near ')
AND `juragan_id` = 9
AND `order_invoice`.`deleted_at` IS NULL
ORDER BY `status' at line 3 in /home/dnzwygdo/djuragancom/vendor/codeigniter4/framework/system/Database/MySQLi/Connection.php:292
Stack trace:
#0 /home/dnzwygdo/djuragancom/vendor/codeigniter4/framework/system/Database/MySQLi/Connection.php(292): mysqli->query()
#1 /home/dnzwygdo/djuragancom/vendor/codeigniter4/framework/system/Database/BaseConnection.php(693): CodeIgniter\Database\MySQLi\Connection->execute()
#2 /home/dnzwygdo/djuragancom/vendor/codeigniter4/framework/system/Database/BaseConnection.php(620): CodeIgniter\Database\BaseConnection->simpleQuery()
#3 /home/dnzwygdo/djuragancom/vendor/codeigniter4/framework/system/Database/BaseBuilder.php(1585): CodeIgniter\Database\BaseConnection->query()
#4 /home/dnzwygdo/djuragancom/vendor/codeigniter4/framework/system/Model.php(222): CodeIgniter\Database\BaseBuilder->get()
#5 /home/dnzwygdo/djuragancom/vendor/codeigniter4/framework/system/BaseModel.php(584): CodeIgniter\Model->doFindAll()
#6 /home/dnzwygdo/djuragancom/app/Models/InvoiceModel.php(74): CodeIgniter\BaseModel->findAll()
#7 /home/dnzwygdo/djuragancom/app/Controllers/User/Invoices.php(156): App\Models\InvoiceModel->getAll()
#8 /home/dnzwygdo/djuragancom/vendor/codeigniter4/framework/system/CodeIgniter.php(898): App\Controllers\User\Invoices->lihat()
#9 /home/dnzwygdo/djuragancom/vendor/codeigniter4/framework/system/CodeIgniter.php(457): CodeIgniter\CodeIgniter->runController()
#10 /home/dnzwygdo/djuragancom/vendor/codeigniter4/framework/system/CodeIgniter.php(340): CodeIgniter\CodeIgniter->handleRequest()
#11 /home/dnzwygdo/public_html/index.php(67): CodeIgniter\CodeIgniter->run()
#12 {main}
CRITICAL - 2023-09-09 15:31:30 --> Call to a member function getResult() on bool
in SYSTEMPATH/Model.php on line 223.
 1 SYSTEMPATH/BaseModel.php(584): CodeIgniter\Model->doFindAll()
 2 APPPATH/Models/InvoiceModel.php(74): CodeIgniter\BaseModel->findAll()
 3 APPPATH/Controllers/User/Invoices.php(156): App\Models\InvoiceModel->getAll()
 4 SYSTEMPATH/CodeIgniter.php(898): App\Controllers\User\Invoices->lihat()
 5 SYSTEMPATH/CodeIgniter.php(457): CodeIgniter\CodeIgniter->runController()
 6 SYSTEMPATH/CodeIgniter.php(340): CodeIgniter\CodeIgniter->handleRequest()
 7 FCPATH/index.php(67): CodeIgniter\CodeIgniter->run()
ERROR - 2023-09-09 15:31:36 --> mysqli_sql_exception: You have an error in your SQL syntax; check the manual that corresponds to your MySQL server version for the right syntax to use near ')
AND `juragan_id` = 8
AND `order_invoice`.`deleted_at` IS NULL
ORDER BY `status' at line 3 in /home/dnzwygdo/djuragancom/vendor/codeigniter4/framework/system/Database/MySQLi/Connection.php:292
Stack trace:
#0 /home/dnzwygdo/djuragancom/vendor/codeigniter4/framework/system/Database/MySQLi/Connection.php(292): mysqli->query()
#1 /home/dnzwygdo/djuragancom/vendor/codeigniter4/framework/system/Database/BaseConnection.php(693): CodeIgniter\Database\MySQLi\Connection->execute()
#2 /home/dnzwygdo/djuragancom/vendor/codeigniter4/framework/system/Database/BaseConnection.php(620): CodeIgniter\Database\BaseConnection->simpleQuery()
#3 /home/dnzwygdo/djuragancom/vendor/codeigniter4/framework/system/Database/BaseBuilder.php(1585): CodeIgniter\Database\BaseConnection->query()
#4 /home/dnzwygdo/djuragancom/vendor/codeigniter4/framework/system/Model.php(222): CodeIgniter\Database\BaseBuilder->get()
#5 /home/dnzwygdo/djuragancom/vendor/codeigniter4/framework/system/BaseModel.php(584): CodeIgniter\Model->doFindAll()
#6 /home/dnzwygdo/djuragancom/app/Models/InvoiceModel.php(74): CodeIgniter\BaseModel->findAll()
#7 /home/dnzwygdo/djuragancom/app/Controllers/User/Invoices.php(156): App\Models\InvoiceModel->getAll()
#8 /home/dnzwygdo/djuragancom/vendor/codeigniter4/framework/system/CodeIgniter.php(898): App\Controllers\User\Invoices->lihat()
#9 /home/dnzwygdo/djuragancom/vendor/codeigniter4/framework/system/CodeIgniter.php(457): CodeIgniter\CodeIgniter->runController()
#10 /home/dnzwygdo/djuragancom/vendor/codeigniter4/framework/system/CodeIgniter.php(340): CodeIgniter\CodeIgniter->handleRequest()
#11 /home/dnzwygdo/public_html/index.php(67): CodeIgniter\CodeIgniter->run()
#12 {main}
CRITICAL - 2023-09-09 15:31:36 --> Call to a member function getResult() on bool
in SYSTEMPATH/Model.php on line 223.
 1 SYSTEMPATH/BaseModel.php(584): CodeIgniter\Model->doFindAll()
 2 APPPATH/Models/InvoiceModel.php(74): CodeIgniter\BaseModel->findAll()
 3 APPPATH/Controllers/User/Invoices.php(156): App\Models\InvoiceModel->getAll()
 4 SYSTEMPATH/CodeIgniter.php(898): App\Controllers\User\Invoices->lihat()
 5 SYSTEMPATH/CodeIgniter.php(457): CodeIgniter\CodeIgniter->runController()
 6 SYSTEMPATH/CodeIgniter.php(340): CodeIgniter\CodeIgniter->handleRequest()
 7 FCPATH/index.php(67): CodeIgniter\CodeIgniter->run()
ERROR - 2023-09-09 15:31:43 --> mysqli_sql_exception: You have an error in your SQL syntax; check the manual that corresponds to your MySQL server version for the right syntax to use near ')
AND `juragan_id` = 3
AND `order_invoice`.`deleted_at` IS NULL
ORDER BY `status' at line 3 in /home/dnzwygdo/djuragancom/vendor/codeigniter4/framework/system/Database/MySQLi/Connection.php:292
Stack trace:
#0 /home/dnzwygdo/djuragancom/vendor/codeigniter4/framework/system/Database/MySQLi/Connection.php(292): mysqli->query()
#1 /home/dnzwygdo/djuragancom/vendor/codeigniter4/framework/system/Database/BaseConnection.php(693): CodeIgniter\Database\MySQLi\Connection->execute()
#2 /home/dnzwygdo/djuragancom/vendor/codeigniter4/framework/system/Database/BaseConnection.php(620): CodeIgniter\Database\BaseConnection->simpleQuery()
#3 /home/dnzwygdo/djuragancom/vendor/codeigniter4/framework/system/Database/BaseBuilder.php(1585): CodeIgniter\Database\BaseConnection->query()
#4 /home/dnzwygdo/djuragancom/vendor/codeigniter4/framework/system/Model.php(222): CodeIgniter\Database\BaseBuilder->get()
#5 /home/dnzwygdo/djuragancom/vendor/codeigniter4/framework/system/BaseModel.php(584): CodeIgniter\Model->doFindAll()
#6 /home/dnzwygdo/djuragancom/app/Models/InvoiceModel.php(74): CodeIgniter\BaseModel->findAll()
#7 /home/dnzwygdo/djuragancom/app/Controllers/User/Invoices.php(156): App\Models\InvoiceModel->getAll()
#8 /home/dnzwygdo/djuragancom/vendor/codeigniter4/framework/system/CodeIgniter.php(898): App\Controllers\User\Invoices->lihat()
#9 /home/dnzwygdo/djuragancom/vendor/codeigniter4/framework/system/CodeIgniter.php(457): CodeIgniter\CodeIgniter->runController()
#10 /home/dnzwygdo/djuragancom/vendor/codeigniter4/framework/system/CodeIgniter.php(340): CodeIgniter\CodeIgniter->handleRequest()
#11 /home/dnzwygdo/public_html/index.php(67): CodeIgniter\CodeIgniter->run()
#12 {main}
CRITICAL - 2023-09-09 15:31:43 --> Call to a member function getResult() on bool
in SYSTEMPATH/Model.php on line 223.
 1 SYSTEMPATH/BaseModel.php(584): CodeIgniter\Model->doFindAll()
 2 APPPATH/Models/InvoiceModel.php(74): CodeIgniter\BaseModel->findAll()
 3 APPPATH/Controllers/User/Invoices.php(156): App\Models\InvoiceModel->getAll()
 4 SYSTEMPATH/CodeIgniter.php(898): App\Controllers\User\Invoices->lihat()
 5 SYSTEMPATH/CodeIgniter.php(457): CodeIgniter\CodeIgniter->runController()
 6 SYSTEMPATH/CodeIgniter.php(340): CodeIgniter\CodeIgniter->handleRequest()
 7 FCPATH/index.php(67): CodeIgniter\CodeIgniter->run()
ERROR - 2023-09-09 15:31:44 --> mysqli_sql_exception: You have an error in your SQL syntax; check the manual that corresponds to your MySQL server version for the right syntax to use near ')
AND `juragan_id` = 2
AND `order_invoice`.`deleted_at` IS NULL
ORDER BY `status' at line 3 in /home/dnzwygdo/djuragancom/vendor/codeigniter4/framework/system/Database/MySQLi/Connection.php:292
Stack trace:
#0 /home/dnzwygdo/djuragancom/vendor/codeigniter4/framework/system/Database/MySQLi/Connection.php(292): mysqli->query()
#1 /home/dnzwygdo/djuragancom/vendor/codeigniter4/framework/system/Database/BaseConnection.php(693): CodeIgniter\Database\MySQLi\Connection->execute()
#2 /home/dnzwygdo/djuragancom/vendor/codeigniter4/framework/system/Database/BaseConnection.php(620): CodeIgniter\Database\BaseConnection->simpleQuery()
#3 /home/dnzwygdo/djuragancom/vendor/codeigniter4/framework/system/Database/BaseBuilder.php(1585): CodeIgniter\Database\BaseConnection->query()
#4 /home/dnzwygdo/djuragancom/vendor/codeigniter4/framework/system/Model.php(222): CodeIgniter\Database\BaseBuilder->get()
#5 /home/dnzwygdo/djuragancom/vendor/codeigniter4/framework/system/BaseModel.php(584): CodeIgniter\Model->doFindAll()
#6 /home/dnzwygdo/djuragancom/app/Models/InvoiceModel.php(74): CodeIgniter\BaseModel->findAll()
#7 /home/dnzwygdo/djuragancom/app/Controllers/User/Invoices.php(156): App\Models\InvoiceModel->getAll()
#8 /home/dnzwygdo/djuragancom/vendor/codeigniter4/framework/system/CodeIgniter.php(898): App\Controllers\User\Invoices->lihat()
#9 /home/dnzwygdo/djuragancom/vendor/codeigniter4/framework/system/CodeIgniter.php(457): CodeIgniter\CodeIgniter->runController()
#10 /home/dnzwygdo/djuragancom/vendor/codeigniter4/framework/system/CodeIgniter.php(340): CodeIgniter\CodeIgniter->handleRequest()
#11 /home/dnzwygdo/public_html/index.php(67): CodeIgniter\CodeIgniter->run()
#12 {main}
CRITICAL - 2023-09-09 15:31:44 --> Call to a member function getResult() on bool
in SYSTEMPATH/Model.php on line 223.
 1 SYSTEMPATH/BaseModel.php(584): CodeIgniter\Model->doFindAll()
 2 APPPATH/Models/InvoiceModel.php(74): CodeIgniter\BaseModel->findAll()
 3 APPPATH/Controllers/User/Invoices.php(156): App\Models\InvoiceModel->getAll()
 4 SYSTEMPATH/CodeIgniter.php(898): App\Controllers\User\Invoices->lihat()
 5 SYSTEMPATH/CodeIgniter.php(457): CodeIgniter\CodeIgniter->runController()
 6 SYSTEMPATH/CodeIgniter.php(340): CodeIgniter\CodeIgniter->handleRequest()
 7 FCPATH/index.php(67): CodeIgniter\CodeIgniter->run()
ERROR - 2023-09-09 15:31:51 --> mysqli_sql_exception: You have an error in your SQL syntax; check the manual that corresponds to your MySQL server version for the right syntax to use near ')
AND `juragan_id` = 2
AND `order_invoice`.`deleted_at` IS NULL
ORDER BY `status' at line 3 in /home/dnzwygdo/djuragancom/vendor/codeigniter4/framework/system/Database/MySQLi/Connection.php:292
Stack trace:
#0 /home/dnzwygdo/djuragancom/vendor/codeigniter4/framework/system/Database/MySQLi/Connection.php(292): mysqli->query()
#1 /home/dnzwygdo/djuragancom/vendor/codeigniter4/framework/system/Database/BaseConnection.php(693): CodeIgniter\Database\MySQLi\Connection->execute()
#2 /home/dnzwygdo/djuragancom/vendor/codeigniter4/framework/system/Database/BaseConnection.php(620): CodeIgniter\Database\BaseConnection->simpleQuery()
#3 /home/dnzwygdo/djuragancom/vendor/codeigniter4/framework/system/Database/BaseBuilder.php(1585): CodeIgniter\Database\BaseConnection->query()
#4 /home/dnzwygdo/djuragancom/vendor/codeigniter4/framework/system/Model.php(222): CodeIgniter\Database\BaseBuilder->get()
#5 /home/dnzwygdo/djuragancom/vendor/codeigniter4/framework/system/BaseModel.php(584): CodeIgniter\Model->doFindAll()
#6 /home/dnzwygdo/djuragancom/app/Models/InvoiceModel.php(74): CodeIgniter\BaseModel->findAll()
#7 /home/dnzwygdo/djuragancom/app/Controllers/User/Invoices.php(156): App\Models\InvoiceModel->getAll()
#8 /home/dnzwygdo/djuragancom/vendor/codeigniter4/framework/system/CodeIgniter.php(898): App\Controllers\User\Invoices->lihat()
#9 /home/dnzwygdo/djuragancom/vendor/codeigniter4/framework/system/CodeIgniter.php(457): CodeIgniter\CodeIgniter->runController()
#10 /home/dnzwygdo/djuragancom/vendor/codeigniter4/framework/system/CodeIgniter.php(340): CodeIgniter\CodeIgniter->handleRequest()
#11 /home/dnzwygdo/public_html/index.php(67): CodeIgniter\CodeIgniter->run()
#12 {main}
CRITICAL - 2023-09-09 15:31:51 --> Call to a member function getResult() on bool
in SYSTEMPATH/Model.php on line 223.
 1 SYSTEMPATH/BaseModel.php(584): CodeIgniter\Model->doFindAll()
 2 APPPATH/Models/InvoiceModel.php(74): CodeIgniter\BaseModel->findAll()
 3 APPPATH/Controllers/User/Invoices.php(156): App\Models\InvoiceModel->getAll()
 4 SYSTEMPATH/CodeIgniter.php(898): App\Controllers\User\Invoices->lihat()
 5 SYSTEMPATH/CodeIgniter.php(457): CodeIgniter\CodeIgniter->runController()
 6 SYSTEMPATH/CodeIgniter.php(340): CodeIgniter\CodeIgniter->handleRequest()
 7 FCPATH/index.php(67): CodeIgniter\CodeIgniter->run()
ERROR - 2023-09-09 15:31:59 --> mysqli_sql_exception: You have an error in your SQL syntax; check the manual that corresponds to your MySQL server version for the right syntax to use near ')
AND `juragan_id` = 2
AND `order_invoice`.`deleted_at` IS NULL
ORDER BY `status' at line 3 in /home/dnzwygdo/djuragancom/vendor/codeigniter4/framework/system/Database/MySQLi/Connection.php:292
Stack trace:
#0 /home/dnzwygdo/djuragancom/vendor/codeigniter4/framework/system/Database/MySQLi/Connection.php(292): mysqli->query()
#1 /home/dnzwygdo/djuragancom/vendor/codeigniter4/framework/system/Database/BaseConnection.php(693): CodeIgniter\Database\MySQLi\Connection->execute()
#2 /home/dnzwygdo/djuragancom/vendor/codeigniter4/framework/system/Database/BaseConnection.php(620): CodeIgniter\Database\BaseConnection->simpleQuery()
#3 /home/dnzwygdo/djuragancom/vendor/codeigniter4/framework/system/Database/BaseBuilder.php(1585): CodeIgniter\Database\BaseConnection->query()
#4 /home/dnzwygdo/djuragancom/vendor/codeigniter4/framework/system/Model.php(222): CodeIgniter\Database\BaseBuilder->get()
#5 /home/dnzwygdo/djuragancom/vendor/codeigniter4/framework/system/BaseModel.php(584): CodeIgniter\Model->doFindAll()
#6 /home/dnzwygdo/djuragancom/app/Models/InvoiceModel.php(74): CodeIgniter\BaseModel->findAll()
#7 /home/dnzwygdo/djuragancom/app/Controllers/User/Invoices.php(156): App\Models\InvoiceModel->getAll()
#8 /home/dnzwygdo/djuragancom/vendor/codeigniter4/framework/system/CodeIgniter.php(898): App\Controllers\User\Invoices->lihat()
#9 /home/dnzwygdo/djuragancom/vendor/codeigniter4/framework/system/CodeIgniter.php(457): CodeIgniter\CodeIgniter->runController()
#10 /home/dnzwygdo/djuragancom/vendor/codeigniter4/framework/system/CodeIgniter.php(340): CodeIgniter\CodeIgniter->handleRequest()
#11 /home/dnzwygdo/public_html/index.php(67): CodeIgniter\CodeIgniter->run()
#12 {main}
CRITICAL - 2023-09-09 15:31:59 --> Call to a member function getResult() on bool
in SYSTEMPATH/Model.php on line 223.
 1 SYSTEMPATH/BaseModel.php(584): CodeIgniter\Model->doFindAll()
 2 APPPATH/Models/InvoiceModel.php(74): CodeIgniter\BaseModel->findAll()
 3 APPPATH/Controllers/User/Invoices.php(156): App\Models\InvoiceModel->getAll()
 4 SYSTEMPATH/CodeIgniter.php(898): App\Controllers\User\Invoices->lihat()
 5 SYSTEMPATH/CodeIgniter.php(457): CodeIgniter\CodeIgniter->runController()
 6 SYSTEMPATH/CodeIgniter.php(340): CodeIgniter\CodeIgniter->handleRequest()
 7 FCPATH/index.php(67): CodeIgniter\CodeIgniter->run()
ERROR - 2023-09-09 15:32:14 --> mysqli_sql_exception: You have an error in your SQL syntax; check the manual that corresponds to your MySQL server version for the right syntax to use near ')
AND `juragan_id` = 3
AND `order_invoice`.`deleted_at` IS NULL
ORDER BY `status' at line 3 in /home/dnzwygdo/djuragancom/vendor/codeigniter4/framework/system/Database/MySQLi/Connection.php:292
Stack trace:
#0 /home/dnzwygdo/djuragancom/vendor/codeigniter4/framework/system/Database/MySQLi/Connection.php(292): mysqli->query()
#1 /home/dnzwygdo/djuragancom/vendor/codeigniter4/framework/system/Database/BaseConnection.php(693): CodeIgniter\Database\MySQLi\Connection->execute()
#2 /home/dnzwygdo/djuragancom/vendor/codeigniter4/framework/system/Database/BaseConnection.php(620): CodeIgniter\Database\BaseConnection->simpleQuery()
#3 /home/dnzwygdo/djuragancom/vendor/codeigniter4/framework/system/Database/BaseBuilder.php(1585): CodeIgniter\Database\BaseConnection->query()
#4 /home/dnzwygdo/djuragancom/vendor/codeigniter4/framework/system/Model.php(222): CodeIgniter\Database\BaseBuilder->get()
#5 /home/dnzwygdo/djuragancom/vendor/codeigniter4/framework/system/BaseModel.php(584): CodeIgniter\Model->doFindAll()
#6 /home/dnzwygdo/djuragancom/app/Models/InvoiceModel.php(74): CodeIgniter\BaseModel->findAll()
#7 /home/dnzwygdo/djuragancom/app/Controllers/User/Invoices.php(156): App\Models\InvoiceModel->getAll()
#8 /home/dnzwygdo/djuragancom/vendor/codeigniter4/framework/system/CodeIgniter.php(898): App\Controllers\User\Invoices->lihat()
#9 /home/dnzwygdo/djuragancom/vendor/codeigniter4/framework/system/CodeIgniter.php(457): CodeIgniter\CodeIgniter->runController()
#10 /home/dnzwygdo/djuragancom/vendor/codeigniter4/framework/system/CodeIgniter.php(340): CodeIgniter\CodeIgniter->handleRequest()
#11 /home/dnzwygdo/public_html/index.php(67): CodeIgniter\CodeIgniter->run()
#12 {main}
CRITICAL - 2023-09-09 15:32:14 --> Call to a member function getResult() on bool
in SYSTEMPATH/Model.php on line 223.
 1 SYSTEMPATH/BaseModel.php(584): CodeIgniter\Model->doFindAll()
 2 APPPATH/Models/InvoiceModel.php(74): CodeIgniter\BaseModel->findAll()
 3 APPPATH/Controllers/User/Invoices.php(156): App\Models\InvoiceModel->getAll()
 4 SYSTEMPATH/CodeIgniter.php(898): App\Controllers\User\Invoices->lihat()
 5 SYSTEMPATH/CodeIgniter.php(457): CodeIgniter\CodeIgniter->runController()
 6 SYSTEMPATH/CodeIgniter.php(340): CodeIgniter\CodeIgniter->handleRequest()
 7 FCPATH/index.php(67): CodeIgniter\CodeIgniter->run()
ERROR - 2023-09-09 15:32:29 --> mysqli_sql_exception: You have an error in your SQL syntax; check the manual that corresponds to your MySQL server version for the right syntax to use near ')
AND `order_invoice`.`deleted_at` IS NULL
ORDER BY `status_pesanan` ASC, `tangg' at line 3 in /home/dnzwygdo/djuragancom/vendor/codeigniter4/framework/system/Database/MySQLi/Connection.php:292
Stack trace:
#0 /home/dnzwygdo/djuragancom/vendor/codeigniter4/framework/system/Database/MySQLi/Connection.php(292): mysqli->query()
#1 /home/dnzwygdo/djuragancom/vendor/codeigniter4/framework/system/Database/BaseConnection.php(693): CodeIgniter\Database\MySQLi\Connection->execute()
#2 /home/dnzwygdo/djuragancom/vendor/codeigniter4/framework/system/Database/BaseConnection.php(620): CodeIgniter\Database\BaseConnection->simpleQuery()
#3 /home/dnzwygdo/djuragancom/vendor/codeigniter4/framework/system/Database/BaseBuilder.php(1585): CodeIgniter\Database\BaseConnection->query()
#4 /home/dnzwygdo/djuragancom/vendor/codeigniter4/framework/system/Model.php(222): CodeIgniter\Database\BaseBuilder->get()
#5 /home/dnzwygdo/djuragancom/vendor/codeigniter4/framework/system/BaseModel.php(584): CodeIgniter\Model->doFindAll()
#6 /home/dnzwygdo/djuragancom/app/Models/InvoiceModel.php(74): CodeIgniter\BaseModel->findAll()
#7 /home/dnzwygdo/djuragancom/app/Controllers/Admin/Invoices.php(66): App\Models\InvoiceModel->getAll()
#8 /home/dnzwygdo/djuragancom/vendor/codeigniter4/framework/system/CodeIgniter.php(898): App\Controllers\Admin\Invoices->lihat()
#9 /home/dnzwygdo/djuragancom/vendor/codeigniter4/framework/system/CodeIgniter.php(457): CodeIgniter\CodeIgniter->runController()
#10 /home/dnzwygdo/djuragancom/vendor/codeigniter4/framework/system/CodeIgniter.php(340): CodeIgniter\CodeIgniter->handleRequest()
#11 /home/dnzwygdo/public_html/index.php(67): CodeIgniter\CodeIgniter->run()
#12 {main}
CRITICAL - 2023-09-09 15:32:29 --> Call to a member function getResult() on bool
in SYSTEMPATH/Model.php on line 223.
 1 SYSTEMPATH/BaseModel.php(584): CodeIgniter\Model->doFindAll()
 2 APPPATH/Models/InvoiceModel.php(74): CodeIgniter\BaseModel->findAll()
 3 APPPATH/Controllers/Admin/Invoices.php(66): App\Models\InvoiceModel->getAll()
 4 SYSTEMPATH/CodeIgniter.php(898): App\Controllers\Admin\Invoices->lihat()
 5 SYSTEMPATH/CodeIgniter.php(457): CodeIgniter\CodeIgniter->runController()
 6 SYSTEMPATH/CodeIgniter.php(340): CodeIgniter\CodeIgniter->handleRequest()
 7 FCPATH/index.php(67): CodeIgniter\CodeIgniter->run()
ERROR - 2023-09-09 15:32:30 --> mysqli_sql_exception: You have an error in your SQL syntax; check the manual that corresponds to your MySQL server version for the right syntax to use near ')
AND `juragan_id` = 3
AND `order_invoice`.`deleted_at` IS NULL
ORDER BY `status' at line 3 in /home/dnzwygdo/djuragancom/vendor/codeigniter4/framework/system/Database/MySQLi/Connection.php:292
Stack trace:
#0 /home/dnzwygdo/djuragancom/vendor/codeigniter4/framework/system/Database/MySQLi/Connection.php(292): mysqli->query()
#1 /home/dnzwygdo/djuragancom/vendor/codeigniter4/framework/system/Database/BaseConnection.php(693): CodeIgniter\Database\MySQLi\Connection->execute()
#2 /home/dnzwygdo/djuragancom/vendor/codeigniter4/framework/system/Database/BaseConnection.php(620): CodeIgniter\Database\BaseConnection->simpleQuery()
#3 /home/dnzwygdo/djuragancom/vendor/codeigniter4/framework/system/Database/BaseBuilder.php(1585): CodeIgniter\Database\BaseConnection->query()
#4 /home/dnzwygdo/djuragancom/vendor/codeigniter4/framework/system/Model.php(222): CodeIgniter\Database\BaseBuilder->get()
#5 /home/dnzwygdo/djuragancom/vendor/codeigniter4/framework/system/BaseModel.php(584): CodeIgniter\Model->doFindAll()
#6 /home/dnzwygdo/djuragancom/app/Models/InvoiceModel.php(74): CodeIgniter\BaseModel->findAll()
#7 /home/dnzwygdo/djuragancom/app/Controllers/User/Invoices.php(156): App\Models\InvoiceModel->getAll()
#8 /home/dnzwygdo/djuragancom/vendor/codeigniter4/framework/system/CodeIgniter.php(898): App\Controllers\User\Invoices->lihat()
#9 /home/dnzwygdo/djuragancom/vendor/codeigniter4/framework/system/CodeIgniter.php(457): CodeIgniter\CodeIgniter->runController()
#10 /home/dnzwygdo/djuragancom/vendor/codeigniter4/framework/system/CodeIgniter.php(340): CodeIgniter\CodeIgniter->handleRequest()
#11 /home/dnzwygdo/public_html/index.php(67): CodeIgniter\CodeIgniter->run()
#12 {main}
CRITICAL - 2023-09-09 15:32:30 --> Call to a member function getResult() on bool
in SYSTEMPATH/Model.php on line 223.
 1 SYSTEMPATH/BaseModel.php(584): CodeIgniter\Model->doFindAll()
 2 APPPATH/Models/InvoiceModel.php(74): CodeIgniter\BaseModel->findAll()
 3 APPPATH/Controllers/User/Invoices.php(156): App\Models\InvoiceModel->getAll()
 4 SYSTEMPATH/CodeIgniter.php(898): App\Controllers\User\Invoices->lihat()
 5 SYSTEMPATH/CodeIgniter.php(457): CodeIgniter\CodeIgniter->runController()
 6 SYSTEMPATH/CodeIgniter.php(340): CodeIgniter\CodeIgniter->handleRequest()
 7 FCPATH/index.php(67): CodeIgniter\CodeIgniter->run()
ERROR - 2023-09-09 15:32:31 --> mysqli_sql_exception: You have an error in your SQL syntax; check the manual that corresponds to your MySQL server version for the right syntax to use near ')
AND `juragan_id` = 3
AND `order_invoice`.`deleted_at` IS NULL
ORDER BY `status' at line 3 in /home/dnzwygdo/djuragancom/vendor/codeigniter4/framework/system/Database/MySQLi/Connection.php:292
Stack trace:
#0 /home/dnzwygdo/djuragancom/vendor/codeigniter4/framework/system/Database/MySQLi/Connection.php(292): mysqli->query()
#1 /home/dnzwygdo/djuragancom/vendor/codeigniter4/framework/system/Database/BaseConnection.php(693): CodeIgniter\Database\MySQLi\Connection->execute()
#2 /home/dnzwygdo/djuragancom/vendor/codeigniter4/framework/system/Database/BaseConnection.php(620): CodeIgniter\Database\BaseConnection->simpleQuery()
#3 /home/dnzwygdo/djuragancom/vendor/codeigniter4/framework/system/Database/BaseBuilder.php(1585): CodeIgniter\Database\BaseConnection->query()
#4 /home/dnzwygdo/djuragancom/vendor/codeigniter4/framework/system/Model.php(222): CodeIgniter\Database\BaseBuilder->get()
#5 /home/dnzwygdo/djuragancom/vendor/codeigniter4/framework/system/BaseModel.php(584): CodeIgniter\Model->doFindAll()
#6 /home/dnzwygdo/djuragancom/app/Models/InvoiceModel.php(74): CodeIgniter\BaseModel->findAll()
#7 /home/dnzwygdo/djuragancom/app/Controllers/User/Invoices.php(156): App\Models\InvoiceModel->getAll()
#8 /home/dnzwygdo/djuragancom/vendor/codeigniter4/framework/system/CodeIgniter.php(898): App\Controllers\User\Invoices->lihat()
#9 /home/dnzwygdo/djuragancom/vendor/codeigniter4/framework/system/CodeIgniter.php(457): CodeIgniter\CodeIgniter->runController()
#10 /home/dnzwygdo/djuragancom/vendor/codeigniter4/framework/system/CodeIgniter.php(340): CodeIgniter\CodeIgniter->handleRequest()
#11 /home/dnzwygdo/public_html/index.php(67): CodeIgniter\CodeIgniter->run()
#12 {main}
CRITICAL - 2023-09-09 15:32:31 --> Call to a member function getResult() on bool
in SYSTEMPATH/Model.php on line 223.
 1 SYSTEMPATH/BaseModel.php(584): CodeIgniter\Model->doFindAll()
 2 APPPATH/Models/InvoiceModel.php(74): CodeIgniter\BaseModel->findAll()
 3 APPPATH/Controllers/User/Invoices.php(156): App\Models\InvoiceModel->getAll()
 4 SYSTEMPATH/CodeIgniter.php(898): App\Controllers\User\Invoices->lihat()
 5 SYSTEMPATH/CodeIgniter.php(457): CodeIgniter\CodeIgniter->runController()
 6 SYSTEMPATH/CodeIgniter.php(340): CodeIgniter\CodeIgniter->handleRequest()
 7 FCPATH/index.php(67): CodeIgniter\CodeIgniter->run()
ERROR - 2023-09-09 15:32:41 --> mysqli_sql_exception: You have an error in your SQL syntax; check the manual that corresponds to your MySQL server version for the right syntax to use near ')
AND `order_invoice`.`deleted_at` IS NULL
ORDER BY `status_pesanan` ASC, `tangg' at line 3 in /home/dnzwygdo/djuragancom/vendor/codeigniter4/framework/system/Database/MySQLi/Connection.php:292
Stack trace:
#0 /home/dnzwygdo/djuragancom/vendor/codeigniter4/framework/system/Database/MySQLi/Connection.php(292): mysqli->query()
#1 /home/dnzwygdo/djuragancom/vendor/codeigniter4/framework/system/Database/BaseConnection.php(693): CodeIgniter\Database\MySQLi\Connection->execute()
#2 /home/dnzwygdo/djuragancom/vendor/codeigniter4/framework/system/Database/BaseConnection.php(620): CodeIgniter\Database\BaseConnection->simpleQuery()
#3 /home/dnzwygdo/djuragancom/vendor/codeigniter4/framework/system/Database/BaseBuilder.php(1585): CodeIgniter\Database\BaseConnection->query()
#4 /home/dnzwygdo/djuragancom/vendor/codeigniter4/framework/system/Model.php(222): CodeIgniter\Database\BaseBuilder->get()
#5 /home/dnzwygdo/djuragancom/vendor/codeigniter4/framework/system/BaseModel.php(584): CodeIgniter\Model->doFindAll()
#6 /home/dnzwygdo/djuragancom/app/Models/InvoiceModel.php(74): CodeIgniter\BaseModel->findAll()
#7 /home/dnzwygdo/djuragancom/app/Controllers/Admin/Invoices.php(66): App\Models\InvoiceModel->getAll()
#8 /home/dnzwygdo/djuragancom/vendor/codeigniter4/framework/system/CodeIgniter.php(898): App\Controllers\Admin\Invoices->lihat()
#9 /home/dnzwygdo/djuragancom/vendor/codeigniter4/framework/system/CodeIgniter.php(457): CodeIgniter\CodeIgniter->runController()
#10 /home/dnzwygdo/djuragancom/vendor/codeigniter4/framework/system/CodeIgniter.php(340): CodeIgniter\CodeIgniter->handleRequest()
#11 /home/dnzwygdo/public_html/index.php(67): CodeIgniter\CodeIgniter->run()
#12 {main}
CRITICAL - 2023-09-09 15:32:41 --> Call to a member function getResult() on bool
in SYSTEMPATH/Model.php on line 223.
 1 SYSTEMPATH/BaseModel.php(584): CodeIgniter\Model->doFindAll()
 2 APPPATH/Models/InvoiceModel.php(74): CodeIgniter\BaseModel->findAll()
 3 APPPATH/Controllers/Admin/Invoices.php(66): App\Models\InvoiceModel->getAll()
 4 SYSTEMPATH/CodeIgniter.php(898): App\Controllers\Admin\Invoices->lihat()
 5 SYSTEMPATH/CodeIgniter.php(457): CodeIgniter\CodeIgniter->runController()
 6 SYSTEMPATH/CodeIgniter.php(340): CodeIgniter\CodeIgniter->handleRequest()
 7 FCPATH/index.php(67): CodeIgniter\CodeIgniter->run()
ERROR - 2023-09-09 15:32:46 --> mysqli_sql_exception: You have an error in your SQL syntax; check the manual that corresponds to your MySQL server version for the right syntax to use near ')
AND `juragan_id` = 3
AND `order_invoice`.`deleted_at` IS NULL
ORDER BY `status' at line 3 in /home/dnzwygdo/djuragancom/vendor/codeigniter4/framework/system/Database/MySQLi/Connection.php:292
Stack trace:
#0 /home/dnzwygdo/djuragancom/vendor/codeigniter4/framework/system/Database/MySQLi/Connection.php(292): mysqli->query()
#1 /home/dnzwygdo/djuragancom/vendor/codeigniter4/framework/system/Database/BaseConnection.php(693): CodeIgniter\Database\MySQLi\Connection->execute()
#2 /home/dnzwygdo/djuragancom/vendor/codeigniter4/framework/system/Database/BaseConnection.php(620): CodeIgniter\Database\BaseConnection->simpleQuery()
#3 /home/dnzwygdo/djuragancom/vendor/codeigniter4/framework/system/Database/BaseBuilder.php(1585): CodeIgniter\Database\BaseConnection->query()
#4 /home/dnzwygdo/djuragancom/vendor/codeigniter4/framework/system/Model.php(222): CodeIgniter\Database\BaseBuilder->get()
#5 /home/dnzwygdo/djuragancom/vendor/codeigniter4/framework/system/BaseModel.php(584): CodeIgniter\Model->doFindAll()
#6 /home/dnzwygdo/djuragancom/app/Models/InvoiceModel.php(74): CodeIgniter\BaseModel->findAll()
#7 /home/dnzwygdo/djuragancom/app/Controllers/User/Invoices.php(156): App\Models\InvoiceModel->getAll()
#8 /home/dnzwygdo/djuragancom/vendor/codeigniter4/framework/system/CodeIgniter.php(898): App\Controllers\User\Invoices->lihat()
#9 /home/dnzwygdo/djuragancom/vendor/codeigniter4/framework/system/CodeIgniter.php(457): CodeIgniter\CodeIgniter->runController()
#10 /home/dnzwygdo/djuragancom/vendor/codeigniter4/framework/system/CodeIgniter.php(340): CodeIgniter\CodeIgniter->handleRequest()
#11 /home/dnzwygdo/public_html/index.php(67): CodeIgniter\CodeIgniter->run()
#12 {main}
CRITICAL - 2023-09-09 15:32:46 --> Call to a member function getResult() on bool
in SYSTEMPATH/Model.php on line 223.
 1 SYSTEMPATH/BaseModel.php(584): CodeIgniter\Model->doFindAll()
 2 APPPATH/Models/InvoiceModel.php(74): CodeIgniter\BaseModel->findAll()
 3 APPPATH/Controllers/User/Invoices.php(156): App\Models\InvoiceModel->getAll()
 4 SYSTEMPATH/CodeIgniter.php(898): App\Controllers\User\Invoices->lihat()
 5 SYSTEMPATH/CodeIgniter.php(457): CodeIgniter\CodeIgniter->runController()
 6 SYSTEMPATH/CodeIgniter.php(340): CodeIgniter\CodeIgniter->handleRequest()
 7 FCPATH/index.php(67): CodeIgniter\CodeIgniter->run()
ERROR - 2023-09-09 15:32:57 --> mysqli_sql_exception: You have an error in your SQL syntax; check the manual that corresponds to your MySQL server version for the right syntax to use near ')
AND `juragan_id` = 18
AND `order_invoice`.`deleted_at` IS NULL
ORDER BY `statu' at line 3 in /home/dnzwygdo/djuragancom/vendor/codeigniter4/framework/system/Database/MySQLi/Connection.php:292
Stack trace:
#0 /home/dnzwygdo/djuragancom/vendor/codeigniter4/framework/system/Database/MySQLi/Connection.php(292): mysqli->query()
#1 /home/dnzwygdo/djuragancom/vendor/codeigniter4/framework/system/Database/BaseConnection.php(693): CodeIgniter\Database\MySQLi\Connection->execute()
#2 /home/dnzwygdo/djuragancom/vendor/codeigniter4/framework/system/Database/BaseConnection.php(620): CodeIgniter\Database\BaseConnection->simpleQuery()
#3 /home/dnzwygdo/djuragancom/vendor/codeigniter4/framework/system/Database/BaseBuilder.php(1585): CodeIgniter\Database\BaseConnection->query()
#4 /home/dnzwygdo/djuragancom/vendor/codeigniter4/framework/system/Model.php(222): CodeIgniter\Database\BaseBuilder->get()
#5 /home/dnzwygdo/djuragancom/vendor/codeigniter4/framework/system/BaseModel.php(584): CodeIgniter\Model->doFindAll()
#6 /home/dnzwygdo/djuragancom/app/Models/InvoiceModel.php(74): CodeIgniter\BaseModel->findAll()
#7 /home/dnzwygdo/djuragancom/app/Controllers/Admin/Invoices.php(66): App\Models\InvoiceModel->getAll()
#8 /home/dnzwygdo/djuragancom/vendor/codeigniter4/framework/system/CodeIgniter.php(898): App\Controllers\Admin\Invoices->lihat()
#9 /home/dnzwygdo/djuragancom/vendor/codeigniter4/framework/system/CodeIgniter.php(457): CodeIgniter\CodeIgniter->runController()
#10 /home/dnzwygdo/djuragancom/vendor/codeigniter4/framework/system/CodeIgniter.php(340): CodeIgniter\CodeIgniter->handleRequest()
#11 /home/dnzwygdo/public_html/index.php(67): CodeIgniter\CodeIgniter->run()
#12 {main}
CRITICAL - 2023-09-09 15:32:57 --> Call to a member function getResult() on bool
in SYSTEMPATH/Model.php on line 223.
 1 SYSTEMPATH/BaseModel.php(584): CodeIgniter\Model->doFindAll()
 2 APPPATH/Models/InvoiceModel.php(74): CodeIgniter\BaseModel->findAll()
 3 APPPATH/Controllers/Admin/Invoices.php(66): App\Models\InvoiceModel->getAll()
 4 SYSTEMPATH/CodeIgniter.php(898): App\Controllers\Admin\Invoices->lihat()
 5 SYSTEMPATH/CodeIgniter.php(457): CodeIgniter\CodeIgniter->runController()
 6 SYSTEMPATH/CodeIgniter.php(340): CodeIgniter\CodeIgniter->handleRequest()
 7 FCPATH/index.php(67): CodeIgniter\CodeIgniter->run()
ERROR - 2023-09-09 15:33:04 --> mysqli_sql_exception: You have an error in your SQL syntax; check the manual that corresponds to your MySQL server version for the right syntax to use near ')
AND `juragan_id` = 8
AND `order_invoice`.`deleted_at` IS NULL
ORDER BY `status' at line 3 in /home/dnzwygdo/djuragancom/vendor/codeigniter4/framework/system/Database/MySQLi/Connection.php:292
Stack trace:
#0 /home/dnzwygdo/djuragancom/vendor/codeigniter4/framework/system/Database/MySQLi/Connection.php(292): mysqli->query()
#1 /home/dnzwygdo/djuragancom/vendor/codeigniter4/framework/system/Database/BaseConnection.php(693): CodeIgniter\Database\MySQLi\Connection->execute()
#2 /home/dnzwygdo/djuragancom/vendor/codeigniter4/framework/system/Database/BaseConnection.php(620): CodeIgniter\Database\BaseConnection->simpleQuery()
#3 /home/dnzwygdo/djuragancom/vendor/codeigniter4/framework/system/Database/BaseBuilder.php(1585): CodeIgniter\Database\BaseConnection->query()
#4 /home/dnzwygdo/djuragancom/vendor/codeigniter4/framework/system/Model.php(222): CodeIgniter\Database\BaseBuilder->get()
#5 /home/dnzwygdo/djuragancom/vendor/codeigniter4/framework/system/BaseModel.php(584): CodeIgniter\Model->doFindAll()
#6 /home/dnzwygdo/djuragancom/app/Models/InvoiceModel.php(74): CodeIgniter\BaseModel->findAll()
#7 /home/dnzwygdo/djuragancom/app/Controllers/User/Invoices.php(156): App\Models\InvoiceModel->getAll()
#8 /home/dnzwygdo/djuragancom/vendor/codeigniter4/framework/system/CodeIgniter.php(898): App\Controllers\User\Invoices->lihat()
#9 /home/dnzwygdo/djuragancom/vendor/codeigniter4/framework/system/CodeIgniter.php(457): CodeIgniter\CodeIgniter->runController()
#10 /home/dnzwygdo/djuragancom/vendor/codeigniter4/framework/system/CodeIgniter.php(340): CodeIgniter\CodeIgniter->handleRequest()
#11 /home/dnzwygdo/public_html/index.php(67): CodeIgniter\CodeIgniter->run()
#12 {main}
CRITICAL - 2023-09-09 15:33:04 --> Call to a member function getResult() on bool
in SYSTEMPATH/Model.php on line 223.
 1 SYSTEMPATH/BaseModel.php(584): CodeIgniter\Model->doFindAll()
 2 APPPATH/Models/InvoiceModel.php(74): CodeIgniter\BaseModel->findAll()
 3 APPPATH/Controllers/User/Invoices.php(156): App\Models\InvoiceModel->getAll()
 4 SYSTEMPATH/CodeIgniter.php(898): App\Controllers\User\Invoices->lihat()
 5 SYSTEMPATH/CodeIgniter.php(457): CodeIgniter\CodeIgniter->runController()
 6 SYSTEMPATH/CodeIgniter.php(340): CodeIgniter\CodeIgniter->handleRequest()
 7 FCPATH/index.php(67): CodeIgniter\CodeIgniter->run()
ERROR - 2023-09-09 15:33:05 --> mysqli_sql_exception: You have an error in your SQL syntax; check the manual that corresponds to your MySQL server version for the right syntax to use near ')
AND `juragan_id` = 8
AND `order_invoice`.`deleted_at` IS NULL
ORDER BY `status' at line 3 in /home/dnzwygdo/djuragancom/vendor/codeigniter4/framework/system/Database/MySQLi/Connection.php:292
Stack trace:
#0 /home/dnzwygdo/djuragancom/vendor/codeigniter4/framework/system/Database/MySQLi/Connection.php(292): mysqli->query()
#1 /home/dnzwygdo/djuragancom/vendor/codeigniter4/framework/system/Database/BaseConnection.php(693): CodeIgniter\Database\MySQLi\Connection->execute()
#2 /home/dnzwygdo/djuragancom/vendor/codeigniter4/framework/system/Database/BaseConnection.php(620): CodeIgniter\Database\BaseConnection->simpleQuery()
#3 /home/dnzwygdo/djuragancom/vendor/codeigniter4/framework/system/Database/BaseBuilder.php(1585): CodeIgniter\Database\BaseConnection->query()
#4 /home/dnzwygdo/djuragancom/vendor/codeigniter4/framework/system/Model.php(222): CodeIgniter\Database\BaseBuilder->get()
#5 /home/dnzwygdo/djuragancom/vendor/codeigniter4/framework/system/BaseModel.php(584): CodeIgniter\Model->doFindAll()
#6 /home/dnzwygdo/djuragancom/app/Models/InvoiceModel.php(74): CodeIgniter\BaseModel->findAll()
#7 /home/dnzwygdo/djuragancom/app/Controllers/User/Invoices.php(156): App\Models\InvoiceModel->getAll()
#8 /home/dnzwygdo/djuragancom/vendor/codeigniter4/framework/system/CodeIgniter.php(898): App\Controllers\User\Invoices->lihat()
#9 /home/dnzwygdo/djuragancom/vendor/codeigniter4/framework/system/CodeIgniter.php(457): CodeIgniter\CodeIgniter->runController()
#10 /home/dnzwygdo/djuragancom/vendor/codeigniter4/framework/system/CodeIgniter.php(340): CodeIgniter\CodeIgniter->handleRequest()
#11 /home/dnzwygdo/public_html/index.php(67): CodeIgniter\CodeIgniter->run()
#12 {main}
CRITICAL - 2023-09-09 15:33:05 --> Call to a member function getResult() on bool
in SYSTEMPATH/Model.php on line 223.
 1 SYSTEMPATH/BaseModel.php(584): CodeIgniter\Model->doFindAll()
 2 APPPATH/Models/InvoiceModel.php(74): CodeIgniter\BaseModel->findAll()
 3 APPPATH/Controllers/User/Invoices.php(156): App\Models\InvoiceModel->getAll()
 4 SYSTEMPATH/CodeIgniter.php(898): App\Controllers\User\Invoices->lihat()
 5 SYSTEMPATH/CodeIgniter.php(457): CodeIgniter\CodeIgniter->runController()
 6 SYSTEMPATH/CodeIgniter.php(340): CodeIgniter\CodeIgniter->handleRequest()
 7 FCPATH/index.php(67): CodeIgniter\CodeIgniter->run()
ERROR - 2023-09-09 15:33:17 --> mysqli_sql_exception: You have an error in your SQL syntax; check the manual that corresponds to your MySQL server version for the right syntax to use near ')
AND `juragan_id` = 9
AND `order_invoice`.`deleted_at` IS NULL
ORDER BY `status' at line 3 in /home/dnzwygdo/djuragancom/vendor/codeigniter4/framework/system/Database/MySQLi/Connection.php:292
Stack trace:
#0 /home/dnzwygdo/djuragancom/vendor/codeigniter4/framework/system/Database/MySQLi/Connection.php(292): mysqli->query()
#1 /home/dnzwygdo/djuragancom/vendor/codeigniter4/framework/system/Database/BaseConnection.php(693): CodeIgniter\Database\MySQLi\Connection->execute()
#2 /home/dnzwygdo/djuragancom/vendor/codeigniter4/framework/system/Database/BaseConnection.php(620): CodeIgniter\Database\BaseConnection->simpleQuery()
#3 /home/dnzwygdo/djuragancom/vendor/codeigniter4/framework/system/Database/BaseBuilder.php(1585): CodeIgniter\Database\BaseConnection->query()
#4 /home/dnzwygdo/djuragancom/vendor/codeigniter4/framework/system/Model.php(222): CodeIgniter\Database\BaseBuilder->get()
#5 /home/dnzwygdo/djuragancom/vendor/codeigniter4/framework/system/BaseModel.php(584): CodeIgniter\Model->doFindAll()
#6 /home/dnzwygdo/djuragancom/app/Models/InvoiceModel.php(74): CodeIgniter\BaseModel->findAll()
#7 /home/dnzwygdo/djuragancom/app/Controllers/User/Invoices.php(156): App\Models\InvoiceModel->getAll()
#8 /home/dnzwygdo/djuragancom/vendor/codeigniter4/framework/system/CodeIgniter.php(898): App\Controllers\User\Invoices->lihat()
#9 /home/dnzwygdo/djuragancom/vendor/codeigniter4/framework/system/CodeIgniter.php(457): CodeIgniter\CodeIgniter->runController()
#10 /home/dnzwygdo/djuragancom/vendor/codeigniter4/framework/system/CodeIgniter.php(340): CodeIgniter\CodeIgniter->handleRequest()
#11 /home/dnzwygdo/public_html/index.php(67): CodeIgniter\CodeIgniter->run()
#12 {main}
CRITICAL - 2023-09-09 15:33:17 --> Call to a member function getResult() on bool
in SYSTEMPATH/Model.php on line 223.
 1 SYSTEMPATH/BaseModel.php(584): CodeIgniter\Model->doFindAll()
 2 APPPATH/Models/InvoiceModel.php(74): CodeIgniter\BaseModel->findAll()
 3 APPPATH/Controllers/User/Invoices.php(156): App\Models\InvoiceModel->getAll()
 4 SYSTEMPATH/CodeIgniter.php(898): App\Controllers\User\Invoices->lihat()
 5 SYSTEMPATH/CodeIgniter.php(457): CodeIgniter\CodeIgniter->runController()
 6 SYSTEMPATH/CodeIgniter.php(340): CodeIgniter\CodeIgniter->handleRequest()
 7 FCPATH/index.php(67): CodeIgniter\CodeIgniter->run()
ERROR - 2023-09-09 15:33:21 --> mysqli_sql_exception: You have an error in your SQL syntax; check the manual that corresponds to your MySQL server version for the right syntax to use near ')
AND `juragan_id` = 18
AND `order_invoice`.`deleted_at` IS NULL
ORDER BY `statu' at line 3 in /home/dnzwygdo/djuragancom/vendor/codeigniter4/framework/system/Database/MySQLi/Connection.php:292
Stack trace:
#0 /home/dnzwygdo/djuragancom/vendor/codeigniter4/framework/system/Database/MySQLi/Connection.php(292): mysqli->query()
#1 /home/dnzwygdo/djuragancom/vendor/codeigniter4/framework/system/Database/BaseConnection.php(693): CodeIgniter\Database\MySQLi\Connection->execute()
#2 /home/dnzwygdo/djuragancom/vendor/codeigniter4/framework/system/Database/BaseConnection.php(620): CodeIgniter\Database\BaseConnection->simpleQuery()
#3 /home/dnzwygdo/djuragancom/vendor/codeigniter4/framework/system/Database/BaseBuilder.php(1585): CodeIgniter\Database\BaseConnection->query()
#4 /home/dnzwygdo/djuragancom/vendor/codeigniter4/framework/system/Model.php(222): CodeIgniter\Database\BaseBuilder->get()
#5 /home/dnzwygdo/djuragancom/vendor/codeigniter4/framework/system/BaseModel.php(584): CodeIgniter\Model->doFindAll()
#6 /home/dnzwygdo/djuragancom/app/Models/InvoiceModel.php(74): CodeIgniter\BaseModel->findAll()
#7 /home/dnzwygdo/djuragancom/app/Controllers/Admin/Invoices.php(66): App\Models\InvoiceModel->getAll()
#8 /home/dnzwygdo/djuragancom/vendor/codeigniter4/framework/system/CodeIgniter.php(898): App\Controllers\Admin\Invoices->lihat()
#9 /home/dnzwygdo/djuragancom/vendor/codeigniter4/framework/system/CodeIgniter.php(457): CodeIgniter\CodeIgniter->runController()
#10 /home/dnzwygdo/djuragancom/vendor/codeigniter4/framework/system/CodeIgniter.php(340): CodeIgniter\CodeIgniter->handleRequest()
#11 /home/dnzwygdo/public_html/index.php(67): CodeIgniter\CodeIgniter->run()
#12 {main}
CRITICAL - 2023-09-09 15:33:21 --> Call to a member function getResult() on bool
in SYSTEMPATH/Model.php on line 223.
 1 SYSTEMPATH/BaseModel.php(584): CodeIgniter\Model->doFindAll()
 2 APPPATH/Models/InvoiceModel.php(74): CodeIgniter\BaseModel->findAll()
 3 APPPATH/Controllers/Admin/Invoices.php(66): App\Models\InvoiceModel->getAll()
 4 SYSTEMPATH/CodeIgniter.php(898): App\Controllers\Admin\Invoices->lihat()
 5 SYSTEMPATH/CodeIgniter.php(457): CodeIgniter\CodeIgniter->runController()
 6 SYSTEMPATH/CodeIgniter.php(340): CodeIgniter\CodeIgniter->handleRequest()
 7 FCPATH/index.php(67): CodeIgniter\CodeIgniter->run()
ERROR - 2023-09-09 15:33:27 --> mysqli_sql_exception: You have an error in your SQL syntax; check the manual that corresponds to your MySQL server version for the right syntax to use near ')
AND `juragan_id` = 10
AND `order_invoice`.`deleted_at` IS NULL
ORDER BY `statu' at line 3 in /home/dnzwygdo/djuragancom/vendor/codeigniter4/framework/system/Database/MySQLi/Connection.php:292
Stack trace:
#0 /home/dnzwygdo/djuragancom/vendor/codeigniter4/framework/system/Database/MySQLi/Connection.php(292): mysqli->query()
#1 /home/dnzwygdo/djuragancom/vendor/codeigniter4/framework/system/Database/BaseConnection.php(693): CodeIgniter\Database\MySQLi\Connection->execute()
#2 /home/dnzwygdo/djuragancom/vendor/codeigniter4/framework/system/Database/BaseConnection.php(620): CodeIgniter\Database\BaseConnection->simpleQuery()
#3 /home/dnzwygdo/djuragancom/vendor/codeigniter4/framework/system/Database/BaseBuilder.php(1585): CodeIgniter\Database\BaseConnection->query()
#4 /home/dnzwygdo/djuragancom/vendor/codeigniter4/framework/system/Model.php(222): CodeIgniter\Database\BaseBuilder->get()
#5 /home/dnzwygdo/djuragancom/vendor/codeigniter4/framework/system/BaseModel.php(584): CodeIgniter\Model->doFindAll()
#6 /home/dnzwygdo/djuragancom/app/Models/InvoiceModel.php(74): CodeIgniter\BaseModel->findAll()
#7 /home/dnzwygdo/djuragancom/app/Controllers/User/Invoices.php(156): App\Models\InvoiceModel->getAll()
#8 /home/dnzwygdo/djuragancom/vendor/codeigniter4/framework/system/CodeIgniter.php(898): App\Controllers\User\Invoices->lihat()
#9 /home/dnzwygdo/djuragancom/vendor/codeigniter4/framework/system/CodeIgniter.php(457): CodeIgniter\CodeIgniter->runController()
#10 /home/dnzwygdo/djuragancom/vendor/codeigniter4/framework/system/CodeIgniter.php(340): CodeIgniter\CodeIgniter->handleRequest()
#11 /home/dnzwygdo/public_html/index.php(67): CodeIgniter\CodeIgniter->run()
#12 {main}
CRITICAL - 2023-09-09 15:33:27 --> Call to a member function getResult() on bool
in SYSTEMPATH/Model.php on line 223.
 1 SYSTEMPATH/BaseModel.php(584): CodeIgniter\Model->doFindAll()
 2 APPPATH/Models/InvoiceModel.php(74): CodeIgniter\BaseModel->findAll()
 3 APPPATH/Controllers/User/Invoices.php(156): App\Models\InvoiceModel->getAll()
 4 SYSTEMPATH/CodeIgniter.php(898): App\Controllers\User\Invoices->lihat()
 5 SYSTEMPATH/CodeIgniter.php(457): CodeIgniter\CodeIgniter->runController()
 6 SYSTEMPATH/CodeIgniter.php(340): CodeIgniter\CodeIgniter->handleRequest()
 7 FCPATH/index.php(67): CodeIgniter\CodeIgniter->run()
ERROR - 2023-09-09 15:33:32 --> mysqli_sql_exception: You have an error in your SQL syntax; check the manual that corresponds to your MySQL server version for the right syntax to use near ')
AND `juragan_id` = 18
AND `order_invoice`.`deleted_at` IS NULL
ORDER BY `statu' at line 3 in /home/dnzwygdo/djuragancom/vendor/codeigniter4/framework/system/Database/MySQLi/Connection.php:292
Stack trace:
#0 /home/dnzwygdo/djuragancom/vendor/codeigniter4/framework/system/Database/MySQLi/Connection.php(292): mysqli->query()
#1 /home/dnzwygdo/djuragancom/vendor/codeigniter4/framework/system/Database/BaseConnection.php(693): CodeIgniter\Database\MySQLi\Connection->execute()
#2 /home/dnzwygdo/djuragancom/vendor/codeigniter4/framework/system/Database/BaseConnection.php(620): CodeIgniter\Database\BaseConnection->simpleQuery()
#3 /home/dnzwygdo/djuragancom/vendor/codeigniter4/framework/system/Database/BaseBuilder.php(1585): CodeIgniter\Database\BaseConnection->query()
#4 /home/dnzwygdo/djuragancom/vendor/codeigniter4/framework/system/Model.php(222): CodeIgniter\Database\BaseBuilder->get()
#5 /home/dnzwygdo/djuragancom/vendor/codeigniter4/framework/system/BaseModel.php(584): CodeIgniter\Model->doFindAll()
#6 /home/dnzwygdo/djuragancom/app/Models/InvoiceModel.php(74): CodeIgniter\BaseModel->findAll()
#7 /home/dnzwygdo/djuragancom/app/Controllers/Admin/Invoices.php(66): App\Models\InvoiceModel->getAll()
#8 /home/dnzwygdo/djuragancom/vendor/codeigniter4/framework/system/CodeIgniter.php(898): App\Controllers\Admin\Invoices->lihat()
#9 /home/dnzwygdo/djuragancom/vendor/codeigniter4/framework/system/CodeIgniter.php(457): CodeIgniter\CodeIgniter->runController()
#10 /home/dnzwygdo/djuragancom/vendor/codeigniter4/framework/system/CodeIgniter.php(340): CodeIgniter\CodeIgniter->handleRequest()
#11 /home/dnzwygdo/public_html/index.php(67): CodeIgniter\CodeIgniter->run()
#12 {main}
CRITICAL - 2023-09-09 15:33:32 --> Call to a member function getResult() on bool
in SYSTEMPATH/Model.php on line 223.
 1 SYSTEMPATH/BaseModel.php(584): CodeIgniter\Model->doFindAll()
 2 APPPATH/Models/InvoiceModel.php(74): CodeIgniter\BaseModel->findAll()
 3 APPPATH/Controllers/Admin/Invoices.php(66): App\Models\InvoiceModel->getAll()
 4 SYSTEMPATH/CodeIgniter.php(898): App\Controllers\Admin\Invoices->lihat()
 5 SYSTEMPATH/CodeIgniter.php(457): CodeIgniter\CodeIgniter->runController()
 6 SYSTEMPATH/CodeIgniter.php(340): CodeIgniter\CodeIgniter->handleRequest()
 7 FCPATH/index.php(67): CodeIgniter\CodeIgniter->run()
ERROR - 2023-09-09 15:33:32 --> mysqli_sql_exception: You have an error in your SQL syntax; check the manual that corresponds to your MySQL server version for the right syntax to use near ')
AND `juragan_id` = 18
AND `order_invoice`.`deleted_at` IS NULL
ORDER BY `statu' at line 3 in /home/dnzwygdo/djuragancom/vendor/codeigniter4/framework/system/Database/MySQLi/Connection.php:292
Stack trace:
#0 /home/dnzwygdo/djuragancom/vendor/codeigniter4/framework/system/Database/MySQLi/Connection.php(292): mysqli->query()
#1 /home/dnzwygdo/djuragancom/vendor/codeigniter4/framework/system/Database/BaseConnection.php(693): CodeIgniter\Database\MySQLi\Connection->execute()
#2 /home/dnzwygdo/djuragancom/vendor/codeigniter4/framework/system/Database/BaseConnection.php(620): CodeIgniter\Database\BaseConnection->simpleQuery()
#3 /home/dnzwygdo/djuragancom/vendor/codeigniter4/framework/system/Database/BaseBuilder.php(1585): CodeIgniter\Database\BaseConnection->query()
#4 /home/dnzwygdo/djuragancom/vendor/codeigniter4/framework/system/Model.php(222): CodeIgniter\Database\BaseBuilder->get()
#5 /home/dnzwygdo/djuragancom/vendor/codeigniter4/framework/system/BaseModel.php(584): CodeIgniter\Model->doFindAll()
#6 /home/dnzwygdo/djuragancom/app/Models/InvoiceModel.php(74): CodeIgniter\BaseModel->findAll()
#7 /home/dnzwygdo/djuragancom/app/Controllers/Admin/Invoices.php(66): App\Models\InvoiceModel->getAll()
#8 /home/dnzwygdo/djuragancom/vendor/codeigniter4/framework/system/CodeIgniter.php(898): App\Controllers\Admin\Invoices->lihat()
#9 /home/dnzwygdo/djuragancom/vendor/codeigniter4/framework/system/CodeIgniter.php(457): CodeIgniter\CodeIgniter->runController()
#10 /home/dnzwygdo/djuragancom/vendor/codeigniter4/framework/system/CodeIgniter.php(340): CodeIgniter\CodeIgniter->handleRequest()
#11 /home/dnzwygdo/public_html/index.php(67): CodeIgniter\CodeIgniter->run()
#12 {main}
CRITICAL - 2023-09-09 15:33:32 --> Call to a member function getResult() on bool
in SYSTEMPATH/Model.php on line 223.
 1 SYSTEMPATH/BaseModel.php(584): CodeIgniter\Model->doFindAll()
 2 APPPATH/Models/InvoiceModel.php(74): CodeIgniter\BaseModel->findAll()
 3 APPPATH/Controllers/Admin/Invoices.php(66): App\Models\InvoiceModel->getAll()
 4 SYSTEMPATH/CodeIgniter.php(898): App\Controllers\Admin\Invoices->lihat()
 5 SYSTEMPATH/CodeIgniter.php(457): CodeIgniter\CodeIgniter->runController()
 6 SYSTEMPATH/CodeIgniter.php(340): CodeIgniter\CodeIgniter->handleRequest()
 7 FCPATH/index.php(67): CodeIgniter\CodeIgniter->run()
ERROR - 2023-09-09 15:33:41 --> mysqli_sql_exception: You have an error in your SQL syntax; check the manual that corresponds to your MySQL server version for the right syntax to use near ')
AND `juragan_id` = 12
AND `order_invoice`.`deleted_at` IS NULL
ORDER BY `statu' at line 3 in /home/dnzwygdo/djuragancom/vendor/codeigniter4/framework/system/Database/MySQLi/Connection.php:292
Stack trace:
#0 /home/dnzwygdo/djuragancom/vendor/codeigniter4/framework/system/Database/MySQLi/Connection.php(292): mysqli->query()
#1 /home/dnzwygdo/djuragancom/vendor/codeigniter4/framework/system/Database/BaseConnection.php(693): CodeIgniter\Database\MySQLi\Connection->execute()
#2 /home/dnzwygdo/djuragancom/vendor/codeigniter4/framework/system/Database/BaseConnection.php(620): CodeIgniter\Database\BaseConnection->simpleQuery()
#3 /home/dnzwygdo/djuragancom/vendor/codeigniter4/framework/system/Database/BaseBuilder.php(1585): CodeIgniter\Database\BaseConnection->query()
#4 /home/dnzwygdo/djuragancom/vendor/codeigniter4/framework/system/Model.php(222): CodeIgniter\Database\BaseBuilder->get()
#5 /home/dnzwygdo/djuragancom/vendor/codeigniter4/framework/system/BaseModel.php(584): CodeIgniter\Model->doFindAll()
#6 /home/dnzwygdo/djuragancom/app/Models/InvoiceModel.php(74): CodeIgniter\BaseModel->findAll()
#7 /home/dnzwygdo/djuragancom/app/Controllers/User/Invoices.php(156): App\Models\InvoiceModel->getAll()
#8 /home/dnzwygdo/djuragancom/vendor/codeigniter4/framework/system/CodeIgniter.php(898): App\Controllers\User\Invoices->lihat()
#9 /home/dnzwygdo/djuragancom/vendor/codeigniter4/framework/system/CodeIgniter.php(457): CodeIgniter\CodeIgniter->runController()
#10 /home/dnzwygdo/djuragancom/vendor/codeigniter4/framework/system/CodeIgniter.php(340): CodeIgniter\CodeIgniter->handleRequest()
#11 /home/dnzwygdo/public_html/index.php(67): CodeIgniter\CodeIgniter->run()
#12 {main}
CRITICAL - 2023-09-09 15:33:41 --> Call to a member function getResult() on bool
in SYSTEMPATH/Model.php on line 223.
 1 SYSTEMPATH/BaseModel.php(584): CodeIgniter\Model->doFindAll()
 2 APPPATH/Models/InvoiceModel.php(74): CodeIgniter\BaseModel->findAll()
 3 APPPATH/Controllers/User/Invoices.php(156): App\Models\InvoiceModel->getAll()
 4 SYSTEMPATH/CodeIgniter.php(898): App\Controllers\User\Invoices->lihat()
 5 SYSTEMPATH/CodeIgniter.php(457): CodeIgniter\CodeIgniter->runController()
 6 SYSTEMPATH/CodeIgniter.php(340): CodeIgniter\CodeIgniter->handleRequest()
 7 FCPATH/index.php(67): CodeIgniter\CodeIgniter->run()
ERROR - 2023-09-09 15:33:58 --> mysqli_sql_exception: You have an error in your SQL syntax; check the manual that corresponds to your MySQL server version for the right syntax to use near ')
AND `juragan_id` = 13
AND `order_invoice`.`deleted_at` IS NULL
ORDER BY `statu' at line 3 in /home/dnzwygdo/djuragancom/vendor/codeigniter4/framework/system/Database/MySQLi/Connection.php:292
Stack trace:
#0 /home/dnzwygdo/djuragancom/vendor/codeigniter4/framework/system/Database/MySQLi/Connection.php(292): mysqli->query()
#1 /home/dnzwygdo/djuragancom/vendor/codeigniter4/framework/system/Database/BaseConnection.php(693): CodeIgniter\Database\MySQLi\Connection->execute()
#2 /home/dnzwygdo/djuragancom/vendor/codeigniter4/framework/system/Database/BaseConnection.php(620): CodeIgniter\Database\BaseConnection->simpleQuery()
#3 /home/dnzwygdo/djuragancom/vendor/codeigniter4/framework/system/Database/BaseBuilder.php(1585): CodeIgniter\Database\BaseConnection->query()
#4 /home/dnzwygdo/djuragancom/vendor/codeigniter4/framework/system/Model.php(222): CodeIgniter\Database\BaseBuilder->get()
#5 /home/dnzwygdo/djuragancom/vendor/codeigniter4/framework/system/BaseModel.php(584): CodeIgniter\Model->doFindAll()
#6 /home/dnzwygdo/djuragancom/app/Models/InvoiceModel.php(74): CodeIgniter\BaseModel->findAll()
#7 /home/dnzwygdo/djuragancom/app/Controllers/User/Invoices.php(156): App\Models\InvoiceModel->getAll()
#8 /home/dnzwygdo/djuragancom/vendor/codeigniter4/framework/system/CodeIgniter.php(898): App\Controllers\User\Invoices->lihat()
#9 /home/dnzwygdo/djuragancom/vendor/codeigniter4/framework/system/CodeIgniter.php(457): CodeIgniter\CodeIgniter->runController()
#10 /home/dnzwygdo/djuragancom/vendor/codeigniter4/framework/system/CodeIgniter.php(340): CodeIgniter\CodeIgniter->handleRequest()
#11 /home/dnzwygdo/public_html/index.php(67): CodeIgniter\CodeIgniter->run()
#12 {main}
CRITICAL - 2023-09-09 15:33:58 --> Call to a member function getResult() on bool
in SYSTEMPATH/Model.php on line 223.
 1 SYSTEMPATH/BaseModel.php(584): CodeIgniter\Model->doFindAll()
 2 APPPATH/Models/InvoiceModel.php(74): CodeIgniter\BaseModel->findAll()
 3 APPPATH/Controllers/User/Invoices.php(156): App\Models\InvoiceModel->getAll()
 4 SYSTEMPATH/CodeIgniter.php(898): App\Controllers\User\Invoices->lihat()
 5 SYSTEMPATH/CodeIgniter.php(457): CodeIgniter\CodeIgniter->runController()
 6 SYSTEMPATH/CodeIgniter.php(340): CodeIgniter\CodeIgniter->handleRequest()
 7 FCPATH/index.php(67): CodeIgniter\CodeIgniter->run()
ERROR - 2023-09-09 15:34:10 --> mysqli_sql_exception: You have an error in your SQL syntax; check the manual that corresponds to your MySQL server version for the right syntax to use near ')
AND `juragan_id` = 27
AND `order_invoice`.`deleted_at` IS NULL
ORDER BY `statu' at line 3 in /home/dnzwygdo/djuragancom/vendor/codeigniter4/framework/system/Database/MySQLi/Connection.php:292
Stack trace:
#0 /home/dnzwygdo/djuragancom/vendor/codeigniter4/framework/system/Database/MySQLi/Connection.php(292): mysqli->query()
#1 /home/dnzwygdo/djuragancom/vendor/codeigniter4/framework/system/Database/BaseConnection.php(693): CodeIgniter\Database\MySQLi\Connection->execute()
#2 /home/dnzwygdo/djuragancom/vendor/codeigniter4/framework/system/Database/BaseConnection.php(620): CodeIgniter\Database\BaseConnection->simpleQuery()
#3 /home/dnzwygdo/djuragancom/vendor/codeigniter4/framework/system/Database/BaseBuilder.php(1585): CodeIgniter\Database\BaseConnection->query()
#4 /home/dnzwygdo/djuragancom/vendor/codeigniter4/framework/system/Model.php(222): CodeIgniter\Database\BaseBuilder->get()
#5 /home/dnzwygdo/djuragancom/vendor/codeigniter4/framework/system/BaseModel.php(584): CodeIgniter\Model->doFindAll()
#6 /home/dnzwygdo/djuragancom/app/Models/InvoiceModel.php(74): CodeIgniter\BaseModel->findAll()
#7 /home/dnzwygdo/djuragancom/app/Controllers/User/Invoices.php(156): App\Models\InvoiceModel->getAll()
#8 /home/dnzwygdo/djuragancom/vendor/codeigniter4/framework/system/CodeIgniter.php(898): App\Controllers\User\Invoices->lihat()
#9 /home/dnzwygdo/djuragancom/vendor/codeigniter4/framework/system/CodeIgniter.php(457): CodeIgniter\CodeIgniter->runController()
#10 /home/dnzwygdo/djuragancom/vendor/codeigniter4/framework/system/CodeIgniter.php(340): CodeIgniter\CodeIgniter->handleRequest()
#11 /home/dnzwygdo/public_html/index.php(67): CodeIgniter\CodeIgniter->run()
#12 {main}
CRITICAL - 2023-09-09 15:34:10 --> Call to a member function getResult() on bool
in SYSTEMPATH/Model.php on line 223.
 1 SYSTEMPATH/BaseModel.php(584): CodeIgniter\Model->doFindAll()
 2 APPPATH/Models/InvoiceModel.php(74): CodeIgniter\BaseModel->findAll()
 3 APPPATH/Controllers/User/Invoices.php(156): App\Models\InvoiceModel->getAll()
 4 SYSTEMPATH/CodeIgniter.php(898): App\Controllers\User\Invoices->lihat()
 5 SYSTEMPATH/CodeIgniter.php(457): CodeIgniter\CodeIgniter->runController()
 6 SYSTEMPATH/CodeIgniter.php(340): CodeIgniter\CodeIgniter->handleRequest()
 7 FCPATH/index.php(67): CodeIgniter\CodeIgniter->run()
ERROR - 2023-09-09 15:34:41 --> mysqli_sql_exception: You have an error in your SQL syntax; check the manual that corresponds to your MySQL server version for the right syntax to use near ')
AND `juragan_id` = 27
AND `order_invoice`.`deleted_at` IS NULL
ORDER BY `statu' at line 3 in /home/dnzwygdo/djuragancom/vendor/codeigniter4/framework/system/Database/MySQLi/Connection.php:292
Stack trace:
#0 /home/dnzwygdo/djuragancom/vendor/codeigniter4/framework/system/Database/MySQLi/Connection.php(292): mysqli->query()
#1 /home/dnzwygdo/djuragancom/vendor/codeigniter4/framework/system/Database/BaseConnection.php(693): CodeIgniter\Database\MySQLi\Connection->execute()
#2 /home/dnzwygdo/djuragancom/vendor/codeigniter4/framework/system/Database/BaseConnection.php(620): CodeIgniter\Database\BaseConnection->simpleQuery()
#3 /home/dnzwygdo/djuragancom/vendor/codeigniter4/framework/system/Database/BaseBuilder.php(1585): CodeIgniter\Database\BaseConnection->query()
#4 /home/dnzwygdo/djuragancom/vendor/codeigniter4/framework/system/Model.php(222): CodeIgniter\Database\BaseBuilder->get()
#5 /home/dnzwygdo/djuragancom/vendor/codeigniter4/framework/system/BaseModel.php(584): CodeIgniter\Model->doFindAll()
#6 /home/dnzwygdo/djuragancom/app/Models/InvoiceModel.php(74): CodeIgniter\BaseModel->findAll()
#7 /home/dnzwygdo/djuragancom/app/Controllers/User/Invoices.php(156): App\Models\InvoiceModel->getAll()
#8 /home/dnzwygdo/djuragancom/vendor/codeigniter4/framework/system/CodeIgniter.php(898): App\Controllers\User\Invoices->lihat()
#9 /home/dnzwygdo/djuragancom/vendor/codeigniter4/framework/system/CodeIgniter.php(457): CodeIgniter\CodeIgniter->runController()
#10 /home/dnzwygdo/djuragancom/vendor/codeigniter4/framework/system/CodeIgniter.php(340): CodeIgniter\CodeIgniter->handleRequest()
#11 /home/dnzwygdo/public_html/index.php(67): CodeIgniter\CodeIgniter->run()
#12 {main}
CRITICAL - 2023-09-09 15:34:41 --> Call to a member function getResult() on bool
in SYSTEMPATH/Model.php on line 223.
 1 SYSTEMPATH/BaseModel.php(584): CodeIgniter\Model->doFindAll()
 2 APPPATH/Models/InvoiceModel.php(74): CodeIgniter\BaseModel->findAll()
 3 APPPATH/Controllers/User/Invoices.php(156): App\Models\InvoiceModel->getAll()
 4 SYSTEMPATH/CodeIgniter.php(898): App\Controllers\User\Invoices->lihat()
 5 SYSTEMPATH/CodeIgniter.php(457): CodeIgniter\CodeIgniter->runController()
 6 SYSTEMPATH/CodeIgniter.php(340): CodeIgniter\CodeIgniter->handleRequest()
 7 FCPATH/index.php(67): CodeIgniter\CodeIgniter->run()
ERROR - 2023-09-09 15:34:53 --> mysqli_sql_exception: You have an error in your SQL syntax; check the manual that corresponds to your MySQL server version for the right syntax to use near ')
AND `juragan_id` = 13
AND `order_invoice`.`deleted_at` IS NULL
ORDER BY `statu' at line 3 in /home/dnzwygdo/djuragancom/vendor/codeigniter4/framework/system/Database/MySQLi/Connection.php:292
Stack trace:
#0 /home/dnzwygdo/djuragancom/vendor/codeigniter4/framework/system/Database/MySQLi/Connection.php(292): mysqli->query()
#1 /home/dnzwygdo/djuragancom/vendor/codeigniter4/framework/system/Database/BaseConnection.php(693): CodeIgniter\Database\MySQLi\Connection->execute()
#2 /home/dnzwygdo/djuragancom/vendor/codeigniter4/framework/system/Database/BaseConnection.php(620): CodeIgniter\Database\BaseConnection->simpleQuery()
#3 /home/dnzwygdo/djuragancom/vendor/codeigniter4/framework/system/Database/BaseBuilder.php(1585): CodeIgniter\Database\BaseConnection->query()
#4 /home/dnzwygdo/djuragancom/vendor/codeigniter4/framework/system/Model.php(222): CodeIgniter\Database\BaseBuilder->get()
#5 /home/dnzwygdo/djuragancom/vendor/codeigniter4/framework/system/BaseModel.php(584): CodeIgniter\Model->doFindAll()
#6 /home/dnzwygdo/djuragancom/app/Models/InvoiceModel.php(74): CodeIgniter\BaseModel->findAll()
#7 /home/dnzwygdo/djuragancom/app/Controllers/User/Invoices.php(156): App\Models\InvoiceModel->getAll()
#8 /home/dnzwygdo/djuragancom/vendor/codeigniter4/framework/system/CodeIgniter.php(898): App\Controllers\User\Invoices->lihat()
#9 /home/dnzwygdo/djuragancom/vendor/codeigniter4/framework/system/CodeIgniter.php(457): CodeIgniter\CodeIgniter->runController()
#10 /home/dnzwygdo/djuragancom/vendor/codeigniter4/framework/system/CodeIgniter.php(340): CodeIgniter\CodeIgniter->handleRequest()
#11 /home/dnzwygdo/public_html/index.php(67): CodeIgniter\CodeIgniter->run()
#12 {main}
CRITICAL - 2023-09-09 15:34:53 --> Call to a member function getResult() on bool
in SYSTEMPATH/Model.php on line 223.
 1 SYSTEMPATH/BaseModel.php(584): CodeIgniter\Model->doFindAll()
 2 APPPATH/Models/InvoiceModel.php(74): CodeIgniter\BaseModel->findAll()
 3 APPPATH/Controllers/User/Invoices.php(156): App\Models\InvoiceModel->getAll()
 4 SYSTEMPATH/CodeIgniter.php(898): App\Controllers\User\Invoices->lihat()
 5 SYSTEMPATH/CodeIgniter.php(457): CodeIgniter\CodeIgniter->runController()
 6 SYSTEMPATH/CodeIgniter.php(340): CodeIgniter\CodeIgniter->handleRequest()
 7 FCPATH/index.php(67): CodeIgniter\CodeIgniter->run()
ERROR - 2023-09-09 15:35:07 --> mysqli_sql_exception: You have an error in your SQL syntax; check the manual that corresponds to your MySQL server version for the right syntax to use near ')
AND `juragan_id` = 12
AND `order_invoice`.`deleted_at` IS NULL
ORDER BY `statu' at line 3 in /home/dnzwygdo/djuragancom/vendor/codeigniter4/framework/system/Database/MySQLi/Connection.php:292
Stack trace:
#0 /home/dnzwygdo/djuragancom/vendor/codeigniter4/framework/system/Database/MySQLi/Connection.php(292): mysqli->query()
#1 /home/dnzwygdo/djuragancom/vendor/codeigniter4/framework/system/Database/BaseConnection.php(693): CodeIgniter\Database\MySQLi\Connection->execute()
#2 /home/dnzwygdo/djuragancom/vendor/codeigniter4/framework/system/Database/BaseConnection.php(620): CodeIgniter\Database\BaseConnection->simpleQuery()
#3 /home/dnzwygdo/djuragancom/vendor/codeigniter4/framework/system/Database/BaseBuilder.php(1585): CodeIgniter\Database\BaseConnection->query()
#4 /home/dnzwygdo/djuragancom/vendor/codeigniter4/framework/system/Model.php(222): CodeIgniter\Database\BaseBuilder->get()
#5 /home/dnzwygdo/djuragancom/vendor/codeigniter4/framework/system/BaseModel.php(584): CodeIgniter\Model->doFindAll()
#6 /home/dnzwygdo/djuragancom/app/Models/InvoiceModel.php(74): CodeIgniter\BaseModel->findAll()
#7 /home/dnzwygdo/djuragancom/app/Controllers/User/Invoices.php(156): App\Models\InvoiceModel->getAll()
#8 /home/dnzwygdo/djuragancom/vendor/codeigniter4/framework/system/CodeIgniter.php(898): App\Controllers\User\Invoices->lihat()
#9 /home/dnzwygdo/djuragancom/vendor/codeigniter4/framework/system/CodeIgniter.php(457): CodeIgniter\CodeIgniter->runController()
#10 /home/dnzwygdo/djuragancom/vendor/codeigniter4/framework/system/CodeIgniter.php(340): CodeIgniter\CodeIgniter->handleRequest()
#11 /home/dnzwygdo/public_html/index.php(67): CodeIgniter\CodeIgniter->run()
#12 {main}
CRITICAL - 2023-09-09 15:35:07 --> Call to a member function getResult() on bool
in SYSTEMPATH/Model.php on line 223.
 1 SYSTEMPATH/BaseModel.php(584): CodeIgniter\Model->doFindAll()
 2 APPPATH/Models/InvoiceModel.php(74): CodeIgniter\BaseModel->findAll()
 3 APPPATH/Controllers/User/Invoices.php(156): App\Models\InvoiceModel->getAll()
 4 SYSTEMPATH/CodeIgniter.php(898): App\Controllers\User\Invoices->lihat()
 5 SYSTEMPATH/CodeIgniter.php(457): CodeIgniter\CodeIgniter->runController()
 6 SYSTEMPATH/CodeIgniter.php(340): CodeIgniter\CodeIgniter->handleRequest()
 7 FCPATH/index.php(67): CodeIgniter\CodeIgniter->run()
ERROR - 2023-09-09 15:35:15 --> mysqli_sql_exception: You have an error in your SQL syntax; check the manual that corresponds to your MySQL server version for the right syntax to use near ')
AND `juragan_id` = 10
AND `order_invoice`.`deleted_at` IS NULL
ORDER BY `statu' at line 3 in /home/dnzwygdo/djuragancom/vendor/codeigniter4/framework/system/Database/MySQLi/Connection.php:292
Stack trace:
#0 /home/dnzwygdo/djuragancom/vendor/codeigniter4/framework/system/Database/MySQLi/Connection.php(292): mysqli->query()
#1 /home/dnzwygdo/djuragancom/vendor/codeigniter4/framework/system/Database/BaseConnection.php(693): CodeIgniter\Database\MySQLi\Connection->execute()
#2 /home/dnzwygdo/djuragancom/vendor/codeigniter4/framework/system/Database/BaseConnection.php(620): CodeIgniter\Database\BaseConnection->simpleQuery()
#3 /home/dnzwygdo/djuragancom/vendor/codeigniter4/framework/system/Database/BaseBuilder.php(1585): CodeIgniter\Database\BaseConnection->query()
#4 /home/dnzwygdo/djuragancom/vendor/codeigniter4/framework/system/Model.php(222): CodeIgniter\Database\BaseBuilder->get()
#5 /home/dnzwygdo/djuragancom/vendor/codeigniter4/framework/system/BaseModel.php(584): CodeIgniter\Model->doFindAll()
#6 /home/dnzwygdo/djuragancom/app/Models/InvoiceModel.php(74): CodeIgniter\BaseModel->findAll()
#7 /home/dnzwygdo/djuragancom/app/Controllers/User/Invoices.php(156): App\Models\InvoiceModel->getAll()
#8 /home/dnzwygdo/djuragancom/vendor/codeigniter4/framework/system/CodeIgniter.php(898): App\Controllers\User\Invoices->lihat()
#9 /home/dnzwygdo/djuragancom/vendor/codeigniter4/framework/system/CodeIgniter.php(457): CodeIgniter\CodeIgniter->runController()
#10 /home/dnzwygdo/djuragancom/vendor/codeigniter4/framework/system/CodeIgniter.php(340): CodeIgniter\CodeIgniter->handleRequest()
#11 /home/dnzwygdo/public_html/index.php(67): CodeIgniter\CodeIgniter->run()
#12 {main}
CRITICAL - 2023-09-09 15:35:15 --> Call to a member function getResult() on bool
in SYSTEMPATH/Model.php on line 223.
 1 SYSTEMPATH/BaseModel.php(584): CodeIgniter\Model->doFindAll()
 2 APPPATH/Models/InvoiceModel.php(74): CodeIgniter\BaseModel->findAll()
 3 APPPATH/Controllers/User/Invoices.php(156): App\Models\InvoiceModel->getAll()
 4 SYSTEMPATH/CodeIgniter.php(898): App\Controllers\User\Invoices->lihat()
 5 SYSTEMPATH/CodeIgniter.php(457): CodeIgniter\CodeIgniter->runController()
 6 SYSTEMPATH/CodeIgniter.php(340): CodeIgniter\CodeIgniter->handleRequest()
 7 FCPATH/index.php(67): CodeIgniter\CodeIgniter->run()
ERROR - 2023-09-09 15:36:31 --> mysqli_sql_exception: You have an error in your SQL syntax; check the manual that corresponds to your MySQL server version for the right syntax to use near ')
AND `juragan_id` = 9
AND `order_invoice`.`deleted_at` IS NULL
ORDER BY `status' at line 3 in /home/dnzwygdo/djuragancom/vendor/codeigniter4/framework/system/Database/MySQLi/Connection.php:292
Stack trace:
#0 /home/dnzwygdo/djuragancom/vendor/codeigniter4/framework/system/Database/MySQLi/Connection.php(292): mysqli->query()
#1 /home/dnzwygdo/djuragancom/vendor/codeigniter4/framework/system/Database/BaseConnection.php(693): CodeIgniter\Database\MySQLi\Connection->execute()
#2 /home/dnzwygdo/djuragancom/vendor/codeigniter4/framework/system/Database/BaseConnection.php(620): CodeIgniter\Database\BaseConnection->simpleQuery()
#3 /home/dnzwygdo/djuragancom/vendor/codeigniter4/framework/system/Database/BaseBuilder.php(1585): CodeIgniter\Database\BaseConnection->query()
#4 /home/dnzwygdo/djuragancom/vendor/codeigniter4/framework/system/Model.php(222): CodeIgniter\Database\BaseBuilder->get()
#5 /home/dnzwygdo/djuragancom/vendor/codeigniter4/framework/system/BaseModel.php(584): CodeIgniter\Model->doFindAll()
#6 /home/dnzwygdo/djuragancom/app/Models/InvoiceModel.php(74): CodeIgniter\BaseModel->findAll()
#7 /home/dnzwygdo/djuragancom/app/Controllers/User/Invoices.php(156): App\Models\InvoiceModel->getAll()
#8 /home/dnzwygdo/djuragancom/vendor/codeigniter4/framework/system/CodeIgniter.php(898): App\Controllers\User\Invoices->lihat()
#9 /home/dnzwygdo/djuragancom/vendor/codeigniter4/framework/system/CodeIgniter.php(457): CodeIgniter\CodeIgniter->runController()
#10 /home/dnzwygdo/djuragancom/vendor/codeigniter4/framework/system/CodeIgniter.php(340): CodeIgniter\CodeIgniter->handleRequest()
#11 /home/dnzwygdo/public_html/index.php(67): CodeIgniter\CodeIgniter->run()
#12 {main}
CRITICAL - 2023-09-09 15:36:31 --> Call to a member function getResult() on bool
in SYSTEMPATH/Model.php on line 223.
 1 SYSTEMPATH/BaseModel.php(584): CodeIgniter\Model->doFindAll()
 2 APPPATH/Models/InvoiceModel.php(74): CodeIgniter\BaseModel->findAll()
 3 APPPATH/Controllers/User/Invoices.php(156): App\Models\InvoiceModel->getAll()
 4 SYSTEMPATH/CodeIgniter.php(898): App\Controllers\User\Invoices->lihat()
 5 SYSTEMPATH/CodeIgniter.php(457): CodeIgniter\CodeIgniter->runController()
 6 SYSTEMPATH/CodeIgniter.php(340): CodeIgniter\CodeIgniter->handleRequest()
 7 FCPATH/index.php(67): CodeIgniter\CodeIgniter->run()
ERROR - 2023-09-09 15:36:57 --> mysqli_sql_exception: You have an error in your SQL syntax; check the manual that corresponds to your MySQL server version for the right syntax to use near ')
AND `juragan_id` = 9
AND `order_invoice`.`deleted_at` IS NULL
ORDER BY `status' at line 3 in /home/dnzwygdo/djuragancom/vendor/codeigniter4/framework/system/Database/MySQLi/Connection.php:292
Stack trace:
#0 /home/dnzwygdo/djuragancom/vendor/codeigniter4/framework/system/Database/MySQLi/Connection.php(292): mysqli->query()
#1 /home/dnzwygdo/djuragancom/vendor/codeigniter4/framework/system/Database/BaseConnection.php(693): CodeIgniter\Database\MySQLi\Connection->execute()
#2 /home/dnzwygdo/djuragancom/vendor/codeigniter4/framework/system/Database/BaseConnection.php(620): CodeIgniter\Database\BaseConnection->simpleQuery()
#3 /home/dnzwygdo/djuragancom/vendor/codeigniter4/framework/system/Database/BaseBuilder.php(1585): CodeIgniter\Database\BaseConnection->query()
#4 /home/dnzwygdo/djuragancom/vendor/codeigniter4/framework/system/Model.php(222): CodeIgniter\Database\BaseBuilder->get()
#5 /home/dnzwygdo/djuragancom/vendor/codeigniter4/framework/system/BaseModel.php(584): CodeIgniter\Model->doFindAll()
#6 /home/dnzwygdo/djuragancom/app/Models/InvoiceModel.php(74): CodeIgniter\BaseModel->findAll()
#7 /home/dnzwygdo/djuragancom/app/Controllers/User/Invoices.php(156): App\Models\InvoiceModel->getAll()
#8 /home/dnzwygdo/djuragancom/vendor/codeigniter4/framework/system/CodeIgniter.php(898): App\Controllers\User\Invoices->lihat()
#9 /home/dnzwygdo/djuragancom/vendor/codeigniter4/framework/system/CodeIgniter.php(457): CodeIgniter\CodeIgniter->runController()
#10 /home/dnzwygdo/djuragancom/vendor/codeigniter4/framework/system/CodeIgniter.php(340): CodeIgniter\CodeIgniter->handleRequest()
#11 /home/dnzwygdo/public_html/index.php(67): CodeIgniter\CodeIgniter->run()
#12 {main}
CRITICAL - 2023-09-09 15:36:57 --> Call to a member function getResult() on bool
in SYSTEMPATH/Model.php on line 223.
 1 SYSTEMPATH/BaseModel.php(584): CodeIgniter\Model->doFindAll()
 2 APPPATH/Models/InvoiceModel.php(74): CodeIgniter\BaseModel->findAll()
 3 APPPATH/Controllers/User/Invoices.php(156): App\Models\InvoiceModel->getAll()
 4 SYSTEMPATH/CodeIgniter.php(898): App\Controllers\User\Invoices->lihat()
 5 SYSTEMPATH/CodeIgniter.php(457): CodeIgniter\CodeIgniter->runController()
 6 SYSTEMPATH/CodeIgniter.php(340): CodeIgniter\CodeIgniter->handleRequest()
 7 FCPATH/index.php(67): CodeIgniter\CodeIgniter->run()
ERROR - 2023-09-09 15:37:18 --> mysqli_sql_exception: You have an error in your SQL syntax; check the manual that corresponds to your MySQL server version for the right syntax to use near ')
AND `juragan_id` = 9
AND `order_invoice`.`deleted_at` IS NULL
ORDER BY `status' at line 3 in /home/dnzwygdo/djuragancom/vendor/codeigniter4/framework/system/Database/MySQLi/Connection.php:292
Stack trace:
#0 /home/dnzwygdo/djuragancom/vendor/codeigniter4/framework/system/Database/MySQLi/Connection.php(292): mysqli->query()
#1 /home/dnzwygdo/djuragancom/vendor/codeigniter4/framework/system/Database/BaseConnection.php(693): CodeIgniter\Database\MySQLi\Connection->execute()
#2 /home/dnzwygdo/djuragancom/vendor/codeigniter4/framework/system/Database/BaseConnection.php(620): CodeIgniter\Database\BaseConnection->simpleQuery()
#3 /home/dnzwygdo/djuragancom/vendor/codeigniter4/framework/system/Database/BaseBuilder.php(1585): CodeIgniter\Database\BaseConnection->query()
#4 /home/dnzwygdo/djuragancom/vendor/codeigniter4/framework/system/Model.php(222): CodeIgniter\Database\BaseBuilder->get()
#5 /home/dnzwygdo/djuragancom/vendor/codeigniter4/framework/system/BaseModel.php(584): CodeIgniter\Model->doFindAll()
#6 /home/dnzwygdo/djuragancom/app/Models/InvoiceModel.php(74): CodeIgniter\BaseModel->findAll()
#7 /home/dnzwygdo/djuragancom/app/Controllers/User/Invoices.php(156): App\Models\InvoiceModel->getAll()
#8 /home/dnzwygdo/djuragancom/vendor/codeigniter4/framework/system/CodeIgniter.php(898): App\Controllers\User\Invoices->lihat()
#9 /home/dnzwygdo/djuragancom/vendor/codeigniter4/framework/system/CodeIgniter.php(457): CodeIgniter\CodeIgniter->runController()
#10 /home/dnzwygdo/djuragancom/vendor/codeigniter4/framework/system/CodeIgniter.php(340): CodeIgniter\CodeIgniter->handleRequest()
#11 /home/dnzwygdo/public_html/index.php(67): CodeIgniter\CodeIgniter->run()
#12 {main}
CRITICAL - 2023-09-09 15:37:18 --> Call to a member function getResult() on bool
in SYSTEMPATH/Model.php on line 223.
 1 SYSTEMPATH/BaseModel.php(584): CodeIgniter\Model->doFindAll()
 2 APPPATH/Models/InvoiceModel.php(74): CodeIgniter\BaseModel->findAll()
 3 APPPATH/Controllers/User/Invoices.php(156): App\Models\InvoiceModel->getAll()
 4 SYSTEMPATH/CodeIgniter.php(898): App\Controllers\User\Invoices->lihat()
 5 SYSTEMPATH/CodeIgniter.php(457): CodeIgniter\CodeIgniter->runController()
 6 SYSTEMPATH/CodeIgniter.php(340): CodeIgniter\CodeIgniter->handleRequest()
 7 FCPATH/index.php(67): CodeIgniter\CodeIgniter->run()
ERROR - 2023-09-09 15:37:29 --> mysqli_sql_exception: You have an error in your SQL syntax; check the manual that corresponds to your MySQL server version for the right syntax to use near ')
AND `juragan_id` = 10
AND `order_invoice`.`deleted_at` IS NULL
ORDER BY `statu' at line 3 in /home/dnzwygdo/djuragancom/vendor/codeigniter4/framework/system/Database/MySQLi/Connection.php:292
Stack trace:
#0 /home/dnzwygdo/djuragancom/vendor/codeigniter4/framework/system/Database/MySQLi/Connection.php(292): mysqli->query()
#1 /home/dnzwygdo/djuragancom/vendor/codeigniter4/framework/system/Database/BaseConnection.php(693): CodeIgniter\Database\MySQLi\Connection->execute()
#2 /home/dnzwygdo/djuragancom/vendor/codeigniter4/framework/system/Database/BaseConnection.php(620): CodeIgniter\Database\BaseConnection->simpleQuery()
#3 /home/dnzwygdo/djuragancom/vendor/codeigniter4/framework/system/Database/BaseBuilder.php(1585): CodeIgniter\Database\BaseConnection->query()
#4 /home/dnzwygdo/djuragancom/vendor/codeigniter4/framework/system/Model.php(222): CodeIgniter\Database\BaseBuilder->get()
#5 /home/dnzwygdo/djuragancom/vendor/codeigniter4/framework/system/BaseModel.php(584): CodeIgniter\Model->doFindAll()
#6 /home/dnzwygdo/djuragancom/app/Models/InvoiceModel.php(74): CodeIgniter\BaseModel->findAll()
#7 /home/dnzwygdo/djuragancom/app/Controllers/User/Invoices.php(156): App\Models\InvoiceModel->getAll()
#8 /home/dnzwygdo/djuragancom/vendor/codeigniter4/framework/system/CodeIgniter.php(898): App\Controllers\User\Invoices->lihat()
#9 /home/dnzwygdo/djuragancom/vendor/codeigniter4/framework/system/CodeIgniter.php(457): CodeIgniter\CodeIgniter->runController()
#10 /home/dnzwygdo/djuragancom/vendor/codeigniter4/framework/system/CodeIgniter.php(340): CodeIgniter\CodeIgniter->handleRequest()
#11 /home/dnzwygdo/public_html/index.php(67): CodeIgniter\CodeIgniter->run()
#12 {main}
CRITICAL - 2023-09-09 15:37:29 --> Call to a member function getResult() on bool
in SYSTEMPATH/Model.php on line 223.
 1 SYSTEMPATH/BaseModel.php(584): CodeIgniter\Model->doFindAll()
 2 APPPATH/Models/InvoiceModel.php(74): CodeIgniter\BaseModel->findAll()
 3 APPPATH/Controllers/User/Invoices.php(156): App\Models\InvoiceModel->getAll()
 4 SYSTEMPATH/CodeIgniter.php(898): App\Controllers\User\Invoices->lihat()
 5 SYSTEMPATH/CodeIgniter.php(457): CodeIgniter\CodeIgniter->runController()
 6 SYSTEMPATH/CodeIgniter.php(340): CodeIgniter\CodeIgniter->handleRequest()
 7 FCPATH/index.php(67): CodeIgniter\CodeIgniter->run()
ERROR - 2023-09-09 15:37:40 --> mysqli_sql_exception: You have an error in your SQL syntax; check the manual that corresponds to your MySQL server version for the right syntax to use near ')
AND `juragan_id` = 12
AND `order_invoice`.`deleted_at` IS NULL
ORDER BY `statu' at line 3 in /home/dnzwygdo/djuragancom/vendor/codeigniter4/framework/system/Database/MySQLi/Connection.php:292
Stack trace:
#0 /home/dnzwygdo/djuragancom/vendor/codeigniter4/framework/system/Database/MySQLi/Connection.php(292): mysqli->query()
#1 /home/dnzwygdo/djuragancom/vendor/codeigniter4/framework/system/Database/BaseConnection.php(693): CodeIgniter\Database\MySQLi\Connection->execute()
#2 /home/dnzwygdo/djuragancom/vendor/codeigniter4/framework/system/Database/BaseConnection.php(620): CodeIgniter\Database\BaseConnection->simpleQuery()
#3 /home/dnzwygdo/djuragancom/vendor/codeigniter4/framework/system/Database/BaseBuilder.php(1585): CodeIgniter\Database\BaseConnection->query()
#4 /home/dnzwygdo/djuragancom/vendor/codeigniter4/framework/system/Model.php(222): CodeIgniter\Database\BaseBuilder->get()
#5 /home/dnzwygdo/djuragancom/vendor/codeigniter4/framework/system/BaseModel.php(584): CodeIgniter\Model->doFindAll()
#6 /home/dnzwygdo/djuragancom/app/Models/InvoiceModel.php(74): CodeIgniter\BaseModel->findAll()
#7 /home/dnzwygdo/djuragancom/app/Controllers/User/Invoices.php(156): App\Models\InvoiceModel->getAll()
#8 /home/dnzwygdo/djuragancom/vendor/codeigniter4/framework/system/CodeIgniter.php(898): App\Controllers\User\Invoices->lihat()
#9 /home/dnzwygdo/djuragancom/vendor/codeigniter4/framework/system/CodeIgniter.php(457): CodeIgniter\CodeIgniter->runController()
#10 /home/dnzwygdo/djuragancom/vendor/codeigniter4/framework/system/CodeIgniter.php(340): CodeIgniter\CodeIgniter->handleRequest()
#11 /home/dnzwygdo/public_html/index.php(67): CodeIgniter\CodeIgniter->run()
#12 {main}
CRITICAL - 2023-09-09 15:37:40 --> Call to a member function getResult() on bool
in SYSTEMPATH/Model.php on line 223.
 1 SYSTEMPATH/BaseModel.php(584): CodeIgniter\Model->doFindAll()
 2 APPPATH/Models/InvoiceModel.php(74): CodeIgniter\BaseModel->findAll()
 3 APPPATH/Controllers/User/Invoices.php(156): App\Models\InvoiceModel->getAll()
 4 SYSTEMPATH/CodeIgniter.php(898): App\Controllers\User\Invoices->lihat()
 5 SYSTEMPATH/CodeIgniter.php(457): CodeIgniter\CodeIgniter->runController()
 6 SYSTEMPATH/CodeIgniter.php(340): CodeIgniter\CodeIgniter->handleRequest()
 7 FCPATH/index.php(67): CodeIgniter\CodeIgniter->run()
ERROR - 2023-09-09 15:37:50 --> mysqli_sql_exception: You have an error in your SQL syntax; check the manual that corresponds to your MySQL server version for the right syntax to use near ')
AND `juragan_id` = 13
AND `order_invoice`.`deleted_at` IS NULL
ORDER BY `statu' at line 3 in /home/dnzwygdo/djuragancom/vendor/codeigniter4/framework/system/Database/MySQLi/Connection.php:292
Stack trace:
#0 /home/dnzwygdo/djuragancom/vendor/codeigniter4/framework/system/Database/MySQLi/Connection.php(292): mysqli->query()
#1 /home/dnzwygdo/djuragancom/vendor/codeigniter4/framework/system/Database/BaseConnection.php(693): CodeIgniter\Database\MySQLi\Connection->execute()
#2 /home/dnzwygdo/djuragancom/vendor/codeigniter4/framework/system/Database/BaseConnection.php(620): CodeIgniter\Database\BaseConnection->simpleQuery()
#3 /home/dnzwygdo/djuragancom/vendor/codeigniter4/framework/system/Database/BaseBuilder.php(1585): CodeIgniter\Database\BaseConnection->query()
#4 /home/dnzwygdo/djuragancom/vendor/codeigniter4/framework/system/Model.php(222): CodeIgniter\Database\BaseBuilder->get()
#5 /home/dnzwygdo/djuragancom/vendor/codeigniter4/framework/system/BaseModel.php(584): CodeIgniter\Model->doFindAll()
#6 /home/dnzwygdo/djuragancom/app/Models/InvoiceModel.php(74): CodeIgniter\BaseModel->findAll()
#7 /home/dnzwygdo/djuragancom/app/Controllers/User/Invoices.php(156): App\Models\InvoiceModel->getAll()
#8 /home/dnzwygdo/djuragancom/vendor/codeigniter4/framework/system/CodeIgniter.php(898): App\Controllers\User\Invoices->lihat()
#9 /home/dnzwygdo/djuragancom/vendor/codeigniter4/framework/system/CodeIgniter.php(457): CodeIgniter\CodeIgniter->runController()
#10 /home/dnzwygdo/djuragancom/vendor/codeigniter4/framework/system/CodeIgniter.php(340): CodeIgniter\CodeIgniter->handleRequest()
#11 /home/dnzwygdo/public_html/index.php(67): CodeIgniter\CodeIgniter->run()
#12 {main}
CRITICAL - 2023-09-09 15:37:50 --> Call to a member function getResult() on bool
in SYSTEMPATH/Model.php on line 223.
 1 SYSTEMPATH/BaseModel.php(584): CodeIgniter\Model->doFindAll()
 2 APPPATH/Models/InvoiceModel.php(74): CodeIgniter\BaseModel->findAll()
 3 APPPATH/Controllers/User/Invoices.php(156): App\Models\InvoiceModel->getAll()
 4 SYSTEMPATH/CodeIgniter.php(898): App\Controllers\User\Invoices->lihat()
 5 SYSTEMPATH/CodeIgniter.php(457): CodeIgniter\CodeIgniter->runController()
 6 SYSTEMPATH/CodeIgniter.php(340): CodeIgniter\CodeIgniter->handleRequest()
 7 FCPATH/index.php(67): CodeIgniter\CodeIgniter->run()
ERROR - 2023-09-09 15:38:04 --> mysqli_sql_exception: You have an error in your SQL syntax; check the manual that corresponds to your MySQL server version for the right syntax to use near ')
AND `juragan_id` = 27
AND `order_invoice`.`deleted_at` IS NULL
ORDER BY `statu' at line 3 in /home/dnzwygdo/djuragancom/vendor/codeigniter4/framework/system/Database/MySQLi/Connection.php:292
Stack trace:
#0 /home/dnzwygdo/djuragancom/vendor/codeigniter4/framework/system/Database/MySQLi/Connection.php(292): mysqli->query()
#1 /home/dnzwygdo/djuragancom/vendor/codeigniter4/framework/system/Database/BaseConnection.php(693): CodeIgniter\Database\MySQLi\Connection->execute()
#2 /home/dnzwygdo/djuragancom/vendor/codeigniter4/framework/system/Database/BaseConnection.php(620): CodeIgniter\Database\BaseConnection->simpleQuery()
#3 /home/dnzwygdo/djuragancom/vendor/codeigniter4/framework/system/Database/BaseBuilder.php(1585): CodeIgniter\Database\BaseConnection->query()
#4 /home/dnzwygdo/djuragancom/vendor/codeigniter4/framework/system/Model.php(222): CodeIgniter\Database\BaseBuilder->get()
#5 /home/dnzwygdo/djuragancom/vendor/codeigniter4/framework/system/BaseModel.php(584): CodeIgniter\Model->doFindAll()
#6 /home/dnzwygdo/djuragancom/app/Models/InvoiceModel.php(74): CodeIgniter\BaseModel->findAll()
#7 /home/dnzwygdo/djuragancom/app/Controllers/User/Invoices.php(156): App\Models\InvoiceModel->getAll()
#8 /home/dnzwygdo/djuragancom/vendor/codeigniter4/framework/system/CodeIgniter.php(898): App\Controllers\User\Invoices->lihat()
#9 /home/dnzwygdo/djuragancom/vendor/codeigniter4/framework/system/CodeIgniter.php(457): CodeIgniter\CodeIgniter->runController()
#10 /home/dnzwygdo/djuragancom/vendor/codeigniter4/framework/system/CodeIgniter.php(340): CodeIgniter\CodeIgniter->handleRequest()
#11 /home/dnzwygdo/public_html/index.php(67): CodeIgniter\CodeIgniter->run()
#12 {main}
CRITICAL - 2023-09-09 15:38:04 --> Call to a member function getResult() on bool
in SYSTEMPATH/Model.php on line 223.
 1 SYSTEMPATH/BaseModel.php(584): CodeIgniter\Model->doFindAll()
 2 APPPATH/Models/InvoiceModel.php(74): CodeIgniter\BaseModel->findAll()
 3 APPPATH/Controllers/User/Invoices.php(156): App\Models\InvoiceModel->getAll()
 4 SYSTEMPATH/CodeIgniter.php(898): App\Controllers\User\Invoices->lihat()
 5 SYSTEMPATH/CodeIgniter.php(457): CodeIgniter\CodeIgniter->runController()
 6 SYSTEMPATH/CodeIgniter.php(340): CodeIgniter\CodeIgniter->handleRequest()
 7 FCPATH/index.php(67): CodeIgniter\CodeIgniter->run()
