ERROR - 2023-08-17 08:47:09 --> mysqli_sql_exception: You have an error in your SQL syntax; check the manual that corresponds to your MySQL server version for the right syntax to use near ')
AND `order_invoice`.`deleted_at` IS NULL
ORDER BY `status_pesanan` ASC, `tangg' at line 3 in /home/dnzwygdo/djuragancom/vendor/codeigniter4/framework/system/Database/MySQLi/Connection.php:292
Stack trace:
#0 /home/dnzwygdo/djuragancom/vendor/codeigniter4/framework/system/Database/MySQLi/Connection.php(292): mysqli->query()
#1 /home/dnzwygdo/djuragancom/vendor/codeigniter4/framework/system/Database/BaseConnection.php(693): CodeIgniter\Database\MySQLi\Connection->execute()
#2 /home/dnzwygdo/djuragancom/vendor/codeigniter4/framework/system/Database/BaseConnection.php(620): CodeIgniter\Database\BaseConnection->simpleQuery()
#3 /home/dnzwygdo/djuragancom/vendor/codeigniter4/framework/system/Database/BaseBuilder.php(1585): CodeIgniter\Database\BaseConnection->query()
#4 /home/dnzwygdo/djuragancom/vendor/codeigniter4/framework/system/Model.php(222): CodeIgniter\Database\BaseBuilder->get()
#5 /home/dnzwygdo/djuragancom/vendor/codeigniter4/framework/system/BaseModel.php(584): CodeIgniter\Model->doFindAll()
#6 /home/dnzwygdo/djuragancom/app/Models/InvoiceModel.php(74): CodeIgniter\BaseModel->findAll()
#7 /home/dnzwygdo/djuragancom/app/Controllers/Admin/Invoices.php(66): App\Models\InvoiceModel->getAll()
#8 /home/dnzwygdo/djuragancom/vendor/codeigniter4/framework/system/CodeIgniter.php(898): App\Controllers\Admin\Invoices->lihat()
#9 /home/dnzwygdo/djuragancom/vendor/codeigniter4/framework/system/CodeIgniter.php(457): CodeIgniter\CodeIgniter->runController()
#10 /home/dnzwygdo/djuragancom/vendor/codeigniter4/framework/system/CodeIgniter.php(340): CodeIgniter\CodeIgniter->handleRequest()
#11 /home/dnzwygdo/public_html/index.php(67): CodeIgniter\CodeIgniter->run()
#12 {main}
CRITICAL - 2023-08-17 08:47:09 --> Call to a member function getResult() on bool
in SYSTEMPATH/Model.php on line 223.
 1 SYSTEMPATH/BaseModel.php(584): CodeIgniter\Model->doFindAll()
 2 APPPATH/Models/InvoiceModel.php(74): CodeIgniter\BaseModel->findAll()
 3 APPPATH/Controllers/Admin/Invoices.php(66): App\Models\InvoiceModel->getAll()
 4 SYSTEMPATH/CodeIgniter.php(898): App\Controllers\Admin\Invoices->lihat()
 5 SYSTEMPATH/CodeIgniter.php(457): CodeIgniter\CodeIgniter->runController()
 6 SYSTEMPATH/CodeIgniter.php(340): CodeIgniter\CodeIgniter->handleRequest()
 7 FCPATH/index.php(67): CodeIgniter\CodeIgniter->run()
ERROR - 2023-08-17 12:45:07 --> Error connecting to the database: mysqli_sql_exception: Too many connections in /home/dnzwygdo/djuragancom/vendor/codeigniter4/framework/system/Database/MySQLi/Connection.php:171
Stack trace:
#0 /home/dnzwygdo/djuragancom/vendor/codeigniter4/framework/system/Database/MySQLi/Connection.php(171): mysqli->real_connect()
#1 /home/dnzwygdo/djuragancom/vendor/codeigniter4/framework/system/Database/BaseConnection.php(382): CodeIgniter\Database\MySQLi\Connection->connect()
#2 /home/dnzwygdo/djuragancom/vendor/codeigniter4/framework/system/Database/BaseConnection.php(588): CodeIgniter\Database\BaseConnection->initialize()
#3 /home/dnzwygdo/djuragancom/vendor/codeigniter4/framework/system/Database/BaseBuilder.php(1669): CodeIgniter\Database\BaseConnection->query()
#4 /home/dnzwygdo/djuragancom/app/Controllers/Api/Notifikasi.php(37): CodeIgniter\Database\BaseBuilder->countAllResults()
#5 /home/dnzwygdo/djuragancom/vendor/codeigniter4/framework/system/CodeIgniter.php(898): App\Controllers\Api\Notifikasi->get()
#6 /home/dnzwygdo/djuragancom/vendor/codeigniter4/framework/system/CodeIgniter.php(457): CodeIgniter\CodeIgniter->runController()
#7 /home/dnzwygdo/djuragancom/vendor/codeigniter4/framework/system/CodeIgniter.php(340): CodeIgniter\CodeIgniter->handleRequest()
#8 /home/dnzwygdo/public_html/index.php(67): CodeIgniter\CodeIgniter->run()
#9 {main}

Next CodeIgniter\Database\Exceptions\DatabaseException: Too many connections in /home/dnzwygdo/djuragancom/vendor/codeigniter4/framework/system/Database/MySQLi/Connection.php:215
Stack trace:
#0 /home/dnzwygdo/djuragancom/vendor/codeigniter4/framework/system/Database/BaseConnection.php(382): CodeIgniter\Database\MySQLi\Connection->connect()
#1 /home/dnzwygdo/djuragancom/vendor/codeigniter4/framework/system/Database/BaseConnection.php(588): CodeIgniter\Database\BaseConnection->initialize()
#2 /home/dnzwygdo/djuragancom/vendor/codeigniter4/framework/system/Database/BaseBuilder.php(1669): CodeIgniter\Database\BaseConnection->query()
#3 /home/dnzwygdo/djuragancom/app/Controllers/Api/Notifikasi.php(37): CodeIgniter\Database\BaseBuilder->countAllResults()
#4 /home/dnzwygdo/djuragancom/vendor/codeigniter4/framework/system/CodeIgniter.php(898): App\Controllers\Api\Notifikasi->get()
#5 /home/dnzwygdo/djuragancom/vendor/codeigniter4/framework/system/CodeIgniter.php(457): CodeIgniter\CodeIgniter->runController()
#6 /home/dnzwygdo/djuragancom/vendor/codeigniter4/framework/system/CodeIgniter.php(340): CodeIgniter\CodeIgniter->handleRequest()
#7 /home/dnzwygdo/public_html/index.php(67): CodeIgniter\CodeIgniter->run()
#8 {main}
CRITICAL - 2023-08-17 12:45:07 --> Unable to connect to the database.
Main connection [MySQLi]: Too many connections
in SYSTEMPATH/Database/BaseConnection.php on line 418.
 1 SYSTEMPATH/Database/BaseConnection.php(588): CodeIgniter\Database\BaseConnection->initialize()
 2 SYSTEMPATH/Database/BaseBuilder.php(1669): CodeIgniter\Database\BaseConnection->query()
 3 APPPATH/Controllers/Api/Notifikasi.php(37): CodeIgniter\Database\BaseBuilder->countAllResults()
 4 SYSTEMPATH/CodeIgniter.php(898): App\Controllers\Api\Notifikasi->get()
 5 SYSTEMPATH/CodeIgniter.php(457): CodeIgniter\CodeIgniter->runController()
 6 SYSTEMPATH/CodeIgniter.php(340): CodeIgniter\CodeIgniter->handleRequest()
 7 FCPATH/index.php(67): CodeIgniter\CodeIgniter->run()
ERROR - 2023-08-17 12:45:18 --> Error connecting to the database: mysqli_sql_exception: Too many connections in /home/dnzwygdo/djuragancom/vendor/codeigniter4/framework/system/Database/MySQLi/Connection.php:171
Stack trace:
#0 /home/dnzwygdo/djuragancom/vendor/codeigniter4/framework/system/Database/MySQLi/Connection.php(171): mysqli->real_connect()
#1 /home/dnzwygdo/djuragancom/vendor/codeigniter4/framework/system/Database/BaseConnection.php(382): CodeIgniter\Database\MySQLi\Connection->connect()
#2 /home/dnzwygdo/djuragancom/vendor/codeigniter4/framework/system/Database/BaseConnection.php(588): CodeIgniter\Database\BaseConnection->initialize()
#3 /home/dnzwygdo/djuragancom/vendor/codeigniter4/framework/system/Database/BaseBuilder.php(1669): CodeIgniter\Database\BaseConnection->query()
#4 /home/dnzwygdo/djuragancom/app/Controllers/Api/Notifikasi.php(37): CodeIgniter\Database\BaseBuilder->countAllResults()
#5 /home/dnzwygdo/djuragancom/vendor/codeigniter4/framework/system/CodeIgniter.php(898): App\Controllers\Api\Notifikasi->get()
#6 /home/dnzwygdo/djuragancom/vendor/codeigniter4/framework/system/CodeIgniter.php(457): CodeIgniter\CodeIgniter->runController()
#7 /home/dnzwygdo/djuragancom/vendor/codeigniter4/framework/system/CodeIgniter.php(340): CodeIgniter\CodeIgniter->handleRequest()
#8 /home/dnzwygdo/public_html/index.php(67): CodeIgniter\CodeIgniter->run()
#9 {main}

Next CodeIgniter\Database\Exceptions\DatabaseException: Too many connections in /home/dnzwygdo/djuragancom/vendor/codeigniter4/framework/system/Database/MySQLi/Connection.php:215
Stack trace:
#0 /home/dnzwygdo/djuragancom/vendor/codeigniter4/framework/system/Database/BaseConnection.php(382): CodeIgniter\Database\MySQLi\Connection->connect()
#1 /home/dnzwygdo/djuragancom/vendor/codeigniter4/framework/system/Database/BaseConnection.php(588): CodeIgniter\Database\BaseConnection->initialize()
#2 /home/dnzwygdo/djuragancom/vendor/codeigniter4/framework/system/Database/BaseBuilder.php(1669): CodeIgniter\Database\BaseConnection->query()
#3 /home/dnzwygdo/djuragancom/app/Controllers/Api/Notifikasi.php(37): CodeIgniter\Database\BaseBuilder->countAllResults()
#4 /home/dnzwygdo/djuragancom/vendor/codeigniter4/framework/system/CodeIgniter.php(898): App\Controllers\Api\Notifikasi->get()
#5 /home/dnzwygdo/djuragancom/vendor/codeigniter4/framework/system/CodeIgniter.php(457): CodeIgniter\CodeIgniter->runController()
#6 /home/dnzwygdo/djuragancom/vendor/codeigniter4/framework/system/CodeIgniter.php(340): CodeIgniter\CodeIgniter->handleRequest()
#7 /home/dnzwygdo/public_html/index.php(67): CodeIgniter\CodeIgniter->run()
#8 {main}
CRITICAL - 2023-08-17 12:45:18 --> Unable to connect to the database.
Main connection [MySQLi]: Too many connections
in SYSTEMPATH/Database/BaseConnection.php on line 418.
 1 SYSTEMPATH/Database/BaseConnection.php(588): CodeIgniter\Database\BaseConnection->initialize()
 2 SYSTEMPATH/Database/BaseBuilder.php(1669): CodeIgniter\Database\BaseConnection->query()
 3 APPPATH/Controllers/Api/Notifikasi.php(37): CodeIgniter\Database\BaseBuilder->countAllResults()
 4 SYSTEMPATH/CodeIgniter.php(898): App\Controllers\Api\Notifikasi->get()
 5 SYSTEMPATH/CodeIgniter.php(457): CodeIgniter\CodeIgniter->runController()
 6 SYSTEMPATH/CodeIgniter.php(340): CodeIgniter\CodeIgniter->handleRequest()
 7 FCPATH/index.php(67): CodeIgniter\CodeIgniter->run()
ERROR - 2023-08-17 12:45:41 --> Error connecting to the database: mysqli_sql_exception: Too many connections in /home/dnzwygdo/djuragancom/vendor/codeigniter4/framework/system/Database/MySQLi/Connection.php:171
Stack trace:
#0 /home/dnzwygdo/djuragancom/vendor/codeigniter4/framework/system/Database/MySQLi/Connection.php(171): mysqli->real_connect()
#1 /home/dnzwygdo/djuragancom/vendor/codeigniter4/framework/system/Database/BaseConnection.php(382): CodeIgniter\Database\MySQLi\Connection->connect()
#2 /home/dnzwygdo/djuragancom/vendor/codeigniter4/framework/system/Database/BaseConnection.php(588): CodeIgniter\Database\BaseConnection->initialize()
#3 /home/dnzwygdo/djuragancom/vendor/codeigniter4/framework/system/Database/BaseBuilder.php(1669): CodeIgniter\Database\BaseConnection->query()
#4 /home/dnzwygdo/djuragancom/app/Controllers/Api/Notifikasi.php(37): CodeIgniter\Database\BaseBuilder->countAllResults()
#5 /home/dnzwygdo/djuragancom/vendor/codeigniter4/framework/system/CodeIgniter.php(898): App\Controllers\Api\Notifikasi->get()
#6 /home/dnzwygdo/djuragancom/vendor/codeigniter4/framework/system/CodeIgniter.php(457): CodeIgniter\CodeIgniter->runController()
#7 /home/dnzwygdo/djuragancom/vendor/codeigniter4/framework/system/CodeIgniter.php(340): CodeIgniter\CodeIgniter->handleRequest()
#8 /home/dnzwygdo/public_html/index.php(67): CodeIgniter\CodeIgniter->run()
#9 {main}

Next CodeIgniter\Database\Exceptions\DatabaseException: Too many connections in /home/dnzwygdo/djuragancom/vendor/codeigniter4/framework/system/Database/MySQLi/Connection.php:215
Stack trace:
#0 /home/dnzwygdo/djuragancom/vendor/codeigniter4/framework/system/Database/BaseConnection.php(382): CodeIgniter\Database\MySQLi\Connection->connect()
#1 /home/dnzwygdo/djuragancom/vendor/codeigniter4/framework/system/Database/BaseConnection.php(588): CodeIgniter\Database\BaseConnection->initialize()
#2 /home/dnzwygdo/djuragancom/vendor/codeigniter4/framework/system/Database/BaseBuilder.php(1669): CodeIgniter\Database\BaseConnection->query()
#3 /home/dnzwygdo/djuragancom/app/Controllers/Api/Notifikasi.php(37): CodeIgniter\Database\BaseBuilder->countAllResults()
#4 /home/dnzwygdo/djuragancom/vendor/codeigniter4/framework/system/CodeIgniter.php(898): App\Controllers\Api\Notifikasi->get()
#5 /home/dnzwygdo/djuragancom/vendor/codeigniter4/framework/system/CodeIgniter.php(457): CodeIgniter\CodeIgniter->runController()
#6 /home/dnzwygdo/djuragancom/vendor/codeigniter4/framework/system/CodeIgniter.php(340): CodeIgniter\CodeIgniter->handleRequest()
#7 /home/dnzwygdo/public_html/index.php(67): CodeIgniter\CodeIgniter->run()
#8 {main}
CRITICAL - 2023-08-17 12:45:41 --> Unable to connect to the database.
Main connection [MySQLi]: Too many connections
in SYSTEMPATH/Database/BaseConnection.php on line 418.
 1 SYSTEMPATH/Database/BaseConnection.php(588): CodeIgniter\Database\BaseConnection->initialize()
 2 SYSTEMPATH/Database/BaseBuilder.php(1669): CodeIgniter\Database\BaseConnection->query()
 3 APPPATH/Controllers/Api/Notifikasi.php(37): CodeIgniter\Database\BaseBuilder->countAllResults()
 4 SYSTEMPATH/CodeIgniter.php(898): App\Controllers\Api\Notifikasi->get()
 5 SYSTEMPATH/CodeIgniter.php(457): CodeIgniter\CodeIgniter->runController()
 6 SYSTEMPATH/CodeIgniter.php(340): CodeIgniter\CodeIgniter->handleRequest()
 7 FCPATH/index.php(67): CodeIgniter\CodeIgniter->run()
ERROR - 2023-08-17 12:45:44 --> Error connecting to the database: mysqli_sql_exception: Too many connections in /home/dnzwygdo/djuragancom/vendor/codeigniter4/framework/system/Database/MySQLi/Connection.php:171
Stack trace:
#0 /home/dnzwygdo/djuragancom/vendor/codeigniter4/framework/system/Database/MySQLi/Connection.php(171): mysqli->real_connect()
#1 /home/dnzwygdo/djuragancom/vendor/codeigniter4/framework/system/Database/BaseConnection.php(382): CodeIgniter\Database\MySQLi\Connection->connect()
#2 /home/dnzwygdo/djuragancom/vendor/codeigniter4/framework/system/Database/BaseConnection.php(588): CodeIgniter\Database\BaseConnection->initialize()
#3 /home/dnzwygdo/djuragancom/vendor/codeigniter4/framework/system/Database/BaseBuilder.php(1669): CodeIgniter\Database\BaseConnection->query()
#4 /home/dnzwygdo/djuragancom/app/Controllers/Api/Notifikasi.php(37): CodeIgniter\Database\BaseBuilder->countAllResults()
#5 /home/dnzwygdo/djuragancom/vendor/codeigniter4/framework/system/CodeIgniter.php(898): App\Controllers\Api\Notifikasi->get()
#6 /home/dnzwygdo/djuragancom/vendor/codeigniter4/framework/system/CodeIgniter.php(457): CodeIgniter\CodeIgniter->runController()
#7 /home/dnzwygdo/djuragancom/vendor/codeigniter4/framework/system/CodeIgniter.php(340): CodeIgniter\CodeIgniter->handleRequest()
#8 /home/dnzwygdo/public_html/index.php(67): CodeIgniter\CodeIgniter->run()
#9 {main}

Next CodeIgniter\Database\Exceptions\DatabaseException: Too many connections in /home/dnzwygdo/djuragancom/vendor/codeigniter4/framework/system/Database/MySQLi/Connection.php:215
Stack trace:
#0 /home/dnzwygdo/djuragancom/vendor/codeigniter4/framework/system/Database/BaseConnection.php(382): CodeIgniter\Database\MySQLi\Connection->connect()
#1 /home/dnzwygdo/djuragancom/vendor/codeigniter4/framework/system/Database/BaseConnection.php(588): CodeIgniter\Database\BaseConnection->initialize()
#2 /home/dnzwygdo/djuragancom/vendor/codeigniter4/framework/system/Database/BaseBuilder.php(1669): CodeIgniter\Database\BaseConnection->query()
#3 /home/dnzwygdo/djuragancom/app/Controllers/Api/Notifikasi.php(37): CodeIgniter\Database\BaseBuilder->countAllResults()
#4 /home/dnzwygdo/djuragancom/vendor/codeigniter4/framework/system/CodeIgniter.php(898): App\Controllers\Api\Notifikasi->get()
#5 /home/dnzwygdo/djuragancom/vendor/codeigniter4/framework/system/CodeIgniter.php(457): CodeIgniter\CodeIgniter->runController()
#6 /home/dnzwygdo/djuragancom/vendor/codeigniter4/framework/system/CodeIgniter.php(340): CodeIgniter\CodeIgniter->handleRequest()
#7 /home/dnzwygdo/public_html/index.php(67): CodeIgniter\CodeIgniter->run()
#8 {main}
CRITICAL - 2023-08-17 12:45:44 --> Unable to connect to the database.
Main connection [MySQLi]: Too many connections
in SYSTEMPATH/Database/BaseConnection.php on line 418.
 1 SYSTEMPATH/Database/BaseConnection.php(588): CodeIgniter\Database\BaseConnection->initialize()
 2 SYSTEMPATH/Database/BaseBuilder.php(1669): CodeIgniter\Database\BaseConnection->query()
 3 APPPATH/Controllers/Api/Notifikasi.php(37): CodeIgniter\Database\BaseBuilder->countAllResults()
 4 SYSTEMPATH/CodeIgniter.php(898): App\Controllers\Api\Notifikasi->get()
 5 SYSTEMPATH/CodeIgniter.php(457): CodeIgniter\CodeIgniter->runController()
 6 SYSTEMPATH/CodeIgniter.php(340): CodeIgniter\CodeIgniter->handleRequest()
 7 FCPATH/index.php(67): CodeIgniter\CodeIgniter->run()
ERROR - 2023-08-17 12:45:45 --> Error connecting to the database: mysqli_sql_exception: Too many connections in /home/dnzwygdo/djuragancom/vendor/codeigniter4/framework/system/Database/MySQLi/Connection.php:171
Stack trace:
#0 /home/dnzwygdo/djuragancom/vendor/codeigniter4/framework/system/Database/MySQLi/Connection.php(171): mysqli->real_connect()
#1 /home/dnzwygdo/djuragancom/vendor/codeigniter4/framework/system/Database/BaseConnection.php(382): CodeIgniter\Database\MySQLi\Connection->connect()
#2 /home/dnzwygdo/djuragancom/vendor/codeigniter4/framework/system/Database/BaseConnection.php(588): CodeIgniter\Database\BaseConnection->initialize()
#3 /home/dnzwygdo/djuragancom/vendor/codeigniter4/framework/system/Database/BaseBuilder.php(2078): CodeIgniter\Database\BaseConnection->query()
#4 /home/dnzwygdo/djuragancom/vendor/codeigniter4/framework/system/Model.php(337): CodeIgniter\Database\BaseBuilder->update()
#5 /home/dnzwygdo/djuragancom/vendor/codeigniter4/framework/system/BaseModel.php(865): CodeIgniter\Model->doUpdate()
#6 /home/dnzwygdo/djuragancom/vendor/codeigniter4/framework/system/Model.php(692): CodeIgniter\BaseModel->update()
#7 /home/dnzwygdo/djuragancom/vendor/codeigniter4/framework/system/BaseModel.php(656): CodeIgniter\Model->update()
#8 /home/dnzwygdo/djuragancom/app/Controllers/Admin/Invoices.php(249): CodeIgniter\BaseModel->save()
#9 /home/dnzwygdo/djuragancom/vendor/codeigniter4/framework/system/CodeIgniter.php(898): App\Controllers\Admin\Invoices->update()
#10 /home/dnzwygdo/djuragancom/vendor/codeigniter4/framework/system/CodeIgniter.php(457): CodeIgniter\CodeIgniter->runController()
#11 /home/dnzwygdo/djuragancom/vendor/codeigniter4/framework/system/CodeIgniter.php(340): CodeIgniter\CodeIgniter->handleRequest()
#12 /home/dnzwygdo/public_html/index.php(67): CodeIgniter\CodeIgniter->run()
#13 {main}

Next CodeIgniter\Database\Exceptions\DatabaseException: Too many connections in /home/dnzwygdo/djuragancom/vendor/codeigniter4/framework/system/Database/MySQLi/Connection.php:215
Stack trace:
#0 /home/dnzwygdo/djuragancom/vendor/codeigniter4/framework/system/Database/BaseConnection.php(382): CodeIgniter\Database\MySQLi\Connection->connect()
#1 /home/dnzwygdo/djuragancom/vendor/codeigniter4/framework/system/Database/BaseConnection.php(588): CodeIgniter\Database\BaseConnection->initialize()
#2 /home/dnzwygdo/djuragancom/vendor/codeigniter4/framework/system/Database/BaseBuilder.php(2078): CodeIgniter\Database\BaseConnection->query()
#3 /home/dnzwygdo/djuragancom/vendor/codeigniter4/framework/system/Model.php(337): CodeIgniter\Database\BaseBuilder->update()
#4 /home/dnzwygdo/djuragancom/vendor/codeigniter4/framework/system/BaseModel.php(865): CodeIgniter\Model->doUpdate()
#5 /home/dnzwygdo/djuragancom/vendor/codeigniter4/framework/system/Model.php(692): CodeIgniter\BaseModel->update()
#6 /home/dnzwygdo/djuragancom/vendor/codeigniter4/framework/system/BaseModel.php(656): CodeIgniter\Model->update()
#7 /home/dnzwygdo/djuragancom/app/Controllers/Admin/Invoices.php(249): CodeIgniter\BaseModel->save()
#8 /home/dnzwygdo/djuragancom/vendor/codeigniter4/framework/system/CodeIgniter.php(898): App\Controllers\Admin\Invoices->update()
#9 /home/dnzwygdo/djuragancom/vendor/codeigniter4/framework/system/CodeIgniter.php(457): CodeIgniter\CodeIgniter->runController()
#10 /home/dnzwygdo/djuragancom/vendor/codeigniter4/framework/system/CodeIgniter.php(340): CodeIgniter\CodeIgniter->handleRequest()
#11 /home/dnzwygdo/public_html/index.php(67): CodeIgniter\CodeIgniter->run()
#12 {main}
CRITICAL - 2023-08-17 12:45:45 --> Unable to connect to the database.
Main connection [MySQLi]: Too many connections
in SYSTEMPATH/Database/BaseConnection.php on line 418.
 1 SYSTEMPATH/Database/BaseConnection.php(588): CodeIgniter\Database\BaseConnection->initialize()
 2 SYSTEMPATH/Database/BaseBuilder.php(2078): CodeIgniter\Database\BaseConnection->query()
 3 SYSTEMPATH/Model.php(337): CodeIgniter\Database\BaseBuilder->update()
 4 SYSTEMPATH/BaseModel.php(865): CodeIgniter\Model->doUpdate()
 5 SYSTEMPATH/Model.php(692): CodeIgniter\BaseModel->update()
 6 SYSTEMPATH/BaseModel.php(656): CodeIgniter\Model->update()
 7 APPPATH/Controllers/Admin/Invoices.php(249): CodeIgniter\BaseModel->save()
 8 SYSTEMPATH/CodeIgniter.php(898): App\Controllers\Admin\Invoices->update()
 9 SYSTEMPATH/CodeIgniter.php(457): CodeIgniter\CodeIgniter->runController()
10 SYSTEMPATH/CodeIgniter.php(340): CodeIgniter\CodeIgniter->handleRequest()
11 FCPATH/index.php(67): CodeIgniter\CodeIgniter->run()
ERROR - 2023-08-17 12:47:10 --> Error connecting to the database: mysqli_sql_exception: Too many connections in /home/dnzwygdo/djuragancom/vendor/codeigniter4/framework/system/Database/MySQLi/Connection.php:171
Stack trace:
#0 /home/dnzwygdo/djuragancom/vendor/codeigniter4/framework/system/Database/MySQLi/Connection.php(171): mysqli->real_connect()
#1 /home/dnzwygdo/djuragancom/vendor/codeigniter4/framework/system/Database/BaseConnection.php(382): CodeIgniter\Database\MySQLi\Connection->connect()
#2 /home/dnzwygdo/djuragancom/vendor/codeigniter4/framework/system/Database/BaseConnection.php(588): CodeIgniter\Database\BaseConnection->initialize()
#3 /home/dnzwygdo/djuragancom/vendor/codeigniter4/framework/system/Database/BaseBuilder.php(1669): CodeIgniter\Database\BaseConnection->query()
#4 /home/dnzwygdo/djuragancom/vendor/codeigniter4/framework/system/Model.php(550): CodeIgniter\Database\BaseBuilder->countAllResults()
#5 /home/dnzwygdo/djuragancom/app/Models/InvoiceModel.php(202): CodeIgniter\Model->countAllResults()
#6 /home/dnzwygdo/djuragancom/app/Models/InvoiceModel.php(136): App\Models\InvoiceModel->counts()
#7 /home/dnzwygdo/djuragancom/app/Controllers/Api/Invoice.php(17): App\Models\InvoiceModel->getCount()
#8 /home/dnzwygdo/djuragancom/vendor/codeigniter4/framework/system/CodeIgniter.php(898): App\Controllers\Api\Invoice->counter_tab()
#9 /home/dnzwygdo/djuragancom/vendor/codeigniter4/framework/system/CodeIgniter.php(457): CodeIgniter\CodeIgniter->runController()
#10 /home/dnzwygdo/djuragancom/vendor/codeigniter4/framework/system/CodeIgniter.php(340): CodeIgniter\CodeIgniter->handleRequest()
#11 /home/dnzwygdo/public_html/index.php(67): CodeIgniter\CodeIgniter->run()
#12 {main}

Next CodeIgniter\Database\Exceptions\DatabaseException: Too many connections in /home/dnzwygdo/djuragancom/vendor/codeigniter4/framework/system/Database/MySQLi/Connection.php:215
Stack trace:
#0 /home/dnzwygdo/djuragancom/vendor/codeigniter4/framework/system/Database/BaseConnection.php(382): CodeIgniter\Database\MySQLi\Connection->connect()
#1 /home/dnzwygdo/djuragancom/vendor/codeigniter4/framework/system/Database/BaseConnection.php(588): CodeIgniter\Database\BaseConnection->initialize()
#2 /home/dnzwygdo/djuragancom/vendor/codeigniter4/framework/system/Database/BaseBuilder.php(1669): CodeIgniter\Database\BaseConnection->query()
#3 /home/dnzwygdo/djuragancom/vendor/codeigniter4/framework/system/Model.php(550): CodeIgniter\Database\BaseBuilder->countAllResults()
#4 /home/dnzwygdo/djuragancom/app/Models/InvoiceModel.php(202): CodeIgniter\Model->countAllResults()
#5 /home/dnzwygdo/djuragancom/app/Models/InvoiceModel.php(136): App\Models\InvoiceModel->counts()
#6 /home/dnzwygdo/djuragancom/app/Controllers/Api/Invoice.php(17): App\Models\InvoiceModel->getCount()
#7 /home/dnzwygdo/djuragancom/vendor/codeigniter4/framework/system/CodeIgniter.php(898): App\Controllers\Api\Invoice->counter_tab()
#8 /home/dnzwygdo/djuragancom/vendor/codeigniter4/framework/system/CodeIgniter.php(457): CodeIgniter\CodeIgniter->runController()
#9 /home/dnzwygdo/djuragancom/vendor/codeigniter4/framework/system/CodeIgniter.php(340): CodeIgniter\CodeIgniter->handleRequest()
#10 /home/dnzwygdo/public_html/index.php(67): CodeIgniter\CodeIgniter->run()
#11 {main}
CRITICAL - 2023-08-17 12:47:10 --> Unable to connect to the database.
Main connection [MySQLi]: Too many connections
in SYSTEMPATH/Database/BaseConnection.php on line 418.
 1 SYSTEMPATH/Database/BaseConnection.php(588): CodeIgniter\Database\BaseConnection->initialize()
 2 SYSTEMPATH/Database/BaseBuilder.php(1669): CodeIgniter\Database\BaseConnection->query()
 3 SYSTEMPATH/Model.php(550): CodeIgniter\Database\BaseBuilder->countAllResults()
 4 APPPATH/Models/InvoiceModel.php(202): CodeIgniter\Model->countAllResults()
 5 APPPATH/Models/InvoiceModel.php(136): App\Models\InvoiceModel->counts()
 6 APPPATH/Controllers/Api/Invoice.php(17): App\Models\InvoiceModel->getCount()
 7 SYSTEMPATH/CodeIgniter.php(898): App\Controllers\Api\Invoice->counter_tab()
 8 SYSTEMPATH/CodeIgniter.php(457): CodeIgniter\CodeIgniter->runController()
 9 SYSTEMPATH/CodeIgniter.php(340): CodeIgniter\CodeIgniter->handleRequest()
10 FCPATH/index.php(67): CodeIgniter\CodeIgniter->run()
ERROR - 2023-08-17 12:53:44 --> Error connecting to the database: mysqli_sql_exception: Too many connections in /home/dnzwygdo/djuragancom/vendor/codeigniter4/framework/system/Database/MySQLi/Connection.php:171
Stack trace:
#0 /home/dnzwygdo/djuragancom/vendor/codeigniter4/framework/system/Database/MySQLi/Connection.php(171): mysqli->real_connect()
#1 /home/dnzwygdo/djuragancom/vendor/codeigniter4/framework/system/Database/BaseConnection.php(382): CodeIgniter\Database\MySQLi\Connection->connect()
#2 /home/dnzwygdo/djuragancom/vendor/codeigniter4/framework/system/Database/BaseConnection.php(588): CodeIgniter\Database\BaseConnection->initialize()
#3 /home/dnzwygdo/djuragancom/vendor/codeigniter4/framework/system/Database/BaseBuilder.php(1669): CodeIgniter\Database\BaseConnection->query()
#4 /home/dnzwygdo/djuragancom/app/Controllers/Api/Notifikasi.php(37): CodeIgniter\Database\BaseBuilder->countAllResults()
#5 /home/dnzwygdo/djuragancom/vendor/codeigniter4/framework/system/CodeIgniter.php(898): App\Controllers\Api\Notifikasi->get()
#6 /home/dnzwygdo/djuragancom/vendor/codeigniter4/framework/system/CodeIgniter.php(457): CodeIgniter\CodeIgniter->runController()
#7 /home/dnzwygdo/djuragancom/vendor/codeigniter4/framework/system/CodeIgniter.php(340): CodeIgniter\CodeIgniter->handleRequest()
#8 /home/dnzwygdo/public_html/index.php(67): CodeIgniter\CodeIgniter->run()
#9 {main}

Next CodeIgniter\Database\Exceptions\DatabaseException: Too many connections in /home/dnzwygdo/djuragancom/vendor/codeigniter4/framework/system/Database/MySQLi/Connection.php:215
Stack trace:
#0 /home/dnzwygdo/djuragancom/vendor/codeigniter4/framework/system/Database/BaseConnection.php(382): CodeIgniter\Database\MySQLi\Connection->connect()
#1 /home/dnzwygdo/djuragancom/vendor/codeigniter4/framework/system/Database/BaseConnection.php(588): CodeIgniter\Database\BaseConnection->initialize()
#2 /home/dnzwygdo/djuragancom/vendor/codeigniter4/framework/system/Database/BaseBuilder.php(1669): CodeIgniter\Database\BaseConnection->query()
#3 /home/dnzwygdo/djuragancom/app/Controllers/Api/Notifikasi.php(37): CodeIgniter\Database\BaseBuilder->countAllResults()
#4 /home/dnzwygdo/djuragancom/vendor/codeigniter4/framework/system/CodeIgniter.php(898): App\Controllers\Api\Notifikasi->get()
#5 /home/dnzwygdo/djuragancom/vendor/codeigniter4/framework/system/CodeIgniter.php(457): CodeIgniter\CodeIgniter->runController()
#6 /home/dnzwygdo/djuragancom/vendor/codeigniter4/framework/system/CodeIgniter.php(340): CodeIgniter\CodeIgniter->handleRequest()
#7 /home/dnzwygdo/public_html/index.php(67): CodeIgniter\CodeIgniter->run()
#8 {main}
CRITICAL - 2023-08-17 12:53:44 --> Unable to connect to the database.
Main connection [MySQLi]: Too many connections
in SYSTEMPATH/Database/BaseConnection.php on line 418.
 1 SYSTEMPATH/Database/BaseConnection.php(588): CodeIgniter\Database\BaseConnection->initialize()
 2 SYSTEMPATH/Database/BaseBuilder.php(1669): CodeIgniter\Database\BaseConnection->query()
 3 APPPATH/Controllers/Api/Notifikasi.php(37): CodeIgniter\Database\BaseBuilder->countAllResults()
 4 SYSTEMPATH/CodeIgniter.php(898): App\Controllers\Api\Notifikasi->get()
 5 SYSTEMPATH/CodeIgniter.php(457): CodeIgniter\CodeIgniter->runController()
 6 SYSTEMPATH/CodeIgniter.php(340): CodeIgniter\CodeIgniter->handleRequest()
 7 FCPATH/index.php(67): CodeIgniter\CodeIgniter->run()
ERROR - 2023-08-17 12:58:27 --> Error connecting to the database: mysqli_sql_exception: Too many connections in /home/dnzwygdo/djuragancom/vendor/codeigniter4/framework/system/Database/MySQLi/Connection.php:171
Stack trace:
#0 /home/dnzwygdo/djuragancom/vendor/codeigniter4/framework/system/Database/MySQLi/Connection.php(171): mysqli->real_connect()
#1 /home/dnzwygdo/djuragancom/vendor/codeigniter4/framework/system/Database/BaseConnection.php(382): CodeIgniter\Database\MySQLi\Connection->connect()
#2 /home/dnzwygdo/djuragancom/vendor/codeigniter4/framework/system/Database/BaseConnection.php(588): CodeIgniter\Database\BaseConnection->initialize()
#3 /home/dnzwygdo/djuragancom/vendor/codeigniter4/framework/system/Database/BaseBuilder.php(1669): CodeIgniter\Database\BaseConnection->query()
#4 /home/dnzwygdo/djuragancom/app/Controllers/Api/Notifikasi.php(37): CodeIgniter\Database\BaseBuilder->countAllResults()
#5 /home/dnzwygdo/djuragancom/vendor/codeigniter4/framework/system/CodeIgniter.php(898): App\Controllers\Api\Notifikasi->get()
#6 /home/dnzwygdo/djuragancom/vendor/codeigniter4/framework/system/CodeIgniter.php(457): CodeIgniter\CodeIgniter->runController()
#7 /home/dnzwygdo/djuragancom/vendor/codeigniter4/framework/system/CodeIgniter.php(340): CodeIgniter\CodeIgniter->handleRequest()
#8 /home/dnzwygdo/public_html/index.php(67): CodeIgniter\CodeIgniter->run()
#9 {main}

Next CodeIgniter\Database\Exceptions\DatabaseException: Too many connections in /home/dnzwygdo/djuragancom/vendor/codeigniter4/framework/system/Database/MySQLi/Connection.php:215
Stack trace:
#0 /home/dnzwygdo/djuragancom/vendor/codeigniter4/framework/system/Database/BaseConnection.php(382): CodeIgniter\Database\MySQLi\Connection->connect()
#1 /home/dnzwygdo/djuragancom/vendor/codeigniter4/framework/system/Database/BaseConnection.php(588): CodeIgniter\Database\BaseConnection->initialize()
#2 /home/dnzwygdo/djuragancom/vendor/codeigniter4/framework/system/Database/BaseBuilder.php(1669): CodeIgniter\Database\BaseConnection->query()
#3 /home/dnzwygdo/djuragancom/app/Controllers/Api/Notifikasi.php(37): CodeIgniter\Database\BaseBuilder->countAllResults()
#4 /home/dnzwygdo/djuragancom/vendor/codeigniter4/framework/system/CodeIgniter.php(898): App\Controllers\Api\Notifikasi->get()
#5 /home/dnzwygdo/djuragancom/vendor/codeigniter4/framework/system/CodeIgniter.php(457): CodeIgniter\CodeIgniter->runController()
#6 /home/dnzwygdo/djuragancom/vendor/codeigniter4/framework/system/CodeIgniter.php(340): CodeIgniter\CodeIgniter->handleRequest()
#7 /home/dnzwygdo/public_html/index.php(67): CodeIgniter\CodeIgniter->run()
#8 {main}
CRITICAL - 2023-08-17 12:58:27 --> Unable to connect to the database.
Main connection [MySQLi]: Too many connections
in SYSTEMPATH/Database/BaseConnection.php on line 418.
 1 SYSTEMPATH/Database/BaseConnection.php(588): CodeIgniter\Database\BaseConnection->initialize()
 2 SYSTEMPATH/Database/BaseBuilder.php(1669): CodeIgniter\Database\BaseConnection->query()
 3 APPPATH/Controllers/Api/Notifikasi.php(37): CodeIgniter\Database\BaseBuilder->countAllResults()
 4 SYSTEMPATH/CodeIgniter.php(898): App\Controllers\Api\Notifikasi->get()
 5 SYSTEMPATH/CodeIgniter.php(457): CodeIgniter\CodeIgniter->runController()
 6 SYSTEMPATH/CodeIgniter.php(340): CodeIgniter\CodeIgniter->handleRequest()
 7 FCPATH/index.php(67): CodeIgniter\CodeIgniter->run()
ERROR - 2023-08-17 13:16:13 --> Error connecting to the database: mysqli_sql_exception: Too many connections in /home/dnzwygdo/djuragancom/vendor/codeigniter4/framework/system/Database/MySQLi/Connection.php:171
Stack trace:
#0 /home/dnzwygdo/djuragancom/vendor/codeigniter4/framework/system/Database/MySQLi/Connection.php(171): mysqli->real_connect()
#1 /home/dnzwygdo/djuragancom/vendor/codeigniter4/framework/system/Database/BaseConnection.php(382): CodeIgniter\Database\MySQLi\Connection->connect()
#2 /home/dnzwygdo/djuragancom/vendor/codeigniter4/framework/system/Database/BaseConnection.php(588): CodeIgniter\Database\BaseConnection->initialize()
#3 /home/dnzwygdo/djuragancom/vendor/codeigniter4/framework/system/Database/BaseBuilder.php(1669): CodeIgniter\Database\BaseConnection->query()
#4 /home/dnzwygdo/djuragancom/app/Controllers/Api/Notifikasi.php(37): CodeIgniter\Database\BaseBuilder->countAllResults()
#5 /home/dnzwygdo/djuragancom/vendor/codeigniter4/framework/system/CodeIgniter.php(898): App\Controllers\Api\Notifikasi->get()
#6 /home/dnzwygdo/djuragancom/vendor/codeigniter4/framework/system/CodeIgniter.php(457): CodeIgniter\CodeIgniter->runController()
#7 /home/dnzwygdo/djuragancom/vendor/codeigniter4/framework/system/CodeIgniter.php(340): CodeIgniter\CodeIgniter->handleRequest()
#8 /home/dnzwygdo/public_html/index.php(67): CodeIgniter\CodeIgniter->run()
#9 {main}

Next CodeIgniter\Database\Exceptions\DatabaseException: Too many connections in /home/dnzwygdo/djuragancom/vendor/codeigniter4/framework/system/Database/MySQLi/Connection.php:215
Stack trace:
#0 /home/dnzwygdo/djuragancom/vendor/codeigniter4/framework/system/Database/BaseConnection.php(382): CodeIgniter\Database\MySQLi\Connection->connect()
#1 /home/dnzwygdo/djuragancom/vendor/codeigniter4/framework/system/Database/BaseConnection.php(588): CodeIgniter\Database\BaseConnection->initialize()
#2 /home/dnzwygdo/djuragancom/vendor/codeigniter4/framework/system/Database/BaseBuilder.php(1669): CodeIgniter\Database\BaseConnection->query()
#3 /home/dnzwygdo/djuragancom/app/Controllers/Api/Notifikasi.php(37): CodeIgniter\Database\BaseBuilder->countAllResults()
#4 /home/dnzwygdo/djuragancom/vendor/codeigniter4/framework/system/CodeIgniter.php(898): App\Controllers\Api\Notifikasi->get()
#5 /home/dnzwygdo/djuragancom/vendor/codeigniter4/framework/system/CodeIgniter.php(457): CodeIgniter\CodeIgniter->runController()
#6 /home/dnzwygdo/djuragancom/vendor/codeigniter4/framework/system/CodeIgniter.php(340): CodeIgniter\CodeIgniter->handleRequest()
#7 /home/dnzwygdo/public_html/index.php(67): CodeIgniter\CodeIgniter->run()
#8 {main}
CRITICAL - 2023-08-17 13:16:13 --> Unable to connect to the database.
Main connection [MySQLi]: Too many connections
in SYSTEMPATH/Database/BaseConnection.php on line 418.
 1 SYSTEMPATH/Database/BaseConnection.php(588): CodeIgniter\Database\BaseConnection->initialize()
 2 SYSTEMPATH/Database/BaseBuilder.php(1669): CodeIgniter\Database\BaseConnection->query()
 3 APPPATH/Controllers/Api/Notifikasi.php(37): CodeIgniter\Database\BaseBuilder->countAllResults()
 4 SYSTEMPATH/CodeIgniter.php(898): App\Controllers\Api\Notifikasi->get()
 5 SYSTEMPATH/CodeIgniter.php(457): CodeIgniter\CodeIgniter->runController()
 6 SYSTEMPATH/CodeIgniter.php(340): CodeIgniter\CodeIgniter->handleRequest()
 7 FCPATH/index.php(67): CodeIgniter\CodeIgniter->run()
ERROR - 2023-08-17 13:16:44 --> Error connecting to the database: mysqli_sql_exception: Too many connections in /home/dnzwygdo/djuragancom/vendor/codeigniter4/framework/system/Database/MySQLi/Connection.php:171
Stack trace:
#0 /home/dnzwygdo/djuragancom/vendor/codeigniter4/framework/system/Database/MySQLi/Connection.php(171): mysqli->real_connect()
#1 /home/dnzwygdo/djuragancom/vendor/codeigniter4/framework/system/Database/BaseConnection.php(382): CodeIgniter\Database\MySQLi\Connection->connect()
#2 /home/dnzwygdo/djuragancom/vendor/codeigniter4/framework/system/Database/BaseConnection.php(588): CodeIgniter\Database\BaseConnection->initialize()
#3 /home/dnzwygdo/djuragancom/vendor/codeigniter4/framework/system/Database/BaseBuilder.php(1669): CodeIgniter\Database\BaseConnection->query()
#4 /home/dnzwygdo/djuragancom/app/Controllers/Api/Notifikasi.php(37): CodeIgniter\Database\BaseBuilder->countAllResults()
#5 /home/dnzwygdo/djuragancom/vendor/codeigniter4/framework/system/CodeIgniter.php(898): App\Controllers\Api\Notifikasi->get()
#6 /home/dnzwygdo/djuragancom/vendor/codeigniter4/framework/system/CodeIgniter.php(457): CodeIgniter\CodeIgniter->runController()
#7 /home/dnzwygdo/djuragancom/vendor/codeigniter4/framework/system/CodeIgniter.php(340): CodeIgniter\CodeIgniter->handleRequest()
#8 /home/dnzwygdo/public_html/index.php(67): CodeIgniter\CodeIgniter->run()
#9 {main}

Next CodeIgniter\Database\Exceptions\DatabaseException: Too many connections in /home/dnzwygdo/djuragancom/vendor/codeigniter4/framework/system/Database/MySQLi/Connection.php:215
Stack trace:
#0 /home/dnzwygdo/djuragancom/vendor/codeigniter4/framework/system/Database/BaseConnection.php(382): CodeIgniter\Database\MySQLi\Connection->connect()
#1 /home/dnzwygdo/djuragancom/vendor/codeigniter4/framework/system/Database/BaseConnection.php(588): CodeIgniter\Database\BaseConnection->initialize()
#2 /home/dnzwygdo/djuragancom/vendor/codeigniter4/framework/system/Database/BaseBuilder.php(1669): CodeIgniter\Database\BaseConnection->query()
#3 /home/dnzwygdo/djuragancom/app/Controllers/Api/Notifikasi.php(37): CodeIgniter\Database\BaseBuilder->countAllResults()
#4 /home/dnzwygdo/djuragancom/vendor/codeigniter4/framework/system/CodeIgniter.php(898): App\Controllers\Api\Notifikasi->get()
#5 /home/dnzwygdo/djuragancom/vendor/codeigniter4/framework/system/CodeIgniter.php(457): CodeIgniter\CodeIgniter->runController()
#6 /home/dnzwygdo/djuragancom/vendor/codeigniter4/framework/system/CodeIgniter.php(340): CodeIgniter\CodeIgniter->handleRequest()
#7 /home/dnzwygdo/public_html/index.php(67): CodeIgniter\CodeIgniter->run()
#8 {main}
CRITICAL - 2023-08-17 13:16:44 --> Unable to connect to the database.
Main connection [MySQLi]: Too many connections
in SYSTEMPATH/Database/BaseConnection.php on line 418.
 1 SYSTEMPATH/Database/BaseConnection.php(588): CodeIgniter\Database\BaseConnection->initialize()
 2 SYSTEMPATH/Database/BaseBuilder.php(1669): CodeIgniter\Database\BaseConnection->query()
 3 APPPATH/Controllers/Api/Notifikasi.php(37): CodeIgniter\Database\BaseBuilder->countAllResults()
 4 SYSTEMPATH/CodeIgniter.php(898): App\Controllers\Api\Notifikasi->get()
 5 SYSTEMPATH/CodeIgniter.php(457): CodeIgniter\CodeIgniter->runController()
 6 SYSTEMPATH/CodeIgniter.php(340): CodeIgniter\CodeIgniter->handleRequest()
 7 FCPATH/index.php(67): CodeIgniter\CodeIgniter->run()
ERROR - 2023-08-17 13:23:16 --> Error connecting to the database: mysqli_sql_exception: Too many connections in /home/dnzwygdo/djuragancom/vendor/codeigniter4/framework/system/Database/MySQLi/Connection.php:171
Stack trace:
#0 /home/dnzwygdo/djuragancom/vendor/codeigniter4/framework/system/Database/MySQLi/Connection.php(171): mysqli->real_connect()
#1 /home/dnzwygdo/djuragancom/vendor/codeigniter4/framework/system/Database/BaseConnection.php(382): CodeIgniter\Database\MySQLi\Connection->connect()
#2 /home/dnzwygdo/djuragancom/vendor/codeigniter4/framework/system/Database/BaseConnection.php(588): CodeIgniter\Database\BaseConnection->initialize()
#3 /home/dnzwygdo/djuragancom/vendor/codeigniter4/framework/system/Database/BaseBuilder.php(1669): CodeIgniter\Database\BaseConnection->query()
#4 /home/dnzwygdo/djuragancom/app/Controllers/Api/Notifikasi.php(37): CodeIgniter\Database\BaseBuilder->countAllResults()
#5 /home/dnzwygdo/djuragancom/vendor/codeigniter4/framework/system/CodeIgniter.php(898): App\Controllers\Api\Notifikasi->get()
#6 /home/dnzwygdo/djuragancom/vendor/codeigniter4/framework/system/CodeIgniter.php(457): CodeIgniter\CodeIgniter->runController()
#7 /home/dnzwygdo/djuragancom/vendor/codeigniter4/framework/system/CodeIgniter.php(340): CodeIgniter\CodeIgniter->handleRequest()
#8 /home/dnzwygdo/public_html/index.php(67): CodeIgniter\CodeIgniter->run()
#9 {main}

Next CodeIgniter\Database\Exceptions\DatabaseException: Too many connections in /home/dnzwygdo/djuragancom/vendor/codeigniter4/framework/system/Database/MySQLi/Connection.php:215
Stack trace:
#0 /home/dnzwygdo/djuragancom/vendor/codeigniter4/framework/system/Database/BaseConnection.php(382): CodeIgniter\Database\MySQLi\Connection->connect()
#1 /home/dnzwygdo/djuragancom/vendor/codeigniter4/framework/system/Database/BaseConnection.php(588): CodeIgniter\Database\BaseConnection->initialize()
#2 /home/dnzwygdo/djuragancom/vendor/codeigniter4/framework/system/Database/BaseBuilder.php(1669): CodeIgniter\Database\BaseConnection->query()
#3 /home/dnzwygdo/djuragancom/app/Controllers/Api/Notifikasi.php(37): CodeIgniter\Database\BaseBuilder->countAllResults()
#4 /home/dnzwygdo/djuragancom/vendor/codeigniter4/framework/system/CodeIgniter.php(898): App\Controllers\Api\Notifikasi->get()
#5 /home/dnzwygdo/djuragancom/vendor/codeigniter4/framework/system/CodeIgniter.php(457): CodeIgniter\CodeIgniter->runController()
#6 /home/dnzwygdo/djuragancom/vendor/codeigniter4/framework/system/CodeIgniter.php(340): CodeIgniter\CodeIgniter->handleRequest()
#7 /home/dnzwygdo/public_html/index.php(67): CodeIgniter\CodeIgniter->run()
#8 {main}
CRITICAL - 2023-08-17 13:23:16 --> Unable to connect to the database.
Main connection [MySQLi]: Too many connections
in SYSTEMPATH/Database/BaseConnection.php on line 418.
 1 SYSTEMPATH/Database/BaseConnection.php(588): CodeIgniter\Database\BaseConnection->initialize()
 2 SYSTEMPATH/Database/BaseBuilder.php(1669): CodeIgniter\Database\BaseConnection->query()
 3 APPPATH/Controllers/Api/Notifikasi.php(37): CodeIgniter\Database\BaseBuilder->countAllResults()
 4 SYSTEMPATH/CodeIgniter.php(898): App\Controllers\Api\Notifikasi->get()
 5 SYSTEMPATH/CodeIgniter.php(457): CodeIgniter\CodeIgniter->runController()
 6 SYSTEMPATH/CodeIgniter.php(340): CodeIgniter\CodeIgniter->handleRequest()
 7 FCPATH/index.php(67): CodeIgniter\CodeIgniter->run()
ERROR - 2023-08-17 13:25:58 --> Error connecting to the database: mysqli_sql_exception: Too many connections in /home/dnzwygdo/djuragancom/vendor/codeigniter4/framework/system/Database/MySQLi/Connection.php:171
Stack trace:
#0 /home/dnzwygdo/djuragancom/vendor/codeigniter4/framework/system/Database/MySQLi/Connection.php(171): mysqli->real_connect()
#1 /home/dnzwygdo/djuragancom/vendor/codeigniter4/framework/system/Database/BaseConnection.php(382): CodeIgniter\Database\MySQLi\Connection->connect()
#2 /home/dnzwygdo/djuragancom/vendor/codeigniter4/framework/system/Database/BaseConnection.php(588): CodeIgniter\Database\BaseConnection->initialize()
#3 /home/dnzwygdo/djuragancom/vendor/codeigniter4/framework/system/Database/BaseBuilder.php(1669): CodeIgniter\Database\BaseConnection->query()
#4 /home/dnzwygdo/djuragancom/app/Controllers/Api/Notifikasi.php(37): CodeIgniter\Database\BaseBuilder->countAllResults()
#5 /home/dnzwygdo/djuragancom/vendor/codeigniter4/framework/system/CodeIgniter.php(898): App\Controllers\Api\Notifikasi->get()
#6 /home/dnzwygdo/djuragancom/vendor/codeigniter4/framework/system/CodeIgniter.php(457): CodeIgniter\CodeIgniter->runController()
#7 /home/dnzwygdo/djuragancom/vendor/codeigniter4/framework/system/CodeIgniter.php(340): CodeIgniter\CodeIgniter->handleRequest()
#8 /home/dnzwygdo/public_html/index.php(67): CodeIgniter\CodeIgniter->run()
#9 {main}

Next CodeIgniter\Database\Exceptions\DatabaseException: Too many connections in /home/dnzwygdo/djuragancom/vendor/codeigniter4/framework/system/Database/MySQLi/Connection.php:215
Stack trace:
#0 /home/dnzwygdo/djuragancom/vendor/codeigniter4/framework/system/Database/BaseConnection.php(382): CodeIgniter\Database\MySQLi\Connection->connect()
#1 /home/dnzwygdo/djuragancom/vendor/codeigniter4/framework/system/Database/BaseConnection.php(588): CodeIgniter\Database\BaseConnection->initialize()
#2 /home/dnzwygdo/djuragancom/vendor/codeigniter4/framework/system/Database/BaseBuilder.php(1669): CodeIgniter\Database\BaseConnection->query()
#3 /home/dnzwygdo/djuragancom/app/Controllers/Api/Notifikasi.php(37): CodeIgniter\Database\BaseBuilder->countAllResults()
#4 /home/dnzwygdo/djuragancom/vendor/codeigniter4/framework/system/CodeIgniter.php(898): App\Controllers\Api\Notifikasi->get()
#5 /home/dnzwygdo/djuragancom/vendor/codeigniter4/framework/system/CodeIgniter.php(457): CodeIgniter\CodeIgniter->runController()
#6 /home/dnzwygdo/djuragancom/vendor/codeigniter4/framework/system/CodeIgniter.php(340): CodeIgniter\CodeIgniter->handleRequest()
#7 /home/dnzwygdo/public_html/index.php(67): CodeIgniter\CodeIgniter->run()
#8 {main}
CRITICAL - 2023-08-17 13:25:58 --> Unable to connect to the database.
Main connection [MySQLi]: Too many connections
in SYSTEMPATH/Database/BaseConnection.php on line 418.
 1 SYSTEMPATH/Database/BaseConnection.php(588): CodeIgniter\Database\BaseConnection->initialize()
 2 SYSTEMPATH/Database/BaseBuilder.php(1669): CodeIgniter\Database\BaseConnection->query()
 3 APPPATH/Controllers/Api/Notifikasi.php(37): CodeIgniter\Database\BaseBuilder->countAllResults()
 4 SYSTEMPATH/CodeIgniter.php(898): App\Controllers\Api\Notifikasi->get()
 5 SYSTEMPATH/CodeIgniter.php(457): CodeIgniter\CodeIgniter->runController()
 6 SYSTEMPATH/CodeIgniter.php(340): CodeIgniter\CodeIgniter->handleRequest()
 7 FCPATH/index.php(67): CodeIgniter\CodeIgniter->run()
ERROR - 2023-08-17 13:30:01 --> Error connecting to the database: mysqli_sql_exception: Too many connections in /home/dnzwygdo/djuragancom/vendor/codeigniter4/framework/system/Database/MySQLi/Connection.php:171
Stack trace:
#0 /home/dnzwygdo/djuragancom/vendor/codeigniter4/framework/system/Database/MySQLi/Connection.php(171): mysqli->real_connect()
#1 /home/dnzwygdo/djuragancom/vendor/codeigniter4/framework/system/Database/BaseConnection.php(382): CodeIgniter\Database\MySQLi\Connection->connect()
#2 /home/dnzwygdo/djuragancom/vendor/codeigniter4/framework/system/Database/BaseConnection.php(588): CodeIgniter\Database\BaseConnection->initialize()
#3 /home/dnzwygdo/djuragancom/vendor/codeigniter4/framework/system/Database/BaseBuilder.php(1669): CodeIgniter\Database\BaseConnection->query()
#4 /home/dnzwygdo/djuragancom/app/Controllers/Api/Notifikasi.php(37): CodeIgniter\Database\BaseBuilder->countAllResults()
#5 /home/dnzwygdo/djuragancom/vendor/codeigniter4/framework/system/CodeIgniter.php(898): App\Controllers\Api\Notifikasi->get()
#6 /home/dnzwygdo/djuragancom/vendor/codeigniter4/framework/system/CodeIgniter.php(457): CodeIgniter\CodeIgniter->runController()
#7 /home/dnzwygdo/djuragancom/vendor/codeigniter4/framework/system/CodeIgniter.php(340): CodeIgniter\CodeIgniter->handleRequest()
#8 /home/dnzwygdo/public_html/index.php(67): CodeIgniter\CodeIgniter->run()
#9 {main}

Next CodeIgniter\Database\Exceptions\DatabaseException: Too many connections in /home/dnzwygdo/djuragancom/vendor/codeigniter4/framework/system/Database/MySQLi/Connection.php:215
Stack trace:
#0 /home/dnzwygdo/djuragancom/vendor/codeigniter4/framework/system/Database/BaseConnection.php(382): CodeIgniter\Database\MySQLi\Connection->connect()
#1 /home/dnzwygdo/djuragancom/vendor/codeigniter4/framework/system/Database/BaseConnection.php(588): CodeIgniter\Database\BaseConnection->initialize()
#2 /home/dnzwygdo/djuragancom/vendor/codeigniter4/framework/system/Database/BaseBuilder.php(1669): CodeIgniter\Database\BaseConnection->query()
#3 /home/dnzwygdo/djuragancom/app/Controllers/Api/Notifikasi.php(37): CodeIgniter\Database\BaseBuilder->countAllResults()
#4 /home/dnzwygdo/djuragancom/vendor/codeigniter4/framework/system/CodeIgniter.php(898): App\Controllers\Api\Notifikasi->get()
#5 /home/dnzwygdo/djuragancom/vendor/codeigniter4/framework/system/CodeIgniter.php(457): CodeIgniter\CodeIgniter->runController()
#6 /home/dnzwygdo/djuragancom/vendor/codeigniter4/framework/system/CodeIgniter.php(340): CodeIgniter\CodeIgniter->handleRequest()
#7 /home/dnzwygdo/public_html/index.php(67): CodeIgniter\CodeIgniter->run()
#8 {main}
CRITICAL - 2023-08-17 13:30:01 --> Unable to connect to the database.
Main connection [MySQLi]: Too many connections
in SYSTEMPATH/Database/BaseConnection.php on line 418.
 1 SYSTEMPATH/Database/BaseConnection.php(588): CodeIgniter\Database\BaseConnection->initialize()
 2 SYSTEMPATH/Database/BaseBuilder.php(1669): CodeIgniter\Database\BaseConnection->query()
 3 APPPATH/Controllers/Api/Notifikasi.php(37): CodeIgniter\Database\BaseBuilder->countAllResults()
 4 SYSTEMPATH/CodeIgniter.php(898): App\Controllers\Api\Notifikasi->get()
 5 SYSTEMPATH/CodeIgniter.php(457): CodeIgniter\CodeIgniter->runController()
 6 SYSTEMPATH/CodeIgniter.php(340): CodeIgniter\CodeIgniter->handleRequest()
 7 FCPATH/index.php(67): CodeIgniter\CodeIgniter->run()
ERROR - 2023-08-17 13:30:16 --> Error connecting to the database: mysqli_sql_exception: Too many connections in /home/dnzwygdo/djuragancom/vendor/codeigniter4/framework/system/Database/MySQLi/Connection.php:171
Stack trace:
#0 /home/dnzwygdo/djuragancom/vendor/codeigniter4/framework/system/Database/MySQLi/Connection.php(171): mysqli->real_connect()
#1 /home/dnzwygdo/djuragancom/vendor/codeigniter4/framework/system/Database/BaseConnection.php(382): CodeIgniter\Database\MySQLi\Connection->connect()
#2 /home/dnzwygdo/djuragancom/vendor/codeigniter4/framework/system/Database/BaseConnection.php(588): CodeIgniter\Database\BaseConnection->initialize()
#3 /home/dnzwygdo/djuragancom/vendor/codeigniter4/framework/system/Database/BaseBuilder.php(1669): CodeIgniter\Database\BaseConnection->query()
#4 /home/dnzwygdo/djuragancom/app/Controllers/Api/Notifikasi.php(37): CodeIgniter\Database\BaseBuilder->countAllResults()
#5 /home/dnzwygdo/djuragancom/vendor/codeigniter4/framework/system/CodeIgniter.php(898): App\Controllers\Api\Notifikasi->get()
#6 /home/dnzwygdo/djuragancom/vendor/codeigniter4/framework/system/CodeIgniter.php(457): CodeIgniter\CodeIgniter->runController()
#7 /home/dnzwygdo/djuragancom/vendor/codeigniter4/framework/system/CodeIgniter.php(340): CodeIgniter\CodeIgniter->handleRequest()
#8 /home/dnzwygdo/public_html/index.php(67): CodeIgniter\CodeIgniter->run()
#9 {main}

Next CodeIgniter\Database\Exceptions\DatabaseException: Too many connections in /home/dnzwygdo/djuragancom/vendor/codeigniter4/framework/system/Database/MySQLi/Connection.php:215
Stack trace:
#0 /home/dnzwygdo/djuragancom/vendor/codeigniter4/framework/system/Database/BaseConnection.php(382): CodeIgniter\Database\MySQLi\Connection->connect()
#1 /home/dnzwygdo/djuragancom/vendor/codeigniter4/framework/system/Database/BaseConnection.php(588): CodeIgniter\Database\BaseConnection->initialize()
#2 /home/dnzwygdo/djuragancom/vendor/codeigniter4/framework/system/Database/BaseBuilder.php(1669): CodeIgniter\Database\BaseConnection->query()
#3 /home/dnzwygdo/djuragancom/app/Controllers/Api/Notifikasi.php(37): CodeIgniter\Database\BaseBuilder->countAllResults()
#4 /home/dnzwygdo/djuragancom/vendor/codeigniter4/framework/system/CodeIgniter.php(898): App\Controllers\Api\Notifikasi->get()
#5 /home/dnzwygdo/djuragancom/vendor/codeigniter4/framework/system/CodeIgniter.php(457): CodeIgniter\CodeIgniter->runController()
#6 /home/dnzwygdo/djuragancom/vendor/codeigniter4/framework/system/CodeIgniter.php(340): CodeIgniter\CodeIgniter->handleRequest()
#7 /home/dnzwygdo/public_html/index.php(67): CodeIgniter\CodeIgniter->run()
#8 {main}
CRITICAL - 2023-08-17 13:30:16 --> Unable to connect to the database.
Main connection [MySQLi]: Too many connections
in SYSTEMPATH/Database/BaseConnection.php on line 418.
 1 SYSTEMPATH/Database/BaseConnection.php(588): CodeIgniter\Database\BaseConnection->initialize()
 2 SYSTEMPATH/Database/BaseBuilder.php(1669): CodeIgniter\Database\BaseConnection->query()
 3 APPPATH/Controllers/Api/Notifikasi.php(37): CodeIgniter\Database\BaseBuilder->countAllResults()
 4 SYSTEMPATH/CodeIgniter.php(898): App\Controllers\Api\Notifikasi->get()
 5 SYSTEMPATH/CodeIgniter.php(457): CodeIgniter\CodeIgniter->runController()
 6 SYSTEMPATH/CodeIgniter.php(340): CodeIgniter\CodeIgniter->handleRequest()
 7 FCPATH/index.php(67): CodeIgniter\CodeIgniter->run()
ERROR - 2023-08-17 13:30:58 --> Error connecting to the database: mysqli_sql_exception: Too many connections in /home/dnzwygdo/djuragancom/vendor/codeigniter4/framework/system/Database/MySQLi/Connection.php:171
Stack trace:
#0 /home/dnzwygdo/djuragancom/vendor/codeigniter4/framework/system/Database/MySQLi/Connection.php(171): mysqli->real_connect()
#1 /home/dnzwygdo/djuragancom/vendor/codeigniter4/framework/system/Database/BaseConnection.php(382): CodeIgniter\Database\MySQLi\Connection->connect()
#2 /home/dnzwygdo/djuragancom/vendor/codeigniter4/framework/system/Database/BaseConnection.php(588): CodeIgniter\Database\BaseConnection->initialize()
#3 /home/dnzwygdo/djuragancom/vendor/codeigniter4/framework/system/Database/BaseBuilder.php(1669): CodeIgniter\Database\BaseConnection->query()
#4 /home/dnzwygdo/djuragancom/app/Controllers/Api/Notifikasi.php(37): CodeIgniter\Database\BaseBuilder->countAllResults()
#5 /home/dnzwygdo/djuragancom/vendor/codeigniter4/framework/system/CodeIgniter.php(898): App\Controllers\Api\Notifikasi->get()
#6 /home/dnzwygdo/djuragancom/vendor/codeigniter4/framework/system/CodeIgniter.php(457): CodeIgniter\CodeIgniter->runController()
#7 /home/dnzwygdo/djuragancom/vendor/codeigniter4/framework/system/CodeIgniter.php(340): CodeIgniter\CodeIgniter->handleRequest()
#8 /home/dnzwygdo/public_html/index.php(67): CodeIgniter\CodeIgniter->run()
#9 {main}

Next CodeIgniter\Database\Exceptions\DatabaseException: Too many connections in /home/dnzwygdo/djuragancom/vendor/codeigniter4/framework/system/Database/MySQLi/Connection.php:215
Stack trace:
#0 /home/dnzwygdo/djuragancom/vendor/codeigniter4/framework/system/Database/BaseConnection.php(382): CodeIgniter\Database\MySQLi\Connection->connect()
#1 /home/dnzwygdo/djuragancom/vendor/codeigniter4/framework/system/Database/BaseConnection.php(588): CodeIgniter\Database\BaseConnection->initialize()
#2 /home/dnzwygdo/djuragancom/vendor/codeigniter4/framework/system/Database/BaseBuilder.php(1669): CodeIgniter\Database\BaseConnection->query()
#3 /home/dnzwygdo/djuragancom/app/Controllers/Api/Notifikasi.php(37): CodeIgniter\Database\BaseBuilder->countAllResults()
#4 /home/dnzwygdo/djuragancom/vendor/codeigniter4/framework/system/CodeIgniter.php(898): App\Controllers\Api\Notifikasi->get()
#5 /home/dnzwygdo/djuragancom/vendor/codeigniter4/framework/system/CodeIgniter.php(457): CodeIgniter\CodeIgniter->runController()
#6 /home/dnzwygdo/djuragancom/vendor/codeigniter4/framework/system/CodeIgniter.php(340): CodeIgniter\CodeIgniter->handleRequest()
#7 /home/dnzwygdo/public_html/index.php(67): CodeIgniter\CodeIgniter->run()
#8 {main}
CRITICAL - 2023-08-17 13:30:58 --> Unable to connect to the database.
Main connection [MySQLi]: Too many connections
in SYSTEMPATH/Database/BaseConnection.php on line 418.
 1 SYSTEMPATH/Database/BaseConnection.php(588): CodeIgniter\Database\BaseConnection->initialize()
 2 SYSTEMPATH/Database/BaseBuilder.php(1669): CodeIgniter\Database\BaseConnection->query()
 3 APPPATH/Controllers/Api/Notifikasi.php(37): CodeIgniter\Database\BaseBuilder->countAllResults()
 4 SYSTEMPATH/CodeIgniter.php(898): App\Controllers\Api\Notifikasi->get()
 5 SYSTEMPATH/CodeIgniter.php(457): CodeIgniter\CodeIgniter->runController()
 6 SYSTEMPATH/CodeIgniter.php(340): CodeIgniter\CodeIgniter->handleRequest()
 7 FCPATH/index.php(67): CodeIgniter\CodeIgniter->run()
ERROR - 2023-08-17 13:31:01 --> Error connecting to the database: mysqli_sql_exception: Too many connections in /home/dnzwygdo/djuragancom/vendor/codeigniter4/framework/system/Database/MySQLi/Connection.php:171
Stack trace:
#0 /home/dnzwygdo/djuragancom/vendor/codeigniter4/framework/system/Database/MySQLi/Connection.php(171): mysqli->real_connect()
#1 /home/dnzwygdo/djuragancom/vendor/codeigniter4/framework/system/Database/BaseConnection.php(382): CodeIgniter\Database\MySQLi\Connection->connect()
#2 /home/dnzwygdo/djuragancom/vendor/codeigniter4/framework/system/Database/BaseConnection.php(588): CodeIgniter\Database\BaseConnection->initialize()
#3 /home/dnzwygdo/djuragancom/vendor/codeigniter4/framework/system/Database/BaseBuilder.php(1669): CodeIgniter\Database\BaseConnection->query()
#4 /home/dnzwygdo/djuragancom/app/Controllers/Api/Notifikasi.php(37): CodeIgniter\Database\BaseBuilder->countAllResults()
#5 /home/dnzwygdo/djuragancom/vendor/codeigniter4/framework/system/CodeIgniter.php(898): App\Controllers\Api\Notifikasi->get()
#6 /home/dnzwygdo/djuragancom/vendor/codeigniter4/framework/system/CodeIgniter.php(457): CodeIgniter\CodeIgniter->runController()
#7 /home/dnzwygdo/djuragancom/vendor/codeigniter4/framework/system/CodeIgniter.php(340): CodeIgniter\CodeIgniter->handleRequest()
#8 /home/dnzwygdo/public_html/index.php(67): CodeIgniter\CodeIgniter->run()
#9 {main}

Next CodeIgniter\Database\Exceptions\DatabaseException: Too many connections in /home/dnzwygdo/djuragancom/vendor/codeigniter4/framework/system/Database/MySQLi/Connection.php:215
Stack trace:
#0 /home/dnzwygdo/djuragancom/vendor/codeigniter4/framework/system/Database/BaseConnection.php(382): CodeIgniter\Database\MySQLi\Connection->connect()
#1 /home/dnzwygdo/djuragancom/vendor/codeigniter4/framework/system/Database/BaseConnection.php(588): CodeIgniter\Database\BaseConnection->initialize()
#2 /home/dnzwygdo/djuragancom/vendor/codeigniter4/framework/system/Database/BaseBuilder.php(1669): CodeIgniter\Database\BaseConnection->query()
#3 /home/dnzwygdo/djuragancom/app/Controllers/Api/Notifikasi.php(37): CodeIgniter\Database\BaseBuilder->countAllResults()
#4 /home/dnzwygdo/djuragancom/vendor/codeigniter4/framework/system/CodeIgniter.php(898): App\Controllers\Api\Notifikasi->get()
#5 /home/dnzwygdo/djuragancom/vendor/codeigniter4/framework/system/CodeIgniter.php(457): CodeIgniter\CodeIgniter->runController()
#6 /home/dnzwygdo/djuragancom/vendor/codeigniter4/framework/system/CodeIgniter.php(340): CodeIgniter\CodeIgniter->handleRequest()
#7 /home/dnzwygdo/public_html/index.php(67): CodeIgniter\CodeIgniter->run()
#8 {main}
CRITICAL - 2023-08-17 13:31:01 --> Unable to connect to the database.
Main connection [MySQLi]: Too many connections
in SYSTEMPATH/Database/BaseConnection.php on line 418.
 1 SYSTEMPATH/Database/BaseConnection.php(588): CodeIgniter\Database\BaseConnection->initialize()
 2 SYSTEMPATH/Database/BaseBuilder.php(1669): CodeIgniter\Database\BaseConnection->query()
 3 APPPATH/Controllers/Api/Notifikasi.php(37): CodeIgniter\Database\BaseBuilder->countAllResults()
 4 SYSTEMPATH/CodeIgniter.php(898): App\Controllers\Api\Notifikasi->get()
 5 SYSTEMPATH/CodeIgniter.php(457): CodeIgniter\CodeIgniter->runController()
 6 SYSTEMPATH/CodeIgniter.php(340): CodeIgniter\CodeIgniter->handleRequest()
 7 FCPATH/index.php(67): CodeIgniter\CodeIgniter->run()
ERROR - 2023-08-17 13:31:21 --> Error connecting to the database: mysqli_sql_exception: Too many connections in /home/dnzwygdo/djuragancom/vendor/codeigniter4/framework/system/Database/MySQLi/Connection.php:171
Stack trace:
#0 /home/dnzwygdo/djuragancom/vendor/codeigniter4/framework/system/Database/MySQLi/Connection.php(171): mysqli->real_connect()
#1 /home/dnzwygdo/djuragancom/vendor/codeigniter4/framework/system/Database/BaseConnection.php(382): CodeIgniter\Database\MySQLi\Connection->connect()
#2 /home/dnzwygdo/djuragancom/vendor/codeigniter4/framework/system/Database/BaseConnection.php(588): CodeIgniter\Database\BaseConnection->initialize()
#3 /home/dnzwygdo/djuragancom/vendor/codeigniter4/framework/system/Database/BaseBuilder.php(1669): CodeIgniter\Database\BaseConnection->query()
#4 /home/dnzwygdo/djuragancom/app/Controllers/Api/Notifikasi.php(37): CodeIgniter\Database\BaseBuilder->countAllResults()
#5 /home/dnzwygdo/djuragancom/vendor/codeigniter4/framework/system/CodeIgniter.php(898): App\Controllers\Api\Notifikasi->get()
#6 /home/dnzwygdo/djuragancom/vendor/codeigniter4/framework/system/CodeIgniter.php(457): CodeIgniter\CodeIgniter->runController()
#7 /home/dnzwygdo/djuragancom/vendor/codeigniter4/framework/system/CodeIgniter.php(340): CodeIgniter\CodeIgniter->handleRequest()
#8 /home/dnzwygdo/public_html/index.php(67): CodeIgniter\CodeIgniter->run()
#9 {main}

Next CodeIgniter\Database\Exceptions\DatabaseException: Too many connections in /home/dnzwygdo/djuragancom/vendor/codeigniter4/framework/system/Database/MySQLi/Connection.php:215
Stack trace:
#0 /home/dnzwygdo/djuragancom/vendor/codeigniter4/framework/system/Database/BaseConnection.php(382): CodeIgniter\Database\MySQLi\Connection->connect()
#1 /home/dnzwygdo/djuragancom/vendor/codeigniter4/framework/system/Database/BaseConnection.php(588): CodeIgniter\Database\BaseConnection->initialize()
#2 /home/dnzwygdo/djuragancom/vendor/codeigniter4/framework/system/Database/BaseBuilder.php(1669): CodeIgniter\Database\BaseConnection->query()
#3 /home/dnzwygdo/djuragancom/app/Controllers/Api/Notifikasi.php(37): CodeIgniter\Database\BaseBuilder->countAllResults()
#4 /home/dnzwygdo/djuragancom/vendor/codeigniter4/framework/system/CodeIgniter.php(898): App\Controllers\Api\Notifikasi->get()
#5 /home/dnzwygdo/djuragancom/vendor/codeigniter4/framework/system/CodeIgniter.php(457): CodeIgniter\CodeIgniter->runController()
#6 /home/dnzwygdo/djuragancom/vendor/codeigniter4/framework/system/CodeIgniter.php(340): CodeIgniter\CodeIgniter->handleRequest()
#7 /home/dnzwygdo/public_html/index.php(67): CodeIgniter\CodeIgniter->run()
#8 {main}
CRITICAL - 2023-08-17 13:31:21 --> Unable to connect to the database.
Main connection [MySQLi]: Too many connections
in SYSTEMPATH/Database/BaseConnection.php on line 418.
 1 SYSTEMPATH/Database/BaseConnection.php(588): CodeIgniter\Database\BaseConnection->initialize()
 2 SYSTEMPATH/Database/BaseBuilder.php(1669): CodeIgniter\Database\BaseConnection->query()
 3 APPPATH/Controllers/Api/Notifikasi.php(37): CodeIgniter\Database\BaseBuilder->countAllResults()
 4 SYSTEMPATH/CodeIgniter.php(898): App\Controllers\Api\Notifikasi->get()
 5 SYSTEMPATH/CodeIgniter.php(457): CodeIgniter\CodeIgniter->runController()
 6 SYSTEMPATH/CodeIgniter.php(340): CodeIgniter\CodeIgniter->handleRequest()
 7 FCPATH/index.php(67): CodeIgniter\CodeIgniter->run()
ERROR - 2023-08-17 13:31:31 --> Error connecting to the database: mysqli_sql_exception: Too many connections in /home/dnzwygdo/djuragancom/vendor/codeigniter4/framework/system/Database/MySQLi/Connection.php:171
Stack trace:
#0 /home/dnzwygdo/djuragancom/vendor/codeigniter4/framework/system/Database/MySQLi/Connection.php(171): mysqli->real_connect()
#1 /home/dnzwygdo/djuragancom/vendor/codeigniter4/framework/system/Database/BaseConnection.php(382): CodeIgniter\Database\MySQLi\Connection->connect()
#2 /home/dnzwygdo/djuragancom/vendor/codeigniter4/framework/system/Database/BaseConnection.php(588): CodeIgniter\Database\BaseConnection->initialize()
#3 /home/dnzwygdo/djuragancom/vendor/codeigniter4/framework/system/Database/BaseBuilder.php(1669): CodeIgniter\Database\BaseConnection->query()
#4 /home/dnzwygdo/djuragancom/app/Controllers/Api/Notifikasi.php(37): CodeIgniter\Database\BaseBuilder->countAllResults()
#5 /home/dnzwygdo/djuragancom/vendor/codeigniter4/framework/system/CodeIgniter.php(898): App\Controllers\Api\Notifikasi->get()
#6 /home/dnzwygdo/djuragancom/vendor/codeigniter4/framework/system/CodeIgniter.php(457): CodeIgniter\CodeIgniter->runController()
#7 /home/dnzwygdo/djuragancom/vendor/codeigniter4/framework/system/CodeIgniter.php(340): CodeIgniter\CodeIgniter->handleRequest()
#8 /home/dnzwygdo/public_html/index.php(67): CodeIgniter\CodeIgniter->run()
#9 {main}

Next CodeIgniter\Database\Exceptions\DatabaseException: Too many connections in /home/dnzwygdo/djuragancom/vendor/codeigniter4/framework/system/Database/MySQLi/Connection.php:215
Stack trace:
#0 /home/dnzwygdo/djuragancom/vendor/codeigniter4/framework/system/Database/BaseConnection.php(382): CodeIgniter\Database\MySQLi\Connection->connect()
#1 /home/dnzwygdo/djuragancom/vendor/codeigniter4/framework/system/Database/BaseConnection.php(588): CodeIgniter\Database\BaseConnection->initialize()
#2 /home/dnzwygdo/djuragancom/vendor/codeigniter4/framework/system/Database/BaseBuilder.php(1669): CodeIgniter\Database\BaseConnection->query()
#3 /home/dnzwygdo/djuragancom/app/Controllers/Api/Notifikasi.php(37): CodeIgniter\Database\BaseBuilder->countAllResults()
#4 /home/dnzwygdo/djuragancom/vendor/codeigniter4/framework/system/CodeIgniter.php(898): App\Controllers\Api\Notifikasi->get()
#5 /home/dnzwygdo/djuragancom/vendor/codeigniter4/framework/system/CodeIgniter.php(457): CodeIgniter\CodeIgniter->runController()
#6 /home/dnzwygdo/djuragancom/vendor/codeigniter4/framework/system/CodeIgniter.php(340): CodeIgniter\CodeIgniter->handleRequest()
#7 /home/dnzwygdo/public_html/index.php(67): CodeIgniter\CodeIgniter->run()
#8 {main}
CRITICAL - 2023-08-17 13:31:31 --> Unable to connect to the database.
Main connection [MySQLi]: Too many connections
in SYSTEMPATH/Database/BaseConnection.php on line 418.
 1 SYSTEMPATH/Database/BaseConnection.php(588): CodeIgniter\Database\BaseConnection->initialize()
 2 SYSTEMPATH/Database/BaseBuilder.php(1669): CodeIgniter\Database\BaseConnection->query()
 3 APPPATH/Controllers/Api/Notifikasi.php(37): CodeIgniter\Database\BaseBuilder->countAllResults()
 4 SYSTEMPATH/CodeIgniter.php(898): App\Controllers\Api\Notifikasi->get()
 5 SYSTEMPATH/CodeIgniter.php(457): CodeIgniter\CodeIgniter->runController()
 6 SYSTEMPATH/CodeIgniter.php(340): CodeIgniter\CodeIgniter->handleRequest()
 7 FCPATH/index.php(67): CodeIgniter\CodeIgniter->run()
ERROR - 2023-08-17 13:31:40 --> Error connecting to the database: mysqli_sql_exception: Too many connections in /home/dnzwygdo/djuragancom/vendor/codeigniter4/framework/system/Database/MySQLi/Connection.php:171
Stack trace:
#0 /home/dnzwygdo/djuragancom/vendor/codeigniter4/framework/system/Database/MySQLi/Connection.php(171): mysqli->real_connect()
#1 /home/dnzwygdo/djuragancom/vendor/codeigniter4/framework/system/Database/BaseConnection.php(382): CodeIgniter\Database\MySQLi\Connection->connect()
#2 /home/dnzwygdo/djuragancom/vendor/codeigniter4/framework/system/Database/BaseConnection.php(588): CodeIgniter\Database\BaseConnection->initialize()
#3 /home/dnzwygdo/djuragancom/vendor/codeigniter4/framework/system/Database/BaseBuilder.php(1585): CodeIgniter\Database\BaseConnection->query()
#4 /home/dnzwygdo/djuragancom/vendor/codeigniter4/framework/system/Model.php(222): CodeIgniter\Database\BaseBuilder->get()
#5 /home/dnzwygdo/djuragancom/vendor/codeigniter4/framework/system/BaseModel.php(584): CodeIgniter\Model->doFindAll()
#6 /home/dnzwygdo/djuragancom/app/Models/InvoiceModel.php(297): CodeIgniter\BaseModel->findAll()
#7 /home/dnzwygdo/djuragancom/app/Models/InvoiceModel.php(47): App\Models\InvoiceModel->ambilIds()
#8 /home/dnzwygdo/djuragancom/app/Controllers/Admin/Invoices.php(66): App\Models\InvoiceModel->getAll()
#9 /home/dnzwygdo/djuragancom/vendor/codeigniter4/framework/system/CodeIgniter.php(898): App\Controllers\Admin\Invoices->lihat()
#10 /home/dnzwygdo/djuragancom/vendor/codeigniter4/framework/system/CodeIgniter.php(457): CodeIgniter\CodeIgniter->runController()
#11 /home/dnzwygdo/djuragancom/vendor/codeigniter4/framework/system/CodeIgniter.php(340): CodeIgniter\CodeIgniter->handleRequest()
#12 /home/dnzwygdo/public_html/index.php(67): CodeIgniter\CodeIgniter->run()
#13 {main}

Next CodeIgniter\Database\Exceptions\DatabaseException: Too many connections in /home/dnzwygdo/djuragancom/vendor/codeigniter4/framework/system/Database/MySQLi/Connection.php:215
Stack trace:
#0 /home/dnzwygdo/djuragancom/vendor/codeigniter4/framework/system/Database/BaseConnection.php(382): CodeIgniter\Database\MySQLi\Connection->connect()
#1 /home/dnzwygdo/djuragancom/vendor/codeigniter4/framework/system/Database/BaseConnection.php(588): CodeIgniter\Database\BaseConnection->initialize()
#2 /home/dnzwygdo/djuragancom/vendor/codeigniter4/framework/system/Database/BaseBuilder.php(1585): CodeIgniter\Database\BaseConnection->query()
#3 /home/dnzwygdo/djuragancom/vendor/codeigniter4/framework/system/Model.php(222): CodeIgniter\Database\BaseBuilder->get()
#4 /home/dnzwygdo/djuragancom/vendor/codeigniter4/framework/system/BaseModel.php(584): CodeIgniter\Model->doFindAll()
#5 /home/dnzwygdo/djuragancom/app/Models/InvoiceModel.php(297): CodeIgniter\BaseModel->findAll()
#6 /home/dnzwygdo/djuragancom/app/Models/InvoiceModel.php(47): App\Models\InvoiceModel->ambilIds()
#7 /home/dnzwygdo/djuragancom/app/Controllers/Admin/Invoices.php(66): App\Models\InvoiceModel->getAll()
#8 /home/dnzwygdo/djuragancom/vendor/codeigniter4/framework/system/CodeIgniter.php(898): App\Controllers\Admin\Invoices->lihat()
#9 /home/dnzwygdo/djuragancom/vendor/codeigniter4/framework/system/CodeIgniter.php(457): CodeIgniter\CodeIgniter->runController()
#10 /home/dnzwygdo/djuragancom/vendor/codeigniter4/framework/system/CodeIgniter.php(340): CodeIgniter\CodeIgniter->handleRequest()
#11 /home/dnzwygdo/public_html/index.php(67): CodeIgniter\CodeIgniter->run()
#12 {main}
CRITICAL - 2023-08-17 13:31:40 --> Unable to connect to the database.
Main connection [MySQLi]: Too many connections
in SYSTEMPATH/Database/BaseConnection.php on line 418.
 1 SYSTEMPATH/Database/BaseConnection.php(588): CodeIgniter\Database\BaseConnection->initialize()
 2 SYSTEMPATH/Database/BaseBuilder.php(1585): CodeIgniter\Database\BaseConnection->query()
 3 SYSTEMPATH/Model.php(222): CodeIgniter\Database\BaseBuilder->get()
 4 SYSTEMPATH/BaseModel.php(584): CodeIgniter\Model->doFindAll()
 5 APPPATH/Models/InvoiceModel.php(297): CodeIgniter\BaseModel->findAll()
 6 APPPATH/Models/InvoiceModel.php(47): App\Models\InvoiceModel->ambilIds()
 7 APPPATH/Controllers/Admin/Invoices.php(66): App\Models\InvoiceModel->getAll()
 8 SYSTEMPATH/CodeIgniter.php(898): App\Controllers\Admin\Invoices->lihat()
 9 SYSTEMPATH/CodeIgniter.php(457): CodeIgniter\CodeIgniter->runController()
10 SYSTEMPATH/CodeIgniter.php(340): CodeIgniter\CodeIgniter->handleRequest()
11 FCPATH/index.php(67): CodeIgniter\CodeIgniter->run()
ERROR - 2023-08-17 13:31:43 --> Error connecting to the database: mysqli_sql_exception: Too many connections in /home/dnzwygdo/djuragancom/vendor/codeigniter4/framework/system/Database/MySQLi/Connection.php:171
Stack trace:
#0 /home/dnzwygdo/djuragancom/vendor/codeigniter4/framework/system/Database/MySQLi/Connection.php(171): mysqli->real_connect()
#1 /home/dnzwygdo/djuragancom/vendor/codeigniter4/framework/system/Database/BaseConnection.php(382): CodeIgniter\Database\MySQLi\Connection->connect()
#2 /home/dnzwygdo/djuragancom/vendor/codeigniter4/framework/system/Database/BaseConnection.php(588): CodeIgniter\Database\BaseConnection->initialize()
#3 /home/dnzwygdo/djuragancom/vendor/codeigniter4/framework/system/Database/BaseBuilder.php(1669): CodeIgniter\Database\BaseConnection->query()
#4 /home/dnzwygdo/djuragancom/app/Controllers/Api/Notifikasi.php(37): CodeIgniter\Database\BaseBuilder->countAllResults()
#5 /home/dnzwygdo/djuragancom/vendor/codeigniter4/framework/system/CodeIgniter.php(898): App\Controllers\Api\Notifikasi->get()
#6 /home/dnzwygdo/djuragancom/vendor/codeigniter4/framework/system/CodeIgniter.php(457): CodeIgniter\CodeIgniter->runController()
#7 /home/dnzwygdo/djuragancom/vendor/codeigniter4/framework/system/CodeIgniter.php(340): CodeIgniter\CodeIgniter->handleRequest()
#8 /home/dnzwygdo/public_html/index.php(67): CodeIgniter\CodeIgniter->run()
#9 {main}

Next CodeIgniter\Database\Exceptions\DatabaseException: Too many connections in /home/dnzwygdo/djuragancom/vendor/codeigniter4/framework/system/Database/MySQLi/Connection.php:215
Stack trace:
#0 /home/dnzwygdo/djuragancom/vendor/codeigniter4/framework/system/Database/BaseConnection.php(382): CodeIgniter\Database\MySQLi\Connection->connect()
#1 /home/dnzwygdo/djuragancom/vendor/codeigniter4/framework/system/Database/BaseConnection.php(588): CodeIgniter\Database\BaseConnection->initialize()
#2 /home/dnzwygdo/djuragancom/vendor/codeigniter4/framework/system/Database/BaseBuilder.php(1669): CodeIgniter\Database\BaseConnection->query()
#3 /home/dnzwygdo/djuragancom/app/Controllers/Api/Notifikasi.php(37): CodeIgniter\Database\BaseBuilder->countAllResults()
#4 /home/dnzwygdo/djuragancom/vendor/codeigniter4/framework/system/CodeIgniter.php(898): App\Controllers\Api\Notifikasi->get()
#5 /home/dnzwygdo/djuragancom/vendor/codeigniter4/framework/system/CodeIgniter.php(457): CodeIgniter\CodeIgniter->runController()
#6 /home/dnzwygdo/djuragancom/vendor/codeigniter4/framework/system/CodeIgniter.php(340): CodeIgniter\CodeIgniter->handleRequest()
#7 /home/dnzwygdo/public_html/index.php(67): CodeIgniter\CodeIgniter->run()
#8 {main}
ERROR - 2023-08-17 13:31:43 --> Error connecting to the database: mysqli_sql_exception: Too many connections in /home/dnzwygdo/djuragancom/vendor/codeigniter4/framework/system/Database/MySQLi/Connection.php:171
Stack trace:
#0 /home/dnzwygdo/djuragancom/vendor/codeigniter4/framework/system/Database/MySQLi/Connection.php(171): mysqli->real_connect()
#1 /home/dnzwygdo/djuragancom/vendor/codeigniter4/framework/system/Database/BaseConnection.php(382): CodeIgniter\Database\MySQLi\Connection->connect()
#2 /home/dnzwygdo/djuragancom/vendor/codeigniter4/framework/system/Database/BaseConnection.php(588): CodeIgniter\Database\BaseConnection->initialize()
#3 /home/dnzwygdo/djuragancom/vendor/codeigniter4/framework/system/Database/BaseBuilder.php(1669): CodeIgniter\Database\BaseConnection->query()
#4 /home/dnzwygdo/djuragancom/vendor/codeigniter4/framework/system/Model.php(550): CodeIgniter\Database\BaseBuilder->countAllResults()
#5 /home/dnzwygdo/djuragancom/app/Models/InvoiceModel.php(202): CodeIgniter\Model->countAllResults()
#6 /home/dnzwygdo/djuragancom/app/Models/InvoiceModel.php(136): App\Models\InvoiceModel->counts()
#7 /home/dnzwygdo/djuragancom/app/Controllers/Api/Invoice.php(17): App\Models\InvoiceModel->getCount()
#8 /home/dnzwygdo/djuragancom/vendor/codeigniter4/framework/system/CodeIgniter.php(898): App\Controllers\Api\Invoice->counter_tab()
#9 /home/dnzwygdo/djuragancom/vendor/codeigniter4/framework/system/CodeIgniter.php(457): CodeIgniter\CodeIgniter->runController()
#10 /home/dnzwygdo/djuragancom/vendor/codeigniter4/framework/system/CodeIgniter.php(340): CodeIgniter\CodeIgniter->handleRequest()
#11 /home/dnzwygdo/public_html/index.php(67): CodeIgniter\CodeIgniter->run()
#12 {main}

Next CodeIgniter\Database\Exceptions\DatabaseException: Too many connections in /home/dnzwygdo/djuragancom/vendor/codeigniter4/framework/system/Database/MySQLi/Connection.php:215
Stack trace:
#0 /home/dnzwygdo/djuragancom/vendor/codeigniter4/framework/system/Database/BaseConnection.php(382): CodeIgniter\Database\MySQLi\Connection->connect()
#1 /home/dnzwygdo/djuragancom/vendor/codeigniter4/framework/system/Database/BaseConnection.php(588): CodeIgniter\Database\BaseConnection->initialize()
#2 /home/dnzwygdo/djuragancom/vendor/codeigniter4/framework/system/Database/BaseBuilder.php(1669): CodeIgniter\Database\BaseConnection->query()
#3 /home/dnzwygdo/djuragancom/vendor/codeigniter4/framework/system/Model.php(550): CodeIgniter\Database\BaseBuilder->countAllResults()
#4 /home/dnzwygdo/djuragancom/app/Models/InvoiceModel.php(202): CodeIgniter\Model->countAllResults()
#5 /home/dnzwygdo/djuragancom/app/Models/InvoiceModel.php(136): App\Models\InvoiceModel->counts()
#6 /home/dnzwygdo/djuragancom/app/Controllers/Api/Invoice.php(17): App\Models\InvoiceModel->getCount()
#7 /home/dnzwygdo/djuragancom/vendor/codeigniter4/framework/system/CodeIgniter.php(898): App\Controllers\Api\Invoice->counter_tab()
#8 /home/dnzwygdo/djuragancom/vendor/codeigniter4/framework/system/CodeIgniter.php(457): CodeIgniter\CodeIgniter->runController()
#9 /home/dnzwygdo/djuragancom/vendor/codeigniter4/framework/system/CodeIgniter.php(340): CodeIgniter\CodeIgniter->handleRequest()
#10 /home/dnzwygdo/public_html/index.php(67): CodeIgniter\CodeIgniter->run()
#11 {main}
CRITICAL - 2023-08-17 13:31:43 --> Unable to connect to the database.
Main connection [MySQLi]: Too many connections
in SYSTEMPATH/Database/BaseConnection.php on line 418.
 1 SYSTEMPATH/Database/BaseConnection.php(588): CodeIgniter\Database\BaseConnection->initialize()
 2 SYSTEMPATH/Database/BaseBuilder.php(1669): CodeIgniter\Database\BaseConnection->query()
 3 APPPATH/Controllers/Api/Notifikasi.php(37): CodeIgniter\Database\BaseBuilder->countAllResults()
 4 SYSTEMPATH/CodeIgniter.php(898): App\Controllers\Api\Notifikasi->get()
 5 SYSTEMPATH/CodeIgniter.php(457): CodeIgniter\CodeIgniter->runController()
 6 SYSTEMPATH/CodeIgniter.php(340): CodeIgniter\CodeIgniter->handleRequest()
 7 FCPATH/index.php(67): CodeIgniter\CodeIgniter->run()
CRITICAL - 2023-08-17 13:31:43 --> Unable to connect to the database.
Main connection [MySQLi]: Too many connections
in SYSTEMPATH/Database/BaseConnection.php on line 418.
 1 SYSTEMPATH/Database/BaseConnection.php(588): CodeIgniter\Database\BaseConnection->initialize()
 2 SYSTEMPATH/Database/BaseBuilder.php(1669): CodeIgniter\Database\BaseConnection->query()
 3 SYSTEMPATH/Model.php(550): CodeIgniter\Database\BaseBuilder->countAllResults()
 4 APPPATH/Models/InvoiceModel.php(202): CodeIgniter\Model->countAllResults()
 5 APPPATH/Models/InvoiceModel.php(136): App\Models\InvoiceModel->counts()
 6 APPPATH/Controllers/Api/Invoice.php(17): App\Models\InvoiceModel->getCount()
 7 SYSTEMPATH/CodeIgniter.php(898): App\Controllers\Api\Invoice->counter_tab()
 8 SYSTEMPATH/CodeIgniter.php(457): CodeIgniter\CodeIgniter->runController()
 9 SYSTEMPATH/CodeIgniter.php(340): CodeIgniter\CodeIgniter->handleRequest()
10 FCPATH/index.php(67): CodeIgniter\CodeIgniter->run()
ERROR - 2023-08-17 13:31:44 --> Error connecting to the database: mysqli_sql_exception: Too many connections in /home/dnzwygdo/djuragancom/vendor/codeigniter4/framework/system/Database/MySQLi/Connection.php:171
Stack trace:
#0 /home/dnzwygdo/djuragancom/vendor/codeigniter4/framework/system/Database/MySQLi/Connection.php(171): mysqli->real_connect()
#1 /home/dnzwygdo/djuragancom/vendor/codeigniter4/framework/system/Database/BaseConnection.php(382): CodeIgniter\Database\MySQLi\Connection->connect()
#2 /home/dnzwygdo/djuragancom/vendor/codeigniter4/framework/system/Database/BaseConnection.php(588): CodeIgniter\Database\BaseConnection->initialize()
#3 /home/dnzwygdo/djuragancom/vendor/codeigniter4/framework/system/Database/BaseBuilder.php(1669): CodeIgniter\Database\BaseConnection->query()
#4 /home/dnzwygdo/djuragancom/app/Controllers/Api/Notifikasi.php(37): CodeIgniter\Database\BaseBuilder->countAllResults()
#5 /home/dnzwygdo/djuragancom/vendor/codeigniter4/framework/system/CodeIgniter.php(898): App\Controllers\Api\Notifikasi->get()
#6 /home/dnzwygdo/djuragancom/vendor/codeigniter4/framework/system/CodeIgniter.php(457): CodeIgniter\CodeIgniter->runController()
#7 /home/dnzwygdo/djuragancom/vendor/codeigniter4/framework/system/CodeIgniter.php(340): CodeIgniter\CodeIgniter->handleRequest()
#8 /home/dnzwygdo/public_html/index.php(67): CodeIgniter\CodeIgniter->run()
#9 {main}

Next CodeIgniter\Database\Exceptions\DatabaseException: Too many connections in /home/dnzwygdo/djuragancom/vendor/codeigniter4/framework/system/Database/MySQLi/Connection.php:215
Stack trace:
#0 /home/dnzwygdo/djuragancom/vendor/codeigniter4/framework/system/Database/BaseConnection.php(382): CodeIgniter\Database\MySQLi\Connection->connect()
#1 /home/dnzwygdo/djuragancom/vendor/codeigniter4/framework/system/Database/BaseConnection.php(588): CodeIgniter\Database\BaseConnection->initialize()
#2 /home/dnzwygdo/djuragancom/vendor/codeigniter4/framework/system/Database/BaseBuilder.php(1669): CodeIgniter\Database\BaseConnection->query()
#3 /home/dnzwygdo/djuragancom/app/Controllers/Api/Notifikasi.php(37): CodeIgniter\Database\BaseBuilder->countAllResults()
#4 /home/dnzwygdo/djuragancom/vendor/codeigniter4/framework/system/CodeIgniter.php(898): App\Controllers\Api\Notifikasi->get()
#5 /home/dnzwygdo/djuragancom/vendor/codeigniter4/framework/system/CodeIgniter.php(457): CodeIgniter\CodeIgniter->runController()
#6 /home/dnzwygdo/djuragancom/vendor/codeigniter4/framework/system/CodeIgniter.php(340): CodeIgniter\CodeIgniter->handleRequest()
#7 /home/dnzwygdo/public_html/index.php(67): CodeIgniter\CodeIgniter->run()
#8 {main}
ERROR - 2023-08-17 13:31:44 --> Error connecting to the database: mysqli_sql_exception: Too many connections in /home/dnzwygdo/djuragancom/vendor/codeigniter4/framework/system/Database/MySQLi/Connection.php:171
Stack trace:
#0 /home/dnzwygdo/djuragancom/vendor/codeigniter4/framework/system/Database/MySQLi/Connection.php(171): mysqli->real_connect()
#1 /home/dnzwygdo/djuragancom/vendor/codeigniter4/framework/system/Database/BaseConnection.php(382): CodeIgniter\Database\MySQLi\Connection->connect()
#2 /home/dnzwygdo/djuragancom/vendor/codeigniter4/framework/system/Database/BaseConnection.php(588): CodeIgniter\Database\BaseConnection->initialize()
#3 /home/dnzwygdo/djuragancom/vendor/codeigniter4/framework/system/Database/BaseBuilder.php(1669): CodeIgniter\Database\BaseConnection->query()
#4 /home/dnzwygdo/djuragancom/app/Controllers/Api/Notifikasi.php(37): CodeIgniter\Database\BaseBuilder->countAllResults()
#5 /home/dnzwygdo/djuragancom/vendor/codeigniter4/framework/system/CodeIgniter.php(898): App\Controllers\Api\Notifikasi->get()
#6 /home/dnzwygdo/djuragancom/vendor/codeigniter4/framework/system/CodeIgniter.php(457): CodeIgniter\CodeIgniter->runController()
#7 /home/dnzwygdo/djuragancom/vendor/codeigniter4/framework/system/CodeIgniter.php(340): CodeIgniter\CodeIgniter->handleRequest()
#8 /home/dnzwygdo/public_html/index.php(67): CodeIgniter\CodeIgniter->run()
#9 {main}

Next CodeIgniter\Database\Exceptions\DatabaseException: Too many connections in /home/dnzwygdo/djuragancom/vendor/codeigniter4/framework/system/Database/MySQLi/Connection.php:215
Stack trace:
#0 /home/dnzwygdo/djuragancom/vendor/codeigniter4/framework/system/Database/BaseConnection.php(382): CodeIgniter\Database\MySQLi\Connection->connect()
#1 /home/dnzwygdo/djuragancom/vendor/codeigniter4/framework/system/Database/BaseConnection.php(588): CodeIgniter\Database\BaseConnection->initialize()
#2 /home/dnzwygdo/djuragancom/vendor/codeigniter4/framework/system/Database/BaseBuilder.php(1669): CodeIgniter\Database\BaseConnection->query()
#3 /home/dnzwygdo/djuragancom/app/Controllers/Api/Notifikasi.php(37): CodeIgniter\Database\BaseBuilder->countAllResults()
#4 /home/dnzwygdo/djuragancom/vendor/codeigniter4/framework/system/CodeIgniter.php(898): App\Controllers\Api\Notifikasi->get()
#5 /home/dnzwygdo/djuragancom/vendor/codeigniter4/framework/system/CodeIgniter.php(457): CodeIgniter\CodeIgniter->runController()
#6 /home/dnzwygdo/djuragancom/vendor/codeigniter4/framework/system/CodeIgniter.php(340): CodeIgniter\CodeIgniter->handleRequest()
#7 /home/dnzwygdo/public_html/index.php(67): CodeIgniter\CodeIgniter->run()
#8 {main}
CRITICAL - 2023-08-17 13:31:44 --> Unable to connect to the database.
Main connection [MySQLi]: Too many connections
in SYSTEMPATH/Database/BaseConnection.php on line 418.
 1 SYSTEMPATH/Database/BaseConnection.php(588): CodeIgniter\Database\BaseConnection->initialize()
 2 SYSTEMPATH/Database/BaseBuilder.php(1669): CodeIgniter\Database\BaseConnection->query()
 3 APPPATH/Controllers/Api/Notifikasi.php(37): CodeIgniter\Database\BaseBuilder->countAllResults()
 4 SYSTEMPATH/CodeIgniter.php(898): App\Controllers\Api\Notifikasi->get()
 5 SYSTEMPATH/CodeIgniter.php(457): CodeIgniter\CodeIgniter->runController()
 6 SYSTEMPATH/CodeIgniter.php(340): CodeIgniter\CodeIgniter->handleRequest()
 7 FCPATH/index.php(67): CodeIgniter\CodeIgniter->run()
CRITICAL - 2023-08-17 13:31:44 --> Unable to connect to the database.
Main connection [MySQLi]: Too many connections
in SYSTEMPATH/Database/BaseConnection.php on line 418.
 1 SYSTEMPATH/Database/BaseConnection.php(588): CodeIgniter\Database\BaseConnection->initialize()
 2 SYSTEMPATH/Database/BaseBuilder.php(1669): CodeIgniter\Database\BaseConnection->query()
 3 APPPATH/Controllers/Api/Notifikasi.php(37): CodeIgniter\Database\BaseBuilder->countAllResults()
 4 SYSTEMPATH/CodeIgniter.php(898): App\Controllers\Api\Notifikasi->get()
 5 SYSTEMPATH/CodeIgniter.php(457): CodeIgniter\CodeIgniter->runController()
 6 SYSTEMPATH/CodeIgniter.php(340): CodeIgniter\CodeIgniter->handleRequest()
 7 FCPATH/index.php(67): CodeIgniter\CodeIgniter->run()
ERROR - 2023-08-17 13:31:52 --> Error connecting to the database: mysqli_sql_exception: Too many connections in /home/dnzwygdo/djuragancom/vendor/codeigniter4/framework/system/Database/MySQLi/Connection.php:171
Stack trace:
#0 /home/dnzwygdo/djuragancom/vendor/codeigniter4/framework/system/Database/MySQLi/Connection.php(171): mysqli->real_connect()
#1 /home/dnzwygdo/djuragancom/vendor/codeigniter4/framework/system/Database/BaseConnection.php(382): CodeIgniter\Database\MySQLi\Connection->connect()
#2 /home/dnzwygdo/djuragancom/vendor/codeigniter4/framework/system/Database/BaseConnection.php(588): CodeIgniter\Database\BaseConnection->initialize()
#3 /home/dnzwygdo/djuragancom/vendor/codeigniter4/framework/system/Database/BaseBuilder.php(1585): CodeIgniter\Database\BaseConnection->query()
#4 /home/dnzwygdo/djuragancom/vendor/codeigniter4/framework/system/Model.php(222): CodeIgniter\Database\BaseBuilder->get()
#5 /home/dnzwygdo/djuragancom/vendor/codeigniter4/framework/system/BaseModel.php(584): CodeIgniter\Model->doFindAll()
#6 /home/dnzwygdo/djuragancom/app/Controllers/Admin/Invoices.php(41): CodeIgniter\BaseModel->findAll()
#7 /home/dnzwygdo/djuragancom/vendor/codeigniter4/framework/system/CodeIgniter.php(898): App\Controllers\Admin\Invoices->lihat()
#8 /home/dnzwygdo/djuragancom/vendor/codeigniter4/framework/system/CodeIgniter.php(457): CodeIgniter\CodeIgniter->runController()
#9 /home/dnzwygdo/djuragancom/vendor/codeigniter4/framework/system/CodeIgniter.php(340): CodeIgniter\CodeIgniter->handleRequest()
#10 /home/dnzwygdo/public_html/index.php(67): CodeIgniter\CodeIgniter->run()
#11 {main}

Next CodeIgniter\Database\Exceptions\DatabaseException: Too many connections in /home/dnzwygdo/djuragancom/vendor/codeigniter4/framework/system/Database/MySQLi/Connection.php:215
Stack trace:
#0 /home/dnzwygdo/djuragancom/vendor/codeigniter4/framework/system/Database/BaseConnection.php(382): CodeIgniter\Database\MySQLi\Connection->connect()
#1 /home/dnzwygdo/djuragancom/vendor/codeigniter4/framework/system/Database/BaseConnection.php(588): CodeIgniter\Database\BaseConnection->initialize()
#2 /home/dnzwygdo/djuragancom/vendor/codeigniter4/framework/system/Database/BaseBuilder.php(1585): CodeIgniter\Database\BaseConnection->query()
#3 /home/dnzwygdo/djuragancom/vendor/codeigniter4/framework/system/Model.php(222): CodeIgniter\Database\BaseBuilder->get()
#4 /home/dnzwygdo/djuragancom/vendor/codeigniter4/framework/system/BaseModel.php(584): CodeIgniter\Model->doFindAll()
#5 /home/dnzwygdo/djuragancom/app/Controllers/Admin/Invoices.php(41): CodeIgniter\BaseModel->findAll()
#6 /home/dnzwygdo/djuragancom/vendor/codeigniter4/framework/system/CodeIgniter.php(898): App\Controllers\Admin\Invoices->lihat()
#7 /home/dnzwygdo/djuragancom/vendor/codeigniter4/framework/system/CodeIgniter.php(457): CodeIgniter\CodeIgniter->runController()
#8 /home/dnzwygdo/djuragancom/vendor/codeigniter4/framework/system/CodeIgniter.php(340): CodeIgniter\CodeIgniter->handleRequest()
#9 /home/dnzwygdo/public_html/index.php(67): CodeIgniter\CodeIgniter->run()
#10 {main}
CRITICAL - 2023-08-17 13:31:52 --> Unable to connect to the database.
Main connection [MySQLi]: Too many connections
in SYSTEMPATH/Database/BaseConnection.php on line 418.
 1 SYSTEMPATH/Database/BaseConnection.php(588): CodeIgniter\Database\BaseConnection->initialize()
 2 SYSTEMPATH/Database/BaseBuilder.php(1585): CodeIgniter\Database\BaseConnection->query()
 3 SYSTEMPATH/Model.php(222): CodeIgniter\Database\BaseBuilder->get()
 4 SYSTEMPATH/BaseModel.php(584): CodeIgniter\Model->doFindAll()
 5 APPPATH/Controllers/Admin/Invoices.php(41): CodeIgniter\BaseModel->findAll()
 6 SYSTEMPATH/CodeIgniter.php(898): App\Controllers\Admin\Invoices->lihat()
 7 SYSTEMPATH/CodeIgniter.php(457): CodeIgniter\CodeIgniter->runController()
 8 SYSTEMPATH/CodeIgniter.php(340): CodeIgniter\CodeIgniter->handleRequest()
 9 FCPATH/index.php(67): CodeIgniter\CodeIgniter->run()
ERROR - 2023-08-17 13:31:53 --> Error connecting to the database: mysqli_sql_exception: Too many connections in /home/dnzwygdo/djuragancom/vendor/codeigniter4/framework/system/Database/MySQLi/Connection.php:171
Stack trace:
#0 /home/dnzwygdo/djuragancom/vendor/codeigniter4/framework/system/Database/MySQLi/Connection.php(171): mysqli->real_connect()
#1 /home/dnzwygdo/djuragancom/vendor/codeigniter4/framework/system/Database/BaseConnection.php(382): CodeIgniter\Database\MySQLi\Connection->connect()
#2 /home/dnzwygdo/djuragancom/vendor/codeigniter4/framework/system/Database/BaseConnection.php(588): CodeIgniter\Database\BaseConnection->initialize()
#3 /home/dnzwygdo/djuragancom/vendor/codeigniter4/framework/system/Database/BaseBuilder.php(1669): CodeIgniter\Database\BaseConnection->query()
#4 /home/dnzwygdo/djuragancom/vendor/codeigniter4/framework/system/Model.php(550): CodeIgniter\Database\BaseBuilder->countAllResults()
#5 /home/dnzwygdo/djuragancom/app/Models/InvoiceModel.php(202): CodeIgniter\Model->countAllResults()
#6 /home/dnzwygdo/djuragancom/app/Models/InvoiceModel.php(136): App\Models\InvoiceModel->counts()
#7 /home/dnzwygdo/djuragancom/app/Controllers/Api/Invoice.php(17): App\Models\InvoiceModel->getCount()
#8 /home/dnzwygdo/djuragancom/vendor/codeigniter4/framework/system/CodeIgniter.php(898): App\Controllers\Api\Invoice->counter_tab()
#9 /home/dnzwygdo/djuragancom/vendor/codeigniter4/framework/system/CodeIgniter.php(457): CodeIgniter\CodeIgniter->runController()
#10 /home/dnzwygdo/djuragancom/vendor/codeigniter4/framework/system/CodeIgniter.php(340): CodeIgniter\CodeIgniter->handleRequest()
#11 /home/dnzwygdo/public_html/index.php(67): CodeIgniter\CodeIgniter->run()
#12 {main}

Next CodeIgniter\Database\Exceptions\DatabaseException: Too many connections in /home/dnzwygdo/djuragancom/vendor/codeigniter4/framework/system/Database/MySQLi/Connection.php:215
Stack trace:
#0 /home/dnzwygdo/djuragancom/vendor/codeigniter4/framework/system/Database/BaseConnection.php(382): CodeIgniter\Database\MySQLi\Connection->connect()
#1 /home/dnzwygdo/djuragancom/vendor/codeigniter4/framework/system/Database/BaseConnection.php(588): CodeIgniter\Database\BaseConnection->initialize()
#2 /home/dnzwygdo/djuragancom/vendor/codeigniter4/framework/system/Database/BaseBuilder.php(1669): CodeIgniter\Database\BaseConnection->query()
#3 /home/dnzwygdo/djuragancom/vendor/codeigniter4/framework/system/Model.php(550): CodeIgniter\Database\BaseBuilder->countAllResults()
#4 /home/dnzwygdo/djuragancom/app/Models/InvoiceModel.php(202): CodeIgniter\Model->countAllResults()
#5 /home/dnzwygdo/djuragancom/app/Models/InvoiceModel.php(136): App\Models\InvoiceModel->counts()
#6 /home/dnzwygdo/djuragancom/app/Controllers/Api/Invoice.php(17): App\Models\InvoiceModel->getCount()
#7 /home/dnzwygdo/djuragancom/vendor/codeigniter4/framework/system/CodeIgniter.php(898): App\Controllers\Api\Invoice->counter_tab()
#8 /home/dnzwygdo/djuragancom/vendor/codeigniter4/framework/system/CodeIgniter.php(457): CodeIgniter\CodeIgniter->runController()
#9 /home/dnzwygdo/djuragancom/vendor/codeigniter4/framework/system/CodeIgniter.php(340): CodeIgniter\CodeIgniter->handleRequest()
#10 /home/dnzwygdo/public_html/index.php(67): CodeIgniter\CodeIgniter->run()
#11 {main}
CRITICAL - 2023-08-17 13:31:53 --> Unable to connect to the database.
Main connection [MySQLi]: Too many connections
in SYSTEMPATH/Database/BaseConnection.php on line 418.
 1 SYSTEMPATH/Database/BaseConnection.php(588): CodeIgniter\Database\BaseConnection->initialize()
 2 SYSTEMPATH/Database/BaseBuilder.php(1669): CodeIgniter\Database\BaseConnection->query()
 3 SYSTEMPATH/Model.php(550): CodeIgniter\Database\BaseBuilder->countAllResults()
 4 APPPATH/Models/InvoiceModel.php(202): CodeIgniter\Model->countAllResults()
 5 APPPATH/Models/InvoiceModel.php(136): App\Models\InvoiceModel->counts()
 6 APPPATH/Controllers/Api/Invoice.php(17): App\Models\InvoiceModel->getCount()
 7 SYSTEMPATH/CodeIgniter.php(898): App\Controllers\Api\Invoice->counter_tab()
 8 SYSTEMPATH/CodeIgniter.php(457): CodeIgniter\CodeIgniter->runController()
 9 SYSTEMPATH/CodeIgniter.php(340): CodeIgniter\CodeIgniter->handleRequest()
10 FCPATH/index.php(67): CodeIgniter\CodeIgniter->run()
ERROR - 2023-08-17 13:31:53 --> Error connecting to the database: mysqli_sql_exception: Too many connections in /home/dnzwygdo/djuragancom/vendor/codeigniter4/framework/system/Database/MySQLi/Connection.php:171
Stack trace:
#0 /home/dnzwygdo/djuragancom/vendor/codeigniter4/framework/system/Database/MySQLi/Connection.php(171): mysqli->real_connect()
#1 /home/dnzwygdo/djuragancom/vendor/codeigniter4/framework/system/Database/BaseConnection.php(382): CodeIgniter\Database\MySQLi\Connection->connect()
#2 /home/dnzwygdo/djuragancom/vendor/codeigniter4/framework/system/Database/BaseConnection.php(588): CodeIgniter\Database\BaseConnection->initialize()
#3 /home/dnzwygdo/djuragancom/vendor/codeigniter4/framework/system/Database/BaseBuilder.php(1669): CodeIgniter\Database\BaseConnection->query()
#4 /home/dnzwygdo/djuragancom/app/Controllers/Api/Notifikasi.php(37): CodeIgniter\Database\BaseBuilder->countAllResults()
#5 /home/dnzwygdo/djuragancom/vendor/codeigniter4/framework/system/CodeIgniter.php(898): App\Controllers\Api\Notifikasi->get()
#6 /home/dnzwygdo/djuragancom/vendor/codeigniter4/framework/system/CodeIgniter.php(457): CodeIgniter\CodeIgniter->runController()
#7 /home/dnzwygdo/djuragancom/vendor/codeigniter4/framework/system/CodeIgniter.php(340): CodeIgniter\CodeIgniter->handleRequest()
#8 /home/dnzwygdo/public_html/index.php(67): CodeIgniter\CodeIgniter->run()
#9 {main}

Next CodeIgniter\Database\Exceptions\DatabaseException: Too many connections in /home/dnzwygdo/djuragancom/vendor/codeigniter4/framework/system/Database/MySQLi/Connection.php:215
Stack trace:
#0 /home/dnzwygdo/djuragancom/vendor/codeigniter4/framework/system/Database/BaseConnection.php(382): CodeIgniter\Database\MySQLi\Connection->connect()
#1 /home/dnzwygdo/djuragancom/vendor/codeigniter4/framework/system/Database/BaseConnection.php(588): CodeIgniter\Database\BaseConnection->initialize()
#2 /home/dnzwygdo/djuragancom/vendor/codeigniter4/framework/system/Database/BaseBuilder.php(1669): CodeIgniter\Database\BaseConnection->query()
#3 /home/dnzwygdo/djuragancom/app/Controllers/Api/Notifikasi.php(37): CodeIgniter\Database\BaseBuilder->countAllResults()
#4 /home/dnzwygdo/djuragancom/vendor/codeigniter4/framework/system/CodeIgniter.php(898): App\Controllers\Api\Notifikasi->get()
#5 /home/dnzwygdo/djuragancom/vendor/codeigniter4/framework/system/CodeIgniter.php(457): CodeIgniter\CodeIgniter->runController()
#6 /home/dnzwygdo/djuragancom/vendor/codeigniter4/framework/system/CodeIgniter.php(340): CodeIgniter\CodeIgniter->handleRequest()
#7 /home/dnzwygdo/public_html/index.php(67): CodeIgniter\CodeIgniter->run()
#8 {main}
CRITICAL - 2023-08-17 13:31:53 --> Unable to connect to the database.
Main connection [MySQLi]: Too many connections
in SYSTEMPATH/Database/BaseConnection.php on line 418.
 1 SYSTEMPATH/Database/BaseConnection.php(588): CodeIgniter\Database\BaseConnection->initialize()
 2 SYSTEMPATH/Database/BaseBuilder.php(1669): CodeIgniter\Database\BaseConnection->query()
 3 APPPATH/Controllers/Api/Notifikasi.php(37): CodeIgniter\Database\BaseBuilder->countAllResults()
 4 SYSTEMPATH/CodeIgniter.php(898): App\Controllers\Api\Notifikasi->get()
 5 SYSTEMPATH/CodeIgniter.php(457): CodeIgniter\CodeIgniter->runController()
 6 SYSTEMPATH/CodeIgniter.php(340): CodeIgniter\CodeIgniter->handleRequest()
 7 FCPATH/index.php(67): CodeIgniter\CodeIgniter->run()
ERROR - 2023-08-17 13:31:55 --> Error connecting to the database: mysqli_sql_exception: Too many connections in /home/dnzwygdo/djuragancom/vendor/codeigniter4/framework/system/Database/MySQLi/Connection.php:171
Stack trace:
#0 /home/dnzwygdo/djuragancom/vendor/codeigniter4/framework/system/Database/MySQLi/Connection.php(171): mysqli->real_connect()
#1 /home/dnzwygdo/djuragancom/vendor/codeigniter4/framework/system/Database/BaseConnection.php(382): CodeIgniter\Database\MySQLi\Connection->connect()
#2 /home/dnzwygdo/djuragancom/vendor/codeigniter4/framework/system/Database/BaseConnection.php(588): CodeIgniter\Database\BaseConnection->initialize()
#3 /home/dnzwygdo/djuragancom/vendor/codeigniter4/framework/system/Database/BaseBuilder.php(1585): CodeIgniter\Database\BaseConnection->query()
#4 /home/dnzwygdo/djuragancom/vendor/codeigniter4/framework/system/Model.php(222): CodeIgniter\Database\BaseBuilder->get()
#5 /home/dnzwygdo/djuragancom/vendor/codeigniter4/framework/system/BaseModel.php(584): CodeIgniter\Model->doFindAll()
#6 /home/dnzwygdo/djuragancom/app/Controllers/Admin/Invoices.php(41): CodeIgniter\BaseModel->findAll()
#7 /home/dnzwygdo/djuragancom/vendor/codeigniter4/framework/system/CodeIgniter.php(898): App\Controllers\Admin\Invoices->lihat()
#8 /home/dnzwygdo/djuragancom/vendor/codeigniter4/framework/system/CodeIgniter.php(457): CodeIgniter\CodeIgniter->runController()
#9 /home/dnzwygdo/djuragancom/vendor/codeigniter4/framework/system/CodeIgniter.php(340): CodeIgniter\CodeIgniter->handleRequest()
#10 /home/dnzwygdo/public_html/index.php(67): CodeIgniter\CodeIgniter->run()
#11 {main}

Next CodeIgniter\Database\Exceptions\DatabaseException: Too many connections in /home/dnzwygdo/djuragancom/vendor/codeigniter4/framework/system/Database/MySQLi/Connection.php:215
Stack trace:
#0 /home/dnzwygdo/djuragancom/vendor/codeigniter4/framework/system/Database/BaseConnection.php(382): CodeIgniter\Database\MySQLi\Connection->connect()
#1 /home/dnzwygdo/djuragancom/vendor/codeigniter4/framework/system/Database/BaseConnection.php(588): CodeIgniter\Database\BaseConnection->initialize()
#2 /home/dnzwygdo/djuragancom/vendor/codeigniter4/framework/system/Database/BaseBuilder.php(1585): CodeIgniter\Database\BaseConnection->query()
#3 /home/dnzwygdo/djuragancom/vendor/codeigniter4/framework/system/Model.php(222): CodeIgniter\Database\BaseBuilder->get()
#4 /home/dnzwygdo/djuragancom/vendor/codeigniter4/framework/system/BaseModel.php(584): CodeIgniter\Model->doFindAll()
#5 /home/dnzwygdo/djuragancom/app/Controllers/Admin/Invoices.php(41): CodeIgniter\BaseModel->findAll()
#6 /home/dnzwygdo/djuragancom/vendor/codeigniter4/framework/system/CodeIgniter.php(898): App\Controllers\Admin\Invoices->lihat()
#7 /home/dnzwygdo/djuragancom/vendor/codeigniter4/framework/system/CodeIgniter.php(457): CodeIgniter\CodeIgniter->runController()
#8 /home/dnzwygdo/djuragancom/vendor/codeigniter4/framework/system/CodeIgniter.php(340): CodeIgniter\CodeIgniter->handleRequest()
#9 /home/dnzwygdo/public_html/index.php(67): CodeIgniter\CodeIgniter->run()
#10 {main}
CRITICAL - 2023-08-17 13:31:55 --> Unable to connect to the database.
Main connection [MySQLi]: Too many connections
in SYSTEMPATH/Database/BaseConnection.php on line 418.
 1 SYSTEMPATH/Database/BaseConnection.php(588): CodeIgniter\Database\BaseConnection->initialize()
 2 SYSTEMPATH/Database/BaseBuilder.php(1585): CodeIgniter\Database\BaseConnection->query()
 3 SYSTEMPATH/Model.php(222): CodeIgniter\Database\BaseBuilder->get()
 4 SYSTEMPATH/BaseModel.php(584): CodeIgniter\Model->doFindAll()
 5 APPPATH/Controllers/Admin/Invoices.php(41): CodeIgniter\BaseModel->findAll()
 6 SYSTEMPATH/CodeIgniter.php(898): App\Controllers\Admin\Invoices->lihat()
 7 SYSTEMPATH/CodeIgniter.php(457): CodeIgniter\CodeIgniter->runController()
 8 SYSTEMPATH/CodeIgniter.php(340): CodeIgniter\CodeIgniter->handleRequest()
 9 FCPATH/index.php(67): CodeIgniter\CodeIgniter->run()
ERROR - 2023-08-17 13:32:00 --> Error connecting to the database: mysqli_sql_exception: Too many connections in /home/dnzwygdo/djuragancom/vendor/codeigniter4/framework/system/Database/MySQLi/Connection.php:171
Stack trace:
#0 /home/dnzwygdo/djuragancom/vendor/codeigniter4/framework/system/Database/MySQLi/Connection.php(171): mysqli->real_connect()
#1 /home/dnzwygdo/djuragancom/vendor/codeigniter4/framework/system/Database/BaseConnection.php(382): CodeIgniter\Database\MySQLi\Connection->connect()
#2 /home/dnzwygdo/djuragancom/vendor/codeigniter4/framework/system/Database/BaseConnection.php(588): CodeIgniter\Database\BaseConnection->initialize()
#3 /home/dnzwygdo/djuragancom/vendor/codeigniter4/framework/system/Database/BaseBuilder.php(1669): CodeIgniter\Database\BaseConnection->query()
#4 /home/dnzwygdo/djuragancom/vendor/codeigniter4/framework/system/Model.php(550): CodeIgniter\Database\BaseBuilder->countAllResults()
#5 /home/dnzwygdo/djuragancom/app/Models/InvoiceModel.php(202): CodeIgniter\Model->countAllResults()
#6 /home/dnzwygdo/djuragancom/app/Models/InvoiceModel.php(136): App\Models\InvoiceModel->counts()
#7 /home/dnzwygdo/djuragancom/app/Controllers/Api/Invoice.php(17): App\Models\InvoiceModel->getCount()
#8 /home/dnzwygdo/djuragancom/vendor/codeigniter4/framework/system/CodeIgniter.php(898): App\Controllers\Api\Invoice->counter_tab()
#9 /home/dnzwygdo/djuragancom/vendor/codeigniter4/framework/system/CodeIgniter.php(457): CodeIgniter\CodeIgniter->runController()
#10 /home/dnzwygdo/djuragancom/vendor/codeigniter4/framework/system/CodeIgniter.php(340): CodeIgniter\CodeIgniter->handleRequest()
#11 /home/dnzwygdo/public_html/index.php(67): CodeIgniter\CodeIgniter->run()
#12 {main}

Next CodeIgniter\Database\Exceptions\DatabaseException: Too many connections in /home/dnzwygdo/djuragancom/vendor/codeigniter4/framework/system/Database/MySQLi/Connection.php:215
Stack trace:
#0 /home/dnzwygdo/djuragancom/vendor/codeigniter4/framework/system/Database/BaseConnection.php(382): CodeIgniter\Database\MySQLi\Connection->connect()
#1 /home/dnzwygdo/djuragancom/vendor/codeigniter4/framework/system/Database/BaseConnection.php(588): CodeIgniter\Database\BaseConnection->initialize()
#2 /home/dnzwygdo/djuragancom/vendor/codeigniter4/framework/system/Database/BaseBuilder.php(1669): CodeIgniter\Database\BaseConnection->query()
#3 /home/dnzwygdo/djuragancom/vendor/codeigniter4/framework/system/Model.php(550): CodeIgniter\Database\BaseBuilder->countAllResults()
#4 /home/dnzwygdo/djuragancom/app/Models/InvoiceModel.php(202): CodeIgniter\Model->countAllResults()
#5 /home/dnzwygdo/djuragancom/app/Models/InvoiceModel.php(136): App\Models\InvoiceModel->counts()
#6 /home/dnzwygdo/djuragancom/app/Controllers/Api/Invoice.php(17): App\Models\InvoiceModel->getCount()
#7 /home/dnzwygdo/djuragancom/vendor/codeigniter4/framework/system/CodeIgniter.php(898): App\Controllers\Api\Invoice->counter_tab()
#8 /home/dnzwygdo/djuragancom/vendor/codeigniter4/framework/system/CodeIgniter.php(457): CodeIgniter\CodeIgniter->runController()
#9 /home/dnzwygdo/djuragancom/vendor/codeigniter4/framework/system/CodeIgniter.php(340): CodeIgniter\CodeIgniter->handleRequest()
#10 /home/dnzwygdo/public_html/index.php(67): CodeIgniter\CodeIgniter->run()
#11 {main}
CRITICAL - 2023-08-17 13:32:00 --> Unable to connect to the database.
Main connection [MySQLi]: Too many connections
in SYSTEMPATH/Database/BaseConnection.php on line 418.
 1 SYSTEMPATH/Database/BaseConnection.php(588): CodeIgniter\Database\BaseConnection->initialize()
 2 SYSTEMPATH/Database/BaseBuilder.php(1669): CodeIgniter\Database\BaseConnection->query()
 3 SYSTEMPATH/Model.php(550): CodeIgniter\Database\BaseBuilder->countAllResults()
 4 APPPATH/Models/InvoiceModel.php(202): CodeIgniter\Model->countAllResults()
 5 APPPATH/Models/InvoiceModel.php(136): App\Models\InvoiceModel->counts()
 6 APPPATH/Controllers/Api/Invoice.php(17): App\Models\InvoiceModel->getCount()
 7 SYSTEMPATH/CodeIgniter.php(898): App\Controllers\Api\Invoice->counter_tab()
 8 SYSTEMPATH/CodeIgniter.php(457): CodeIgniter\CodeIgniter->runController()
 9 SYSTEMPATH/CodeIgniter.php(340): CodeIgniter\CodeIgniter->handleRequest()
10 FCPATH/index.php(67): CodeIgniter\CodeIgniter->run()
ERROR - 2023-08-17 13:32:51 --> Error connecting to the database: mysqli_sql_exception: Too many connections in /home/dnzwygdo/djuragancom/vendor/codeigniter4/framework/system/Database/MySQLi/Connection.php:171
Stack trace:
#0 /home/dnzwygdo/djuragancom/vendor/codeigniter4/framework/system/Database/MySQLi/Connection.php(171): mysqli->real_connect()
#1 /home/dnzwygdo/djuragancom/vendor/codeigniter4/framework/system/Database/BaseConnection.php(382): CodeIgniter\Database\MySQLi\Connection->connect()
#2 /home/dnzwygdo/djuragancom/vendor/codeigniter4/framework/system/Database/BaseConnection.php(588): CodeIgniter\Database\BaseConnection->initialize()
#3 /home/dnzwygdo/djuragancom/vendor/codeigniter4/framework/system/Database/BaseBuilder.php(1669): CodeIgniter\Database\BaseConnection->query()
#4 /home/dnzwygdo/djuragancom/app/Controllers/Api/Notifikasi.php(37): CodeIgniter\Database\BaseBuilder->countAllResults()
#5 /home/dnzwygdo/djuragancom/vendor/codeigniter4/framework/system/CodeIgniter.php(898): App\Controllers\Api\Notifikasi->get()
#6 /home/dnzwygdo/djuragancom/vendor/codeigniter4/framework/system/CodeIgniter.php(457): CodeIgniter\CodeIgniter->runController()
#7 /home/dnzwygdo/djuragancom/vendor/codeigniter4/framework/system/CodeIgniter.php(340): CodeIgniter\CodeIgniter->handleRequest()
#8 /home/dnzwygdo/public_html/index.php(67): CodeIgniter\CodeIgniter->run()
#9 {main}

Next CodeIgniter\Database\Exceptions\DatabaseException: Too many connections in /home/dnzwygdo/djuragancom/vendor/codeigniter4/framework/system/Database/MySQLi/Connection.php:215
Stack trace:
#0 /home/dnzwygdo/djuragancom/vendor/codeigniter4/framework/system/Database/BaseConnection.php(382): CodeIgniter\Database\MySQLi\Connection->connect()
#1 /home/dnzwygdo/djuragancom/vendor/codeigniter4/framework/system/Database/BaseConnection.php(588): CodeIgniter\Database\BaseConnection->initialize()
#2 /home/dnzwygdo/djuragancom/vendor/codeigniter4/framework/system/Database/BaseBuilder.php(1669): CodeIgniter\Database\BaseConnection->query()
#3 /home/dnzwygdo/djuragancom/app/Controllers/Api/Notifikasi.php(37): CodeIgniter\Database\BaseBuilder->countAllResults()
#4 /home/dnzwygdo/djuragancom/vendor/codeigniter4/framework/system/CodeIgniter.php(898): App\Controllers\Api\Notifikasi->get()
#5 /home/dnzwygdo/djuragancom/vendor/codeigniter4/framework/system/CodeIgniter.php(457): CodeIgniter\CodeIgniter->runController()
#6 /home/dnzwygdo/djuragancom/vendor/codeigniter4/framework/system/CodeIgniter.php(340): CodeIgniter\CodeIgniter->handleRequest()
#7 /home/dnzwygdo/public_html/index.php(67): CodeIgniter\CodeIgniter->run()
#8 {main}
CRITICAL - 2023-08-17 13:32:51 --> Unable to connect to the database.
Main connection [MySQLi]: Too many connections
in SYSTEMPATH/Database/BaseConnection.php on line 418.
 1 SYSTEMPATH/Database/BaseConnection.php(588): CodeIgniter\Database\BaseConnection->initialize()
 2 SYSTEMPATH/Database/BaseBuilder.php(1669): CodeIgniter\Database\BaseConnection->query()
 3 APPPATH/Controllers/Api/Notifikasi.php(37): CodeIgniter\Database\BaseBuilder->countAllResults()
 4 SYSTEMPATH/CodeIgniter.php(898): App\Controllers\Api\Notifikasi->get()
 5 SYSTEMPATH/CodeIgniter.php(457): CodeIgniter\CodeIgniter->runController()
 6 SYSTEMPATH/CodeIgniter.php(340): CodeIgniter\CodeIgniter->handleRequest()
 7 FCPATH/index.php(67): CodeIgniter\CodeIgniter->run()
ERROR - 2023-08-17 13:33:01 --> Error connecting to the database: mysqli_sql_exception: Too many connections in /home/dnzwygdo/djuragancom/vendor/codeigniter4/framework/system/Database/MySQLi/Connection.php:171
Stack trace:
#0 /home/dnzwygdo/djuragancom/vendor/codeigniter4/framework/system/Database/MySQLi/Connection.php(171): mysqli->real_connect()
#1 /home/dnzwygdo/djuragancom/vendor/codeigniter4/framework/system/Database/BaseConnection.php(382): CodeIgniter\Database\MySQLi\Connection->connect()
#2 /home/dnzwygdo/djuragancom/vendor/codeigniter4/framework/system/Database/BaseConnection.php(588): CodeIgniter\Database\BaseConnection->initialize()
#3 /home/dnzwygdo/djuragancom/vendor/codeigniter4/framework/system/Database/BaseBuilder.php(1669): CodeIgniter\Database\BaseConnection->query()
#4 /home/dnzwygdo/djuragancom/app/Controllers/Api/Notifikasi.php(37): CodeIgniter\Database\BaseBuilder->countAllResults()
#5 /home/dnzwygdo/djuragancom/vendor/codeigniter4/framework/system/CodeIgniter.php(898): App\Controllers\Api\Notifikasi->get()
#6 /home/dnzwygdo/djuragancom/vendor/codeigniter4/framework/system/CodeIgniter.php(457): CodeIgniter\CodeIgniter->runController()
#7 /home/dnzwygdo/djuragancom/vendor/codeigniter4/framework/system/CodeIgniter.php(340): CodeIgniter\CodeIgniter->handleRequest()
#8 /home/dnzwygdo/public_html/index.php(67): CodeIgniter\CodeIgniter->run()
#9 {main}

Next CodeIgniter\Database\Exceptions\DatabaseException: Too many connections in /home/dnzwygdo/djuragancom/vendor/codeigniter4/framework/system/Database/MySQLi/Connection.php:215
Stack trace:
#0 /home/dnzwygdo/djuragancom/vendor/codeigniter4/framework/system/Database/BaseConnection.php(382): CodeIgniter\Database\MySQLi\Connection->connect()
#1 /home/dnzwygdo/djuragancom/vendor/codeigniter4/framework/system/Database/BaseConnection.php(588): CodeIgniter\Database\BaseConnection->initialize()
#2 /home/dnzwygdo/djuragancom/vendor/codeigniter4/framework/system/Database/BaseBuilder.php(1669): CodeIgniter\Database\BaseConnection->query()
#3 /home/dnzwygdo/djuragancom/app/Controllers/Api/Notifikasi.php(37): CodeIgniter\Database\BaseBuilder->countAllResults()
#4 /home/dnzwygdo/djuragancom/vendor/codeigniter4/framework/system/CodeIgniter.php(898): App\Controllers\Api\Notifikasi->get()
#5 /home/dnzwygdo/djuragancom/vendor/codeigniter4/framework/system/CodeIgniter.php(457): CodeIgniter\CodeIgniter->runController()
#6 /home/dnzwygdo/djuragancom/vendor/codeigniter4/framework/system/CodeIgniter.php(340): CodeIgniter\CodeIgniter->handleRequest()
#7 /home/dnzwygdo/public_html/index.php(67): CodeIgniter\CodeIgniter->run()
#8 {main}
CRITICAL - 2023-08-17 13:33:01 --> Unable to connect to the database.
Main connection [MySQLi]: Too many connections
in SYSTEMPATH/Database/BaseConnection.php on line 418.
 1 SYSTEMPATH/Database/BaseConnection.php(588): CodeIgniter\Database\BaseConnection->initialize()
 2 SYSTEMPATH/Database/BaseBuilder.php(1669): CodeIgniter\Database\BaseConnection->query()
 3 APPPATH/Controllers/Api/Notifikasi.php(37): CodeIgniter\Database\BaseBuilder->countAllResults()
 4 SYSTEMPATH/CodeIgniter.php(898): App\Controllers\Api\Notifikasi->get()
 5 SYSTEMPATH/CodeIgniter.php(457): CodeIgniter\CodeIgniter->runController()
 6 SYSTEMPATH/CodeIgniter.php(340): CodeIgniter\CodeIgniter->handleRequest()
 7 FCPATH/index.php(67): CodeIgniter\CodeIgniter->run()
ERROR - 2023-08-17 13:33:44 --> Error connecting to the database: mysqli_sql_exception: Too many connections in /home/dnzwygdo/djuragancom/vendor/codeigniter4/framework/system/Database/MySQLi/Connection.php:171
Stack trace:
#0 /home/dnzwygdo/djuragancom/vendor/codeigniter4/framework/system/Database/MySQLi/Connection.php(171): mysqli->real_connect()
#1 /home/dnzwygdo/djuragancom/vendor/codeigniter4/framework/system/Database/BaseConnection.php(382): CodeIgniter\Database\MySQLi\Connection->connect()
#2 /home/dnzwygdo/djuragancom/vendor/codeigniter4/framework/system/Database/BaseConnection.php(588): CodeIgniter\Database\BaseConnection->initialize()
#3 /home/dnzwygdo/djuragancom/vendor/codeigniter4/framework/system/Database/BaseBuilder.php(1669): CodeIgniter\Database\BaseConnection->query()
#4 /home/dnzwygdo/djuragancom/app/Controllers/Api/Notifikasi.php(37): CodeIgniter\Database\BaseBuilder->countAllResults()
#5 /home/dnzwygdo/djuragancom/vendor/codeigniter4/framework/system/CodeIgniter.php(898): App\Controllers\Api\Notifikasi->get()
#6 /home/dnzwygdo/djuragancom/vendor/codeigniter4/framework/system/CodeIgniter.php(457): CodeIgniter\CodeIgniter->runController()
#7 /home/dnzwygdo/djuragancom/vendor/codeigniter4/framework/system/CodeIgniter.php(340): CodeIgniter\CodeIgniter->handleRequest()
#8 /home/dnzwygdo/public_html/index.php(67): CodeIgniter\CodeIgniter->run()
#9 {main}

Next CodeIgniter\Database\Exceptions\DatabaseException: Too many connections in /home/dnzwygdo/djuragancom/vendor/codeigniter4/framework/system/Database/MySQLi/Connection.php:215
Stack trace:
#0 /home/dnzwygdo/djuragancom/vendor/codeigniter4/framework/system/Database/BaseConnection.php(382): CodeIgniter\Database\MySQLi\Connection->connect()
#1 /home/dnzwygdo/djuragancom/vendor/codeigniter4/framework/system/Database/BaseConnection.php(588): CodeIgniter\Database\BaseConnection->initialize()
#2 /home/dnzwygdo/djuragancom/vendor/codeigniter4/framework/system/Database/BaseBuilder.php(1669): CodeIgniter\Database\BaseConnection->query()
#3 /home/dnzwygdo/djuragancom/app/Controllers/Api/Notifikasi.php(37): CodeIgniter\Database\BaseBuilder->countAllResults()
#4 /home/dnzwygdo/djuragancom/vendor/codeigniter4/framework/system/CodeIgniter.php(898): App\Controllers\Api\Notifikasi->get()
#5 /home/dnzwygdo/djuragancom/vendor/codeigniter4/framework/system/CodeIgniter.php(457): CodeIgniter\CodeIgniter->runController()
#6 /home/dnzwygdo/djuragancom/vendor/codeigniter4/framework/system/CodeIgniter.php(340): CodeIgniter\CodeIgniter->handleRequest()
#7 /home/dnzwygdo/public_html/index.php(67): CodeIgniter\CodeIgniter->run()
#8 {main}
CRITICAL - 2023-08-17 13:33:44 --> Unable to connect to the database.
Main connection [MySQLi]: Too many connections
in SYSTEMPATH/Database/BaseConnection.php on line 418.
 1 SYSTEMPATH/Database/BaseConnection.php(588): CodeIgniter\Database\BaseConnection->initialize()
 2 SYSTEMPATH/Database/BaseBuilder.php(1669): CodeIgniter\Database\BaseConnection->query()
 3 APPPATH/Controllers/Api/Notifikasi.php(37): CodeIgniter\Database\BaseBuilder->countAllResults()
 4 SYSTEMPATH/CodeIgniter.php(898): App\Controllers\Api\Notifikasi->get()
 5 SYSTEMPATH/CodeIgniter.php(457): CodeIgniter\CodeIgniter->runController()
 6 SYSTEMPATH/CodeIgniter.php(340): CodeIgniter\CodeIgniter->handleRequest()
 7 FCPATH/index.php(67): CodeIgniter\CodeIgniter->run()
ERROR - 2023-08-17 13:33:44 --> Error connecting to the database: mysqli_sql_exception: Too many connections in /home/dnzwygdo/djuragancom/vendor/codeigniter4/framework/system/Database/MySQLi/Connection.php:171
Stack trace:
#0 /home/dnzwygdo/djuragancom/vendor/codeigniter4/framework/system/Database/MySQLi/Connection.php(171): mysqli->real_connect()
#1 /home/dnzwygdo/djuragancom/vendor/codeigniter4/framework/system/Database/BaseConnection.php(382): CodeIgniter\Database\MySQLi\Connection->connect()
#2 /home/dnzwygdo/djuragancom/vendor/codeigniter4/framework/system/Database/BaseConnection.php(588): CodeIgniter\Database\BaseConnection->initialize()
#3 /home/dnzwygdo/djuragancom/vendor/codeigniter4/framework/system/Database/BaseBuilder.php(1669): CodeIgniter\Database\BaseConnection->query()
#4 /home/dnzwygdo/djuragancom/app/Controllers/Api/Notifikasi.php(37): CodeIgniter\Database\BaseBuilder->countAllResults()
#5 /home/dnzwygdo/djuragancom/vendor/codeigniter4/framework/system/CodeIgniter.php(898): App\Controllers\Api\Notifikasi->get()
#6 /home/dnzwygdo/djuragancom/vendor/codeigniter4/framework/system/CodeIgniter.php(457): CodeIgniter\CodeIgniter->runController()
#7 /home/dnzwygdo/djuragancom/vendor/codeigniter4/framework/system/CodeIgniter.php(340): CodeIgniter\CodeIgniter->handleRequest()
#8 /home/dnzwygdo/public_html/index.php(67): CodeIgniter\CodeIgniter->run()
#9 {main}

Next CodeIgniter\Database\Exceptions\DatabaseException: Too many connections in /home/dnzwygdo/djuragancom/vendor/codeigniter4/framework/system/Database/MySQLi/Connection.php:215
Stack trace:
#0 /home/dnzwygdo/djuragancom/vendor/codeigniter4/framework/system/Database/BaseConnection.php(382): CodeIgniter\Database\MySQLi\Connection->connect()
#1 /home/dnzwygdo/djuragancom/vendor/codeigniter4/framework/system/Database/BaseConnection.php(588): CodeIgniter\Database\BaseConnection->initialize()
#2 /home/dnzwygdo/djuragancom/vendor/codeigniter4/framework/system/Database/BaseBuilder.php(1669): CodeIgniter\Database\BaseConnection->query()
#3 /home/dnzwygdo/djuragancom/app/Controllers/Api/Notifikasi.php(37): CodeIgniter\Database\BaseBuilder->countAllResults()
#4 /home/dnzwygdo/djuragancom/vendor/codeigniter4/framework/system/CodeIgniter.php(898): App\Controllers\Api\Notifikasi->get()
#5 /home/dnzwygdo/djuragancom/vendor/codeigniter4/framework/system/CodeIgniter.php(457): CodeIgniter\CodeIgniter->runController()
#6 /home/dnzwygdo/djuragancom/vendor/codeigniter4/framework/system/CodeIgniter.php(340): CodeIgniter\CodeIgniter->handleRequest()
#7 /home/dnzwygdo/public_html/index.php(67): CodeIgniter\CodeIgniter->run()
#8 {main}
CRITICAL - 2023-08-17 13:33:44 --> Unable to connect to the database.
Main connection [MySQLi]: Too many connections
in SYSTEMPATH/Database/BaseConnection.php on line 418.
 1 SYSTEMPATH/Database/BaseConnection.php(588): CodeIgniter\Database\BaseConnection->initialize()
 2 SYSTEMPATH/Database/BaseBuilder.php(1669): CodeIgniter\Database\BaseConnection->query()
 3 APPPATH/Controllers/Api/Notifikasi.php(37): CodeIgniter\Database\BaseBuilder->countAllResults()
 4 SYSTEMPATH/CodeIgniter.php(898): App\Controllers\Api\Notifikasi->get()
 5 SYSTEMPATH/CodeIgniter.php(457): CodeIgniter\CodeIgniter->runController()
 6 SYSTEMPATH/CodeIgniter.php(340): CodeIgniter\CodeIgniter->handleRequest()
 7 FCPATH/index.php(67): CodeIgniter\CodeIgniter->run()
ERROR - 2023-08-17 13:48:44 --> Error connecting to the database: mysqli_sql_exception: Too many connections in /home/dnzwygdo/djuragancom/vendor/codeigniter4/framework/system/Database/MySQLi/Connection.php:171
Stack trace:
#0 /home/dnzwygdo/djuragancom/vendor/codeigniter4/framework/system/Database/MySQLi/Connection.php(171): mysqli->real_connect()
#1 /home/dnzwygdo/djuragancom/vendor/codeigniter4/framework/system/Database/BaseConnection.php(382): CodeIgniter\Database\MySQLi\Connection->connect()
#2 /home/dnzwygdo/djuragancom/vendor/codeigniter4/framework/system/Database/BaseConnection.php(588): CodeIgniter\Database\BaseConnection->initialize()
#3 /home/dnzwygdo/djuragancom/vendor/codeigniter4/framework/system/Database/BaseBuilder.php(1669): CodeIgniter\Database\BaseConnection->query()
#4 /home/dnzwygdo/djuragancom/app/Controllers/Api/Notifikasi.php(37): CodeIgniter\Database\BaseBuilder->countAllResults()
#5 /home/dnzwygdo/djuragancom/vendor/codeigniter4/framework/system/CodeIgniter.php(898): App\Controllers\Api\Notifikasi->get()
#6 /home/dnzwygdo/djuragancom/vendor/codeigniter4/framework/system/CodeIgniter.php(457): CodeIgniter\CodeIgniter->runController()
#7 /home/dnzwygdo/djuragancom/vendor/codeigniter4/framework/system/CodeIgniter.php(340): CodeIgniter\CodeIgniter->handleRequest()
#8 /home/dnzwygdo/public_html/index.php(67): CodeIgniter\CodeIgniter->run()
#9 {main}

Next CodeIgniter\Database\Exceptions\DatabaseException: Too many connections in /home/dnzwygdo/djuragancom/vendor/codeigniter4/framework/system/Database/MySQLi/Connection.php:215
Stack trace:
#0 /home/dnzwygdo/djuragancom/vendor/codeigniter4/framework/system/Database/BaseConnection.php(382): CodeIgniter\Database\MySQLi\Connection->connect()
#1 /home/dnzwygdo/djuragancom/vendor/codeigniter4/framework/system/Database/BaseConnection.php(588): CodeIgniter\Database\BaseConnection->initialize()
#2 /home/dnzwygdo/djuragancom/vendor/codeigniter4/framework/system/Database/BaseBuilder.php(1669): CodeIgniter\Database\BaseConnection->query()
#3 /home/dnzwygdo/djuragancom/app/Controllers/Api/Notifikasi.php(37): CodeIgniter\Database\BaseBuilder->countAllResults()
#4 /home/dnzwygdo/djuragancom/vendor/codeigniter4/framework/system/CodeIgniter.php(898): App\Controllers\Api\Notifikasi->get()
#5 /home/dnzwygdo/djuragancom/vendor/codeigniter4/framework/system/CodeIgniter.php(457): CodeIgniter\CodeIgniter->runController()
#6 /home/dnzwygdo/djuragancom/vendor/codeigniter4/framework/system/CodeIgniter.php(340): CodeIgniter\CodeIgniter->handleRequest()
#7 /home/dnzwygdo/public_html/index.php(67): CodeIgniter\CodeIgniter->run()
#8 {main}
CRITICAL - 2023-08-17 13:48:44 --> Unable to connect to the database.
Main connection [MySQLi]: Too many connections
in SYSTEMPATH/Database/BaseConnection.php on line 418.
 1 SYSTEMPATH/Database/BaseConnection.php(588): CodeIgniter\Database\BaseConnection->initialize()
 2 SYSTEMPATH/Database/BaseBuilder.php(1669): CodeIgniter\Database\BaseConnection->query()
 3 APPPATH/Controllers/Api/Notifikasi.php(37): CodeIgniter\Database\BaseBuilder->countAllResults()
 4 SYSTEMPATH/CodeIgniter.php(898): App\Controllers\Api\Notifikasi->get()
 5 SYSTEMPATH/CodeIgniter.php(457): CodeIgniter\CodeIgniter->runController()
 6 SYSTEMPATH/CodeIgniter.php(340): CodeIgniter\CodeIgniter->handleRequest()
 7 FCPATH/index.php(67): CodeIgniter\CodeIgniter->run()
ERROR - 2023-08-17 13:48:58 --> Error connecting to the database: mysqli_sql_exception: Too many connections in /home/dnzwygdo/djuragancom/vendor/codeigniter4/framework/system/Database/MySQLi/Connection.php:171
Stack trace:
#0 /home/dnzwygdo/djuragancom/vendor/codeigniter4/framework/system/Database/MySQLi/Connection.php(171): mysqli->real_connect()
#1 /home/dnzwygdo/djuragancom/vendor/codeigniter4/framework/system/Database/BaseConnection.php(382): CodeIgniter\Database\MySQLi\Connection->connect()
#2 /home/dnzwygdo/djuragancom/vendor/codeigniter4/framework/system/Database/BaseConnection.php(588): CodeIgniter\Database\BaseConnection->initialize()
#3 /home/dnzwygdo/djuragancom/vendor/codeigniter4/framework/system/Database/BaseBuilder.php(1669): CodeIgniter\Database\BaseConnection->query()
#4 /home/dnzwygdo/djuragancom/app/Controllers/Api/Notifikasi.php(37): CodeIgniter\Database\BaseBuilder->countAllResults()
#5 /home/dnzwygdo/djuragancom/vendor/codeigniter4/framework/system/CodeIgniter.php(898): App\Controllers\Api\Notifikasi->get()
#6 /home/dnzwygdo/djuragancom/vendor/codeigniter4/framework/system/CodeIgniter.php(457): CodeIgniter\CodeIgniter->runController()
#7 /home/dnzwygdo/djuragancom/vendor/codeigniter4/framework/system/CodeIgniter.php(340): CodeIgniter\CodeIgniter->handleRequest()
#8 /home/dnzwygdo/public_html/index.php(67): CodeIgniter\CodeIgniter->run()
#9 {main}

Next CodeIgniter\Database\Exceptions\DatabaseException: Too many connections in /home/dnzwygdo/djuragancom/vendor/codeigniter4/framework/system/Database/MySQLi/Connection.php:215
Stack trace:
#0 /home/dnzwygdo/djuragancom/vendor/codeigniter4/framework/system/Database/BaseConnection.php(382): CodeIgniter\Database\MySQLi\Connection->connect()
#1 /home/dnzwygdo/djuragancom/vendor/codeigniter4/framework/system/Database/BaseConnection.php(588): CodeIgniter\Database\BaseConnection->initialize()
#2 /home/dnzwygdo/djuragancom/vendor/codeigniter4/framework/system/Database/BaseBuilder.php(1669): CodeIgniter\Database\BaseConnection->query()
#3 /home/dnzwygdo/djuragancom/app/Controllers/Api/Notifikasi.php(37): CodeIgniter\Database\BaseBuilder->countAllResults()
#4 /home/dnzwygdo/djuragancom/vendor/codeigniter4/framework/system/CodeIgniter.php(898): App\Controllers\Api\Notifikasi->get()
#5 /home/dnzwygdo/djuragancom/vendor/codeigniter4/framework/system/CodeIgniter.php(457): CodeIgniter\CodeIgniter->runController()
#6 /home/dnzwygdo/djuragancom/vendor/codeigniter4/framework/system/CodeIgniter.php(340): CodeIgniter\CodeIgniter->handleRequest()
#7 /home/dnzwygdo/public_html/index.php(67): CodeIgniter\CodeIgniter->run()
#8 {main}
CRITICAL - 2023-08-17 13:48:58 --> Unable to connect to the database.
Main connection [MySQLi]: Too many connections
in SYSTEMPATH/Database/BaseConnection.php on line 418.
 1 SYSTEMPATH/Database/BaseConnection.php(588): CodeIgniter\Database\BaseConnection->initialize()
 2 SYSTEMPATH/Database/BaseBuilder.php(1669): CodeIgniter\Database\BaseConnection->query()
 3 APPPATH/Controllers/Api/Notifikasi.php(37): CodeIgniter\Database\BaseBuilder->countAllResults()
 4 SYSTEMPATH/CodeIgniter.php(898): App\Controllers\Api\Notifikasi->get()
 5 SYSTEMPATH/CodeIgniter.php(457): CodeIgniter\CodeIgniter->runController()
 6 SYSTEMPATH/CodeIgniter.php(340): CodeIgniter\CodeIgniter->handleRequest()
 7 FCPATH/index.php(67): CodeIgniter\CodeIgniter->run()
ERROR - 2023-08-17 13:49:21 --> Error connecting to the database: mysqli_sql_exception: Too many connections in /home/dnzwygdo/djuragancom/vendor/codeigniter4/framework/system/Database/MySQLi/Connection.php:171
Stack trace:
#0 /home/dnzwygdo/djuragancom/vendor/codeigniter4/framework/system/Database/MySQLi/Connection.php(171): mysqli->real_connect()
#1 /home/dnzwygdo/djuragancom/vendor/codeigniter4/framework/system/Database/BaseConnection.php(382): CodeIgniter\Database\MySQLi\Connection->connect()
#2 /home/dnzwygdo/djuragancom/vendor/codeigniter4/framework/system/Database/BaseConnection.php(588): CodeIgniter\Database\BaseConnection->initialize()
#3 /home/dnzwygdo/djuragancom/vendor/codeigniter4/framework/system/Database/BaseBuilder.php(1669): CodeIgniter\Database\BaseConnection->query()
#4 /home/dnzwygdo/djuragancom/app/Controllers/Api/Notifikasi.php(37): CodeIgniter\Database\BaseBuilder->countAllResults()
#5 /home/dnzwygdo/djuragancom/vendor/codeigniter4/framework/system/CodeIgniter.php(898): App\Controllers\Api\Notifikasi->get()
#6 /home/dnzwygdo/djuragancom/vendor/codeigniter4/framework/system/CodeIgniter.php(457): CodeIgniter\CodeIgniter->runController()
#7 /home/dnzwygdo/djuragancom/vendor/codeigniter4/framework/system/CodeIgniter.php(340): CodeIgniter\CodeIgniter->handleRequest()
#8 /home/dnzwygdo/public_html/index.php(67): CodeIgniter\CodeIgniter->run()
#9 {main}

Next CodeIgniter\Database\Exceptions\DatabaseException: Too many connections in /home/dnzwygdo/djuragancom/vendor/codeigniter4/framework/system/Database/MySQLi/Connection.php:215
Stack trace:
#0 /home/dnzwygdo/djuragancom/vendor/codeigniter4/framework/system/Database/BaseConnection.php(382): CodeIgniter\Database\MySQLi\Connection->connect()
#1 /home/dnzwygdo/djuragancom/vendor/codeigniter4/framework/system/Database/BaseConnection.php(588): CodeIgniter\Database\BaseConnection->initialize()
#2 /home/dnzwygdo/djuragancom/vendor/codeigniter4/framework/system/Database/BaseBuilder.php(1669): CodeIgniter\Database\BaseConnection->query()
#3 /home/dnzwygdo/djuragancom/app/Controllers/Api/Notifikasi.php(37): CodeIgniter\Database\BaseBuilder->countAllResults()
#4 /home/dnzwygdo/djuragancom/vendor/codeigniter4/framework/system/CodeIgniter.php(898): App\Controllers\Api\Notifikasi->get()
#5 /home/dnzwygdo/djuragancom/vendor/codeigniter4/framework/system/CodeIgniter.php(457): CodeIgniter\CodeIgniter->runController()
#6 /home/dnzwygdo/djuragancom/vendor/codeigniter4/framework/system/CodeIgniter.php(340): CodeIgniter\CodeIgniter->handleRequest()
#7 /home/dnzwygdo/public_html/index.php(67): CodeIgniter\CodeIgniter->run()
#8 {main}
CRITICAL - 2023-08-17 13:49:21 --> Unable to connect to the database.
Main connection [MySQLi]: Too many connections
in SYSTEMPATH/Database/BaseConnection.php on line 418.
 1 SYSTEMPATH/Database/BaseConnection.php(588): CodeIgniter\Database\BaseConnection->initialize()
 2 SYSTEMPATH/Database/BaseBuilder.php(1669): CodeIgniter\Database\BaseConnection->query()
 3 APPPATH/Controllers/Api/Notifikasi.php(37): CodeIgniter\Database\BaseBuilder->countAllResults()
 4 SYSTEMPATH/CodeIgniter.php(898): App\Controllers\Api\Notifikasi->get()
 5 SYSTEMPATH/CodeIgniter.php(457): CodeIgniter\CodeIgniter->runController()
 6 SYSTEMPATH/CodeIgniter.php(340): CodeIgniter\CodeIgniter->handleRequest()
 7 FCPATH/index.php(67): CodeIgniter\CodeIgniter->run()
ERROR - 2023-08-17 13:49:44 --> Error connecting to the database: mysqli_sql_exception: Too many connections in /home/dnzwygdo/djuragancom/vendor/codeigniter4/framework/system/Database/MySQLi/Connection.php:171
Stack trace:
#0 /home/dnzwygdo/djuragancom/vendor/codeigniter4/framework/system/Database/MySQLi/Connection.php(171): mysqli->real_connect()
#1 /home/dnzwygdo/djuragancom/vendor/codeigniter4/framework/system/Database/BaseConnection.php(382): CodeIgniter\Database\MySQLi\Connection->connect()
#2 /home/dnzwygdo/djuragancom/vendor/codeigniter4/framework/system/Database/BaseConnection.php(588): CodeIgniter\Database\BaseConnection->initialize()
#3 /home/dnzwygdo/djuragancom/vendor/codeigniter4/framework/system/Database/BaseBuilder.php(1669): CodeIgniter\Database\BaseConnection->query()
#4 /home/dnzwygdo/djuragancom/app/Controllers/Api/Notifikasi.php(37): CodeIgniter\Database\BaseBuilder->countAllResults()
#5 /home/dnzwygdo/djuragancom/vendor/codeigniter4/framework/system/CodeIgniter.php(898): App\Controllers\Api\Notifikasi->get()
#6 /home/dnzwygdo/djuragancom/vendor/codeigniter4/framework/system/CodeIgniter.php(457): CodeIgniter\CodeIgniter->runController()
#7 /home/dnzwygdo/djuragancom/vendor/codeigniter4/framework/system/CodeIgniter.php(340): CodeIgniter\CodeIgniter->handleRequest()
#8 /home/dnzwygdo/public_html/index.php(67): CodeIgniter\CodeIgniter->run()
#9 {main}

Next CodeIgniter\Database\Exceptions\DatabaseException: Too many connections in /home/dnzwygdo/djuragancom/vendor/codeigniter4/framework/system/Database/MySQLi/Connection.php:215
Stack trace:
#0 /home/dnzwygdo/djuragancom/vendor/codeigniter4/framework/system/Database/BaseConnection.php(382): CodeIgniter\Database\MySQLi\Connection->connect()
#1 /home/dnzwygdo/djuragancom/vendor/codeigniter4/framework/system/Database/BaseConnection.php(588): CodeIgniter\Database\BaseConnection->initialize()
#2 /home/dnzwygdo/djuragancom/vendor/codeigniter4/framework/system/Database/BaseBuilder.php(1669): CodeIgniter\Database\BaseConnection->query()
#3 /home/dnzwygdo/djuragancom/app/Controllers/Api/Notifikasi.php(37): CodeIgniter\Database\BaseBuilder->countAllResults()
#4 /home/dnzwygdo/djuragancom/vendor/codeigniter4/framework/system/CodeIgniter.php(898): App\Controllers\Api\Notifikasi->get()
#5 /home/dnzwygdo/djuragancom/vendor/codeigniter4/framework/system/CodeIgniter.php(457): CodeIgniter\CodeIgniter->runController()
#6 /home/dnzwygdo/djuragancom/vendor/codeigniter4/framework/system/CodeIgniter.php(340): CodeIgniter\CodeIgniter->handleRequest()
#7 /home/dnzwygdo/public_html/index.php(67): CodeIgniter\CodeIgniter->run()
#8 {main}
CRITICAL - 2023-08-17 13:49:44 --> Unable to connect to the database.
Main connection [MySQLi]: Too many connections
in SYSTEMPATH/Database/BaseConnection.php on line 418.
 1 SYSTEMPATH/Database/BaseConnection.php(588): CodeIgniter\Database\BaseConnection->initialize()
 2 SYSTEMPATH/Database/BaseBuilder.php(1669): CodeIgniter\Database\BaseConnection->query()
 3 APPPATH/Controllers/Api/Notifikasi.php(37): CodeIgniter\Database\BaseBuilder->countAllResults()
 4 SYSTEMPATH/CodeIgniter.php(898): App\Controllers\Api\Notifikasi->get()
 5 SYSTEMPATH/CodeIgniter.php(457): CodeIgniter\CodeIgniter->runController()
 6 SYSTEMPATH/CodeIgniter.php(340): CodeIgniter\CodeIgniter->handleRequest()
 7 FCPATH/index.php(67): CodeIgniter\CodeIgniter->run()
ERROR - 2023-08-17 13:49:44 --> Error connecting to the database: mysqli_sql_exception: Too many connections in /home/dnzwygdo/djuragancom/vendor/codeigniter4/framework/system/Database/MySQLi/Connection.php:171
Stack trace:
#0 /home/dnzwygdo/djuragancom/vendor/codeigniter4/framework/system/Database/MySQLi/Connection.php(171): mysqli->real_connect()
#1 /home/dnzwygdo/djuragancom/vendor/codeigniter4/framework/system/Database/BaseConnection.php(382): CodeIgniter\Database\MySQLi\Connection->connect()
#2 /home/dnzwygdo/djuragancom/vendor/codeigniter4/framework/system/Database/BaseConnection.php(588): CodeIgniter\Database\BaseConnection->initialize()
#3 /home/dnzwygdo/djuragancom/vendor/codeigniter4/framework/system/Database/BaseBuilder.php(1669): CodeIgniter\Database\BaseConnection->query()
#4 /home/dnzwygdo/djuragancom/app/Controllers/Api/Notifikasi.php(37): CodeIgniter\Database\BaseBuilder->countAllResults()
#5 /home/dnzwygdo/djuragancom/vendor/codeigniter4/framework/system/CodeIgniter.php(898): App\Controllers\Api\Notifikasi->get()
#6 /home/dnzwygdo/djuragancom/vendor/codeigniter4/framework/system/CodeIgniter.php(457): CodeIgniter\CodeIgniter->runController()
#7 /home/dnzwygdo/djuragancom/vendor/codeigniter4/framework/system/CodeIgniter.php(340): CodeIgniter\CodeIgniter->handleRequest()
#8 /home/dnzwygdo/public_html/index.php(67): CodeIgniter\CodeIgniter->run()
#9 {main}

Next CodeIgniter\Database\Exceptions\DatabaseException: Too many connections in /home/dnzwygdo/djuragancom/vendor/codeigniter4/framework/system/Database/MySQLi/Connection.php:215
Stack trace:
#0 /home/dnzwygdo/djuragancom/vendor/codeigniter4/framework/system/Database/BaseConnection.php(382): CodeIgniter\Database\MySQLi\Connection->connect()
#1 /home/dnzwygdo/djuragancom/vendor/codeigniter4/framework/system/Database/BaseConnection.php(588): CodeIgniter\Database\BaseConnection->initialize()
#2 /home/dnzwygdo/djuragancom/vendor/codeigniter4/framework/system/Database/BaseBuilder.php(1669): CodeIgniter\Database\BaseConnection->query()
#3 /home/dnzwygdo/djuragancom/app/Controllers/Api/Notifikasi.php(37): CodeIgniter\Database\BaseBuilder->countAllResults()
#4 /home/dnzwygdo/djuragancom/vendor/codeigniter4/framework/system/CodeIgniter.php(898): App\Controllers\Api\Notifikasi->get()
#5 /home/dnzwygdo/djuragancom/vendor/codeigniter4/framework/system/CodeIgniter.php(457): CodeIgniter\CodeIgniter->runController()
#6 /home/dnzwygdo/djuragancom/vendor/codeigniter4/framework/system/CodeIgniter.php(340): CodeIgniter\CodeIgniter->handleRequest()
#7 /home/dnzwygdo/public_html/index.php(67): CodeIgniter\CodeIgniter->run()
#8 {main}
CRITICAL - 2023-08-17 13:49:44 --> Unable to connect to the database.
Main connection [MySQLi]: Too many connections
in SYSTEMPATH/Database/BaseConnection.php on line 418.
 1 SYSTEMPATH/Database/BaseConnection.php(588): CodeIgniter\Database\BaseConnection->initialize()
 2 SYSTEMPATH/Database/BaseBuilder.php(1669): CodeIgniter\Database\BaseConnection->query()
 3 APPPATH/Controllers/Api/Notifikasi.php(37): CodeIgniter\Database\BaseBuilder->countAllResults()
 4 SYSTEMPATH/CodeIgniter.php(898): App\Controllers\Api\Notifikasi->get()
 5 SYSTEMPATH/CodeIgniter.php(457): CodeIgniter\CodeIgniter->runController()
 6 SYSTEMPATH/CodeIgniter.php(340): CodeIgniter\CodeIgniter->handleRequest()
 7 FCPATH/index.php(67): CodeIgniter\CodeIgniter->run()
ERROR - 2023-08-17 13:50:15 --> Error connecting to the database: mysqli_sql_exception: Too many connections in /home/dnzwygdo/djuragancom/vendor/codeigniter4/framework/system/Database/MySQLi/Connection.php:171
Stack trace:
#0 /home/dnzwygdo/djuragancom/vendor/codeigniter4/framework/system/Database/MySQLi/Connection.php(171): mysqli->real_connect()
#1 /home/dnzwygdo/djuragancom/vendor/codeigniter4/framework/system/Database/BaseConnection.php(382): CodeIgniter\Database\MySQLi\Connection->connect()
#2 /home/dnzwygdo/djuragancom/vendor/codeigniter4/framework/system/Database/BaseConnection.php(588): CodeIgniter\Database\BaseConnection->initialize()
#3 /home/dnzwygdo/djuragancom/vendor/codeigniter4/framework/system/Database/BaseBuilder.php(1669): CodeIgniter\Database\BaseConnection->query()
#4 /home/dnzwygdo/djuragancom/app/Controllers/Api/Notifikasi.php(37): CodeIgniter\Database\BaseBuilder->countAllResults()
#5 /home/dnzwygdo/djuragancom/vendor/codeigniter4/framework/system/CodeIgniter.php(898): App\Controllers\Api\Notifikasi->get()
#6 /home/dnzwygdo/djuragancom/vendor/codeigniter4/framework/system/CodeIgniter.php(457): CodeIgniter\CodeIgniter->runController()
#7 /home/dnzwygdo/djuragancom/vendor/codeigniter4/framework/system/CodeIgniter.php(340): CodeIgniter\CodeIgniter->handleRequest()
#8 /home/dnzwygdo/public_html/index.php(67): CodeIgniter\CodeIgniter->run()
#9 {main}

Next CodeIgniter\Database\Exceptions\DatabaseException: Too many connections in /home/dnzwygdo/djuragancom/vendor/codeigniter4/framework/system/Database/MySQLi/Connection.php:215
Stack trace:
#0 /home/dnzwygdo/djuragancom/vendor/codeigniter4/framework/system/Database/BaseConnection.php(382): CodeIgniter\Database\MySQLi\Connection->connect()
#1 /home/dnzwygdo/djuragancom/vendor/codeigniter4/framework/system/Database/BaseConnection.php(588): CodeIgniter\Database\BaseConnection->initialize()
#2 /home/dnzwygdo/djuragancom/vendor/codeigniter4/framework/system/Database/BaseBuilder.php(1669): CodeIgniter\Database\BaseConnection->query()
#3 /home/dnzwygdo/djuragancom/app/Controllers/Api/Notifikasi.php(37): CodeIgniter\Database\BaseBuilder->countAllResults()
#4 /home/dnzwygdo/djuragancom/vendor/codeigniter4/framework/system/CodeIgniter.php(898): App\Controllers\Api\Notifikasi->get()
#5 /home/dnzwygdo/djuragancom/vendor/codeigniter4/framework/system/CodeIgniter.php(457): CodeIgniter\CodeIgniter->runController()
#6 /home/dnzwygdo/djuragancom/vendor/codeigniter4/framework/system/CodeIgniter.php(340): CodeIgniter\CodeIgniter->handleRequest()
#7 /home/dnzwygdo/public_html/index.php(67): CodeIgniter\CodeIgniter->run()
#8 {main}
CRITICAL - 2023-08-17 13:50:15 --> Unable to connect to the database.
Main connection [MySQLi]: Too many connections
in SYSTEMPATH/Database/BaseConnection.php on line 418.
 1 SYSTEMPATH/Database/BaseConnection.php(588): CodeIgniter\Database\BaseConnection->initialize()
 2 SYSTEMPATH/Database/BaseBuilder.php(1669): CodeIgniter\Database\BaseConnection->query()
 3 APPPATH/Controllers/Api/Notifikasi.php(37): CodeIgniter\Database\BaseBuilder->countAllResults()
 4 SYSTEMPATH/CodeIgniter.php(898): App\Controllers\Api\Notifikasi->get()
 5 SYSTEMPATH/CodeIgniter.php(457): CodeIgniter\CodeIgniter->runController()
 6 SYSTEMPATH/CodeIgniter.php(340): CodeIgniter\CodeIgniter->handleRequest()
 7 FCPATH/index.php(67): CodeIgniter\CodeIgniter->run()
ERROR - 2023-08-17 13:50:48 --> Error connecting to the database: mysqli_sql_exception: Too many connections in /home/dnzwygdo/djuragancom/vendor/codeigniter4/framework/system/Database/MySQLi/Connection.php:171
Stack trace:
#0 /home/dnzwygdo/djuragancom/vendor/codeigniter4/framework/system/Database/MySQLi/Connection.php(171): mysqli->real_connect()
#1 /home/dnzwygdo/djuragancom/vendor/codeigniter4/framework/system/Database/BaseConnection.php(382): CodeIgniter\Database\MySQLi\Connection->connect()
#2 /home/dnzwygdo/djuragancom/vendor/codeigniter4/framework/system/Database/BaseConnection.php(588): CodeIgniter\Database\BaseConnection->initialize()
#3 /home/dnzwygdo/djuragancom/vendor/codeigniter4/framework/system/Database/BaseBuilder.php(1669): CodeIgniter\Database\BaseConnection->query()
#4 /home/dnzwygdo/djuragancom/app/Controllers/Api/Notifikasi.php(37): CodeIgniter\Database\BaseBuilder->countAllResults()
#5 /home/dnzwygdo/djuragancom/vendor/codeigniter4/framework/system/CodeIgniter.php(898): App\Controllers\Api\Notifikasi->get()
#6 /home/dnzwygdo/djuragancom/vendor/codeigniter4/framework/system/CodeIgniter.php(457): CodeIgniter\CodeIgniter->runController()
#7 /home/dnzwygdo/djuragancom/vendor/codeigniter4/framework/system/CodeIgniter.php(340): CodeIgniter\CodeIgniter->handleRequest()
#8 /home/dnzwygdo/public_html/index.php(67): CodeIgniter\CodeIgniter->run()
#9 {main}

Next CodeIgniter\Database\Exceptions\DatabaseException: Too many connections in /home/dnzwygdo/djuragancom/vendor/codeigniter4/framework/system/Database/MySQLi/Connection.php:215
Stack trace:
#0 /home/dnzwygdo/djuragancom/vendor/codeigniter4/framework/system/Database/BaseConnection.php(382): CodeIgniter\Database\MySQLi\Connection->connect()
#1 /home/dnzwygdo/djuragancom/vendor/codeigniter4/framework/system/Database/BaseConnection.php(588): CodeIgniter\Database\BaseConnection->initialize()
#2 /home/dnzwygdo/djuragancom/vendor/codeigniter4/framework/system/Database/BaseBuilder.php(1669): CodeIgniter\Database\BaseConnection->query()
#3 /home/dnzwygdo/djuragancom/app/Controllers/Api/Notifikasi.php(37): CodeIgniter\Database\BaseBuilder->countAllResults()
#4 /home/dnzwygdo/djuragancom/vendor/codeigniter4/framework/system/CodeIgniter.php(898): App\Controllers\Api\Notifikasi->get()
#5 /home/dnzwygdo/djuragancom/vendor/codeigniter4/framework/system/CodeIgniter.php(457): CodeIgniter\CodeIgniter->runController()
#6 /home/dnzwygdo/djuragancom/vendor/codeigniter4/framework/system/CodeIgniter.php(340): CodeIgniter\CodeIgniter->handleRequest()
#7 /home/dnzwygdo/public_html/index.php(67): CodeIgniter\CodeIgniter->run()
#8 {main}
CRITICAL - 2023-08-17 13:50:48 --> Unable to connect to the database.
Main connection [MySQLi]: Too many connections
in SYSTEMPATH/Database/BaseConnection.php on line 418.
 1 SYSTEMPATH/Database/BaseConnection.php(588): CodeIgniter\Database\BaseConnection->initialize()
 2 SYSTEMPATH/Database/BaseBuilder.php(1669): CodeIgniter\Database\BaseConnection->query()
 3 APPPATH/Controllers/Api/Notifikasi.php(37): CodeIgniter\Database\BaseBuilder->countAllResults()
 4 SYSTEMPATH/CodeIgniter.php(898): App\Controllers\Api\Notifikasi->get()
 5 SYSTEMPATH/CodeIgniter.php(457): CodeIgniter\CodeIgniter->runController()
 6 SYSTEMPATH/CodeIgniter.php(340): CodeIgniter\CodeIgniter->handleRequest()
 7 FCPATH/index.php(67): CodeIgniter\CodeIgniter->run()
ERROR - 2023-08-17 14:03:03 --> Error connecting to the database: mysqli_sql_exception: Too many connections in /home/dnzwygdo/djuragancom/vendor/codeigniter4/framework/system/Database/MySQLi/Connection.php:171
Stack trace:
#0 /home/dnzwygdo/djuragancom/vendor/codeigniter4/framework/system/Database/MySQLi/Connection.php(171): mysqli->real_connect()
#1 /home/dnzwygdo/djuragancom/vendor/codeigniter4/framework/system/Database/BaseConnection.php(382): CodeIgniter\Database\MySQLi\Connection->connect()
#2 /home/dnzwygdo/djuragancom/vendor/codeigniter4/framework/system/Database/BaseConnection.php(588): CodeIgniter\Database\BaseConnection->initialize()
#3 /home/dnzwygdo/djuragancom/vendor/codeigniter4/framework/system/Database/BaseBuilder.php(1669): CodeIgniter\Database\BaseConnection->query()
#4 /home/dnzwygdo/djuragancom/app/Controllers/Api/Notifikasi.php(37): CodeIgniter\Database\BaseBuilder->countAllResults()
#5 /home/dnzwygdo/djuragancom/vendor/codeigniter4/framework/system/CodeIgniter.php(898): App\Controllers\Api\Notifikasi->get()
#6 /home/dnzwygdo/djuragancom/vendor/codeigniter4/framework/system/CodeIgniter.php(457): CodeIgniter\CodeIgniter->runController()
#7 /home/dnzwygdo/djuragancom/vendor/codeigniter4/framework/system/CodeIgniter.php(340): CodeIgniter\CodeIgniter->handleRequest()
#8 /home/dnzwygdo/public_html/index.php(67): CodeIgniter\CodeIgniter->run()
#9 {main}

Next CodeIgniter\Database\Exceptions\DatabaseException: Too many connections in /home/dnzwygdo/djuragancom/vendor/codeigniter4/framework/system/Database/MySQLi/Connection.php:215
Stack trace:
#0 /home/dnzwygdo/djuragancom/vendor/codeigniter4/framework/system/Database/BaseConnection.php(382): CodeIgniter\Database\MySQLi\Connection->connect()
#1 /home/dnzwygdo/djuragancom/vendor/codeigniter4/framework/system/Database/BaseConnection.php(588): CodeIgniter\Database\BaseConnection->initialize()
#2 /home/dnzwygdo/djuragancom/vendor/codeigniter4/framework/system/Database/BaseBuilder.php(1669): CodeIgniter\Database\BaseConnection->query()
#3 /home/dnzwygdo/djuragancom/app/Controllers/Api/Notifikasi.php(37): CodeIgniter\Database\BaseBuilder->countAllResults()
#4 /home/dnzwygdo/djuragancom/vendor/codeigniter4/framework/system/CodeIgniter.php(898): App\Controllers\Api\Notifikasi->get()
#5 /home/dnzwygdo/djuragancom/vendor/codeigniter4/framework/system/CodeIgniter.php(457): CodeIgniter\CodeIgniter->runController()
#6 /home/dnzwygdo/djuragancom/vendor/codeigniter4/framework/system/CodeIgniter.php(340): CodeIgniter\CodeIgniter->handleRequest()
#7 /home/dnzwygdo/public_html/index.php(67): CodeIgniter\CodeIgniter->run()
#8 {main}
CRITICAL - 2023-08-17 14:03:03 --> Unable to connect to the database.
Main connection [MySQLi]: Too many connections
in SYSTEMPATH/Database/BaseConnection.php on line 418.
 1 SYSTEMPATH/Database/BaseConnection.php(588): CodeIgniter\Database\BaseConnection->initialize()
 2 SYSTEMPATH/Database/BaseBuilder.php(1669): CodeIgniter\Database\BaseConnection->query()
 3 APPPATH/Controllers/Api/Notifikasi.php(37): CodeIgniter\Database\BaseBuilder->countAllResults()
 4 SYSTEMPATH/CodeIgniter.php(898): App\Controllers\Api\Notifikasi->get()
 5 SYSTEMPATH/CodeIgniter.php(457): CodeIgniter\CodeIgniter->runController()
 6 SYSTEMPATH/CodeIgniter.php(340): CodeIgniter\CodeIgniter->handleRequest()
 7 FCPATH/index.php(67): CodeIgniter\CodeIgniter->run()
ERROR - 2023-08-17 14:06:04 --> Error connecting to the database: mysqli_sql_exception: Too many connections in /home/dnzwygdo/djuragancom/vendor/codeigniter4/framework/system/Database/MySQLi/Connection.php:171
Stack trace:
#0 /home/dnzwygdo/djuragancom/vendor/codeigniter4/framework/system/Database/MySQLi/Connection.php(171): mysqli->real_connect()
#1 /home/dnzwygdo/djuragancom/vendor/codeigniter4/framework/system/Database/BaseConnection.php(382): CodeIgniter\Database\MySQLi\Connection->connect()
#2 /home/dnzwygdo/djuragancom/vendor/codeigniter4/framework/system/Database/BaseConnection.php(588): CodeIgniter\Database\BaseConnection->initialize()
#3 /home/dnzwygdo/djuragancom/vendor/codeigniter4/framework/system/Database/BaseBuilder.php(1669): CodeIgniter\Database\BaseConnection->query()
#4 /home/dnzwygdo/djuragancom/vendor/codeigniter4/framework/system/Model.php(550): CodeIgniter\Database\BaseBuilder->countAllResults()
#5 /home/dnzwygdo/djuragancom/app/Models/InvoiceModel.php(202): CodeIgniter\Model->countAllResults()
#6 /home/dnzwygdo/djuragancom/app/Models/InvoiceModel.php(136): App\Models\InvoiceModel->counts()
#7 /home/dnzwygdo/djuragancom/app/Controllers/Api/Invoice.php(17): App\Models\InvoiceModel->getCount()
#8 /home/dnzwygdo/djuragancom/vendor/codeigniter4/framework/system/CodeIgniter.php(898): App\Controllers\Api\Invoice->counter_tab()
#9 /home/dnzwygdo/djuragancom/vendor/codeigniter4/framework/system/CodeIgniter.php(457): CodeIgniter\CodeIgniter->runController()
#10 /home/dnzwygdo/djuragancom/vendor/codeigniter4/framework/system/CodeIgniter.php(340): CodeIgniter\CodeIgniter->handleRequest()
#11 /home/dnzwygdo/public_html/index.php(67): CodeIgniter\CodeIgniter->run()
#12 {main}

Next CodeIgniter\Database\Exceptions\DatabaseException: Too many connections in /home/dnzwygdo/djuragancom/vendor/codeigniter4/framework/system/Database/MySQLi/Connection.php:215
Stack trace:
#0 /home/dnzwygdo/djuragancom/vendor/codeigniter4/framework/system/Database/BaseConnection.php(382): CodeIgniter\Database\MySQLi\Connection->connect()
#1 /home/dnzwygdo/djuragancom/vendor/codeigniter4/framework/system/Database/BaseConnection.php(588): CodeIgniter\Database\BaseConnection->initialize()
#2 /home/dnzwygdo/djuragancom/vendor/codeigniter4/framework/system/Database/BaseBuilder.php(1669): CodeIgniter\Database\BaseConnection->query()
#3 /home/dnzwygdo/djuragancom/vendor/codeigniter4/framework/system/Model.php(550): CodeIgniter\Database\BaseBuilder->countAllResults()
#4 /home/dnzwygdo/djuragancom/app/Models/InvoiceModel.php(202): CodeIgniter\Model->countAllResults()
#5 /home/dnzwygdo/djuragancom/app/Models/InvoiceModel.php(136): App\Models\InvoiceModel->counts()
#6 /home/dnzwygdo/djuragancom/app/Controllers/Api/Invoice.php(17): App\Models\InvoiceModel->getCount()
#7 /home/dnzwygdo/djuragancom/vendor/codeigniter4/framework/system/CodeIgniter.php(898): App\Controllers\Api\Invoice->counter_tab()
#8 /home/dnzwygdo/djuragancom/vendor/codeigniter4/framework/system/CodeIgniter.php(457): CodeIgniter\CodeIgniter->runController()
#9 /home/dnzwygdo/djuragancom/vendor/codeigniter4/framework/system/CodeIgniter.php(340): CodeIgniter\CodeIgniter->handleRequest()
#10 /home/dnzwygdo/public_html/index.php(67): CodeIgniter\CodeIgniter->run()
#11 {main}
CRITICAL - 2023-08-17 14:06:04 --> Unable to connect to the database.
Main connection [MySQLi]: Too many connections
in SYSTEMPATH/Database/BaseConnection.php on line 418.
 1 SYSTEMPATH/Database/BaseConnection.php(588): CodeIgniter\Database\BaseConnection->initialize()
 2 SYSTEMPATH/Database/BaseBuilder.php(1669): CodeIgniter\Database\BaseConnection->query()
 3 SYSTEMPATH/Model.php(550): CodeIgniter\Database\BaseBuilder->countAllResults()
 4 APPPATH/Models/InvoiceModel.php(202): CodeIgniter\Model->countAllResults()
 5 APPPATH/Models/InvoiceModel.php(136): App\Models\InvoiceModel->counts()
 6 APPPATH/Controllers/Api/Invoice.php(17): App\Models\InvoiceModel->getCount()
 7 SYSTEMPATH/CodeIgniter.php(898): App\Controllers\Api\Invoice->counter_tab()
 8 SYSTEMPATH/CodeIgniter.php(457): CodeIgniter\CodeIgniter->runController()
 9 SYSTEMPATH/CodeIgniter.php(340): CodeIgniter\CodeIgniter->handleRequest()
10 FCPATH/index.php(67): CodeIgniter\CodeIgniter->run()
ERROR - 2023-08-17 14:08:04 --> Error connecting to the database: mysqli_sql_exception: Too many connections in /home/dnzwygdo/djuragancom/vendor/codeigniter4/framework/system/Database/MySQLi/Connection.php:171
Stack trace:
#0 /home/dnzwygdo/djuragancom/vendor/codeigniter4/framework/system/Database/MySQLi/Connection.php(171): mysqli->real_connect()
#1 /home/dnzwygdo/djuragancom/vendor/codeigniter4/framework/system/Database/BaseConnection.php(382): CodeIgniter\Database\MySQLi\Connection->connect()
#2 /home/dnzwygdo/djuragancom/vendor/codeigniter4/framework/system/Database/BaseConnection.php(588): CodeIgniter\Database\BaseConnection->initialize()
#3 /home/dnzwygdo/djuragancom/vendor/codeigniter4/framework/system/Database/BaseBuilder.php(1585): CodeIgniter\Database\BaseConnection->query()
#4 /home/dnzwygdo/djuragancom/vendor/codeigniter4/framework/system/Model.php(222): CodeIgniter\Database\BaseBuilder->get()
#5 /home/dnzwygdo/djuragancom/vendor/codeigniter4/framework/system/BaseModel.php(584): CodeIgniter\Model->doFindAll()
#6 /home/dnzwygdo/djuragancom/app/Models/InvoiceModel.php(297): CodeIgniter\BaseModel->findAll()
#7 /home/dnzwygdo/djuragancom/app/Models/InvoiceModel.php(47): App\Models\InvoiceModel->ambilIds()
#8 /home/dnzwygdo/djuragancom/app/Controllers/Admin/Invoices.php(66): App\Models\InvoiceModel->getAll()
#9 /home/dnzwygdo/djuragancom/vendor/codeigniter4/framework/system/CodeIgniter.php(898): App\Controllers\Admin\Invoices->lihat()
#10 /home/dnzwygdo/djuragancom/vendor/codeigniter4/framework/system/CodeIgniter.php(457): CodeIgniter\CodeIgniter->runController()
#11 /home/dnzwygdo/djuragancom/vendor/codeigniter4/framework/system/CodeIgniter.php(340): CodeIgniter\CodeIgniter->handleRequest()
#12 /home/dnzwygdo/public_html/index.php(67): CodeIgniter\CodeIgniter->run()
#13 {main}

Next CodeIgniter\Database\Exceptions\DatabaseException: Too many connections in /home/dnzwygdo/djuragancom/vendor/codeigniter4/framework/system/Database/MySQLi/Connection.php:215
Stack trace:
#0 /home/dnzwygdo/djuragancom/vendor/codeigniter4/framework/system/Database/BaseConnection.php(382): CodeIgniter\Database\MySQLi\Connection->connect()
#1 /home/dnzwygdo/djuragancom/vendor/codeigniter4/framework/system/Database/BaseConnection.php(588): CodeIgniter\Database\BaseConnection->initialize()
#2 /home/dnzwygdo/djuragancom/vendor/codeigniter4/framework/system/Database/BaseBuilder.php(1585): CodeIgniter\Database\BaseConnection->query()
#3 /home/dnzwygdo/djuragancom/vendor/codeigniter4/framework/system/Model.php(222): CodeIgniter\Database\BaseBuilder->get()
#4 /home/dnzwygdo/djuragancom/vendor/codeigniter4/framework/system/BaseModel.php(584): CodeIgniter\Model->doFindAll()
#5 /home/dnzwygdo/djuragancom/app/Models/InvoiceModel.php(297): CodeIgniter\BaseModel->findAll()
#6 /home/dnzwygdo/djuragancom/app/Models/InvoiceModel.php(47): App\Models\InvoiceModel->ambilIds()
#7 /home/dnzwygdo/djuragancom/app/Controllers/Admin/Invoices.php(66): App\Models\InvoiceModel->getAll()
#8 /home/dnzwygdo/djuragancom/vendor/codeigniter4/framework/system/CodeIgniter.php(898): App\Controllers\Admin\Invoices->lihat()
#9 /home/dnzwygdo/djuragancom/vendor/codeigniter4/framework/system/CodeIgniter.php(457): CodeIgniter\CodeIgniter->runController()
#10 /home/dnzwygdo/djuragancom/vendor/codeigniter4/framework/system/CodeIgniter.php(340): CodeIgniter\CodeIgniter->handleRequest()
#11 /home/dnzwygdo/public_html/index.php(67): CodeIgniter\CodeIgniter->run()
#12 {main}
CRITICAL - 2023-08-17 14:08:04 --> Unable to connect to the database.
Main connection [MySQLi]: Too many connections
in SYSTEMPATH/Database/BaseConnection.php on line 418.
 1 SYSTEMPATH/Database/BaseConnection.php(588): CodeIgniter\Database\BaseConnection->initialize()
 2 SYSTEMPATH/Database/BaseBuilder.php(1585): CodeIgniter\Database\BaseConnection->query()
 3 SYSTEMPATH/Model.php(222): CodeIgniter\Database\BaseBuilder->get()
 4 SYSTEMPATH/BaseModel.php(584): CodeIgniter\Model->doFindAll()
 5 APPPATH/Models/InvoiceModel.php(297): CodeIgniter\BaseModel->findAll()
 6 APPPATH/Models/InvoiceModel.php(47): App\Models\InvoiceModel->ambilIds()
 7 APPPATH/Controllers/Admin/Invoices.php(66): App\Models\InvoiceModel->getAll()
 8 SYSTEMPATH/CodeIgniter.php(898): App\Controllers\Admin\Invoices->lihat()
 9 SYSTEMPATH/CodeIgniter.php(457): CodeIgniter\CodeIgniter->runController()
10 SYSTEMPATH/CodeIgniter.php(340): CodeIgniter\CodeIgniter->handleRequest()
11 FCPATH/index.php(67): CodeIgniter\CodeIgniter->run()
ERROR - 2023-08-17 14:13:04 --> Error connecting to the database: mysqli_sql_exception: Too many connections in /home/dnzwygdo/djuragancom/vendor/codeigniter4/framework/system/Database/MySQLi/Connection.php:171
Stack trace:
#0 /home/dnzwygdo/djuragancom/vendor/codeigniter4/framework/system/Database/MySQLi/Connection.php(171): mysqli->real_connect()
#1 /home/dnzwygdo/djuragancom/vendor/codeigniter4/framework/system/Database/BaseConnection.php(382): CodeIgniter\Database\MySQLi\Connection->connect()
#2 /home/dnzwygdo/djuragancom/vendor/codeigniter4/framework/system/Database/BaseConnection.php(588): CodeIgniter\Database\BaseConnection->initialize()
#3 /home/dnzwygdo/djuragancom/vendor/codeigniter4/framework/system/Database/BaseBuilder.php(1669): CodeIgniter\Database\BaseConnection->query()
#4 /home/dnzwygdo/djuragancom/app/Controllers/Api/Notifikasi.php(37): CodeIgniter\Database\BaseBuilder->countAllResults()
#5 /home/dnzwygdo/djuragancom/vendor/codeigniter4/framework/system/CodeIgniter.php(898): App\Controllers\Api\Notifikasi->get()
#6 /home/dnzwygdo/djuragancom/vendor/codeigniter4/framework/system/CodeIgniter.php(457): CodeIgniter\CodeIgniter->runController()
#7 /home/dnzwygdo/djuragancom/vendor/codeigniter4/framework/system/CodeIgniter.php(340): CodeIgniter\CodeIgniter->handleRequest()
#8 /home/dnzwygdo/public_html/index.php(67): CodeIgniter\CodeIgniter->run()
#9 {main}

Next CodeIgniter\Database\Exceptions\DatabaseException: Too many connections in /home/dnzwygdo/djuragancom/vendor/codeigniter4/framework/system/Database/MySQLi/Connection.php:215
Stack trace:
#0 /home/dnzwygdo/djuragancom/vendor/codeigniter4/framework/system/Database/BaseConnection.php(382): CodeIgniter\Database\MySQLi\Connection->connect()
#1 /home/dnzwygdo/djuragancom/vendor/codeigniter4/framework/system/Database/BaseConnection.php(588): CodeIgniter\Database\BaseConnection->initialize()
#2 /home/dnzwygdo/djuragancom/vendor/codeigniter4/framework/system/Database/BaseBuilder.php(1669): CodeIgniter\Database\BaseConnection->query()
#3 /home/dnzwygdo/djuragancom/app/Controllers/Api/Notifikasi.php(37): CodeIgniter\Database\BaseBuilder->countAllResults()
#4 /home/dnzwygdo/djuragancom/vendor/codeigniter4/framework/system/CodeIgniter.php(898): App\Controllers\Api\Notifikasi->get()
#5 /home/dnzwygdo/djuragancom/vendor/codeigniter4/framework/system/CodeIgniter.php(457): CodeIgniter\CodeIgniter->runController()
#6 /home/dnzwygdo/djuragancom/vendor/codeigniter4/framework/system/CodeIgniter.php(340): CodeIgniter\CodeIgniter->handleRequest()
#7 /home/dnzwygdo/public_html/index.php(67): CodeIgniter\CodeIgniter->run()
#8 {main}
CRITICAL - 2023-08-17 14:13:04 --> Unable to connect to the database.
Main connection [MySQLi]: Too many connections
in SYSTEMPATH/Database/BaseConnection.php on line 418.
 1 SYSTEMPATH/Database/BaseConnection.php(588): CodeIgniter\Database\BaseConnection->initialize()
 2 SYSTEMPATH/Database/BaseBuilder.php(1669): CodeIgniter\Database\BaseConnection->query()
 3 APPPATH/Controllers/Api/Notifikasi.php(37): CodeIgniter\Database\BaseBuilder->countAllResults()
 4 SYSTEMPATH/CodeIgniter.php(898): App\Controllers\Api\Notifikasi->get()
 5 SYSTEMPATH/CodeIgniter.php(457): CodeIgniter\CodeIgniter->runController()
 6 SYSTEMPATH/CodeIgniter.php(340): CodeIgniter\CodeIgniter->handleRequest()
 7 FCPATH/index.php(67): CodeIgniter\CodeIgniter->run()
ERROR - 2023-08-17 14:13:31 --> Error connecting to the database: mysqli_sql_exception: Too many connections in /home/dnzwygdo/djuragancom/vendor/codeigniter4/framework/system/Database/MySQLi/Connection.php:171
Stack trace:
#0 /home/dnzwygdo/djuragancom/vendor/codeigniter4/framework/system/Database/MySQLi/Connection.php(171): mysqli->real_connect()
#1 /home/dnzwygdo/djuragancom/vendor/codeigniter4/framework/system/Database/BaseConnection.php(382): CodeIgniter\Database\MySQLi\Connection->connect()
#2 /home/dnzwygdo/djuragancom/vendor/codeigniter4/framework/system/Database/BaseConnection.php(588): CodeIgniter\Database\BaseConnection->initialize()
#3 /home/dnzwygdo/djuragancom/vendor/codeigniter4/framework/system/Database/BaseBuilder.php(1669): CodeIgniter\Database\BaseConnection->query()
#4 /home/dnzwygdo/djuragancom/app/Controllers/Api/Notifikasi.php(37): CodeIgniter\Database\BaseBuilder->countAllResults()
#5 /home/dnzwygdo/djuragancom/vendor/codeigniter4/framework/system/CodeIgniter.php(898): App\Controllers\Api\Notifikasi->get()
#6 /home/dnzwygdo/djuragancom/vendor/codeigniter4/framework/system/CodeIgniter.php(457): CodeIgniter\CodeIgniter->runController()
#7 /home/dnzwygdo/djuragancom/vendor/codeigniter4/framework/system/CodeIgniter.php(340): CodeIgniter\CodeIgniter->handleRequest()
#8 /home/dnzwygdo/public_html/index.php(67): CodeIgniter\CodeIgniter->run()
#9 {main}

Next CodeIgniter\Database\Exceptions\DatabaseException: Too many connections in /home/dnzwygdo/djuragancom/vendor/codeigniter4/framework/system/Database/MySQLi/Connection.php:215
Stack trace:
#0 /home/dnzwygdo/djuragancom/vendor/codeigniter4/framework/system/Database/BaseConnection.php(382): CodeIgniter\Database\MySQLi\Connection->connect()
#1 /home/dnzwygdo/djuragancom/vendor/codeigniter4/framework/system/Database/BaseConnection.php(588): CodeIgniter\Database\BaseConnection->initialize()
#2 /home/dnzwygdo/djuragancom/vendor/codeigniter4/framework/system/Database/BaseBuilder.php(1669): CodeIgniter\Database\BaseConnection->query()
#3 /home/dnzwygdo/djuragancom/app/Controllers/Api/Notifikasi.php(37): CodeIgniter\Database\BaseBuilder->countAllResults()
#4 /home/dnzwygdo/djuragancom/vendor/codeigniter4/framework/system/CodeIgniter.php(898): App\Controllers\Api\Notifikasi->get()
#5 /home/dnzwygdo/djuragancom/vendor/codeigniter4/framework/system/CodeIgniter.php(457): CodeIgniter\CodeIgniter->runController()
#6 /home/dnzwygdo/djuragancom/vendor/codeigniter4/framework/system/CodeIgniter.php(340): CodeIgniter\CodeIgniter->handleRequest()
#7 /home/dnzwygdo/public_html/index.php(67): CodeIgniter\CodeIgniter->run()
#8 {main}
CRITICAL - 2023-08-17 14:13:31 --> Unable to connect to the database.
Main connection [MySQLi]: Too many connections
in SYSTEMPATH/Database/BaseConnection.php on line 418.
 1 SYSTEMPATH/Database/BaseConnection.php(588): CodeIgniter\Database\BaseConnection->initialize()
 2 SYSTEMPATH/Database/BaseBuilder.php(1669): CodeIgniter\Database\BaseConnection->query()
 3 APPPATH/Controllers/Api/Notifikasi.php(37): CodeIgniter\Database\BaseBuilder->countAllResults()
 4 SYSTEMPATH/CodeIgniter.php(898): App\Controllers\Api\Notifikasi->get()
 5 SYSTEMPATH/CodeIgniter.php(457): CodeIgniter\CodeIgniter->runController()
 6 SYSTEMPATH/CodeIgniter.php(340): CodeIgniter\CodeIgniter->handleRequest()
 7 FCPATH/index.php(67): CodeIgniter\CodeIgniter->run()
ERROR - 2023-08-17 14:14:02 --> Error connecting to the database: mysqli_sql_exception: Too many connections in /home/dnzwygdo/djuragancom/vendor/codeigniter4/framework/system/Database/MySQLi/Connection.php:171
Stack trace:
#0 /home/dnzwygdo/djuragancom/vendor/codeigniter4/framework/system/Database/MySQLi/Connection.php(171): mysqli->real_connect()
#1 /home/dnzwygdo/djuragancom/vendor/codeigniter4/framework/system/Database/BaseConnection.php(382): CodeIgniter\Database\MySQLi\Connection->connect()
#2 /home/dnzwygdo/djuragancom/vendor/codeigniter4/framework/system/Database/BaseConnection.php(588): CodeIgniter\Database\BaseConnection->initialize()
#3 /home/dnzwygdo/djuragancom/vendor/codeigniter4/framework/system/Database/BaseBuilder.php(1669): CodeIgniter\Database\BaseConnection->query()
#4 /home/dnzwygdo/djuragancom/app/Controllers/Api/Notifikasi.php(37): CodeIgniter\Database\BaseBuilder->countAllResults()
#5 /home/dnzwygdo/djuragancom/vendor/codeigniter4/framework/system/CodeIgniter.php(898): App\Controllers\Api\Notifikasi->get()
#6 /home/dnzwygdo/djuragancom/vendor/codeigniter4/framework/system/CodeIgniter.php(457): CodeIgniter\CodeIgniter->runController()
#7 /home/dnzwygdo/djuragancom/vendor/codeigniter4/framework/system/CodeIgniter.php(340): CodeIgniter\CodeIgniter->handleRequest()
#8 /home/dnzwygdo/public_html/index.php(67): CodeIgniter\CodeIgniter->run()
#9 {main}

Next CodeIgniter\Database\Exceptions\DatabaseException: Too many connections in /home/dnzwygdo/djuragancom/vendor/codeigniter4/framework/system/Database/MySQLi/Connection.php:215
Stack trace:
#0 /home/dnzwygdo/djuragancom/vendor/codeigniter4/framework/system/Database/BaseConnection.php(382): CodeIgniter\Database\MySQLi\Connection->connect()
#1 /home/dnzwygdo/djuragancom/vendor/codeigniter4/framework/system/Database/BaseConnection.php(588): CodeIgniter\Database\BaseConnection->initialize()
#2 /home/dnzwygdo/djuragancom/vendor/codeigniter4/framework/system/Database/BaseBuilder.php(1669): CodeIgniter\Database\BaseConnection->query()
#3 /home/dnzwygdo/djuragancom/app/Controllers/Api/Notifikasi.php(37): CodeIgniter\Database\BaseBuilder->countAllResults()
#4 /home/dnzwygdo/djuragancom/vendor/codeigniter4/framework/system/CodeIgniter.php(898): App\Controllers\Api\Notifikasi->get()
#5 /home/dnzwygdo/djuragancom/vendor/codeigniter4/framework/system/CodeIgniter.php(457): CodeIgniter\CodeIgniter->runController()
#6 /home/dnzwygdo/djuragancom/vendor/codeigniter4/framework/system/CodeIgniter.php(340): CodeIgniter\CodeIgniter->handleRequest()
#7 /home/dnzwygdo/public_html/index.php(67): CodeIgniter\CodeIgniter->run()
#8 {main}
CRITICAL - 2023-08-17 14:14:02 --> Unable to connect to the database.
Main connection [MySQLi]: Too many connections
in SYSTEMPATH/Database/BaseConnection.php on line 418.
 1 SYSTEMPATH/Database/BaseConnection.php(588): CodeIgniter\Database\BaseConnection->initialize()
 2 SYSTEMPATH/Database/BaseBuilder.php(1669): CodeIgniter\Database\BaseConnection->query()
 3 APPPATH/Controllers/Api/Notifikasi.php(37): CodeIgniter\Database\BaseBuilder->countAllResults()
 4 SYSTEMPATH/CodeIgniter.php(898): App\Controllers\Api\Notifikasi->get()
 5 SYSTEMPATH/CodeIgniter.php(457): CodeIgniter\CodeIgniter->runController()
 6 SYSTEMPATH/CodeIgniter.php(340): CodeIgniter\CodeIgniter->handleRequest()
 7 FCPATH/index.php(67): CodeIgniter\CodeIgniter->run()
ERROR - 2023-08-17 14:20:44 --> Error connecting to the database: mysqli_sql_exception: Too many connections in /home/dnzwygdo/djuragancom/vendor/codeigniter4/framework/system/Database/MySQLi/Connection.php:171
Stack trace:
#0 /home/dnzwygdo/djuragancom/vendor/codeigniter4/framework/system/Database/MySQLi/Connection.php(171): mysqli->real_connect()
#1 /home/dnzwygdo/djuragancom/vendor/codeigniter4/framework/system/Database/BaseConnection.php(382): CodeIgniter\Database\MySQLi\Connection->connect()
#2 /home/dnzwygdo/djuragancom/vendor/codeigniter4/framework/system/Database/BaseConnection.php(588): CodeIgniter\Database\BaseConnection->initialize()
#3 /home/dnzwygdo/djuragancom/vendor/codeigniter4/framework/system/Database/BaseBuilder.php(1669): CodeIgniter\Database\BaseConnection->query()
#4 /home/dnzwygdo/djuragancom/app/Controllers/Api/Notifikasi.php(37): CodeIgniter\Database\BaseBuilder->countAllResults()
#5 /home/dnzwygdo/djuragancom/vendor/codeigniter4/framework/system/CodeIgniter.php(898): App\Controllers\Api\Notifikasi->get()
#6 /home/dnzwygdo/djuragancom/vendor/codeigniter4/framework/system/CodeIgniter.php(457): CodeIgniter\CodeIgniter->runController()
#7 /home/dnzwygdo/djuragancom/vendor/codeigniter4/framework/system/CodeIgniter.php(340): CodeIgniter\CodeIgniter->handleRequest()
#8 /home/dnzwygdo/public_html/index.php(67): CodeIgniter\CodeIgniter->run()
#9 {main}

Next CodeIgniter\Database\Exceptions\DatabaseException: Too many connections in /home/dnzwygdo/djuragancom/vendor/codeigniter4/framework/system/Database/MySQLi/Connection.php:215
Stack trace:
#0 /home/dnzwygdo/djuragancom/vendor/codeigniter4/framework/system/Database/BaseConnection.php(382): CodeIgniter\Database\MySQLi\Connection->connect()
#1 /home/dnzwygdo/djuragancom/vendor/codeigniter4/framework/system/Database/BaseConnection.php(588): CodeIgniter\Database\BaseConnection->initialize()
#2 /home/dnzwygdo/djuragancom/vendor/codeigniter4/framework/system/Database/BaseBuilder.php(1669): CodeIgniter\Database\BaseConnection->query()
#3 /home/dnzwygdo/djuragancom/app/Controllers/Api/Notifikasi.php(37): CodeIgniter\Database\BaseBuilder->countAllResults()
#4 /home/dnzwygdo/djuragancom/vendor/codeigniter4/framework/system/CodeIgniter.php(898): App\Controllers\Api\Notifikasi->get()
#5 /home/dnzwygdo/djuragancom/vendor/codeigniter4/framework/system/CodeIgniter.php(457): CodeIgniter\CodeIgniter->runController()
#6 /home/dnzwygdo/djuragancom/vendor/codeigniter4/framework/system/CodeIgniter.php(340): CodeIgniter\CodeIgniter->handleRequest()
#7 /home/dnzwygdo/public_html/index.php(67): CodeIgniter\CodeIgniter->run()
#8 {main}
CRITICAL - 2023-08-17 14:20:44 --> Unable to connect to the database.
Main connection [MySQLi]: Too many connections
in SYSTEMPATH/Database/BaseConnection.php on line 418.
 1 SYSTEMPATH/Database/BaseConnection.php(588): CodeIgniter\Database\BaseConnection->initialize()
 2 SYSTEMPATH/Database/BaseBuilder.php(1669): CodeIgniter\Database\BaseConnection->query()
 3 APPPATH/Controllers/Api/Notifikasi.php(37): CodeIgniter\Database\BaseBuilder->countAllResults()
 4 SYSTEMPATH/CodeIgniter.php(898): App\Controllers\Api\Notifikasi->get()
 5 SYSTEMPATH/CodeIgniter.php(457): CodeIgniter\CodeIgniter->runController()
 6 SYSTEMPATH/CodeIgniter.php(340): CodeIgniter\CodeIgniter->handleRequest()
 7 FCPATH/index.php(67): CodeIgniter\CodeIgniter->run()
ERROR - 2023-08-17 14:24:38 --> Error connecting to the database: mysqli_sql_exception: Too many connections in /home/dnzwygdo/djuragancom/vendor/codeigniter4/framework/system/Database/MySQLi/Connection.php:171
Stack trace:
#0 /home/dnzwygdo/djuragancom/vendor/codeigniter4/framework/system/Database/MySQLi/Connection.php(171): mysqli->real_connect()
#1 /home/dnzwygdo/djuragancom/vendor/codeigniter4/framework/system/Database/BaseConnection.php(382): CodeIgniter\Database\MySQLi\Connection->connect()
#2 /home/dnzwygdo/djuragancom/vendor/codeigniter4/framework/system/Database/BaseConnection.php(588): CodeIgniter\Database\BaseConnection->initialize()
#3 /home/dnzwygdo/djuragancom/vendor/codeigniter4/framework/system/Database/BaseBuilder.php(1669): CodeIgniter\Database\BaseConnection->query()
#4 /home/dnzwygdo/djuragancom/app/Controllers/Api/Notifikasi.php(37): CodeIgniter\Database\BaseBuilder->countAllResults()
#5 /home/dnzwygdo/djuragancom/vendor/codeigniter4/framework/system/CodeIgniter.php(898): App\Controllers\Api\Notifikasi->get()
#6 /home/dnzwygdo/djuragancom/vendor/codeigniter4/framework/system/CodeIgniter.php(457): CodeIgniter\CodeIgniter->runController()
#7 /home/dnzwygdo/djuragancom/vendor/codeigniter4/framework/system/CodeIgniter.php(340): CodeIgniter\CodeIgniter->handleRequest()
#8 /home/dnzwygdo/public_html/index.php(67): CodeIgniter\CodeIgniter->run()
#9 {main}

Next CodeIgniter\Database\Exceptions\DatabaseException: Too many connections in /home/dnzwygdo/djuragancom/vendor/codeigniter4/framework/system/Database/MySQLi/Connection.php:215
Stack trace:
#0 /home/dnzwygdo/djuragancom/vendor/codeigniter4/framework/system/Database/BaseConnection.php(382): CodeIgniter\Database\MySQLi\Connection->connect()
#1 /home/dnzwygdo/djuragancom/vendor/codeigniter4/framework/system/Database/BaseConnection.php(588): CodeIgniter\Database\BaseConnection->initialize()
#2 /home/dnzwygdo/djuragancom/vendor/codeigniter4/framework/system/Database/BaseBuilder.php(1669): CodeIgniter\Database\BaseConnection->query()
#3 /home/dnzwygdo/djuragancom/app/Controllers/Api/Notifikasi.php(37): CodeIgniter\Database\BaseBuilder->countAllResults()
#4 /home/dnzwygdo/djuragancom/vendor/codeigniter4/framework/system/CodeIgniter.php(898): App\Controllers\Api\Notifikasi->get()
#5 /home/dnzwygdo/djuragancom/vendor/codeigniter4/framework/system/CodeIgniter.php(457): CodeIgniter\CodeIgniter->runController()
#6 /home/dnzwygdo/djuragancom/vendor/codeigniter4/framework/system/CodeIgniter.php(340): CodeIgniter\CodeIgniter->handleRequest()
#7 /home/dnzwygdo/public_html/index.php(67): CodeIgniter\CodeIgniter->run()
#8 {main}
CRITICAL - 2023-08-17 14:24:38 --> Unable to connect to the database.
Main connection [MySQLi]: Too many connections
in SYSTEMPATH/Database/BaseConnection.php on line 418.
 1 SYSTEMPATH/Database/BaseConnection.php(588): CodeIgniter\Database\BaseConnection->initialize()
 2 SYSTEMPATH/Database/BaseBuilder.php(1669): CodeIgniter\Database\BaseConnection->query()
 3 APPPATH/Controllers/Api/Notifikasi.php(37): CodeIgniter\Database\BaseBuilder->countAllResults()
 4 SYSTEMPATH/CodeIgniter.php(898): App\Controllers\Api\Notifikasi->get()
 5 SYSTEMPATH/CodeIgniter.php(457): CodeIgniter\CodeIgniter->runController()
 6 SYSTEMPATH/CodeIgniter.php(340): CodeIgniter\CodeIgniter->handleRequest()
 7 FCPATH/index.php(67): CodeIgniter\CodeIgniter->run()
ERROR - 2023-08-17 14:26:44 --> Error connecting to the database: mysqli_sql_exception: Too many connections in /home/dnzwygdo/djuragancom/vendor/codeigniter4/framework/system/Database/MySQLi/Connection.php:171
Stack trace:
#0 /home/dnzwygdo/djuragancom/vendor/codeigniter4/framework/system/Database/MySQLi/Connection.php(171): mysqli->real_connect()
#1 /home/dnzwygdo/djuragancom/vendor/codeigniter4/framework/system/Database/BaseConnection.php(382): CodeIgniter\Database\MySQLi\Connection->connect()
#2 /home/dnzwygdo/djuragancom/vendor/codeigniter4/framework/system/Database/BaseConnection.php(588): CodeIgniter\Database\BaseConnection->initialize()
#3 /home/dnzwygdo/djuragancom/vendor/codeigniter4/framework/system/Database/BaseBuilder.php(1669): CodeIgniter\Database\BaseConnection->query()
#4 /home/dnzwygdo/djuragancom/app/Controllers/Api/Notifikasi.php(37): CodeIgniter\Database\BaseBuilder->countAllResults()
#5 /home/dnzwygdo/djuragancom/vendor/codeigniter4/framework/system/CodeIgniter.php(898): App\Controllers\Api\Notifikasi->get()
#6 /home/dnzwygdo/djuragancom/vendor/codeigniter4/framework/system/CodeIgniter.php(457): CodeIgniter\CodeIgniter->runController()
#7 /home/dnzwygdo/djuragancom/vendor/codeigniter4/framework/system/CodeIgniter.php(340): CodeIgniter\CodeIgniter->handleRequest()
#8 /home/dnzwygdo/public_html/index.php(67): CodeIgniter\CodeIgniter->run()
#9 {main}

Next CodeIgniter\Database\Exceptions\DatabaseException: Too many connections in /home/dnzwygdo/djuragancom/vendor/codeigniter4/framework/system/Database/MySQLi/Connection.php:215
Stack trace:
#0 /home/dnzwygdo/djuragancom/vendor/codeigniter4/framework/system/Database/BaseConnection.php(382): CodeIgniter\Database\MySQLi\Connection->connect()
#1 /home/dnzwygdo/djuragancom/vendor/codeigniter4/framework/system/Database/BaseConnection.php(588): CodeIgniter\Database\BaseConnection->initialize()
#2 /home/dnzwygdo/djuragancom/vendor/codeigniter4/framework/system/Database/BaseBuilder.php(1669): CodeIgniter\Database\BaseConnection->query()
#3 /home/dnzwygdo/djuragancom/app/Controllers/Api/Notifikasi.php(37): CodeIgniter\Database\BaseBuilder->countAllResults()
#4 /home/dnzwygdo/djuragancom/vendor/codeigniter4/framework/system/CodeIgniter.php(898): App\Controllers\Api\Notifikasi->get()
#5 /home/dnzwygdo/djuragancom/vendor/codeigniter4/framework/system/CodeIgniter.php(457): CodeIgniter\CodeIgniter->runController()
#6 /home/dnzwygdo/djuragancom/vendor/codeigniter4/framework/system/CodeIgniter.php(340): CodeIgniter\CodeIgniter->handleRequest()
#7 /home/dnzwygdo/public_html/index.php(67): CodeIgniter\CodeIgniter->run()
#8 {main}
CRITICAL - 2023-08-17 14:26:44 --> Unable to connect to the database.
Main connection [MySQLi]: Too many connections
in SYSTEMPATH/Database/BaseConnection.php on line 418.
 1 SYSTEMPATH/Database/BaseConnection.php(588): CodeIgniter\Database\BaseConnection->initialize()
 2 SYSTEMPATH/Database/BaseBuilder.php(1669): CodeIgniter\Database\BaseConnection->query()
 3 APPPATH/Controllers/Api/Notifikasi.php(37): CodeIgniter\Database\BaseBuilder->countAllResults()
 4 SYSTEMPATH/CodeIgniter.php(898): App\Controllers\Api\Notifikasi->get()
 5 SYSTEMPATH/CodeIgniter.php(457): CodeIgniter\CodeIgniter->runController()
 6 SYSTEMPATH/CodeIgniter.php(340): CodeIgniter\CodeIgniter->handleRequest()
 7 FCPATH/index.php(67): CodeIgniter\CodeIgniter->run()
ERROR - 2023-08-17 14:26:58 --> Error connecting to the database: mysqli_sql_exception: Too many connections in /home/dnzwygdo/djuragancom/vendor/codeigniter4/framework/system/Database/MySQLi/Connection.php:171
Stack trace:
#0 /home/dnzwygdo/djuragancom/vendor/codeigniter4/framework/system/Database/MySQLi/Connection.php(171): mysqli->real_connect()
#1 /home/dnzwygdo/djuragancom/vendor/codeigniter4/framework/system/Database/BaseConnection.php(382): CodeIgniter\Database\MySQLi\Connection->connect()
#2 /home/dnzwygdo/djuragancom/vendor/codeigniter4/framework/system/Database/BaseConnection.php(588): CodeIgniter\Database\BaseConnection->initialize()
#3 /home/dnzwygdo/djuragancom/vendor/codeigniter4/framework/system/Database/BaseBuilder.php(1669): CodeIgniter\Database\BaseConnection->query()
#4 /home/dnzwygdo/djuragancom/app/Controllers/Api/Notifikasi.php(37): CodeIgniter\Database\BaseBuilder->countAllResults()
#5 /home/dnzwygdo/djuragancom/vendor/codeigniter4/framework/system/CodeIgniter.php(898): App\Controllers\Api\Notifikasi->get()
#6 /home/dnzwygdo/djuragancom/vendor/codeigniter4/framework/system/CodeIgniter.php(457): CodeIgniter\CodeIgniter->runController()
#7 /home/dnzwygdo/djuragancom/vendor/codeigniter4/framework/system/CodeIgniter.php(340): CodeIgniter\CodeIgniter->handleRequest()
#8 /home/dnzwygdo/public_html/index.php(67): CodeIgniter\CodeIgniter->run()
#9 {main}

Next CodeIgniter\Database\Exceptions\DatabaseException: Too many connections in /home/dnzwygdo/djuragancom/vendor/codeigniter4/framework/system/Database/MySQLi/Connection.php:215
Stack trace:
#0 /home/dnzwygdo/djuragancom/vendor/codeigniter4/framework/system/Database/BaseConnection.php(382): CodeIgniter\Database\MySQLi\Connection->connect()
#1 /home/dnzwygdo/djuragancom/vendor/codeigniter4/framework/system/Database/BaseConnection.php(588): CodeIgniter\Database\BaseConnection->initialize()
#2 /home/dnzwygdo/djuragancom/vendor/codeigniter4/framework/system/Database/BaseBuilder.php(1669): CodeIgniter\Database\BaseConnection->query()
#3 /home/dnzwygdo/djuragancom/app/Controllers/Api/Notifikasi.php(37): CodeIgniter\Database\BaseBuilder->countAllResults()
#4 /home/dnzwygdo/djuragancom/vendor/codeigniter4/framework/system/CodeIgniter.php(898): App\Controllers\Api\Notifikasi->get()
#5 /home/dnzwygdo/djuragancom/vendor/codeigniter4/framework/system/CodeIgniter.php(457): CodeIgniter\CodeIgniter->runController()
#6 /home/dnzwygdo/djuragancom/vendor/codeigniter4/framework/system/CodeIgniter.php(340): CodeIgniter\CodeIgniter->handleRequest()
#7 /home/dnzwygdo/public_html/index.php(67): CodeIgniter\CodeIgniter->run()
#8 {main}
CRITICAL - 2023-08-17 14:26:58 --> Unable to connect to the database.
Main connection [MySQLi]: Too many connections
in SYSTEMPATH/Database/BaseConnection.php on line 418.
 1 SYSTEMPATH/Database/BaseConnection.php(588): CodeIgniter\Database\BaseConnection->initialize()
 2 SYSTEMPATH/Database/BaseBuilder.php(1669): CodeIgniter\Database\BaseConnection->query()
 3 APPPATH/Controllers/Api/Notifikasi.php(37): CodeIgniter\Database\BaseBuilder->countAllResults()
 4 SYSTEMPATH/CodeIgniter.php(898): App\Controllers\Api\Notifikasi->get()
 5 SYSTEMPATH/CodeIgniter.php(457): CodeIgniter\CodeIgniter->runController()
 6 SYSTEMPATH/CodeIgniter.php(340): CodeIgniter\CodeIgniter->handleRequest()
 7 FCPATH/index.php(67): CodeIgniter\CodeIgniter->run()
ERROR - 2023-08-17 14:27:44 --> Error connecting to the database: mysqli_sql_exception: Too many connections in /home/dnzwygdo/djuragancom/vendor/codeigniter4/framework/system/Database/MySQLi/Connection.php:171
Stack trace:
#0 /home/dnzwygdo/djuragancom/vendor/codeigniter4/framework/system/Database/MySQLi/Connection.php(171): mysqli->real_connect()
#1 /home/dnzwygdo/djuragancom/vendor/codeigniter4/framework/system/Database/BaseConnection.php(382): CodeIgniter\Database\MySQLi\Connection->connect()
#2 /home/dnzwygdo/djuragancom/vendor/codeigniter4/framework/system/Database/BaseConnection.php(588): CodeIgniter\Database\BaseConnection->initialize()
#3 /home/dnzwygdo/djuragancom/vendor/codeigniter4/framework/system/Database/BaseBuilder.php(1669): CodeIgniter\Database\BaseConnection->query()
#4 /home/dnzwygdo/djuragancom/app/Controllers/Api/Notifikasi.php(37): CodeIgniter\Database\BaseBuilder->countAllResults()
#5 /home/dnzwygdo/djuragancom/vendor/codeigniter4/framework/system/CodeIgniter.php(898): App\Controllers\Api\Notifikasi->get()
#6 /home/dnzwygdo/djuragancom/vendor/codeigniter4/framework/system/CodeIgniter.php(457): CodeIgniter\CodeIgniter->runController()
#7 /home/dnzwygdo/djuragancom/vendor/codeigniter4/framework/system/CodeIgniter.php(340): CodeIgniter\CodeIgniter->handleRequest()
#8 /home/dnzwygdo/public_html/index.php(67): CodeIgniter\CodeIgniter->run()
#9 {main}

Next CodeIgniter\Database\Exceptions\DatabaseException: Too many connections in /home/dnzwygdo/djuragancom/vendor/codeigniter4/framework/system/Database/MySQLi/Connection.php:215
Stack trace:
#0 /home/dnzwygdo/djuragancom/vendor/codeigniter4/framework/system/Database/BaseConnection.php(382): CodeIgniter\Database\MySQLi\Connection->connect()
#1 /home/dnzwygdo/djuragancom/vendor/codeigniter4/framework/system/Database/BaseConnection.php(588): CodeIgniter\Database\BaseConnection->initialize()
#2 /home/dnzwygdo/djuragancom/vendor/codeigniter4/framework/system/Database/BaseBuilder.php(1669): CodeIgniter\Database\BaseConnection->query()
#3 /home/dnzwygdo/djuragancom/app/Controllers/Api/Notifikasi.php(37): CodeIgniter\Database\BaseBuilder->countAllResults()
#4 /home/dnzwygdo/djuragancom/vendor/codeigniter4/framework/system/CodeIgniter.php(898): App\Controllers\Api\Notifikasi->get()
#5 /home/dnzwygdo/djuragancom/vendor/codeigniter4/framework/system/CodeIgniter.php(457): CodeIgniter\CodeIgniter->runController()
#6 /home/dnzwygdo/djuragancom/vendor/codeigniter4/framework/system/CodeIgniter.php(340): CodeIgniter\CodeIgniter->handleRequest()
#7 /home/dnzwygdo/public_html/index.php(67): CodeIgniter\CodeIgniter->run()
#8 {main}
CRITICAL - 2023-08-17 14:27:44 --> Unable to connect to the database.
Main connection [MySQLi]: Too many connections
in SYSTEMPATH/Database/BaseConnection.php on line 418.
 1 SYSTEMPATH/Database/BaseConnection.php(588): CodeIgniter\Database\BaseConnection->initialize()
 2 SYSTEMPATH/Database/BaseBuilder.php(1669): CodeIgniter\Database\BaseConnection->query()
 3 APPPATH/Controllers/Api/Notifikasi.php(37): CodeIgniter\Database\BaseBuilder->countAllResults()
 4 SYSTEMPATH/CodeIgniter.php(898): App\Controllers\Api\Notifikasi->get()
 5 SYSTEMPATH/CodeIgniter.php(457): CodeIgniter\CodeIgniter->runController()
 6 SYSTEMPATH/CodeIgniter.php(340): CodeIgniter\CodeIgniter->handleRequest()
 7 FCPATH/index.php(67): CodeIgniter\CodeIgniter->run()
ERROR - 2023-08-17 14:27:44 --> Error connecting to the database: mysqli_sql_exception: Too many connections in /home/dnzwygdo/djuragancom/vendor/codeigniter4/framework/system/Database/MySQLi/Connection.php:171
Stack trace:
#0 /home/dnzwygdo/djuragancom/vendor/codeigniter4/framework/system/Database/MySQLi/Connection.php(171): mysqli->real_connect()
#1 /home/dnzwygdo/djuragancom/vendor/codeigniter4/framework/system/Database/BaseConnection.php(382): CodeIgniter\Database\MySQLi\Connection->connect()
#2 /home/dnzwygdo/djuragancom/vendor/codeigniter4/framework/system/Database/BaseConnection.php(588): CodeIgniter\Database\BaseConnection->initialize()
#3 /home/dnzwygdo/djuragancom/vendor/codeigniter4/framework/system/Database/BaseBuilder.php(1669): CodeIgniter\Database\BaseConnection->query()
#4 /home/dnzwygdo/djuragancom/app/Controllers/Api/Notifikasi.php(37): CodeIgniter\Database\BaseBuilder->countAllResults()
#5 /home/dnzwygdo/djuragancom/vendor/codeigniter4/framework/system/CodeIgniter.php(898): App\Controllers\Api\Notifikasi->get()
#6 /home/dnzwygdo/djuragancom/vendor/codeigniter4/framework/system/CodeIgniter.php(457): CodeIgniter\CodeIgniter->runController()
#7 /home/dnzwygdo/djuragancom/vendor/codeigniter4/framework/system/CodeIgniter.php(340): CodeIgniter\CodeIgniter->handleRequest()
#8 /home/dnzwygdo/public_html/index.php(67): CodeIgniter\CodeIgniter->run()
#9 {main}

Next CodeIgniter\Database\Exceptions\DatabaseException: Too many connections in /home/dnzwygdo/djuragancom/vendor/codeigniter4/framework/system/Database/MySQLi/Connection.php:215
Stack trace:
#0 /home/dnzwygdo/djuragancom/vendor/codeigniter4/framework/system/Database/BaseConnection.php(382): CodeIgniter\Database\MySQLi\Connection->connect()
#1 /home/dnzwygdo/djuragancom/vendor/codeigniter4/framework/system/Database/BaseConnection.php(588): CodeIgniter\Database\BaseConnection->initialize()
#2 /home/dnzwygdo/djuragancom/vendor/codeigniter4/framework/system/Database/BaseBuilder.php(1669): CodeIgniter\Database\BaseConnection->query()
#3 /home/dnzwygdo/djuragancom/app/Controllers/Api/Notifikasi.php(37): CodeIgniter\Database\BaseBuilder->countAllResults()
#4 /home/dnzwygdo/djuragancom/vendor/codeigniter4/framework/system/CodeIgniter.php(898): App\Controllers\Api\Notifikasi->get()
#5 /home/dnzwygdo/djuragancom/vendor/codeigniter4/framework/system/CodeIgniter.php(457): CodeIgniter\CodeIgniter->runController()
#6 /home/dnzwygdo/djuragancom/vendor/codeigniter4/framework/system/CodeIgniter.php(340): CodeIgniter\CodeIgniter->handleRequest()
#7 /home/dnzwygdo/public_html/index.php(67): CodeIgniter\CodeIgniter->run()
#8 {main}
CRITICAL - 2023-08-17 14:27:44 --> Unable to connect to the database.
Main connection [MySQLi]: Too many connections
in SYSTEMPATH/Database/BaseConnection.php on line 418.
 1 SYSTEMPATH/Database/BaseConnection.php(588): CodeIgniter\Database\BaseConnection->initialize()
 2 SYSTEMPATH/Database/BaseBuilder.php(1669): CodeIgniter\Database\BaseConnection->query()
 3 APPPATH/Controllers/Api/Notifikasi.php(37): CodeIgniter\Database\BaseBuilder->countAllResults()
 4 SYSTEMPATH/CodeIgniter.php(898): App\Controllers\Api\Notifikasi->get()
 5 SYSTEMPATH/CodeIgniter.php(457): CodeIgniter\CodeIgniter->runController()
 6 SYSTEMPATH/CodeIgniter.php(340): CodeIgniter\CodeIgniter->handleRequest()
 7 FCPATH/index.php(67): CodeIgniter\CodeIgniter->run()
ERROR - 2023-08-17 14:34:26 --> Error connecting to the database: mysqli_sql_exception: Too many connections in /home/dnzwygdo/djuragancom/vendor/codeigniter4/framework/system/Database/MySQLi/Connection.php:171
Stack trace:
#0 /home/dnzwygdo/djuragancom/vendor/codeigniter4/framework/system/Database/MySQLi/Connection.php(171): mysqli->real_connect()
#1 /home/dnzwygdo/djuragancom/vendor/codeigniter4/framework/system/Database/BaseConnection.php(382): CodeIgniter\Database\MySQLi\Connection->connect()
#2 /home/dnzwygdo/djuragancom/vendor/codeigniter4/framework/system/Database/BaseConnection.php(588): CodeIgniter\Database\BaseConnection->initialize()
#3 /home/dnzwygdo/djuragancom/vendor/codeigniter4/framework/system/Database/BaseBuilder.php(1669): CodeIgniter\Database\BaseConnection->query()
#4 /home/dnzwygdo/djuragancom/vendor/codeigniter4/framework/system/Model.php(550): CodeIgniter\Database\BaseBuilder->countAllResults()
#5 /home/dnzwygdo/djuragancom/app/Controllers/BaseController.php(90): CodeIgniter\Model->countAllResults()
#6 /home/dnzwygdo/djuragancom/app/Controllers/BaseController.php(106): App\Controllers\BaseController->isJuragan()
#7 /home/dnzwygdo/djuragancom/app/Controllers/User/Invoices.php(136): App\Controllers\BaseController->allowedJuragan()
#8 /home/dnzwygdo/djuragancom/vendor/codeigniter4/framework/system/CodeIgniter.php(898): App\Controllers\User\Invoices->lihat()
#9 /home/dnzwygdo/djuragancom/vendor/codeigniter4/framework/system/CodeIgniter.php(457): CodeIgniter\CodeIgniter->runController()
#10 /home/dnzwygdo/djuragancom/vendor/codeigniter4/framework/system/CodeIgniter.php(340): CodeIgniter\CodeIgniter->handleRequest()
#11 /home/dnzwygdo/public_html/index.php(67): CodeIgniter\CodeIgniter->run()
#12 {main}

Next CodeIgniter\Database\Exceptions\DatabaseException: Too many connections in /home/dnzwygdo/djuragancom/vendor/codeigniter4/framework/system/Database/MySQLi/Connection.php:215
Stack trace:
#0 /home/dnzwygdo/djuragancom/vendor/codeigniter4/framework/system/Database/BaseConnection.php(382): CodeIgniter\Database\MySQLi\Connection->connect()
#1 /home/dnzwygdo/djuragancom/vendor/codeigniter4/framework/system/Database/BaseConnection.php(588): CodeIgniter\Database\BaseConnection->initialize()
#2 /home/dnzwygdo/djuragancom/vendor/codeigniter4/framework/system/Database/BaseBuilder.php(1669): CodeIgniter\Database\BaseConnection->query()
#3 /home/dnzwygdo/djuragancom/vendor/codeigniter4/framework/system/Model.php(550): CodeIgniter\Database\BaseBuilder->countAllResults()
#4 /home/dnzwygdo/djuragancom/app/Controllers/BaseController.php(90): CodeIgniter\Model->countAllResults()
#5 /home/dnzwygdo/djuragancom/app/Controllers/BaseController.php(106): App\Controllers\BaseController->isJuragan()
#6 /home/dnzwygdo/djuragancom/app/Controllers/User/Invoices.php(136): App\Controllers\BaseController->allowedJuragan()
#7 /home/dnzwygdo/djuragancom/vendor/codeigniter4/framework/system/CodeIgniter.php(898): App\Controllers\User\Invoices->lihat()
#8 /home/dnzwygdo/djuragancom/vendor/codeigniter4/framework/system/CodeIgniter.php(457): CodeIgniter\CodeIgniter->runController()
#9 /home/dnzwygdo/djuragancom/vendor/codeigniter4/framework/system/CodeIgniter.php(340): CodeIgniter\CodeIgniter->handleRequest()
#10 /home/dnzwygdo/public_html/index.php(67): CodeIgniter\CodeIgniter->run()
#11 {main}
CRITICAL - 2023-08-17 14:34:26 --> Unable to connect to the database.
Main connection [MySQLi]: Too many connections
in SYSTEMPATH/Database/BaseConnection.php on line 418.
 1 SYSTEMPATH/Database/BaseConnection.php(588): CodeIgniter\Database\BaseConnection->initialize()
 2 SYSTEMPATH/Database/BaseBuilder.php(1669): CodeIgniter\Database\BaseConnection->query()
 3 SYSTEMPATH/Model.php(550): CodeIgniter\Database\BaseBuilder->countAllResults()
 4 APPPATH/Controllers/BaseController.php(90): CodeIgniter\Model->countAllResults()
 5 APPPATH/Controllers/BaseController.php(106): App\Controllers\BaseController->isJuragan()
 6 APPPATH/Controllers/User/Invoices.php(136): App\Controllers\BaseController->allowedJuragan()
 7 SYSTEMPATH/CodeIgniter.php(898): App\Controllers\User\Invoices->lihat()
 8 SYSTEMPATH/CodeIgniter.php(457): CodeIgniter\CodeIgniter->runController()
 9 SYSTEMPATH/CodeIgniter.php(340): CodeIgniter\CodeIgniter->handleRequest()
10 FCPATH/index.php(67): CodeIgniter\CodeIgniter->run()
ERROR - 2023-08-17 14:48:58 --> Error connecting to the database: mysqli_sql_exception: Too many connections in /home/dnzwygdo/djuragancom/vendor/codeigniter4/framework/system/Database/MySQLi/Connection.php:171
Stack trace:
#0 /home/dnzwygdo/djuragancom/vendor/codeigniter4/framework/system/Database/MySQLi/Connection.php(171): mysqli->real_connect()
#1 /home/dnzwygdo/djuragancom/vendor/codeigniter4/framework/system/Database/BaseConnection.php(382): CodeIgniter\Database\MySQLi\Connection->connect()
#2 /home/dnzwygdo/djuragancom/vendor/codeigniter4/framework/system/Database/BaseConnection.php(588): CodeIgniter\Database\BaseConnection->initialize()
#3 /home/dnzwygdo/djuragancom/vendor/codeigniter4/framework/system/Database/BaseBuilder.php(1669): CodeIgniter\Database\BaseConnection->query()
#4 /home/dnzwygdo/djuragancom/app/Controllers/Api/Notifikasi.php(37): CodeIgniter\Database\BaseBuilder->countAllResults()
#5 /home/dnzwygdo/djuragancom/vendor/codeigniter4/framework/system/CodeIgniter.php(898): App\Controllers\Api\Notifikasi->get()
#6 /home/dnzwygdo/djuragancom/vendor/codeigniter4/framework/system/CodeIgniter.php(457): CodeIgniter\CodeIgniter->runController()
#7 /home/dnzwygdo/djuragancom/vendor/codeigniter4/framework/system/CodeIgniter.php(340): CodeIgniter\CodeIgniter->handleRequest()
#8 /home/dnzwygdo/public_html/index.php(67): CodeIgniter\CodeIgniter->run()
#9 {main}

Next CodeIgniter\Database\Exceptions\DatabaseException: Too many connections in /home/dnzwygdo/djuragancom/vendor/codeigniter4/framework/system/Database/MySQLi/Connection.php:215
Stack trace:
#0 /home/dnzwygdo/djuragancom/vendor/codeigniter4/framework/system/Database/BaseConnection.php(382): CodeIgniter\Database\MySQLi\Connection->connect()
#1 /home/dnzwygdo/djuragancom/vendor/codeigniter4/framework/system/Database/BaseConnection.php(588): CodeIgniter\Database\BaseConnection->initialize()
#2 /home/dnzwygdo/djuragancom/vendor/codeigniter4/framework/system/Database/BaseBuilder.php(1669): CodeIgniter\Database\BaseConnection->query()
#3 /home/dnzwygdo/djuragancom/app/Controllers/Api/Notifikasi.php(37): CodeIgniter\Database\BaseBuilder->countAllResults()
#4 /home/dnzwygdo/djuragancom/vendor/codeigniter4/framework/system/CodeIgniter.php(898): App\Controllers\Api\Notifikasi->get()
#5 /home/dnzwygdo/djuragancom/vendor/codeigniter4/framework/system/CodeIgniter.php(457): CodeIgniter\CodeIgniter->runController()
#6 /home/dnzwygdo/djuragancom/vendor/codeigniter4/framework/system/CodeIgniter.php(340): CodeIgniter\CodeIgniter->handleRequest()
#7 /home/dnzwygdo/public_html/index.php(67): CodeIgniter\CodeIgniter->run()
#8 {main}
CRITICAL - 2023-08-17 14:48:58 --> Unable to connect to the database.
Main connection [MySQLi]: Too many connections
in SYSTEMPATH/Database/BaseConnection.php on line 418.
 1 SYSTEMPATH/Database/BaseConnection.php(588): CodeIgniter\Database\BaseConnection->initialize()
 2 SYSTEMPATH/Database/BaseBuilder.php(1669): CodeIgniter\Database\BaseConnection->query()
 3 APPPATH/Controllers/Api/Notifikasi.php(37): CodeIgniter\Database\BaseBuilder->countAllResults()
 4 SYSTEMPATH/CodeIgniter.php(898): App\Controllers\Api\Notifikasi->get()
 5 SYSTEMPATH/CodeIgniter.php(457): CodeIgniter\CodeIgniter->runController()
 6 SYSTEMPATH/CodeIgniter.php(340): CodeIgniter\CodeIgniter->handleRequest()
 7 FCPATH/index.php(67): CodeIgniter\CodeIgniter->run()
ERROR - 2023-08-17 14:50:13 --> Error connecting to the database: mysqli_sql_exception: Too many connections in /home/dnzwygdo/djuragancom/vendor/codeigniter4/framework/system/Database/MySQLi/Connection.php:171
Stack trace:
#0 /home/dnzwygdo/djuragancom/vendor/codeigniter4/framework/system/Database/MySQLi/Connection.php(171): mysqli->real_connect()
#1 /home/dnzwygdo/djuragancom/vendor/codeigniter4/framework/system/Database/BaseConnection.php(382): CodeIgniter\Database\MySQLi\Connection->connect()
#2 /home/dnzwygdo/djuragancom/vendor/codeigniter4/framework/system/Database/BaseConnection.php(588): CodeIgniter\Database\BaseConnection->initialize()
#3 /home/dnzwygdo/djuragancom/vendor/codeigniter4/framework/system/Database/BaseBuilder.php(1669): CodeIgniter\Database\BaseConnection->query()
#4 /home/dnzwygdo/djuragancom/vendor/codeigniter4/framework/system/Model.php(550): CodeIgniter\Database\BaseBuilder->countAllResults()
#5 /home/dnzwygdo/djuragancom/app/Models/InvoiceModel.php(202): CodeIgniter\Model->countAllResults()
#6 /home/dnzwygdo/djuragancom/app/Models/InvoiceModel.php(136): App\Models\InvoiceModel->counts()
#7 /home/dnzwygdo/djuragancom/app/Controllers/Api/Invoice.php(17): App\Models\InvoiceModel->getCount()
#8 /home/dnzwygdo/djuragancom/vendor/codeigniter4/framework/system/CodeIgniter.php(898): App\Controllers\Api\Invoice->counter_tab()
#9 /home/dnzwygdo/djuragancom/vendor/codeigniter4/framework/system/CodeIgniter.php(457): CodeIgniter\CodeIgniter->runController()
#10 /home/dnzwygdo/djuragancom/vendor/codeigniter4/framework/system/CodeIgniter.php(340): CodeIgniter\CodeIgniter->handleRequest()
#11 /home/dnzwygdo/public_html/index.php(67): CodeIgniter\CodeIgniter->run()
#12 {main}

Next CodeIgniter\Database\Exceptions\DatabaseException: Too many connections in /home/dnzwygdo/djuragancom/vendor/codeigniter4/framework/system/Database/MySQLi/Connection.php:215
Stack trace:
#0 /home/dnzwygdo/djuragancom/vendor/codeigniter4/framework/system/Database/BaseConnection.php(382): CodeIgniter\Database\MySQLi\Connection->connect()
#1 /home/dnzwygdo/djuragancom/vendor/codeigniter4/framework/system/Database/BaseConnection.php(588): CodeIgniter\Database\BaseConnection->initialize()
#2 /home/dnzwygdo/djuragancom/vendor/codeigniter4/framework/system/Database/BaseBuilder.php(1669): CodeIgniter\Database\BaseConnection->query()
#3 /home/dnzwygdo/djuragancom/vendor/codeigniter4/framework/system/Model.php(550): CodeIgniter\Database\BaseBuilder->countAllResults()
#4 /home/dnzwygdo/djuragancom/app/Models/InvoiceModel.php(202): CodeIgniter\Model->countAllResults()
#5 /home/dnzwygdo/djuragancom/app/Models/InvoiceModel.php(136): App\Models\InvoiceModel->counts()
#6 /home/dnzwygdo/djuragancom/app/Controllers/Api/Invoice.php(17): App\Models\InvoiceModel->getCount()
#7 /home/dnzwygdo/djuragancom/vendor/codeigniter4/framework/system/CodeIgniter.php(898): App\Controllers\Api\Invoice->counter_tab()
#8 /home/dnzwygdo/djuragancom/vendor/codeigniter4/framework/system/CodeIgniter.php(457): CodeIgniter\CodeIgniter->runController()
#9 /home/dnzwygdo/djuragancom/vendor/codeigniter4/framework/system/CodeIgniter.php(340): CodeIgniter\CodeIgniter->handleRequest()
#10 /home/dnzwygdo/public_html/index.php(67): CodeIgniter\CodeIgniter->run()
#11 {main}
CRITICAL - 2023-08-17 14:50:13 --> Unable to connect to the database.
Main connection [MySQLi]: Too many connections
in SYSTEMPATH/Database/BaseConnection.php on line 418.
 1 SYSTEMPATH/Database/BaseConnection.php(588): CodeIgniter\Database\BaseConnection->initialize()
 2 SYSTEMPATH/Database/BaseBuilder.php(1669): CodeIgniter\Database\BaseConnection->query()
 3 SYSTEMPATH/Model.php(550): CodeIgniter\Database\BaseBuilder->countAllResults()
 4 APPPATH/Models/InvoiceModel.php(202): CodeIgniter\Model->countAllResults()
 5 APPPATH/Models/InvoiceModel.php(136): App\Models\InvoiceModel->counts()
 6 APPPATH/Controllers/Api/Invoice.php(17): App\Models\InvoiceModel->getCount()
 7 SYSTEMPATH/CodeIgniter.php(898): App\Controllers\Api\Invoice->counter_tab()
 8 SYSTEMPATH/CodeIgniter.php(457): CodeIgniter\CodeIgniter->runController()
 9 SYSTEMPATH/CodeIgniter.php(340): CodeIgniter\CodeIgniter->handleRequest()
10 FCPATH/index.php(67): CodeIgniter\CodeIgniter->run()
ERROR - 2023-08-17 14:50:13 --> Error connecting to the database: mysqli_sql_exception: Too many connections in /home/dnzwygdo/djuragancom/vendor/codeigniter4/framework/system/Database/MySQLi/Connection.php:171
Stack trace:
#0 /home/dnzwygdo/djuragancom/vendor/codeigniter4/framework/system/Database/MySQLi/Connection.php(171): mysqli->real_connect()
#1 /home/dnzwygdo/djuragancom/vendor/codeigniter4/framework/system/Database/BaseConnection.php(382): CodeIgniter\Database\MySQLi\Connection->connect()
#2 /home/dnzwygdo/djuragancom/vendor/codeigniter4/framework/system/Database/BaseConnection.php(588): CodeIgniter\Database\BaseConnection->initialize()
#3 /home/dnzwygdo/djuragancom/vendor/codeigniter4/framework/system/Database/BaseBuilder.php(1669): CodeIgniter\Database\BaseConnection->query()
#4 /home/dnzwygdo/djuragancom/app/Controllers/Api/Notifikasi.php(37): CodeIgniter\Database\BaseBuilder->countAllResults()
#5 /home/dnzwygdo/djuragancom/vendor/codeigniter4/framework/system/CodeIgniter.php(898): App\Controllers\Api\Notifikasi->get()
#6 /home/dnzwygdo/djuragancom/vendor/codeigniter4/framework/system/CodeIgniter.php(457): CodeIgniter\CodeIgniter->runController()
#7 /home/dnzwygdo/djuragancom/vendor/codeigniter4/framework/system/CodeIgniter.php(340): CodeIgniter\CodeIgniter->handleRequest()
#8 /home/dnzwygdo/public_html/index.php(67): CodeIgniter\CodeIgniter->run()
#9 {main}

Next CodeIgniter\Database\Exceptions\DatabaseException: Too many connections in /home/dnzwygdo/djuragancom/vendor/codeigniter4/framework/system/Database/MySQLi/Connection.php:215
Stack trace:
#0 /home/dnzwygdo/djuragancom/vendor/codeigniter4/framework/system/Database/BaseConnection.php(382): CodeIgniter\Database\MySQLi\Connection->connect()
#1 /home/dnzwygdo/djuragancom/vendor/codeigniter4/framework/system/Database/BaseConnection.php(588): CodeIgniter\Database\BaseConnection->initialize()
#2 /home/dnzwygdo/djuragancom/vendor/codeigniter4/framework/system/Database/BaseBuilder.php(1669): CodeIgniter\Database\BaseConnection->query()
#3 /home/dnzwygdo/djuragancom/app/Controllers/Api/Notifikasi.php(37): CodeIgniter\Database\BaseBuilder->countAllResults()
#4 /home/dnzwygdo/djuragancom/vendor/codeigniter4/framework/system/CodeIgniter.php(898): App\Controllers\Api\Notifikasi->get()
#5 /home/dnzwygdo/djuragancom/vendor/codeigniter4/framework/system/CodeIgniter.php(457): CodeIgniter\CodeIgniter->runController()
#6 /home/dnzwygdo/djuragancom/vendor/codeigniter4/framework/system/CodeIgniter.php(340): CodeIgniter\CodeIgniter->handleRequest()
#7 /home/dnzwygdo/public_html/index.php(67): CodeIgniter\CodeIgniter->run()
#8 {main}
CRITICAL - 2023-08-17 14:50:13 --> Unable to connect to the database.
Main connection [MySQLi]: Too many connections
in SYSTEMPATH/Database/BaseConnection.php on line 418.
 1 SYSTEMPATH/Database/BaseConnection.php(588): CodeIgniter\Database\BaseConnection->initialize()
 2 SYSTEMPATH/Database/BaseBuilder.php(1669): CodeIgniter\Database\BaseConnection->query()
 3 APPPATH/Controllers/Api/Notifikasi.php(37): CodeIgniter\Database\BaseBuilder->countAllResults()
 4 SYSTEMPATH/CodeIgniter.php(898): App\Controllers\Api\Notifikasi->get()
 5 SYSTEMPATH/CodeIgniter.php(457): CodeIgniter\CodeIgniter->runController()
 6 SYSTEMPATH/CodeIgniter.php(340): CodeIgniter\CodeIgniter->handleRequest()
 7 FCPATH/index.php(67): CodeIgniter\CodeIgniter->run()
ERROR - 2023-08-17 14:50:15 --> Error connecting to the database: mysqli_sql_exception: Too many connections in /home/dnzwygdo/djuragancom/vendor/codeigniter4/framework/system/Database/MySQLi/Connection.php:171
Stack trace:
#0 /home/dnzwygdo/djuragancom/vendor/codeigniter4/framework/system/Database/MySQLi/Connection.php(171): mysqli->real_connect()
#1 /home/dnzwygdo/djuragancom/vendor/codeigniter4/framework/system/Database/BaseConnection.php(382): CodeIgniter\Database\MySQLi\Connection->connect()
#2 /home/dnzwygdo/djuragancom/vendor/codeigniter4/framework/system/Database/BaseConnection.php(588): CodeIgniter\Database\BaseConnection->initialize()
#3 /home/dnzwygdo/djuragancom/vendor/codeigniter4/framework/system/Database/BaseBuilder.php(1669): CodeIgniter\Database\BaseConnection->query()
#4 /home/dnzwygdo/djuragancom/app/Controllers/Api/Notifikasi.php(37): CodeIgniter\Database\BaseBuilder->countAllResults()
#5 /home/dnzwygdo/djuragancom/vendor/codeigniter4/framework/system/CodeIgniter.php(898): App\Controllers\Api\Notifikasi->get()
#6 /home/dnzwygdo/djuragancom/vendor/codeigniter4/framework/system/CodeIgniter.php(457): CodeIgniter\CodeIgniter->runController()
#7 /home/dnzwygdo/djuragancom/vendor/codeigniter4/framework/system/CodeIgniter.php(340): CodeIgniter\CodeIgniter->handleRequest()
#8 /home/dnzwygdo/public_html/index.php(67): CodeIgniter\CodeIgniter->run()
#9 {main}

Next CodeIgniter\Database\Exceptions\DatabaseException: Too many connections in /home/dnzwygdo/djuragancom/vendor/codeigniter4/framework/system/Database/MySQLi/Connection.php:215
Stack trace:
#0 /home/dnzwygdo/djuragancom/vendor/codeigniter4/framework/system/Database/BaseConnection.php(382): CodeIgniter\Database\MySQLi\Connection->connect()
#1 /home/dnzwygdo/djuragancom/vendor/codeigniter4/framework/system/Database/BaseConnection.php(588): CodeIgniter\Database\BaseConnection->initialize()
#2 /home/dnzwygdo/djuragancom/vendor/codeigniter4/framework/system/Database/BaseBuilder.php(1669): CodeIgniter\Database\BaseConnection->query()
#3 /home/dnzwygdo/djuragancom/app/Controllers/Api/Notifikasi.php(37): CodeIgniter\Database\BaseBuilder->countAllResults()
#4 /home/dnzwygdo/djuragancom/vendor/codeigniter4/framework/system/CodeIgniter.php(898): App\Controllers\Api\Notifikasi->get()
#5 /home/dnzwygdo/djuragancom/vendor/codeigniter4/framework/system/CodeIgniter.php(457): CodeIgniter\CodeIgniter->runController()
#6 /home/dnzwygdo/djuragancom/vendor/codeigniter4/framework/system/CodeIgniter.php(340): CodeIgniter\CodeIgniter->handleRequest()
#7 /home/dnzwygdo/public_html/index.php(67): CodeIgniter\CodeIgniter->run()
#8 {main}
CRITICAL - 2023-08-17 14:50:15 --> Unable to connect to the database.
Main connection [MySQLi]: Too many connections
in SYSTEMPATH/Database/BaseConnection.php on line 418.
 1 SYSTEMPATH/Database/BaseConnection.php(588): CodeIgniter\Database\BaseConnection->initialize()
 2 SYSTEMPATH/Database/BaseBuilder.php(1669): CodeIgniter\Database\BaseConnection->query()
 3 APPPATH/Controllers/Api/Notifikasi.php(37): CodeIgniter\Database\BaseBuilder->countAllResults()
 4 SYSTEMPATH/CodeIgniter.php(898): App\Controllers\Api\Notifikasi->get()
 5 SYSTEMPATH/CodeIgniter.php(457): CodeIgniter\CodeIgniter->runController()
 6 SYSTEMPATH/CodeIgniter.php(340): CodeIgniter\CodeIgniter->handleRequest()
 7 FCPATH/index.php(67): CodeIgniter\CodeIgniter->run()
ERROR - 2023-08-17 15:06:04 --> Error connecting to the database: mysqli_sql_exception: Too many connections in /home/dnzwygdo/djuragancom/vendor/codeigniter4/framework/system/Database/MySQLi/Connection.php:171
Stack trace:
#0 /home/dnzwygdo/djuragancom/vendor/codeigniter4/framework/system/Database/MySQLi/Connection.php(171): mysqli->real_connect()
#1 /home/dnzwygdo/djuragancom/vendor/codeigniter4/framework/system/Database/BaseConnection.php(382): CodeIgniter\Database\MySQLi\Connection->connect()
#2 /home/dnzwygdo/djuragancom/vendor/codeigniter4/framework/system/Database/BaseConnection.php(588): CodeIgniter\Database\BaseConnection->initialize()
#3 /home/dnzwygdo/djuragancom/vendor/codeigniter4/framework/system/Database/BaseBuilder.php(1669): CodeIgniter\Database\BaseConnection->query()
#4 /home/dnzwygdo/djuragancom/app/Controllers/Api/Notifikasi.php(37): CodeIgniter\Database\BaseBuilder->countAllResults()
#5 /home/dnzwygdo/djuragancom/vendor/codeigniter4/framework/system/CodeIgniter.php(898): App\Controllers\Api\Notifikasi->get()
#6 /home/dnzwygdo/djuragancom/vendor/codeigniter4/framework/system/CodeIgniter.php(457): CodeIgniter\CodeIgniter->runController()
#7 /home/dnzwygdo/djuragancom/vendor/codeigniter4/framework/system/CodeIgniter.php(340): CodeIgniter\CodeIgniter->handleRequest()
#8 /home/dnzwygdo/public_html/index.php(67): CodeIgniter\CodeIgniter->run()
#9 {main}

Next CodeIgniter\Database\Exceptions\DatabaseException: Too many connections in /home/dnzwygdo/djuragancom/vendor/codeigniter4/framework/system/Database/MySQLi/Connection.php:215
Stack trace:
#0 /home/dnzwygdo/djuragancom/vendor/codeigniter4/framework/system/Database/BaseConnection.php(382): CodeIgniter\Database\MySQLi\Connection->connect()
#1 /home/dnzwygdo/djuragancom/vendor/codeigniter4/framework/system/Database/BaseConnection.php(588): CodeIgniter\Database\BaseConnection->initialize()
#2 /home/dnzwygdo/djuragancom/vendor/codeigniter4/framework/system/Database/BaseBuilder.php(1669): CodeIgniter\Database\BaseConnection->query()
#3 /home/dnzwygdo/djuragancom/app/Controllers/Api/Notifikasi.php(37): CodeIgniter\Database\BaseBuilder->countAllResults()
#4 /home/dnzwygdo/djuragancom/vendor/codeigniter4/framework/system/CodeIgniter.php(898): App\Controllers\Api\Notifikasi->get()
#5 /home/dnzwygdo/djuragancom/vendor/codeigniter4/framework/system/CodeIgniter.php(457): CodeIgniter\CodeIgniter->runController()
#6 /home/dnzwygdo/djuragancom/vendor/codeigniter4/framework/system/CodeIgniter.php(340): CodeIgniter\CodeIgniter->handleRequest()
#7 /home/dnzwygdo/public_html/index.php(67): CodeIgniter\CodeIgniter->run()
#8 {main}
CRITICAL - 2023-08-17 15:06:04 --> Unable to connect to the database.
Main connection [MySQLi]: Too many connections
in SYSTEMPATH/Database/BaseConnection.php on line 418.
 1 SYSTEMPATH/Database/BaseConnection.php(588): CodeIgniter\Database\BaseConnection->initialize()
 2 SYSTEMPATH/Database/BaseBuilder.php(1669): CodeIgniter\Database\BaseConnection->query()
 3 APPPATH/Controllers/Api/Notifikasi.php(37): CodeIgniter\Database\BaseBuilder->countAllResults()
 4 SYSTEMPATH/CodeIgniter.php(898): App\Controllers\Api\Notifikasi->get()
 5 SYSTEMPATH/CodeIgniter.php(457): CodeIgniter\CodeIgniter->runController()
 6 SYSTEMPATH/CodeIgniter.php(340): CodeIgniter\CodeIgniter->handleRequest()
 7 FCPATH/index.php(67): CodeIgniter\CodeIgniter->run()
ERROR - 2023-08-17 15:08:15 --> Error connecting to the database: mysqli_sql_exception: Too many connections in /home/dnzwygdo/djuragancom/vendor/codeigniter4/framework/system/Database/MySQLi/Connection.php:171
Stack trace:
#0 /home/dnzwygdo/djuragancom/vendor/codeigniter4/framework/system/Database/MySQLi/Connection.php(171): mysqli->real_connect()
#1 /home/dnzwygdo/djuragancom/vendor/codeigniter4/framework/system/Database/BaseConnection.php(382): CodeIgniter\Database\MySQLi\Connection->connect()
#2 /home/dnzwygdo/djuragancom/vendor/codeigniter4/framework/system/Database/BaseConnection.php(588): CodeIgniter\Database\BaseConnection->initialize()
#3 /home/dnzwygdo/djuragancom/vendor/codeigniter4/framework/system/Database/BaseBuilder.php(1669): CodeIgniter\Database\BaseConnection->query()
#4 /home/dnzwygdo/djuragancom/app/Controllers/Api/Notifikasi.php(37): CodeIgniter\Database\BaseBuilder->countAllResults()
#5 /home/dnzwygdo/djuragancom/vendor/codeigniter4/framework/system/CodeIgniter.php(898): App\Controllers\Api\Notifikasi->get()
#6 /home/dnzwygdo/djuragancom/vendor/codeigniter4/framework/system/CodeIgniter.php(457): CodeIgniter\CodeIgniter->runController()
#7 /home/dnzwygdo/djuragancom/vendor/codeigniter4/framework/system/CodeIgniter.php(340): CodeIgniter\CodeIgniter->handleRequest()
#8 /home/dnzwygdo/public_html/index.php(67): CodeIgniter\CodeIgniter->run()
#9 {main}

Next CodeIgniter\Database\Exceptions\DatabaseException: Too many connections in /home/dnzwygdo/djuragancom/vendor/codeigniter4/framework/system/Database/MySQLi/Connection.php:215
Stack trace:
#0 /home/dnzwygdo/djuragancom/vendor/codeigniter4/framework/system/Database/BaseConnection.php(382): CodeIgniter\Database\MySQLi\Connection->connect()
#1 /home/dnzwygdo/djuragancom/vendor/codeigniter4/framework/system/Database/BaseConnection.php(588): CodeIgniter\Database\BaseConnection->initialize()
#2 /home/dnzwygdo/djuragancom/vendor/codeigniter4/framework/system/Database/BaseBuilder.php(1669): CodeIgniter\Database\BaseConnection->query()
#3 /home/dnzwygdo/djuragancom/app/Controllers/Api/Notifikasi.php(37): CodeIgniter\Database\BaseBuilder->countAllResults()
#4 /home/dnzwygdo/djuragancom/vendor/codeigniter4/framework/system/CodeIgniter.php(898): App\Controllers\Api\Notifikasi->get()
#5 /home/dnzwygdo/djuragancom/vendor/codeigniter4/framework/system/CodeIgniter.php(457): CodeIgniter\CodeIgniter->runController()
#6 /home/dnzwygdo/djuragancom/vendor/codeigniter4/framework/system/CodeIgniter.php(340): CodeIgniter\CodeIgniter->handleRequest()
#7 /home/dnzwygdo/public_html/index.php(67): CodeIgniter\CodeIgniter->run()
#8 {main}
CRITICAL - 2023-08-17 15:08:15 --> Unable to connect to the database.
Main connection [MySQLi]: Too many connections
in SYSTEMPATH/Database/BaseConnection.php on line 418.
 1 SYSTEMPATH/Database/BaseConnection.php(588): CodeIgniter\Database\BaseConnection->initialize()
 2 SYSTEMPATH/Database/BaseBuilder.php(1669): CodeIgniter\Database\BaseConnection->query()
 3 APPPATH/Controllers/Api/Notifikasi.php(37): CodeIgniter\Database\BaseBuilder->countAllResults()
 4 SYSTEMPATH/CodeIgniter.php(898): App\Controllers\Api\Notifikasi->get()
 5 SYSTEMPATH/CodeIgniter.php(457): CodeIgniter\CodeIgniter->runController()
 6 SYSTEMPATH/CodeIgniter.php(340): CodeIgniter\CodeIgniter->handleRequest()
 7 FCPATH/index.php(67): CodeIgniter\CodeIgniter->run()
ERROR - 2023-08-17 15:09:44 --> Error connecting to the database: mysqli_sql_exception: Too many connections in /home/dnzwygdo/djuragancom/vendor/codeigniter4/framework/system/Database/MySQLi/Connection.php:171
Stack trace:
#0 /home/dnzwygdo/djuragancom/vendor/codeigniter4/framework/system/Database/MySQLi/Connection.php(171): mysqli->real_connect()
#1 /home/dnzwygdo/djuragancom/vendor/codeigniter4/framework/system/Database/BaseConnection.php(382): CodeIgniter\Database\MySQLi\Connection->connect()
#2 /home/dnzwygdo/djuragancom/vendor/codeigniter4/framework/system/Database/BaseConnection.php(588): CodeIgniter\Database\BaseConnection->initialize()
#3 /home/dnzwygdo/djuragancom/vendor/codeigniter4/framework/system/Database/BaseBuilder.php(1669): CodeIgniter\Database\BaseConnection->query()
#4 /home/dnzwygdo/djuragancom/app/Controllers/Api/Notifikasi.php(37): CodeIgniter\Database\BaseBuilder->countAllResults()
#5 /home/dnzwygdo/djuragancom/vendor/codeigniter4/framework/system/CodeIgniter.php(898): App\Controllers\Api\Notifikasi->get()
#6 /home/dnzwygdo/djuragancom/vendor/codeigniter4/framework/system/CodeIgniter.php(457): CodeIgniter\CodeIgniter->runController()
#7 /home/dnzwygdo/djuragancom/vendor/codeigniter4/framework/system/CodeIgniter.php(340): CodeIgniter\CodeIgniter->handleRequest()
#8 /home/dnzwygdo/public_html/index.php(67): CodeIgniter\CodeIgniter->run()
#9 {main}

Next CodeIgniter\Database\Exceptions\DatabaseException: Too many connections in /home/dnzwygdo/djuragancom/vendor/codeigniter4/framework/system/Database/MySQLi/Connection.php:215
Stack trace:
#0 /home/dnzwygdo/djuragancom/vendor/codeigniter4/framework/system/Database/BaseConnection.php(382): CodeIgniter\Database\MySQLi\Connection->connect()
#1 /home/dnzwygdo/djuragancom/vendor/codeigniter4/framework/system/Database/BaseConnection.php(588): CodeIgniter\Database\BaseConnection->initialize()
#2 /home/dnzwygdo/djuragancom/vendor/codeigniter4/framework/system/Database/BaseBuilder.php(1669): CodeIgniter\Database\BaseConnection->query()
#3 /home/dnzwygdo/djuragancom/app/Controllers/Api/Notifikasi.php(37): CodeIgniter\Database\BaseBuilder->countAllResults()
#4 /home/dnzwygdo/djuragancom/vendor/codeigniter4/framework/system/CodeIgniter.php(898): App\Controllers\Api\Notifikasi->get()
#5 /home/dnzwygdo/djuragancom/vendor/codeigniter4/framework/system/CodeIgniter.php(457): CodeIgniter\CodeIgniter->runController()
#6 /home/dnzwygdo/djuragancom/vendor/codeigniter4/framework/system/CodeIgniter.php(340): CodeIgniter\CodeIgniter->handleRequest()
#7 /home/dnzwygdo/public_html/index.php(67): CodeIgniter\CodeIgniter->run()
#8 {main}
CRITICAL - 2023-08-17 15:09:44 --> Unable to connect to the database.
Main connection [MySQLi]: Too many connections
in SYSTEMPATH/Database/BaseConnection.php on line 418.
 1 SYSTEMPATH/Database/BaseConnection.php(588): CodeIgniter\Database\BaseConnection->initialize()
 2 SYSTEMPATH/Database/BaseBuilder.php(1669): CodeIgniter\Database\BaseConnection->query()
 3 APPPATH/Controllers/Api/Notifikasi.php(37): CodeIgniter\Database\BaseBuilder->countAllResults()
 4 SYSTEMPATH/CodeIgniter.php(898): App\Controllers\Api\Notifikasi->get()
 5 SYSTEMPATH/CodeIgniter.php(457): CodeIgniter\CodeIgniter->runController()
 6 SYSTEMPATH/CodeIgniter.php(340): CodeIgniter\CodeIgniter->handleRequest()
 7 FCPATH/index.php(67): CodeIgniter\CodeIgniter->run()
ERROR - 2023-08-17 15:13:28 --> Error connecting to the database: mysqli_sql_exception: Too many connections in /home/dnzwygdo/djuragancom/vendor/codeigniter4/framework/system/Database/MySQLi/Connection.php:171
Stack trace:
#0 /home/dnzwygdo/djuragancom/vendor/codeigniter4/framework/system/Database/MySQLi/Connection.php(171): mysqli->real_connect()
#1 /home/dnzwygdo/djuragancom/vendor/codeigniter4/framework/system/Database/BaseConnection.php(382): CodeIgniter\Database\MySQLi\Connection->connect()
#2 /home/dnzwygdo/djuragancom/vendor/codeigniter4/framework/system/Database/BaseConnection.php(588): CodeIgniter\Database\BaseConnection->initialize()
#3 /home/dnzwygdo/djuragancom/vendor/codeigniter4/framework/system/Database/BaseBuilder.php(1669): CodeIgniter\Database\BaseConnection->query()
#4 /home/dnzwygdo/djuragancom/app/Controllers/Api/Notifikasi.php(37): CodeIgniter\Database\BaseBuilder->countAllResults()
#5 /home/dnzwygdo/djuragancom/vendor/codeigniter4/framework/system/CodeIgniter.php(898): App\Controllers\Api\Notifikasi->get()
#6 /home/dnzwygdo/djuragancom/vendor/codeigniter4/framework/system/CodeIgniter.php(457): CodeIgniter\CodeIgniter->runController()
#7 /home/dnzwygdo/djuragancom/vendor/codeigniter4/framework/system/CodeIgniter.php(340): CodeIgniter\CodeIgniter->handleRequest()
#8 /home/dnzwygdo/public_html/index.php(67): CodeIgniter\CodeIgniter->run()
#9 {main}

Next CodeIgniter\Database\Exceptions\DatabaseException: Too many connections in /home/dnzwygdo/djuragancom/vendor/codeigniter4/framework/system/Database/MySQLi/Connection.php:215
Stack trace:
#0 /home/dnzwygdo/djuragancom/vendor/codeigniter4/framework/system/Database/BaseConnection.php(382): CodeIgniter\Database\MySQLi\Connection->connect()
#1 /home/dnzwygdo/djuragancom/vendor/codeigniter4/framework/system/Database/BaseConnection.php(588): CodeIgniter\Database\BaseConnection->initialize()
#2 /home/dnzwygdo/djuragancom/vendor/codeigniter4/framework/system/Database/BaseBuilder.php(1669): CodeIgniter\Database\BaseConnection->query()
#3 /home/dnzwygdo/djuragancom/app/Controllers/Api/Notifikasi.php(37): CodeIgniter\Database\BaseBuilder->countAllResults()
#4 /home/dnzwygdo/djuragancom/vendor/codeigniter4/framework/system/CodeIgniter.php(898): App\Controllers\Api\Notifikasi->get()
#5 /home/dnzwygdo/djuragancom/vendor/codeigniter4/framework/system/CodeIgniter.php(457): CodeIgniter\CodeIgniter->runController()
#6 /home/dnzwygdo/djuragancom/vendor/codeigniter4/framework/system/CodeIgniter.php(340): CodeIgniter\CodeIgniter->handleRequest()
#7 /home/dnzwygdo/public_html/index.php(67): CodeIgniter\CodeIgniter->run()
#8 {main}
CRITICAL - 2023-08-17 15:13:28 --> Unable to connect to the database.
Main connection [MySQLi]: Too many connections
in SYSTEMPATH/Database/BaseConnection.php on line 418.
 1 SYSTEMPATH/Database/BaseConnection.php(588): CodeIgniter\Database\BaseConnection->initialize()
 2 SYSTEMPATH/Database/BaseBuilder.php(1669): CodeIgniter\Database\BaseConnection->query()
 3 APPPATH/Controllers/Api/Notifikasi.php(37): CodeIgniter\Database\BaseBuilder->countAllResults()
 4 SYSTEMPATH/CodeIgniter.php(898): App\Controllers\Api\Notifikasi->get()
 5 SYSTEMPATH/CodeIgniter.php(457): CodeIgniter\CodeIgniter->runController()
 6 SYSTEMPATH/CodeIgniter.php(340): CodeIgniter\CodeIgniter->handleRequest()
 7 FCPATH/index.php(67): CodeIgniter\CodeIgniter->run()
ERROR - 2023-08-17 15:16:58 --> Error connecting to the database: mysqli_sql_exception: Too many connections in /home/dnzwygdo/djuragancom/vendor/codeigniter4/framework/system/Database/MySQLi/Connection.php:171
Stack trace:
#0 /home/dnzwygdo/djuragancom/vendor/codeigniter4/framework/system/Database/MySQLi/Connection.php(171): mysqli->real_connect()
#1 /home/dnzwygdo/djuragancom/vendor/codeigniter4/framework/system/Database/BaseConnection.php(382): CodeIgniter\Database\MySQLi\Connection->connect()
#2 /home/dnzwygdo/djuragancom/vendor/codeigniter4/framework/system/Database/BaseConnection.php(588): CodeIgniter\Database\BaseConnection->initialize()
#3 /home/dnzwygdo/djuragancom/vendor/codeigniter4/framework/system/Database/BaseBuilder.php(1669): CodeIgniter\Database\BaseConnection->query()
#4 /home/dnzwygdo/djuragancom/app/Controllers/Api/Notifikasi.php(37): CodeIgniter\Database\BaseBuilder->countAllResults()
#5 /home/dnzwygdo/djuragancom/vendor/codeigniter4/framework/system/CodeIgniter.php(898): App\Controllers\Api\Notifikasi->get()
#6 /home/dnzwygdo/djuragancom/vendor/codeigniter4/framework/system/CodeIgniter.php(457): CodeIgniter\CodeIgniter->runController()
#7 /home/dnzwygdo/djuragancom/vendor/codeigniter4/framework/system/CodeIgniter.php(340): CodeIgniter\CodeIgniter->handleRequest()
#8 /home/dnzwygdo/public_html/index.php(67): CodeIgniter\CodeIgniter->run()
#9 {main}

Next CodeIgniter\Database\Exceptions\DatabaseException: Too many connections in /home/dnzwygdo/djuragancom/vendor/codeigniter4/framework/system/Database/MySQLi/Connection.php:215
Stack trace:
#0 /home/dnzwygdo/djuragancom/vendor/codeigniter4/framework/system/Database/BaseConnection.php(382): CodeIgniter\Database\MySQLi\Connection->connect()
#1 /home/dnzwygdo/djuragancom/vendor/codeigniter4/framework/system/Database/BaseConnection.php(588): CodeIgniter\Database\BaseConnection->initialize()
#2 /home/dnzwygdo/djuragancom/vendor/codeigniter4/framework/system/Database/BaseBuilder.php(1669): CodeIgniter\Database\BaseConnection->query()
#3 /home/dnzwygdo/djuragancom/app/Controllers/Api/Notifikasi.php(37): CodeIgniter\Database\BaseBuilder->countAllResults()
#4 /home/dnzwygdo/djuragancom/vendor/codeigniter4/framework/system/CodeIgniter.php(898): App\Controllers\Api\Notifikasi->get()
#5 /home/dnzwygdo/djuragancom/vendor/codeigniter4/framework/system/CodeIgniter.php(457): CodeIgniter\CodeIgniter->runController()
#6 /home/dnzwygdo/djuragancom/vendor/codeigniter4/framework/system/CodeIgniter.php(340): CodeIgniter\CodeIgniter->handleRequest()
#7 /home/dnzwygdo/public_html/index.php(67): CodeIgniter\CodeIgniter->run()
#8 {main}
CRITICAL - 2023-08-17 15:16:58 --> Unable to connect to the database.
Main connection [MySQLi]: Too many connections
in SYSTEMPATH/Database/BaseConnection.php on line 418.
 1 SYSTEMPATH/Database/BaseConnection.php(588): CodeIgniter\Database\BaseConnection->initialize()
 2 SYSTEMPATH/Database/BaseBuilder.php(1669): CodeIgniter\Database\BaseConnection->query()
 3 APPPATH/Controllers/Api/Notifikasi.php(37): CodeIgniter\Database\BaseBuilder->countAllResults()
 4 SYSTEMPATH/CodeIgniter.php(898): App\Controllers\Api\Notifikasi->get()
 5 SYSTEMPATH/CodeIgniter.php(457): CodeIgniter\CodeIgniter->runController()
 6 SYSTEMPATH/CodeIgniter.php(340): CodeIgniter\CodeIgniter->handleRequest()
 7 FCPATH/index.php(67): CodeIgniter\CodeIgniter->run()
ERROR - 2023-08-17 15:20:04 --> Error connecting to the database: mysqli_sql_exception: Too many connections in /home/dnzwygdo/djuragancom/vendor/codeigniter4/framework/system/Database/MySQLi/Connection.php:171
Stack trace:
#0 /home/dnzwygdo/djuragancom/vendor/codeigniter4/framework/system/Database/MySQLi/Connection.php(171): mysqli->real_connect()
#1 /home/dnzwygdo/djuragancom/vendor/codeigniter4/framework/system/Database/BaseConnection.php(382): CodeIgniter\Database\MySQLi\Connection->connect()
#2 /home/dnzwygdo/djuragancom/vendor/codeigniter4/framework/system/Database/BaseConnection.php(588): CodeIgniter\Database\BaseConnection->initialize()
#3 /home/dnzwygdo/djuragancom/vendor/codeigniter4/framework/system/Database/BaseBuilder.php(1669): CodeIgniter\Database\BaseConnection->query()
#4 /home/dnzwygdo/djuragancom/app/Controllers/Api/Notifikasi.php(37): CodeIgniter\Database\BaseBuilder->countAllResults()
#5 /home/dnzwygdo/djuragancom/vendor/codeigniter4/framework/system/CodeIgniter.php(898): App\Controllers\Api\Notifikasi->get()
#6 /home/dnzwygdo/djuragancom/vendor/codeigniter4/framework/system/CodeIgniter.php(457): CodeIgniter\CodeIgniter->runController()
#7 /home/dnzwygdo/djuragancom/vendor/codeigniter4/framework/system/CodeIgniter.php(340): CodeIgniter\CodeIgniter->handleRequest()
#8 /home/dnzwygdo/public_html/index.php(67): CodeIgniter\CodeIgniter->run()
#9 {main}

Next CodeIgniter\Database\Exceptions\DatabaseException: Too many connections in /home/dnzwygdo/djuragancom/vendor/codeigniter4/framework/system/Database/MySQLi/Connection.php:215
Stack trace:
#0 /home/dnzwygdo/djuragancom/vendor/codeigniter4/framework/system/Database/BaseConnection.php(382): CodeIgniter\Database\MySQLi\Connection->connect()
#1 /home/dnzwygdo/djuragancom/vendor/codeigniter4/framework/system/Database/BaseConnection.php(588): CodeIgniter\Database\BaseConnection->initialize()
#2 /home/dnzwygdo/djuragancom/vendor/codeigniter4/framework/system/Database/BaseBuilder.php(1669): CodeIgniter\Database\BaseConnection->query()
#3 /home/dnzwygdo/djuragancom/app/Controllers/Api/Notifikasi.php(37): CodeIgniter\Database\BaseBuilder->countAllResults()
#4 /home/dnzwygdo/djuragancom/vendor/codeigniter4/framework/system/CodeIgniter.php(898): App\Controllers\Api\Notifikasi->get()
#5 /home/dnzwygdo/djuragancom/vendor/codeigniter4/framework/system/CodeIgniter.php(457): CodeIgniter\CodeIgniter->runController()
#6 /home/dnzwygdo/djuragancom/vendor/codeigniter4/framework/system/CodeIgniter.php(340): CodeIgniter\CodeIgniter->handleRequest()
#7 /home/dnzwygdo/public_html/index.php(67): CodeIgniter\CodeIgniter->run()
#8 {main}
CRITICAL - 2023-08-17 15:20:04 --> Unable to connect to the database.
Main connection [MySQLi]: Too many connections
in SYSTEMPATH/Database/BaseConnection.php on line 418.
 1 SYSTEMPATH/Database/BaseConnection.php(588): CodeIgniter\Database\BaseConnection->initialize()
 2 SYSTEMPATH/Database/BaseBuilder.php(1669): CodeIgniter\Database\BaseConnection->query()
 3 APPPATH/Controllers/Api/Notifikasi.php(37): CodeIgniter\Database\BaseBuilder->countAllResults()
 4 SYSTEMPATH/CodeIgniter.php(898): App\Controllers\Api\Notifikasi->get()
 5 SYSTEMPATH/CodeIgniter.php(457): CodeIgniter\CodeIgniter->runController()
 6 SYSTEMPATH/CodeIgniter.php(340): CodeIgniter\CodeIgniter->handleRequest()
 7 FCPATH/index.php(67): CodeIgniter\CodeIgniter->run()
ERROR - 2023-08-17 15:21:44 --> Error connecting to the database: mysqli_sql_exception: Too many connections in /home/dnzwygdo/djuragancom/vendor/codeigniter4/framework/system/Database/MySQLi/Connection.php:171
Stack trace:
#0 /home/dnzwygdo/djuragancom/vendor/codeigniter4/framework/system/Database/MySQLi/Connection.php(171): mysqli->real_connect()
#1 /home/dnzwygdo/djuragancom/vendor/codeigniter4/framework/system/Database/BaseConnection.php(382): CodeIgniter\Database\MySQLi\Connection->connect()
#2 /home/dnzwygdo/djuragancom/vendor/codeigniter4/framework/system/Database/BaseConnection.php(588): CodeIgniter\Database\BaseConnection->initialize()
#3 /home/dnzwygdo/djuragancom/vendor/codeigniter4/framework/system/Database/BaseBuilder.php(1669): CodeIgniter\Database\BaseConnection->query()
#4 /home/dnzwygdo/djuragancom/app/Controllers/Api/Notifikasi.php(37): CodeIgniter\Database\BaseBuilder->countAllResults()
#5 /home/dnzwygdo/djuragancom/vendor/codeigniter4/framework/system/CodeIgniter.php(898): App\Controllers\Api\Notifikasi->get()
#6 /home/dnzwygdo/djuragancom/vendor/codeigniter4/framework/system/CodeIgniter.php(457): CodeIgniter\CodeIgniter->runController()
#7 /home/dnzwygdo/djuragancom/vendor/codeigniter4/framework/system/CodeIgniter.php(340): CodeIgniter\CodeIgniter->handleRequest()
#8 /home/dnzwygdo/public_html/index.php(67): CodeIgniter\CodeIgniter->run()
#9 {main}

Next CodeIgniter\Database\Exceptions\DatabaseException: Too many connections in /home/dnzwygdo/djuragancom/vendor/codeigniter4/framework/system/Database/MySQLi/Connection.php:215
Stack trace:
#0 /home/dnzwygdo/djuragancom/vendor/codeigniter4/framework/system/Database/BaseConnection.php(382): CodeIgniter\Database\MySQLi\Connection->connect()
#1 /home/dnzwygdo/djuragancom/vendor/codeigniter4/framework/system/Database/BaseConnection.php(588): CodeIgniter\Database\BaseConnection->initialize()
#2 /home/dnzwygdo/djuragancom/vendor/codeigniter4/framework/system/Database/BaseBuilder.php(1669): CodeIgniter\Database\BaseConnection->query()
#3 /home/dnzwygdo/djuragancom/app/Controllers/Api/Notifikasi.php(37): CodeIgniter\Database\BaseBuilder->countAllResults()
#4 /home/dnzwygdo/djuragancom/vendor/codeigniter4/framework/system/CodeIgniter.php(898): App\Controllers\Api\Notifikasi->get()
#5 /home/dnzwygdo/djuragancom/vendor/codeigniter4/framework/system/CodeIgniter.php(457): CodeIgniter\CodeIgniter->runController()
#6 /home/dnzwygdo/djuragancom/vendor/codeigniter4/framework/system/CodeIgniter.php(340): CodeIgniter\CodeIgniter->handleRequest()
#7 /home/dnzwygdo/public_html/index.php(67): CodeIgniter\CodeIgniter->run()
#8 {main}
CRITICAL - 2023-08-17 15:21:44 --> Unable to connect to the database.
Main connection [MySQLi]: Too many connections
in SYSTEMPATH/Database/BaseConnection.php on line 418.
 1 SYSTEMPATH/Database/BaseConnection.php(588): CodeIgniter\Database\BaseConnection->initialize()
 2 SYSTEMPATH/Database/BaseBuilder.php(1669): CodeIgniter\Database\BaseConnection->query()
 3 APPPATH/Controllers/Api/Notifikasi.php(37): CodeIgniter\Database\BaseBuilder->countAllResults()
 4 SYSTEMPATH/CodeIgniter.php(898): App\Controllers\Api\Notifikasi->get()
 5 SYSTEMPATH/CodeIgniter.php(457): CodeIgniter\CodeIgniter->runController()
 6 SYSTEMPATH/CodeIgniter.php(340): CodeIgniter\CodeIgniter->handleRequest()
 7 FCPATH/index.php(67): CodeIgniter\CodeIgniter->run()
ERROR - 2023-08-17 15:21:44 --> Error connecting to the database: mysqli_sql_exception: Too many connections in /home/dnzwygdo/djuragancom/vendor/codeigniter4/framework/system/Database/MySQLi/Connection.php:171
Stack trace:
#0 /home/dnzwygdo/djuragancom/vendor/codeigniter4/framework/system/Database/MySQLi/Connection.php(171): mysqli->real_connect()
#1 /home/dnzwygdo/djuragancom/vendor/codeigniter4/framework/system/Database/BaseConnection.php(382): CodeIgniter\Database\MySQLi\Connection->connect()
#2 /home/dnzwygdo/djuragancom/vendor/codeigniter4/framework/system/Database/BaseConnection.php(588): CodeIgniter\Database\BaseConnection->initialize()
#3 /home/dnzwygdo/djuragancom/vendor/codeigniter4/framework/system/Database/BaseBuilder.php(1669): CodeIgniter\Database\BaseConnection->query()
#4 /home/dnzwygdo/djuragancom/app/Controllers/Api/Notifikasi.php(37): CodeIgniter\Database\BaseBuilder->countAllResults()
#5 /home/dnzwygdo/djuragancom/vendor/codeigniter4/framework/system/CodeIgniter.php(898): App\Controllers\Api\Notifikasi->get()
#6 /home/dnzwygdo/djuragancom/vendor/codeigniter4/framework/system/CodeIgniter.php(457): CodeIgniter\CodeIgniter->runController()
#7 /home/dnzwygdo/djuragancom/vendor/codeigniter4/framework/system/CodeIgniter.php(340): CodeIgniter\CodeIgniter->handleRequest()
#8 /home/dnzwygdo/public_html/index.php(67): CodeIgniter\CodeIgniter->run()
#9 {main}

Next CodeIgniter\Database\Exceptions\DatabaseException: Too many connections in /home/dnzwygdo/djuragancom/vendor/codeigniter4/framework/system/Database/MySQLi/Connection.php:215
Stack trace:
#0 /home/dnzwygdo/djuragancom/vendor/codeigniter4/framework/system/Database/BaseConnection.php(382): CodeIgniter\Database\MySQLi\Connection->connect()
#1 /home/dnzwygdo/djuragancom/vendor/codeigniter4/framework/system/Database/BaseConnection.php(588): CodeIgniter\Database\BaseConnection->initialize()
#2 /home/dnzwygdo/djuragancom/vendor/codeigniter4/framework/system/Database/BaseBuilder.php(1669): CodeIgniter\Database\BaseConnection->query()
#3 /home/dnzwygdo/djuragancom/app/Controllers/Api/Notifikasi.php(37): CodeIgniter\Database\BaseBuilder->countAllResults()
#4 /home/dnzwygdo/djuragancom/vendor/codeigniter4/framework/system/CodeIgniter.php(898): App\Controllers\Api\Notifikasi->get()
#5 /home/dnzwygdo/djuragancom/vendor/codeigniter4/framework/system/CodeIgniter.php(457): CodeIgniter\CodeIgniter->runController()
#6 /home/dnzwygdo/djuragancom/vendor/codeigniter4/framework/system/CodeIgniter.php(340): CodeIgniter\CodeIgniter->handleRequest()
#7 /home/dnzwygdo/public_html/index.php(67): CodeIgniter\CodeIgniter->run()
#8 {main}
CRITICAL - 2023-08-17 15:21:44 --> Unable to connect to the database.
Main connection [MySQLi]: Too many connections
in SYSTEMPATH/Database/BaseConnection.php on line 418.
 1 SYSTEMPATH/Database/BaseConnection.php(588): CodeIgniter\Database\BaseConnection->initialize()
 2 SYSTEMPATH/Database/BaseBuilder.php(1669): CodeIgniter\Database\BaseConnection->query()
 3 APPPATH/Controllers/Api/Notifikasi.php(37): CodeIgniter\Database\BaseBuilder->countAllResults()
 4 SYSTEMPATH/CodeIgniter.php(898): App\Controllers\Api\Notifikasi->get()
 5 SYSTEMPATH/CodeIgniter.php(457): CodeIgniter\CodeIgniter->runController()
 6 SYSTEMPATH/CodeIgniter.php(340): CodeIgniter\CodeIgniter->handleRequest()
 7 FCPATH/index.php(67): CodeIgniter\CodeIgniter->run()
ERROR - 2023-08-17 15:24:06 --> Error connecting to the database: mysqli_sql_exception: Too many connections in /home/dnzwygdo/djuragancom/vendor/codeigniter4/framework/system/Database/MySQLi/Connection.php:171
Stack trace:
#0 /home/dnzwygdo/djuragancom/vendor/codeigniter4/framework/system/Database/MySQLi/Connection.php(171): mysqli->real_connect()
#1 /home/dnzwygdo/djuragancom/vendor/codeigniter4/framework/system/Database/BaseConnection.php(382): CodeIgniter\Database\MySQLi\Connection->connect()
#2 /home/dnzwygdo/djuragancom/vendor/codeigniter4/framework/system/Database/BaseConnection.php(588): CodeIgniter\Database\BaseConnection->initialize()
#3 /home/dnzwygdo/djuragancom/vendor/codeigniter4/framework/system/Database/BaseBuilder.php(1669): CodeIgniter\Database\BaseConnection->query()
#4 /home/dnzwygdo/djuragancom/app/Controllers/Api/Notifikasi.php(37): CodeIgniter\Database\BaseBuilder->countAllResults()
#5 /home/dnzwygdo/djuragancom/vendor/codeigniter4/framework/system/CodeIgniter.php(898): App\Controllers\Api\Notifikasi->get()
#6 /home/dnzwygdo/djuragancom/vendor/codeigniter4/framework/system/CodeIgniter.php(457): CodeIgniter\CodeIgniter->runController()
#7 /home/dnzwygdo/djuragancom/vendor/codeigniter4/framework/system/CodeIgniter.php(340): CodeIgniter\CodeIgniter->handleRequest()
#8 /home/dnzwygdo/public_html/index.php(67): CodeIgniter\CodeIgniter->run()
#9 {main}

Next CodeIgniter\Database\Exceptions\DatabaseException: Too many connections in /home/dnzwygdo/djuragancom/vendor/codeigniter4/framework/system/Database/MySQLi/Connection.php:215
Stack trace:
#0 /home/dnzwygdo/djuragancom/vendor/codeigniter4/framework/system/Database/BaseConnection.php(382): CodeIgniter\Database\MySQLi\Connection->connect()
#1 /home/dnzwygdo/djuragancom/vendor/codeigniter4/framework/system/Database/BaseConnection.php(588): CodeIgniter\Database\BaseConnection->initialize()
#2 /home/dnzwygdo/djuragancom/vendor/codeigniter4/framework/system/Database/BaseBuilder.php(1669): CodeIgniter\Database\BaseConnection->query()
#3 /home/dnzwygdo/djuragancom/app/Controllers/Api/Notifikasi.php(37): CodeIgniter\Database\BaseBuilder->countAllResults()
#4 /home/dnzwygdo/djuragancom/vendor/codeigniter4/framework/system/CodeIgniter.php(898): App\Controllers\Api\Notifikasi->get()
#5 /home/dnzwygdo/djuragancom/vendor/codeigniter4/framework/system/CodeIgniter.php(457): CodeIgniter\CodeIgniter->runController()
#6 /home/dnzwygdo/djuragancom/vendor/codeigniter4/framework/system/CodeIgniter.php(340): CodeIgniter\CodeIgniter->handleRequest()
#7 /home/dnzwygdo/public_html/index.php(67): CodeIgniter\CodeIgniter->run()
#8 {main}
CRITICAL - 2023-08-17 15:24:06 --> Unable to connect to the database.
Main connection [MySQLi]: Too many connections
in SYSTEMPATH/Database/BaseConnection.php on line 418.
 1 SYSTEMPATH/Database/BaseConnection.php(588): CodeIgniter\Database\BaseConnection->initialize()
 2 SYSTEMPATH/Database/BaseBuilder.php(1669): CodeIgniter\Database\BaseConnection->query()
 3 APPPATH/Controllers/Api/Notifikasi.php(37): CodeIgniter\Database\BaseBuilder->countAllResults()
 4 SYSTEMPATH/CodeIgniter.php(898): App\Controllers\Api\Notifikasi->get()
 5 SYSTEMPATH/CodeIgniter.php(457): CodeIgniter\CodeIgniter->runController()
 6 SYSTEMPATH/CodeIgniter.php(340): CodeIgniter\CodeIgniter->handleRequest()
 7 FCPATH/index.php(67): CodeIgniter\CodeIgniter->run()
ERROR - 2023-08-17 15:26:12 --> Error connecting to the database: mysqli_sql_exception: Too many connections in /home/dnzwygdo/djuragancom/vendor/codeigniter4/framework/system/Database/MySQLi/Connection.php:171
Stack trace:
#0 /home/dnzwygdo/djuragancom/vendor/codeigniter4/framework/system/Database/MySQLi/Connection.php(171): mysqli->real_connect()
#1 /home/dnzwygdo/djuragancom/vendor/codeigniter4/framework/system/Database/BaseConnection.php(382): CodeIgniter\Database\MySQLi\Connection->connect()
#2 /home/dnzwygdo/djuragancom/vendor/codeigniter4/framework/system/Database/BaseConnection.php(588): CodeIgniter\Database\BaseConnection->initialize()
#3 /home/dnzwygdo/djuragancom/vendor/codeigniter4/framework/system/Database/BaseBuilder.php(1669): CodeIgniter\Database\BaseConnection->query()
#4 /home/dnzwygdo/djuragancom/app/Controllers/Api/Notifikasi.php(37): CodeIgniter\Database\BaseBuilder->countAllResults()
#5 /home/dnzwygdo/djuragancom/vendor/codeigniter4/framework/system/CodeIgniter.php(898): App\Controllers\Api\Notifikasi->get()
#6 /home/dnzwygdo/djuragancom/vendor/codeigniter4/framework/system/CodeIgniter.php(457): CodeIgniter\CodeIgniter->runController()
#7 /home/dnzwygdo/djuragancom/vendor/codeigniter4/framework/system/CodeIgniter.php(340): CodeIgniter\CodeIgniter->handleRequest()
#8 /home/dnzwygdo/public_html/index.php(67): CodeIgniter\CodeIgniter->run()
#9 {main}

Next CodeIgniter\Database\Exceptions\DatabaseException: Too many connections in /home/dnzwygdo/djuragancom/vendor/codeigniter4/framework/system/Database/MySQLi/Connection.php:215
Stack trace:
#0 /home/dnzwygdo/djuragancom/vendor/codeigniter4/framework/system/Database/BaseConnection.php(382): CodeIgniter\Database\MySQLi\Connection->connect()
#1 /home/dnzwygdo/djuragancom/vendor/codeigniter4/framework/system/Database/BaseConnection.php(588): CodeIgniter\Database\BaseConnection->initialize()
#2 /home/dnzwygdo/djuragancom/vendor/codeigniter4/framework/system/Database/BaseBuilder.php(1669): CodeIgniter\Database\BaseConnection->query()
#3 /home/dnzwygdo/djuragancom/app/Controllers/Api/Notifikasi.php(37): CodeIgniter\Database\BaseBuilder->countAllResults()
#4 /home/dnzwygdo/djuragancom/vendor/codeigniter4/framework/system/CodeIgniter.php(898): App\Controllers\Api\Notifikasi->get()
#5 /home/dnzwygdo/djuragancom/vendor/codeigniter4/framework/system/CodeIgniter.php(457): CodeIgniter\CodeIgniter->runController()
#6 /home/dnzwygdo/djuragancom/vendor/codeigniter4/framework/system/CodeIgniter.php(340): CodeIgniter\CodeIgniter->handleRequest()
#7 /home/dnzwygdo/public_html/index.php(67): CodeIgniter\CodeIgniter->run()
#8 {main}
CRITICAL - 2023-08-17 15:26:12 --> Unable to connect to the database.
Main connection [MySQLi]: Too many connections
in SYSTEMPATH/Database/BaseConnection.php on line 418.
 1 SYSTEMPATH/Database/BaseConnection.php(588): CodeIgniter\Database\BaseConnection->initialize()
 2 SYSTEMPATH/Database/BaseBuilder.php(1669): CodeIgniter\Database\BaseConnection->query()
 3 APPPATH/Controllers/Api/Notifikasi.php(37): CodeIgniter\Database\BaseBuilder->countAllResults()
 4 SYSTEMPATH/CodeIgniter.php(898): App\Controllers\Api\Notifikasi->get()
 5 SYSTEMPATH/CodeIgniter.php(457): CodeIgniter\CodeIgniter->runController()
 6 SYSTEMPATH/CodeIgniter.php(340): CodeIgniter\CodeIgniter->handleRequest()
 7 FCPATH/index.php(67): CodeIgniter\CodeIgniter->run()
ERROR - 2023-08-17 15:26:32 --> Error connecting to the database: mysqli_sql_exception: Too many connections in /home/dnzwygdo/djuragancom/vendor/codeigniter4/framework/system/Database/MySQLi/Connection.php:171
Stack trace:
#0 /home/dnzwygdo/djuragancom/vendor/codeigniter4/framework/system/Database/MySQLi/Connection.php(171): mysqli->real_connect()
#1 /home/dnzwygdo/djuragancom/vendor/codeigniter4/framework/system/Database/BaseConnection.php(382): CodeIgniter\Database\MySQLi\Connection->connect()
#2 /home/dnzwygdo/djuragancom/vendor/codeigniter4/framework/system/Database/BaseConnection.php(588): CodeIgniter\Database\BaseConnection->initialize()
#3 /home/dnzwygdo/djuragancom/vendor/codeigniter4/framework/system/Database/BaseBuilder.php(1669): CodeIgniter\Database\BaseConnection->query()
#4 /home/dnzwygdo/djuragancom/app/Controllers/Api/Notifikasi.php(37): CodeIgniter\Database\BaseBuilder->countAllResults()
#5 /home/dnzwygdo/djuragancom/vendor/codeigniter4/framework/system/CodeIgniter.php(898): App\Controllers\Api\Notifikasi->get()
#6 /home/dnzwygdo/djuragancom/vendor/codeigniter4/framework/system/CodeIgniter.php(457): CodeIgniter\CodeIgniter->runController()
#7 /home/dnzwygdo/djuragancom/vendor/codeigniter4/framework/system/CodeIgniter.php(340): CodeIgniter\CodeIgniter->handleRequest()
#8 /home/dnzwygdo/public_html/index.php(67): CodeIgniter\CodeIgniter->run()
#9 {main}

Next CodeIgniter\Database\Exceptions\DatabaseException: Too many connections in /home/dnzwygdo/djuragancom/vendor/codeigniter4/framework/system/Database/MySQLi/Connection.php:215
Stack trace:
#0 /home/dnzwygdo/djuragancom/vendor/codeigniter4/framework/system/Database/BaseConnection.php(382): CodeIgniter\Database\MySQLi\Connection->connect()
#1 /home/dnzwygdo/djuragancom/vendor/codeigniter4/framework/system/Database/BaseConnection.php(588): CodeIgniter\Database\BaseConnection->initialize()
#2 /home/dnzwygdo/djuragancom/vendor/codeigniter4/framework/system/Database/BaseBuilder.php(1669): CodeIgniter\Database\BaseConnection->query()
#3 /home/dnzwygdo/djuragancom/app/Controllers/Api/Notifikasi.php(37): CodeIgniter\Database\BaseBuilder->countAllResults()
#4 /home/dnzwygdo/djuragancom/vendor/codeigniter4/framework/system/CodeIgniter.php(898): App\Controllers\Api\Notifikasi->get()
#5 /home/dnzwygdo/djuragancom/vendor/codeigniter4/framework/system/CodeIgniter.php(457): CodeIgniter\CodeIgniter->runController()
#6 /home/dnzwygdo/djuragancom/vendor/codeigniter4/framework/system/CodeIgniter.php(340): CodeIgniter\CodeIgniter->handleRequest()
#7 /home/dnzwygdo/public_html/index.php(67): CodeIgniter\CodeIgniter->run()
#8 {main}
CRITICAL - 2023-08-17 15:26:32 --> Unable to connect to the database.
Main connection [MySQLi]: Too many connections
in SYSTEMPATH/Database/BaseConnection.php on line 418.
 1 SYSTEMPATH/Database/BaseConnection.php(588): CodeIgniter\Database\BaseConnection->initialize()
 2 SYSTEMPATH/Database/BaseBuilder.php(1669): CodeIgniter\Database\BaseConnection->query()
 3 APPPATH/Controllers/Api/Notifikasi.php(37): CodeIgniter\Database\BaseBuilder->countAllResults()
 4 SYSTEMPATH/CodeIgniter.php(898): App\Controllers\Api\Notifikasi->get()
 5 SYSTEMPATH/CodeIgniter.php(457): CodeIgniter\CodeIgniter->runController()
 6 SYSTEMPATH/CodeIgniter.php(340): CodeIgniter\CodeIgniter->handleRequest()
 7 FCPATH/index.php(67): CodeIgniter\CodeIgniter->run()
ERROR - 2023-08-17 15:27:02 --> Error connecting to the database: mysqli_sql_exception: Too many connections in /home/dnzwygdo/djuragancom/vendor/codeigniter4/framework/system/Database/MySQLi/Connection.php:171
Stack trace:
#0 /home/dnzwygdo/djuragancom/vendor/codeigniter4/framework/system/Database/MySQLi/Connection.php(171): mysqli->real_connect()
#1 /home/dnzwygdo/djuragancom/vendor/codeigniter4/framework/system/Database/BaseConnection.php(382): CodeIgniter\Database\MySQLi\Connection->connect()
#2 /home/dnzwygdo/djuragancom/vendor/codeigniter4/framework/system/Database/BaseConnection.php(588): CodeIgniter\Database\BaseConnection->initialize()
#3 /home/dnzwygdo/djuragancom/vendor/codeigniter4/framework/system/Database/BaseBuilder.php(1669): CodeIgniter\Database\BaseConnection->query()
#4 /home/dnzwygdo/djuragancom/vendor/codeigniter4/framework/system/Model.php(550): CodeIgniter\Database\BaseBuilder->countAllResults()
#5 /home/dnzwygdo/djuragancom/app/Models/InvoiceModel.php(202): CodeIgniter\Model->countAllResults()
#6 /home/dnzwygdo/djuragancom/app/Models/InvoiceModel.php(136): App\Models\InvoiceModel->counts()
#7 /home/dnzwygdo/djuragancom/app/Controllers/Api/Invoice.php(17): App\Models\InvoiceModel->getCount()
#8 /home/dnzwygdo/djuragancom/vendor/codeigniter4/framework/system/CodeIgniter.php(898): App\Controllers\Api\Invoice->counter_tab()
#9 /home/dnzwygdo/djuragancom/vendor/codeigniter4/framework/system/CodeIgniter.php(457): CodeIgniter\CodeIgniter->runController()
#10 /home/dnzwygdo/djuragancom/vendor/codeigniter4/framework/system/CodeIgniter.php(340): CodeIgniter\CodeIgniter->handleRequest()
#11 /home/dnzwygdo/public_html/index.php(67): CodeIgniter\CodeIgniter->run()
#12 {main}

Next CodeIgniter\Database\Exceptions\DatabaseException: Too many connections in /home/dnzwygdo/djuragancom/vendor/codeigniter4/framework/system/Database/MySQLi/Connection.php:215
Stack trace:
#0 /home/dnzwygdo/djuragancom/vendor/codeigniter4/framework/system/Database/BaseConnection.php(382): CodeIgniter\Database\MySQLi\Connection->connect()
#1 /home/dnzwygdo/djuragancom/vendor/codeigniter4/framework/system/Database/BaseConnection.php(588): CodeIgniter\Database\BaseConnection->initialize()
#2 /home/dnzwygdo/djuragancom/vendor/codeigniter4/framework/system/Database/BaseBuilder.php(1669): CodeIgniter\Database\BaseConnection->query()
#3 /home/dnzwygdo/djuragancom/vendor/codeigniter4/framework/system/Model.php(550): CodeIgniter\Database\BaseBuilder->countAllResults()
#4 /home/dnzwygdo/djuragancom/app/Models/InvoiceModel.php(202): CodeIgniter\Model->countAllResults()
#5 /home/dnzwygdo/djuragancom/app/Models/InvoiceModel.php(136): App\Models\InvoiceModel->counts()
#6 /home/dnzwygdo/djuragancom/app/Controllers/Api/Invoice.php(17): App\Models\InvoiceModel->getCount()
#7 /home/dnzwygdo/djuragancom/vendor/codeigniter4/framework/system/CodeIgniter.php(898): App\Controllers\Api\Invoice->counter_tab()
#8 /home/dnzwygdo/djuragancom/vendor/codeigniter4/framework/system/CodeIgniter.php(457): CodeIgniter\CodeIgniter->runController()
#9 /home/dnzwygdo/djuragancom/vendor/codeigniter4/framework/system/CodeIgniter.php(340): CodeIgniter\CodeIgniter->handleRequest()
#10 /home/dnzwygdo/public_html/index.php(67): CodeIgniter\CodeIgniter->run()
#11 {main}
CRITICAL - 2023-08-17 15:27:02 --> Unable to connect to the database.
Main connection [MySQLi]: Too many connections
in SYSTEMPATH/Database/BaseConnection.php on line 418.
 1 SYSTEMPATH/Database/BaseConnection.php(588): CodeIgniter\Database\BaseConnection->initialize()
 2 SYSTEMPATH/Database/BaseBuilder.php(1669): CodeIgniter\Database\BaseConnection->query()
 3 SYSTEMPATH/Model.php(550): CodeIgniter\Database\BaseBuilder->countAllResults()
 4 APPPATH/Models/InvoiceModel.php(202): CodeIgniter\Model->countAllResults()
 5 APPPATH/Models/InvoiceModel.php(136): App\Models\InvoiceModel->counts()
 6 APPPATH/Controllers/Api/Invoice.php(17): App\Models\InvoiceModel->getCount()
 7 SYSTEMPATH/CodeIgniter.php(898): App\Controllers\Api\Invoice->counter_tab()
 8 SYSTEMPATH/CodeIgniter.php(457): CodeIgniter\CodeIgniter->runController()
 9 SYSTEMPATH/CodeIgniter.php(340): CodeIgniter\CodeIgniter->handleRequest()
10 FCPATH/index.php(67): CodeIgniter\CodeIgniter->run()
ERROR - 2023-08-17 15:32:08 --> Error connecting to the database: mysqli_sql_exception: Too many connections in /home/dnzwygdo/djuragancom/vendor/codeigniter4/framework/system/Database/MySQLi/Connection.php:171
Stack trace:
#0 /home/dnzwygdo/djuragancom/vendor/codeigniter4/framework/system/Database/MySQLi/Connection.php(171): mysqli->real_connect()
#1 /home/dnzwygdo/djuragancom/vendor/codeigniter4/framework/system/Database/BaseConnection.php(382): CodeIgniter\Database\MySQLi\Connection->connect()
#2 /home/dnzwygdo/djuragancom/vendor/codeigniter4/framework/system/Database/BaseConnection.php(588): CodeIgniter\Database\BaseConnection->initialize()
#3 /home/dnzwygdo/djuragancom/vendor/codeigniter4/framework/system/Database/BaseBuilder.php(1669): CodeIgniter\Database\BaseConnection->query()
#4 /home/dnzwygdo/djuragancom/app/Controllers/Api/Notifikasi.php(37): CodeIgniter\Database\BaseBuilder->countAllResults()
#5 /home/dnzwygdo/djuragancom/vendor/codeigniter4/framework/system/CodeIgniter.php(898): App\Controllers\Api\Notifikasi->get()
#6 /home/dnzwygdo/djuragancom/vendor/codeigniter4/framework/system/CodeIgniter.php(457): CodeIgniter\CodeIgniter->runController()
#7 /home/dnzwygdo/djuragancom/vendor/codeigniter4/framework/system/CodeIgniter.php(340): CodeIgniter\CodeIgniter->handleRequest()
#8 /home/dnzwygdo/public_html/index.php(67): CodeIgniter\CodeIgniter->run()
#9 {main}

Next CodeIgniter\Database\Exceptions\DatabaseException: Too many connections in /home/dnzwygdo/djuragancom/vendor/codeigniter4/framework/system/Database/MySQLi/Connection.php:215
Stack trace:
#0 /home/dnzwygdo/djuragancom/vendor/codeigniter4/framework/system/Database/BaseConnection.php(382): CodeIgniter\Database\MySQLi\Connection->connect()
#1 /home/dnzwygdo/djuragancom/vendor/codeigniter4/framework/system/Database/BaseConnection.php(588): CodeIgniter\Database\BaseConnection->initialize()
#2 /home/dnzwygdo/djuragancom/vendor/codeigniter4/framework/system/Database/BaseBuilder.php(1669): CodeIgniter\Database\BaseConnection->query()
#3 /home/dnzwygdo/djuragancom/app/Controllers/Api/Notifikasi.php(37): CodeIgniter\Database\BaseBuilder->countAllResults()
#4 /home/dnzwygdo/djuragancom/vendor/codeigniter4/framework/system/CodeIgniter.php(898): App\Controllers\Api\Notifikasi->get()
#5 /home/dnzwygdo/djuragancom/vendor/codeigniter4/framework/system/CodeIgniter.php(457): CodeIgniter\CodeIgniter->runController()
#6 /home/dnzwygdo/djuragancom/vendor/codeigniter4/framework/system/CodeIgniter.php(340): CodeIgniter\CodeIgniter->handleRequest()
#7 /home/dnzwygdo/public_html/index.php(67): CodeIgniter\CodeIgniter->run()
#8 {main}
CRITICAL - 2023-08-17 15:32:08 --> Unable to connect to the database.
Main connection [MySQLi]: Too many connections
in SYSTEMPATH/Database/BaseConnection.php on line 418.
 1 SYSTEMPATH/Database/BaseConnection.php(588): CodeIgniter\Database\BaseConnection->initialize()
 2 SYSTEMPATH/Database/BaseBuilder.php(1669): CodeIgniter\Database\BaseConnection->query()
 3 APPPATH/Controllers/Api/Notifikasi.php(37): CodeIgniter\Database\BaseBuilder->countAllResults()
 4 SYSTEMPATH/CodeIgniter.php(898): App\Controllers\Api\Notifikasi->get()
 5 SYSTEMPATH/CodeIgniter.php(457): CodeIgniter\CodeIgniter->runController()
 6 SYSTEMPATH/CodeIgniter.php(340): CodeIgniter\CodeIgniter->handleRequest()
 7 FCPATH/index.php(67): CodeIgniter\CodeIgniter->run()
ERROR - 2023-08-17 15:32:47 --> Error connecting to the database: mysqli_sql_exception: Too many connections in /home/dnzwygdo/djuragancom/vendor/codeigniter4/framework/system/Database/MySQLi/Connection.php:171
Stack trace:
#0 /home/dnzwygdo/djuragancom/vendor/codeigniter4/framework/system/Database/MySQLi/Connection.php(171): mysqli->real_connect()
#1 /home/dnzwygdo/djuragancom/vendor/codeigniter4/framework/system/Database/BaseConnection.php(382): CodeIgniter\Database\MySQLi\Connection->connect()
#2 /home/dnzwygdo/djuragancom/vendor/codeigniter4/framework/system/Database/BaseConnection.php(588): CodeIgniter\Database\BaseConnection->initialize()
#3 /home/dnzwygdo/djuragancom/vendor/codeigniter4/framework/system/Database/BaseBuilder.php(1585): CodeIgniter\Database\BaseConnection->query()
#4 /home/dnzwygdo/djuragancom/app/Models/JuraganModel.php(49): CodeIgniter\Database\BaseBuilder->get()
#5 /home/dnzwygdo/djuragancom/app/Controllers/Juragan.php(66): App\Models\JuraganModel->byUserId()
#6 /home/dnzwygdo/djuragancom/app/Controllers/Api/Juragan.php(68): App\Controllers\Juragan::get_users()
#7 /home/dnzwygdo/djuragancom/vendor/codeigniter4/framework/system/CodeIgniter.php(898): App\Controllers\Api\Juragan->get_users()
#8 /home/dnzwygdo/djuragancom/vendor/codeigniter4/framework/system/CodeIgniter.php(457): CodeIgniter\CodeIgniter->runController()
#9 /home/dnzwygdo/djuragancom/vendor/codeigniter4/framework/system/CodeIgniter.php(340): CodeIgniter\CodeIgniter->handleRequest()
#10 /home/dnzwygdo/public_html/index.php(67): CodeIgniter\CodeIgniter->run()
#11 {main}

Next CodeIgniter\Database\Exceptions\DatabaseException: Too many connections in /home/dnzwygdo/djuragancom/vendor/codeigniter4/framework/system/Database/MySQLi/Connection.php:215
Stack trace:
#0 /home/dnzwygdo/djuragancom/vendor/codeigniter4/framework/system/Database/BaseConnection.php(382): CodeIgniter\Database\MySQLi\Connection->connect()
#1 /home/dnzwygdo/djuragancom/vendor/codeigniter4/framework/system/Database/BaseConnection.php(588): CodeIgniter\Database\BaseConnection->initialize()
#2 /home/dnzwygdo/djuragancom/vendor/codeigniter4/framework/system/Database/BaseBuilder.php(1585): CodeIgniter\Database\BaseConnection->query()
#3 /home/dnzwygdo/djuragancom/app/Models/JuraganModel.php(49): CodeIgniter\Database\BaseBuilder->get()
#4 /home/dnzwygdo/djuragancom/app/Controllers/Juragan.php(66): App\Models\JuraganModel->byUserId()
#5 /home/dnzwygdo/djuragancom/app/Controllers/Api/Juragan.php(68): App\Controllers\Juragan::get_users()
#6 /home/dnzwygdo/djuragancom/vendor/codeigniter4/framework/system/CodeIgniter.php(898): App\Controllers\Api\Juragan->get_users()
#7 /home/dnzwygdo/djuragancom/vendor/codeigniter4/framework/system/CodeIgniter.php(457): CodeIgniter\CodeIgniter->runController()
#8 /home/dnzwygdo/djuragancom/vendor/codeigniter4/framework/system/CodeIgniter.php(340): CodeIgniter\CodeIgniter->handleRequest()
#9 /home/dnzwygdo/public_html/index.php(67): CodeIgniter\CodeIgniter->run()
#10 {main}
CRITICAL - 2023-08-17 15:32:47 --> Unable to connect to the database.
Main connection [MySQLi]: Too many connections
in SYSTEMPATH/Database/BaseConnection.php on line 418.
 1 SYSTEMPATH/Database/BaseConnection.php(588): CodeIgniter\Database\BaseConnection->initialize()
 2 SYSTEMPATH/Database/BaseBuilder.php(1585): CodeIgniter\Database\BaseConnection->query()
 3 APPPATH/Models/JuraganModel.php(49): CodeIgniter\Database\BaseBuilder->get()
 4 APPPATH/Controllers/Juragan.php(66): App\Models\JuraganModel->byUserId()
 5 APPPATH/Controllers/Api/Juragan.php(68): App\Controllers\Juragan::get_users()
 6 SYSTEMPATH/CodeIgniter.php(898): App\Controllers\Api\Juragan->get_users()
 7 SYSTEMPATH/CodeIgniter.php(457): CodeIgniter\CodeIgniter->runController()
 8 SYSTEMPATH/CodeIgniter.php(340): CodeIgniter\CodeIgniter->handleRequest()
 9 FCPATH/index.php(67): CodeIgniter\CodeIgniter->run()
ERROR - 2023-08-17 15:33:57 --> Error connecting to the database: mysqli_sql_exception: Too many connections in /home/dnzwygdo/djuragancom/vendor/codeigniter4/framework/system/Database/MySQLi/Connection.php:171
Stack trace:
#0 /home/dnzwygdo/djuragancom/vendor/codeigniter4/framework/system/Database/MySQLi/Connection.php(171): mysqli->real_connect()
#1 /home/dnzwygdo/djuragancom/vendor/codeigniter4/framework/system/Database/BaseConnection.php(382): CodeIgniter\Database\MySQLi\Connection->connect()
#2 /home/dnzwygdo/djuragancom/vendor/codeigniter4/framework/system/Database/BaseConnection.php(588): CodeIgniter\Database\BaseConnection->initialize()
#3 /home/dnzwygdo/djuragancom/vendor/codeigniter4/framework/system/Database/BaseBuilder.php(1669): CodeIgniter\Database\BaseConnection->query()
#4 /home/dnzwygdo/djuragancom/app/Controllers/Api/Notifikasi.php(37): CodeIgniter\Database\BaseBuilder->countAllResults()
#5 /home/dnzwygdo/djuragancom/vendor/codeigniter4/framework/system/CodeIgniter.php(898): App\Controllers\Api\Notifikasi->get()
#6 /home/dnzwygdo/djuragancom/vendor/codeigniter4/framework/system/CodeIgniter.php(457): CodeIgniter\CodeIgniter->runController()
#7 /home/dnzwygdo/djuragancom/vendor/codeigniter4/framework/system/CodeIgniter.php(340): CodeIgniter\CodeIgniter->handleRequest()
#8 /home/dnzwygdo/public_html/index.php(67): CodeIgniter\CodeIgniter->run()
#9 {main}

Next CodeIgniter\Database\Exceptions\DatabaseException: Too many connections in /home/dnzwygdo/djuragancom/vendor/codeigniter4/framework/system/Database/MySQLi/Connection.php:215
Stack trace:
#0 /home/dnzwygdo/djuragancom/vendor/codeigniter4/framework/system/Database/BaseConnection.php(382): CodeIgniter\Database\MySQLi\Connection->connect()
#1 /home/dnzwygdo/djuragancom/vendor/codeigniter4/framework/system/Database/BaseConnection.php(588): CodeIgniter\Database\BaseConnection->initialize()
#2 /home/dnzwygdo/djuragancom/vendor/codeigniter4/framework/system/Database/BaseBuilder.php(1669): CodeIgniter\Database\BaseConnection->query()
#3 /home/dnzwygdo/djuragancom/app/Controllers/Api/Notifikasi.php(37): CodeIgniter\Database\BaseBuilder->countAllResults()
#4 /home/dnzwygdo/djuragancom/vendor/codeigniter4/framework/system/CodeIgniter.php(898): App\Controllers\Api\Notifikasi->get()
#5 /home/dnzwygdo/djuragancom/vendor/codeigniter4/framework/system/CodeIgniter.php(457): CodeIgniter\CodeIgniter->runController()
#6 /home/dnzwygdo/djuragancom/vendor/codeigniter4/framework/system/CodeIgniter.php(340): CodeIgniter\CodeIgniter->handleRequest()
#7 /home/dnzwygdo/public_html/index.php(67): CodeIgniter\CodeIgniter->run()
#8 {main}
CRITICAL - 2023-08-17 15:33:57 --> Unable to connect to the database.
Main connection [MySQLi]: Too many connections
in SYSTEMPATH/Database/BaseConnection.php on line 418.
 1 SYSTEMPATH/Database/BaseConnection.php(588): CodeIgniter\Database\BaseConnection->initialize()
 2 SYSTEMPATH/Database/BaseBuilder.php(1669): CodeIgniter\Database\BaseConnection->query()
 3 APPPATH/Controllers/Api/Notifikasi.php(37): CodeIgniter\Database\BaseBuilder->countAllResults()
 4 SYSTEMPATH/CodeIgniter.php(898): App\Controllers\Api\Notifikasi->get()
 5 SYSTEMPATH/CodeIgniter.php(457): CodeIgniter\CodeIgniter->runController()
 6 SYSTEMPATH/CodeIgniter.php(340): CodeIgniter\CodeIgniter->handleRequest()
 7 FCPATH/index.php(67): CodeIgniter\CodeIgniter->run()
ERROR - 2023-08-17 15:34:24 --> Error connecting to the database: mysqli_sql_exception: Too many connections in /home/dnzwygdo/djuragancom/vendor/codeigniter4/framework/system/Database/MySQLi/Connection.php:171
Stack trace:
#0 /home/dnzwygdo/djuragancom/vendor/codeigniter4/framework/system/Database/MySQLi/Connection.php(171): mysqli->real_connect()
#1 /home/dnzwygdo/djuragancom/vendor/codeigniter4/framework/system/Database/BaseConnection.php(382): CodeIgniter\Database\MySQLi\Connection->connect()
#2 /home/dnzwygdo/djuragancom/vendor/codeigniter4/framework/system/Database/BaseConnection.php(588): CodeIgniter\Database\BaseConnection->initialize()
#3 /home/dnzwygdo/djuragancom/vendor/codeigniter4/framework/system/Database/BaseBuilder.php(1669): CodeIgniter\Database\BaseConnection->query()
#4 /home/dnzwygdo/djuragancom/app/Controllers/Api/Notifikasi.php(37): CodeIgniter\Database\BaseBuilder->countAllResults()
#5 /home/dnzwygdo/djuragancom/vendor/codeigniter4/framework/system/CodeIgniter.php(898): App\Controllers\Api\Notifikasi->get()
#6 /home/dnzwygdo/djuragancom/vendor/codeigniter4/framework/system/CodeIgniter.php(457): CodeIgniter\CodeIgniter->runController()
#7 /home/dnzwygdo/djuragancom/vendor/codeigniter4/framework/system/CodeIgniter.php(340): CodeIgniter\CodeIgniter->handleRequest()
#8 /home/dnzwygdo/public_html/index.php(67): CodeIgniter\CodeIgniter->run()
#9 {main}

Next CodeIgniter\Database\Exceptions\DatabaseException: Too many connections in /home/dnzwygdo/djuragancom/vendor/codeigniter4/framework/system/Database/MySQLi/Connection.php:215
Stack trace:
#0 /home/dnzwygdo/djuragancom/vendor/codeigniter4/framework/system/Database/BaseConnection.php(382): CodeIgniter\Database\MySQLi\Connection->connect()
#1 /home/dnzwygdo/djuragancom/vendor/codeigniter4/framework/system/Database/BaseConnection.php(588): CodeIgniter\Database\BaseConnection->initialize()
#2 /home/dnzwygdo/djuragancom/vendor/codeigniter4/framework/system/Database/BaseBuilder.php(1669): CodeIgniter\Database\BaseConnection->query()
#3 /home/dnzwygdo/djuragancom/app/Controllers/Api/Notifikasi.php(37): CodeIgniter\Database\BaseBuilder->countAllResults()
#4 /home/dnzwygdo/djuragancom/vendor/codeigniter4/framework/system/CodeIgniter.php(898): App\Controllers\Api\Notifikasi->get()
#5 /home/dnzwygdo/djuragancom/vendor/codeigniter4/framework/system/CodeIgniter.php(457): CodeIgniter\CodeIgniter->runController()
#6 /home/dnzwygdo/djuragancom/vendor/codeigniter4/framework/system/CodeIgniter.php(340): CodeIgniter\CodeIgniter->handleRequest()
#7 /home/dnzwygdo/public_html/index.php(67): CodeIgniter\CodeIgniter->run()
#8 {main}
CRITICAL - 2023-08-17 15:34:24 --> Unable to connect to the database.
Main connection [MySQLi]: Too many connections
in SYSTEMPATH/Database/BaseConnection.php on line 418.
 1 SYSTEMPATH/Database/BaseConnection.php(588): CodeIgniter\Database\BaseConnection->initialize()
 2 SYSTEMPATH/Database/BaseBuilder.php(1669): CodeIgniter\Database\BaseConnection->query()
 3 APPPATH/Controllers/Api/Notifikasi.php(37): CodeIgniter\Database\BaseBuilder->countAllResults()
 4 SYSTEMPATH/CodeIgniter.php(898): App\Controllers\Api\Notifikasi->get()
 5 SYSTEMPATH/CodeIgniter.php(457): CodeIgniter\CodeIgniter->runController()
 6 SYSTEMPATH/CodeIgniter.php(340): CodeIgniter\CodeIgniter->handleRequest()
 7 FCPATH/index.php(67): CodeIgniter\CodeIgniter->run()
ERROR - 2023-08-17 15:35:32 --> Error connecting to the database: mysqli_sql_exception: Too many connections in /home/dnzwygdo/djuragancom/vendor/codeigniter4/framework/system/Database/MySQLi/Connection.php:171
Stack trace:
#0 /home/dnzwygdo/djuragancom/vendor/codeigniter4/framework/system/Database/MySQLi/Connection.php(171): mysqli->real_connect()
#1 /home/dnzwygdo/djuragancom/vendor/codeigniter4/framework/system/Database/BaseConnection.php(382): CodeIgniter\Database\MySQLi\Connection->connect()
#2 /home/dnzwygdo/djuragancom/vendor/codeigniter4/framework/system/Database/BaseConnection.php(588): CodeIgniter\Database\BaseConnection->initialize()
#3 /home/dnzwygdo/djuragancom/vendor/codeigniter4/framework/system/Database/BaseBuilder.php(1585): CodeIgniter\Database\BaseConnection->query()
#4 /home/dnzwygdo/djuragancom/vendor/codeigniter4/framework/system/Model.php(222): CodeIgniter\Database\BaseBuilder->get()
#5 /home/dnzwygdo/djuragancom/vendor/codeigniter4/framework/system/BaseModel.php(584): CodeIgniter\Model->doFindAll()
#6 /home/dnzwygdo/djuragancom/app/Models/InvoiceModel.php(297): CodeIgniter\BaseModel->findAll()
#7 /home/dnzwygdo/djuragancom/app/Models/InvoiceModel.php(47): App\Models\InvoiceModel->ambilIds()
#8 /home/dnzwygdo/djuragancom/app/Controllers/Admin/Invoices.php(66): App\Models\InvoiceModel->getAll()
#9 /home/dnzwygdo/djuragancom/vendor/codeigniter4/framework/system/CodeIgniter.php(898): App\Controllers\Admin\Invoices->lihat()
#10 /home/dnzwygdo/djuragancom/vendor/codeigniter4/framework/system/CodeIgniter.php(457): CodeIgniter\CodeIgniter->runController()
#11 /home/dnzwygdo/djuragancom/vendor/codeigniter4/framework/system/CodeIgniter.php(340): CodeIgniter\CodeIgniter->handleRequest()
#12 /home/dnzwygdo/public_html/index.php(67): CodeIgniter\CodeIgniter->run()
#13 {main}

Next CodeIgniter\Database\Exceptions\DatabaseException: Too many connections in /home/dnzwygdo/djuragancom/vendor/codeigniter4/framework/system/Database/MySQLi/Connection.php:215
Stack trace:
#0 /home/dnzwygdo/djuragancom/vendor/codeigniter4/framework/system/Database/BaseConnection.php(382): CodeIgniter\Database\MySQLi\Connection->connect()
#1 /home/dnzwygdo/djuragancom/vendor/codeigniter4/framework/system/Database/BaseConnection.php(588): CodeIgniter\Database\BaseConnection->initialize()
#2 /home/dnzwygdo/djuragancom/vendor/codeigniter4/framework/system/Database/BaseBuilder.php(1585): CodeIgniter\Database\BaseConnection->query()
#3 /home/dnzwygdo/djuragancom/vendor/codeigniter4/framework/system/Model.php(222): CodeIgniter\Database\BaseBuilder->get()
#4 /home/dnzwygdo/djuragancom/vendor/codeigniter4/framework/system/BaseModel.php(584): CodeIgniter\Model->doFindAll()
#5 /home/dnzwygdo/djuragancom/app/Models/InvoiceModel.php(297): CodeIgniter\BaseModel->findAll()
#6 /home/dnzwygdo/djuragancom/app/Models/InvoiceModel.php(47): App\Models\InvoiceModel->ambilIds()
#7 /home/dnzwygdo/djuragancom/app/Controllers/Admin/Invoices.php(66): App\Models\InvoiceModel->getAll()
#8 /home/dnzwygdo/djuragancom/vendor/codeigniter4/framework/system/CodeIgniter.php(898): App\Controllers\Admin\Invoices->lihat()
#9 /home/dnzwygdo/djuragancom/vendor/codeigniter4/framework/system/CodeIgniter.php(457): CodeIgniter\CodeIgniter->runController()
#10 /home/dnzwygdo/djuragancom/vendor/codeigniter4/framework/system/CodeIgniter.php(340): CodeIgniter\CodeIgniter->handleRequest()
#11 /home/dnzwygdo/public_html/index.php(67): CodeIgniter\CodeIgniter->run()
#12 {main}
CRITICAL - 2023-08-17 15:35:32 --> Unable to connect to the database.
Main connection [MySQLi]: Too many connections
in SYSTEMPATH/Database/BaseConnection.php on line 418.
 1 SYSTEMPATH/Database/BaseConnection.php(588): CodeIgniter\Database\BaseConnection->initialize()
 2 SYSTEMPATH/Database/BaseBuilder.php(1585): CodeIgniter\Database\BaseConnection->query()
 3 SYSTEMPATH/Model.php(222): CodeIgniter\Database\BaseBuilder->get()
 4 SYSTEMPATH/BaseModel.php(584): CodeIgniter\Model->doFindAll()
 5 APPPATH/Models/InvoiceModel.php(297): CodeIgniter\BaseModel->findAll()
 6 APPPATH/Models/InvoiceModel.php(47): App\Models\InvoiceModel->ambilIds()
 7 APPPATH/Controllers/Admin/Invoices.php(66): App\Models\InvoiceModel->getAll()
 8 SYSTEMPATH/CodeIgniter.php(898): App\Controllers\Admin\Invoices->lihat()
 9 SYSTEMPATH/CodeIgniter.php(457): CodeIgniter\CodeIgniter->runController()
10 SYSTEMPATH/CodeIgniter.php(340): CodeIgniter\CodeIgniter->handleRequest()
11 FCPATH/index.php(67): CodeIgniter\CodeIgniter->run()
ERROR - 2023-08-17 15:38:29 --> Error connecting to the database: mysqli_sql_exception: Too many connections in /home/dnzwygdo/djuragancom/vendor/codeigniter4/framework/system/Database/MySQLi/Connection.php:171
Stack trace:
#0 /home/dnzwygdo/djuragancom/vendor/codeigniter4/framework/system/Database/MySQLi/Connection.php(171): mysqli->real_connect()
#1 /home/dnzwygdo/djuragancom/vendor/codeigniter4/framework/system/Database/BaseConnection.php(382): CodeIgniter\Database\MySQLi\Connection->connect()
#2 /home/dnzwygdo/djuragancom/vendor/codeigniter4/framework/system/Database/BaseConnection.php(588): CodeIgniter\Database\BaseConnection->initialize()
#3 /home/dnzwygdo/djuragancom/vendor/codeigniter4/framework/system/Database/BaseBuilder.php(1669): CodeIgniter\Database\BaseConnection->query()
#4 /home/dnzwygdo/djuragancom/app/Controllers/Api/Notifikasi.php(37): CodeIgniter\Database\BaseBuilder->countAllResults()
#5 /home/dnzwygdo/djuragancom/vendor/codeigniter4/framework/system/CodeIgniter.php(898): App\Controllers\Api\Notifikasi->get()
#6 /home/dnzwygdo/djuragancom/vendor/codeigniter4/framework/system/CodeIgniter.php(457): CodeIgniter\CodeIgniter->runController()
#7 /home/dnzwygdo/djuragancom/vendor/codeigniter4/framework/system/CodeIgniter.php(340): CodeIgniter\CodeIgniter->handleRequest()
#8 /home/dnzwygdo/public_html/index.php(67): CodeIgniter\CodeIgniter->run()
#9 {main}

Next CodeIgniter\Database\Exceptions\DatabaseException: Too many connections in /home/dnzwygdo/djuragancom/vendor/codeigniter4/framework/system/Database/MySQLi/Connection.php:215
Stack trace:
#0 /home/dnzwygdo/djuragancom/vendor/codeigniter4/framework/system/Database/BaseConnection.php(382): CodeIgniter\Database\MySQLi\Connection->connect()
#1 /home/dnzwygdo/djuragancom/vendor/codeigniter4/framework/system/Database/BaseConnection.php(588): CodeIgniter\Database\BaseConnection->initialize()
#2 /home/dnzwygdo/djuragancom/vendor/codeigniter4/framework/system/Database/BaseBuilder.php(1669): CodeIgniter\Database\BaseConnection->query()
#3 /home/dnzwygdo/djuragancom/app/Controllers/Api/Notifikasi.php(37): CodeIgniter\Database\BaseBuilder->countAllResults()
#4 /home/dnzwygdo/djuragancom/vendor/codeigniter4/framework/system/CodeIgniter.php(898): App\Controllers\Api\Notifikasi->get()
#5 /home/dnzwygdo/djuragancom/vendor/codeigniter4/framework/system/CodeIgniter.php(457): CodeIgniter\CodeIgniter->runController()
#6 /home/dnzwygdo/djuragancom/vendor/codeigniter4/framework/system/CodeIgniter.php(340): CodeIgniter\CodeIgniter->handleRequest()
#7 /home/dnzwygdo/public_html/index.php(67): CodeIgniter\CodeIgniter->run()
#8 {main}
CRITICAL - 2023-08-17 15:38:29 --> Unable to connect to the database.
Main connection [MySQLi]: Too many connections
in SYSTEMPATH/Database/BaseConnection.php on line 418.
 1 SYSTEMPATH/Database/BaseConnection.php(588): CodeIgniter\Database\BaseConnection->initialize()
 2 SYSTEMPATH/Database/BaseBuilder.php(1669): CodeIgniter\Database\BaseConnection->query()
 3 APPPATH/Controllers/Api/Notifikasi.php(37): CodeIgniter\Database\BaseBuilder->countAllResults()
 4 SYSTEMPATH/CodeIgniter.php(898): App\Controllers\Api\Notifikasi->get()
 5 SYSTEMPATH/CodeIgniter.php(457): CodeIgniter\CodeIgniter->runController()
 6 SYSTEMPATH/CodeIgniter.php(340): CodeIgniter\CodeIgniter->handleRequest()
 7 FCPATH/index.php(67): CodeIgniter\CodeIgniter->run()
ERROR - 2023-08-17 15:39:29 --> Error connecting to the database: mysqli_sql_exception: Too many connections in /home/dnzwygdo/djuragancom/vendor/codeigniter4/framework/system/Database/MySQLi/Connection.php:171
Stack trace:
#0 /home/dnzwygdo/djuragancom/vendor/codeigniter4/framework/system/Database/MySQLi/Connection.php(171): mysqli->real_connect()
#1 /home/dnzwygdo/djuragancom/vendor/codeigniter4/framework/system/Database/BaseConnection.php(382): CodeIgniter\Database\MySQLi\Connection->connect()
#2 /home/dnzwygdo/djuragancom/vendor/codeigniter4/framework/system/Database/BaseConnection.php(588): CodeIgniter\Database\BaseConnection->initialize()
#3 /home/dnzwygdo/djuragancom/vendor/codeigniter4/framework/system/Database/BaseBuilder.php(1669): CodeIgniter\Database\BaseConnection->query()
#4 /home/dnzwygdo/djuragancom/app/Controllers/Api/Notifikasi.php(37): CodeIgniter\Database\BaseBuilder->countAllResults()
#5 /home/dnzwygdo/djuragancom/vendor/codeigniter4/framework/system/CodeIgniter.php(898): App\Controllers\Api\Notifikasi->get()
#6 /home/dnzwygdo/djuragancom/vendor/codeigniter4/framework/system/CodeIgniter.php(457): CodeIgniter\CodeIgniter->runController()
#7 /home/dnzwygdo/djuragancom/vendor/codeigniter4/framework/system/CodeIgniter.php(340): CodeIgniter\CodeIgniter->handleRequest()
#8 /home/dnzwygdo/public_html/index.php(67): CodeIgniter\CodeIgniter->run()
#9 {main}

Next CodeIgniter\Database\Exceptions\DatabaseException: Too many connections in /home/dnzwygdo/djuragancom/vendor/codeigniter4/framework/system/Database/MySQLi/Connection.php:215
Stack trace:
#0 /home/dnzwygdo/djuragancom/vendor/codeigniter4/framework/system/Database/BaseConnection.php(382): CodeIgniter\Database\MySQLi\Connection->connect()
#1 /home/dnzwygdo/djuragancom/vendor/codeigniter4/framework/system/Database/BaseConnection.php(588): CodeIgniter\Database\BaseConnection->initialize()
#2 /home/dnzwygdo/djuragancom/vendor/codeigniter4/framework/system/Database/BaseBuilder.php(1669): CodeIgniter\Database\BaseConnection->query()
#3 /home/dnzwygdo/djuragancom/app/Controllers/Api/Notifikasi.php(37): CodeIgniter\Database\BaseBuilder->countAllResults()
#4 /home/dnzwygdo/djuragancom/vendor/codeigniter4/framework/system/CodeIgniter.php(898): App\Controllers\Api\Notifikasi->get()
#5 /home/dnzwygdo/djuragancom/vendor/codeigniter4/framework/system/CodeIgniter.php(457): CodeIgniter\CodeIgniter->runController()
#6 /home/dnzwygdo/djuragancom/vendor/codeigniter4/framework/system/CodeIgniter.php(340): CodeIgniter\CodeIgniter->handleRequest()
#7 /home/dnzwygdo/public_html/index.php(67): CodeIgniter\CodeIgniter->run()
#8 {main}
CRITICAL - 2023-08-17 15:39:29 --> Unable to connect to the database.
Main connection [MySQLi]: Too many connections
in SYSTEMPATH/Database/BaseConnection.php on line 418.
 1 SYSTEMPATH/Database/BaseConnection.php(588): CodeIgniter\Database\BaseConnection->initialize()
 2 SYSTEMPATH/Database/BaseBuilder.php(1669): CodeIgniter\Database\BaseConnection->query()
 3 APPPATH/Controllers/Api/Notifikasi.php(37): CodeIgniter\Database\BaseBuilder->countAllResults()
 4 SYSTEMPATH/CodeIgniter.php(898): App\Controllers\Api\Notifikasi->get()
 5 SYSTEMPATH/CodeIgniter.php(457): CodeIgniter\CodeIgniter->runController()
 6 SYSTEMPATH/CodeIgniter.php(340): CodeIgniter\CodeIgniter->handleRequest()
 7 FCPATH/index.php(67): CodeIgniter\CodeIgniter->run()
ERROR - 2023-08-17 15:40:09 --> Error connecting to the database: mysqli_sql_exception: Too many connections in /home/dnzwygdo/djuragancom/vendor/codeigniter4/framework/system/Database/MySQLi/Connection.php:171
Stack trace:
#0 /home/dnzwygdo/djuragancom/vendor/codeigniter4/framework/system/Database/MySQLi/Connection.php(171): mysqli->real_connect()
#1 /home/dnzwygdo/djuragancom/vendor/codeigniter4/framework/system/Database/BaseConnection.php(382): CodeIgniter\Database\MySQLi\Connection->connect()
#2 /home/dnzwygdo/djuragancom/vendor/codeigniter4/framework/system/Database/BaseConnection.php(588): CodeIgniter\Database\BaseConnection->initialize()
#3 /home/dnzwygdo/djuragancom/vendor/codeigniter4/framework/system/Database/BaseBuilder.php(1669): CodeIgniter\Database\BaseConnection->query()
#4 /home/dnzwygdo/djuragancom/app/Controllers/Api/Notifikasi.php(37): CodeIgniter\Database\BaseBuilder->countAllResults()
#5 /home/dnzwygdo/djuragancom/vendor/codeigniter4/framework/system/CodeIgniter.php(898): App\Controllers\Api\Notifikasi->get()
#6 /home/dnzwygdo/djuragancom/vendor/codeigniter4/framework/system/CodeIgniter.php(457): CodeIgniter\CodeIgniter->runController()
#7 /home/dnzwygdo/djuragancom/vendor/codeigniter4/framework/system/CodeIgniter.php(340): CodeIgniter\CodeIgniter->handleRequest()
#8 /home/dnzwygdo/public_html/index.php(67): CodeIgniter\CodeIgniter->run()
#9 {main}

Next CodeIgniter\Database\Exceptions\DatabaseException: Too many connections in /home/dnzwygdo/djuragancom/vendor/codeigniter4/framework/system/Database/MySQLi/Connection.php:215
Stack trace:
#0 /home/dnzwygdo/djuragancom/vendor/codeigniter4/framework/system/Database/BaseConnection.php(382): CodeIgniter\Database\MySQLi\Connection->connect()
#1 /home/dnzwygdo/djuragancom/vendor/codeigniter4/framework/system/Database/BaseConnection.php(588): CodeIgniter\Database\BaseConnection->initialize()
#2 /home/dnzwygdo/djuragancom/vendor/codeigniter4/framework/system/Database/BaseBuilder.php(1669): CodeIgniter\Database\BaseConnection->query()
#3 /home/dnzwygdo/djuragancom/app/Controllers/Api/Notifikasi.php(37): CodeIgniter\Database\BaseBuilder->countAllResults()
#4 /home/dnzwygdo/djuragancom/vendor/codeigniter4/framework/system/CodeIgniter.php(898): App\Controllers\Api\Notifikasi->get()
#5 /home/dnzwygdo/djuragancom/vendor/codeigniter4/framework/system/CodeIgniter.php(457): CodeIgniter\CodeIgniter->runController()
#6 /home/dnzwygdo/djuragancom/vendor/codeigniter4/framework/system/CodeIgniter.php(340): CodeIgniter\CodeIgniter->handleRequest()
#7 /home/dnzwygdo/public_html/index.php(67): CodeIgniter\CodeIgniter->run()
#8 {main}
CRITICAL - 2023-08-17 15:40:09 --> Unable to connect to the database.
Main connection [MySQLi]: Too many connections
in SYSTEMPATH/Database/BaseConnection.php on line 418.
 1 SYSTEMPATH/Database/BaseConnection.php(588): CodeIgniter\Database\BaseConnection->initialize()
 2 SYSTEMPATH/Database/BaseBuilder.php(1669): CodeIgniter\Database\BaseConnection->query()
 3 APPPATH/Controllers/Api/Notifikasi.php(37): CodeIgniter\Database\BaseBuilder->countAllResults()
 4 SYSTEMPATH/CodeIgniter.php(898): App\Controllers\Api\Notifikasi->get()
 5 SYSTEMPATH/CodeIgniter.php(457): CodeIgniter\CodeIgniter->runController()
 6 SYSTEMPATH/CodeIgniter.php(340): CodeIgniter\CodeIgniter->handleRequest()
 7 FCPATH/index.php(67): CodeIgniter\CodeIgniter->run()
ERROR - 2023-08-17 15:40:58 --> Error connecting to the database: mysqli_sql_exception: Too many connections in /home/dnzwygdo/djuragancom/vendor/codeigniter4/framework/system/Database/MySQLi/Connection.php:171
Stack trace:
#0 /home/dnzwygdo/djuragancom/vendor/codeigniter4/framework/system/Database/MySQLi/Connection.php(171): mysqli->real_connect()
#1 /home/dnzwygdo/djuragancom/vendor/codeigniter4/framework/system/Database/BaseConnection.php(382): CodeIgniter\Database\MySQLi\Connection->connect()
#2 /home/dnzwygdo/djuragancom/vendor/codeigniter4/framework/system/Database/BaseConnection.php(588): CodeIgniter\Database\BaseConnection->initialize()
#3 /home/dnzwygdo/djuragancom/vendor/codeigniter4/framework/system/Database/BaseBuilder.php(1669): CodeIgniter\Database\BaseConnection->query()
#4 /home/dnzwygdo/djuragancom/app/Controllers/Api/Notifikasi.php(37): CodeIgniter\Database\BaseBuilder->countAllResults()
#5 /home/dnzwygdo/djuragancom/vendor/codeigniter4/framework/system/CodeIgniter.php(898): App\Controllers\Api\Notifikasi->get()
#6 /home/dnzwygdo/djuragancom/vendor/codeigniter4/framework/system/CodeIgniter.php(457): CodeIgniter\CodeIgniter->runController()
#7 /home/dnzwygdo/djuragancom/vendor/codeigniter4/framework/system/CodeIgniter.php(340): CodeIgniter\CodeIgniter->handleRequest()
#8 /home/dnzwygdo/public_html/index.php(67): CodeIgniter\CodeIgniter->run()
#9 {main}

Next CodeIgniter\Database\Exceptions\DatabaseException: Too many connections in /home/dnzwygdo/djuragancom/vendor/codeigniter4/framework/system/Database/MySQLi/Connection.php:215
Stack trace:
#0 /home/dnzwygdo/djuragancom/vendor/codeigniter4/framework/system/Database/BaseConnection.php(382): CodeIgniter\Database\MySQLi\Connection->connect()
#1 /home/dnzwygdo/djuragancom/vendor/codeigniter4/framework/system/Database/BaseConnection.php(588): CodeIgniter\Database\BaseConnection->initialize()
#2 /home/dnzwygdo/djuragancom/vendor/codeigniter4/framework/system/Database/BaseBuilder.php(1669): CodeIgniter\Database\BaseConnection->query()
#3 /home/dnzwygdo/djuragancom/app/Controllers/Api/Notifikasi.php(37): CodeIgniter\Database\BaseBuilder->countAllResults()
#4 /home/dnzwygdo/djuragancom/vendor/codeigniter4/framework/system/CodeIgniter.php(898): App\Controllers\Api\Notifikasi->get()
#5 /home/dnzwygdo/djuragancom/vendor/codeigniter4/framework/system/CodeIgniter.php(457): CodeIgniter\CodeIgniter->runController()
#6 /home/dnzwygdo/djuragancom/vendor/codeigniter4/framework/system/CodeIgniter.php(340): CodeIgniter\CodeIgniter->handleRequest()
#7 /home/dnzwygdo/public_html/index.php(67): CodeIgniter\CodeIgniter->run()
#8 {main}
CRITICAL - 2023-08-17 15:40:58 --> Unable to connect to the database.
Main connection [MySQLi]: Too many connections
in SYSTEMPATH/Database/BaseConnection.php on line 418.
 1 SYSTEMPATH/Database/BaseConnection.php(588): CodeIgniter\Database\BaseConnection->initialize()
 2 SYSTEMPATH/Database/BaseBuilder.php(1669): CodeIgniter\Database\BaseConnection->query()
 3 APPPATH/Controllers/Api/Notifikasi.php(37): CodeIgniter\Database\BaseBuilder->countAllResults()
 4 SYSTEMPATH/CodeIgniter.php(898): App\Controllers\Api\Notifikasi->get()
 5 SYSTEMPATH/CodeIgniter.php(457): CodeIgniter\CodeIgniter->runController()
 6 SYSTEMPATH/CodeIgniter.php(340): CodeIgniter\CodeIgniter->handleRequest()
 7 FCPATH/index.php(67): CodeIgniter\CodeIgniter->run()
ERROR - 2023-08-17 15:42:19 --> Error connecting to the database: mysqli_sql_exception: Too many connections in /home/dnzwygdo/djuragancom/vendor/codeigniter4/framework/system/Database/MySQLi/Connection.php:171
Stack trace:
#0 /home/dnzwygdo/djuragancom/vendor/codeigniter4/framework/system/Database/MySQLi/Connection.php(171): mysqli->real_connect()
#1 /home/dnzwygdo/djuragancom/vendor/codeigniter4/framework/system/Database/BaseConnection.php(382): CodeIgniter\Database\MySQLi\Connection->connect()
#2 /home/dnzwygdo/djuragancom/vendor/codeigniter4/framework/system/Database/BaseConnection.php(588): CodeIgniter\Database\BaseConnection->initialize()
#3 /home/dnzwygdo/djuragancom/vendor/codeigniter4/framework/system/Database/BaseBuilder.php(1669): CodeIgniter\Database\BaseConnection->query()
#4 /home/dnzwygdo/djuragancom/app/Controllers/Api/Notifikasi.php(37): CodeIgniter\Database\BaseBuilder->countAllResults()
#5 /home/dnzwygdo/djuragancom/vendor/codeigniter4/framework/system/CodeIgniter.php(898): App\Controllers\Api\Notifikasi->get()
#6 /home/dnzwygdo/djuragancom/vendor/codeigniter4/framework/system/CodeIgniter.php(457): CodeIgniter\CodeIgniter->runController()
#7 /home/dnzwygdo/djuragancom/vendor/codeigniter4/framework/system/CodeIgniter.php(340): CodeIgniter\CodeIgniter->handleRequest()
#8 /home/dnzwygdo/public_html/index.php(67): CodeIgniter\CodeIgniter->run()
#9 {main}

Next CodeIgniter\Database\Exceptions\DatabaseException: Too many connections in /home/dnzwygdo/djuragancom/vendor/codeigniter4/framework/system/Database/MySQLi/Connection.php:215
Stack trace:
#0 /home/dnzwygdo/djuragancom/vendor/codeigniter4/framework/system/Database/BaseConnection.php(382): CodeIgniter\Database\MySQLi\Connection->connect()
#1 /home/dnzwygdo/djuragancom/vendor/codeigniter4/framework/system/Database/BaseConnection.php(588): CodeIgniter\Database\BaseConnection->initialize()
#2 /home/dnzwygdo/djuragancom/vendor/codeigniter4/framework/system/Database/BaseBuilder.php(1669): CodeIgniter\Database\BaseConnection->query()
#3 /home/dnzwygdo/djuragancom/app/Controllers/Api/Notifikasi.php(37): CodeIgniter\Database\BaseBuilder->countAllResults()
#4 /home/dnzwygdo/djuragancom/vendor/codeigniter4/framework/system/CodeIgniter.php(898): App\Controllers\Api\Notifikasi->get()
#5 /home/dnzwygdo/djuragancom/vendor/codeigniter4/framework/system/CodeIgniter.php(457): CodeIgniter\CodeIgniter->runController()
#6 /home/dnzwygdo/djuragancom/vendor/codeigniter4/framework/system/CodeIgniter.php(340): CodeIgniter\CodeIgniter->handleRequest()
#7 /home/dnzwygdo/public_html/index.php(67): CodeIgniter\CodeIgniter->run()
#8 {main}
CRITICAL - 2023-08-17 15:42:19 --> Unable to connect to the database.
Main connection [MySQLi]: Too many connections
in SYSTEMPATH/Database/BaseConnection.php on line 418.
 1 SYSTEMPATH/Database/BaseConnection.php(588): CodeIgniter\Database\BaseConnection->initialize()
 2 SYSTEMPATH/Database/BaseBuilder.php(1669): CodeIgniter\Database\BaseConnection->query()
 3 APPPATH/Controllers/Api/Notifikasi.php(37): CodeIgniter\Database\BaseBuilder->countAllResults()
 4 SYSTEMPATH/CodeIgniter.php(898): App\Controllers\Api\Notifikasi->get()
 5 SYSTEMPATH/CodeIgniter.php(457): CodeIgniter\CodeIgniter->runController()
 6 SYSTEMPATH/CodeIgniter.php(340): CodeIgniter\CodeIgniter->handleRequest()
 7 FCPATH/index.php(67): CodeIgniter\CodeIgniter->run()
ERROR - 2023-08-17 15:42:34 --> Error connecting to the database: mysqli_sql_exception: Too many connections in /home/dnzwygdo/djuragancom/vendor/codeigniter4/framework/system/Database/MySQLi/Connection.php:171
Stack trace:
#0 /home/dnzwygdo/djuragancom/vendor/codeigniter4/framework/system/Database/MySQLi/Connection.php(171): mysqli->real_connect()
#1 /home/dnzwygdo/djuragancom/vendor/codeigniter4/framework/system/Database/BaseConnection.php(382): CodeIgniter\Database\MySQLi\Connection->connect()
#2 /home/dnzwygdo/djuragancom/vendor/codeigniter4/framework/system/Database/BaseConnection.php(588): CodeIgniter\Database\BaseConnection->initialize()
#3 /home/dnzwygdo/djuragancom/vendor/codeigniter4/framework/system/Database/BaseBuilder.php(1669): CodeIgniter\Database\BaseConnection->query()
#4 /home/dnzwygdo/djuragancom/app/Controllers/Api/Notifikasi.php(37): CodeIgniter\Database\BaseBuilder->countAllResults()
#5 /home/dnzwygdo/djuragancom/vendor/codeigniter4/framework/system/CodeIgniter.php(898): App\Controllers\Api\Notifikasi->get()
#6 /home/dnzwygdo/djuragancom/vendor/codeigniter4/framework/system/CodeIgniter.php(457): CodeIgniter\CodeIgniter->runController()
#7 /home/dnzwygdo/djuragancom/vendor/codeigniter4/framework/system/CodeIgniter.php(340): CodeIgniter\CodeIgniter->handleRequest()
#8 /home/dnzwygdo/public_html/index.php(67): CodeIgniter\CodeIgniter->run()
#9 {main}

Next CodeIgniter\Database\Exceptions\DatabaseException: Too many connections in /home/dnzwygdo/djuragancom/vendor/codeigniter4/framework/system/Database/MySQLi/Connection.php:215
Stack trace:
#0 /home/dnzwygdo/djuragancom/vendor/codeigniter4/framework/system/Database/BaseConnection.php(382): CodeIgniter\Database\MySQLi\Connection->connect()
#1 /home/dnzwygdo/djuragancom/vendor/codeigniter4/framework/system/Database/BaseConnection.php(588): CodeIgniter\Database\BaseConnection->initialize()
#2 /home/dnzwygdo/djuragancom/vendor/codeigniter4/framework/system/Database/BaseBuilder.php(1669): CodeIgniter\Database\BaseConnection->query()
#3 /home/dnzwygdo/djuragancom/app/Controllers/Api/Notifikasi.php(37): CodeIgniter\Database\BaseBuilder->countAllResults()
#4 /home/dnzwygdo/djuragancom/vendor/codeigniter4/framework/system/CodeIgniter.php(898): App\Controllers\Api\Notifikasi->get()
#5 /home/dnzwygdo/djuragancom/vendor/codeigniter4/framework/system/CodeIgniter.php(457): CodeIgniter\CodeIgniter->runController()
#6 /home/dnzwygdo/djuragancom/vendor/codeigniter4/framework/system/CodeIgniter.php(340): CodeIgniter\CodeIgniter->handleRequest()
#7 /home/dnzwygdo/public_html/index.php(67): CodeIgniter\CodeIgniter->run()
#8 {main}
CRITICAL - 2023-08-17 15:42:34 --> Unable to connect to the database.
Main connection [MySQLi]: Too many connections
in SYSTEMPATH/Database/BaseConnection.php on line 418.
 1 SYSTEMPATH/Database/BaseConnection.php(588): CodeIgniter\Database\BaseConnection->initialize()
 2 SYSTEMPATH/Database/BaseBuilder.php(1669): CodeIgniter\Database\BaseConnection->query()
 3 APPPATH/Controllers/Api/Notifikasi.php(37): CodeIgniter\Database\BaseBuilder->countAllResults()
 4 SYSTEMPATH/CodeIgniter.php(898): App\Controllers\Api\Notifikasi->get()
 5 SYSTEMPATH/CodeIgniter.php(457): CodeIgniter\CodeIgniter->runController()
 6 SYSTEMPATH/CodeIgniter.php(340): CodeIgniter\CodeIgniter->handleRequest()
 7 FCPATH/index.php(67): CodeIgniter\CodeIgniter->run()
ERROR - 2023-08-17 15:44:28 --> Error connecting to the database: mysqli_sql_exception: Too many connections in /home/dnzwygdo/djuragancom/vendor/codeigniter4/framework/system/Database/MySQLi/Connection.php:171
Stack trace:
#0 /home/dnzwygdo/djuragancom/vendor/codeigniter4/framework/system/Database/MySQLi/Connection.php(171): mysqli->real_connect()
#1 /home/dnzwygdo/djuragancom/vendor/codeigniter4/framework/system/Database/BaseConnection.php(382): CodeIgniter\Database\MySQLi\Connection->connect()
#2 /home/dnzwygdo/djuragancom/vendor/codeigniter4/framework/system/Database/BaseConnection.php(588): CodeIgniter\Database\BaseConnection->initialize()
#3 /home/dnzwygdo/djuragancom/vendor/codeigniter4/framework/system/Database/BaseBuilder.php(1669): CodeIgniter\Database\BaseConnection->query()
#4 /home/dnzwygdo/djuragancom/app/Controllers/Api/Notifikasi.php(37): CodeIgniter\Database\BaseBuilder->countAllResults()
#5 /home/dnzwygdo/djuragancom/vendor/codeigniter4/framework/system/CodeIgniter.php(898): App\Controllers\Api\Notifikasi->get()
#6 /home/dnzwygdo/djuragancom/vendor/codeigniter4/framework/system/CodeIgniter.php(457): CodeIgniter\CodeIgniter->runController()
#7 /home/dnzwygdo/djuragancom/vendor/codeigniter4/framework/system/CodeIgniter.php(340): CodeIgniter\CodeIgniter->handleRequest()
#8 /home/dnzwygdo/public_html/index.php(67): CodeIgniter\CodeIgniter->run()
#9 {main}

Next CodeIgniter\Database\Exceptions\DatabaseException: Too many connections in /home/dnzwygdo/djuragancom/vendor/codeigniter4/framework/system/Database/MySQLi/Connection.php:215
Stack trace:
#0 /home/dnzwygdo/djuragancom/vendor/codeigniter4/framework/system/Database/BaseConnection.php(382): CodeIgniter\Database\MySQLi\Connection->connect()
#1 /home/dnzwygdo/djuragancom/vendor/codeigniter4/framework/system/Database/BaseConnection.php(588): CodeIgniter\Database\BaseConnection->initialize()
#2 /home/dnzwygdo/djuragancom/vendor/codeigniter4/framework/system/Database/BaseBuilder.php(1669): CodeIgniter\Database\BaseConnection->query()
#3 /home/dnzwygdo/djuragancom/app/Controllers/Api/Notifikasi.php(37): CodeIgniter\Database\BaseBuilder->countAllResults()
#4 /home/dnzwygdo/djuragancom/vendor/codeigniter4/framework/system/CodeIgniter.php(898): App\Controllers\Api\Notifikasi->get()
#5 /home/dnzwygdo/djuragancom/vendor/codeigniter4/framework/system/CodeIgniter.php(457): CodeIgniter\CodeIgniter->runController()
#6 /home/dnzwygdo/djuragancom/vendor/codeigniter4/framework/system/CodeIgniter.php(340): CodeIgniter\CodeIgniter->handleRequest()
#7 /home/dnzwygdo/public_html/index.php(67): CodeIgniter\CodeIgniter->run()
#8 {main}
CRITICAL - 2023-08-17 15:44:28 --> Unable to connect to the database.
Main connection [MySQLi]: Too many connections
in SYSTEMPATH/Database/BaseConnection.php on line 418.
 1 SYSTEMPATH/Database/BaseConnection.php(588): CodeIgniter\Database\BaseConnection->initialize()
 2 SYSTEMPATH/Database/BaseBuilder.php(1669): CodeIgniter\Database\BaseConnection->query()
 3 APPPATH/Controllers/Api/Notifikasi.php(37): CodeIgniter\Database\BaseBuilder->countAllResults()
 4 SYSTEMPATH/CodeIgniter.php(898): App\Controllers\Api\Notifikasi->get()
 5 SYSTEMPATH/CodeIgniter.php(457): CodeIgniter\CodeIgniter->runController()
 6 SYSTEMPATH/CodeIgniter.php(340): CodeIgniter\CodeIgniter->handleRequest()
 7 FCPATH/index.php(67): CodeIgniter\CodeIgniter->run()
ERROR - 2023-08-17 15:44:44 --> Error connecting to the database: mysqli_sql_exception: Too many connections in /home/dnzwygdo/djuragancom/vendor/codeigniter4/framework/system/Database/MySQLi/Connection.php:171
Stack trace:
#0 /home/dnzwygdo/djuragancom/vendor/codeigniter4/framework/system/Database/MySQLi/Connection.php(171): mysqli->real_connect()
#1 /home/dnzwygdo/djuragancom/vendor/codeigniter4/framework/system/Database/BaseConnection.php(382): CodeIgniter\Database\MySQLi\Connection->connect()
#2 /home/dnzwygdo/djuragancom/vendor/codeigniter4/framework/system/Database/BaseConnection.php(588): CodeIgniter\Database\BaseConnection->initialize()
#3 /home/dnzwygdo/djuragancom/vendor/codeigniter4/framework/system/Database/BaseBuilder.php(1669): CodeIgniter\Database\BaseConnection->query()
#4 /home/dnzwygdo/djuragancom/app/Controllers/Api/Notifikasi.php(37): CodeIgniter\Database\BaseBuilder->countAllResults()
#5 /home/dnzwygdo/djuragancom/vendor/codeigniter4/framework/system/CodeIgniter.php(898): App\Controllers\Api\Notifikasi->get()
#6 /home/dnzwygdo/djuragancom/vendor/codeigniter4/framework/system/CodeIgniter.php(457): CodeIgniter\CodeIgniter->runController()
#7 /home/dnzwygdo/djuragancom/vendor/codeigniter4/framework/system/CodeIgniter.php(340): CodeIgniter\CodeIgniter->handleRequest()
#8 /home/dnzwygdo/public_html/index.php(67): CodeIgniter\CodeIgniter->run()
#9 {main}

Next CodeIgniter\Database\Exceptions\DatabaseException: Too many connections in /home/dnzwygdo/djuragancom/vendor/codeigniter4/framework/system/Database/MySQLi/Connection.php:215
Stack trace:
#0 /home/dnzwygdo/djuragancom/vendor/codeigniter4/framework/system/Database/BaseConnection.php(382): CodeIgniter\Database\MySQLi\Connection->connect()
#1 /home/dnzwygdo/djuragancom/vendor/codeigniter4/framework/system/Database/BaseConnection.php(588): CodeIgniter\Database\BaseConnection->initialize()
#2 /home/dnzwygdo/djuragancom/vendor/codeigniter4/framework/system/Database/BaseBuilder.php(1669): CodeIgniter\Database\BaseConnection->query()
#3 /home/dnzwygdo/djuragancom/app/Controllers/Api/Notifikasi.php(37): CodeIgniter\Database\BaseBuilder->countAllResults()
#4 /home/dnzwygdo/djuragancom/vendor/codeigniter4/framework/system/CodeIgniter.php(898): App\Controllers\Api\Notifikasi->get()
#5 /home/dnzwygdo/djuragancom/vendor/codeigniter4/framework/system/CodeIgniter.php(457): CodeIgniter\CodeIgniter->runController()
#6 /home/dnzwygdo/djuragancom/vendor/codeigniter4/framework/system/CodeIgniter.php(340): CodeIgniter\CodeIgniter->handleRequest()
#7 /home/dnzwygdo/public_html/index.php(67): CodeIgniter\CodeIgniter->run()
#8 {main}
CRITICAL - 2023-08-17 15:44:44 --> Unable to connect to the database.
Main connection [MySQLi]: Too many connections
in SYSTEMPATH/Database/BaseConnection.php on line 418.
 1 SYSTEMPATH/Database/BaseConnection.php(588): CodeIgniter\Database\BaseConnection->initialize()
 2 SYSTEMPATH/Database/BaseBuilder.php(1669): CodeIgniter\Database\BaseConnection->query()
 3 APPPATH/Controllers/Api/Notifikasi.php(37): CodeIgniter\Database\BaseBuilder->countAllResults()
 4 SYSTEMPATH/CodeIgniter.php(898): App\Controllers\Api\Notifikasi->get()
 5 SYSTEMPATH/CodeIgniter.php(457): CodeIgniter\CodeIgniter->runController()
 6 SYSTEMPATH/CodeIgniter.php(340): CodeIgniter\CodeIgniter->handleRequest()
 7 FCPATH/index.php(67): CodeIgniter\CodeIgniter->run()
ERROR - 2023-08-17 15:44:44 --> Error connecting to the database: mysqli_sql_exception: Too many connections in /home/dnzwygdo/djuragancom/vendor/codeigniter4/framework/system/Database/MySQLi/Connection.php:171
Stack trace:
#0 /home/dnzwygdo/djuragancom/vendor/codeigniter4/framework/system/Database/MySQLi/Connection.php(171): mysqli->real_connect()
#1 /home/dnzwygdo/djuragancom/vendor/codeigniter4/framework/system/Database/BaseConnection.php(382): CodeIgniter\Database\MySQLi\Connection->connect()
#2 /home/dnzwygdo/djuragancom/vendor/codeigniter4/framework/system/Database/BaseConnection.php(588): CodeIgniter\Database\BaseConnection->initialize()
#3 /home/dnzwygdo/djuragancom/vendor/codeigniter4/framework/system/Database/BaseBuilder.php(1669): CodeIgniter\Database\BaseConnection->query()
#4 /home/dnzwygdo/djuragancom/app/Controllers/Api/Notifikasi.php(37): CodeIgniter\Database\BaseBuilder->countAllResults()
#5 /home/dnzwygdo/djuragancom/vendor/codeigniter4/framework/system/CodeIgniter.php(898): App\Controllers\Api\Notifikasi->get()
#6 /home/dnzwygdo/djuragancom/vendor/codeigniter4/framework/system/CodeIgniter.php(457): CodeIgniter\CodeIgniter->runController()
#7 /home/dnzwygdo/djuragancom/vendor/codeigniter4/framework/system/CodeIgniter.php(340): CodeIgniter\CodeIgniter->handleRequest()
#8 /home/dnzwygdo/public_html/index.php(67): CodeIgniter\CodeIgniter->run()
#9 {main}

Next CodeIgniter\Database\Exceptions\DatabaseException: Too many connections in /home/dnzwygdo/djuragancom/vendor/codeigniter4/framework/system/Database/MySQLi/Connection.php:215
Stack trace:
#0 /home/dnzwygdo/djuragancom/vendor/codeigniter4/framework/system/Database/BaseConnection.php(382): CodeIgniter\Database\MySQLi\Connection->connect()
#1 /home/dnzwygdo/djuragancom/vendor/codeigniter4/framework/system/Database/BaseConnection.php(588): CodeIgniter\Database\BaseConnection->initialize()
#2 /home/dnzwygdo/djuragancom/vendor/codeigniter4/framework/system/Database/BaseBuilder.php(1669): CodeIgniter\Database\BaseConnection->query()
#3 /home/dnzwygdo/djuragancom/app/Controllers/Api/Notifikasi.php(37): CodeIgniter\Database\BaseBuilder->countAllResults()
#4 /home/dnzwygdo/djuragancom/vendor/codeigniter4/framework/system/CodeIgniter.php(898): App\Controllers\Api\Notifikasi->get()
#5 /home/dnzwygdo/djuragancom/vendor/codeigniter4/framework/system/CodeIgniter.php(457): CodeIgniter\CodeIgniter->runController()
#6 /home/dnzwygdo/djuragancom/vendor/codeigniter4/framework/system/CodeIgniter.php(340): CodeIgniter\CodeIgniter->handleRequest()
#7 /home/dnzwygdo/public_html/index.php(67): CodeIgniter\CodeIgniter->run()
#8 {main}
CRITICAL - 2023-08-17 15:44:44 --> Unable to connect to the database.
Main connection [MySQLi]: Too many connections
in SYSTEMPATH/Database/BaseConnection.php on line 418.
 1 SYSTEMPATH/Database/BaseConnection.php(588): CodeIgniter\Database\BaseConnection->initialize()
 2 SYSTEMPATH/Database/BaseBuilder.php(1669): CodeIgniter\Database\BaseConnection->query()
 3 APPPATH/Controllers/Api/Notifikasi.php(37): CodeIgniter\Database\BaseBuilder->countAllResults()
 4 SYSTEMPATH/CodeIgniter.php(898): App\Controllers\Api\Notifikasi->get()
 5 SYSTEMPATH/CodeIgniter.php(457): CodeIgniter\CodeIgniter->runController()
 6 SYSTEMPATH/CodeIgniter.php(340): CodeIgniter\CodeIgniter->handleRequest()
 7 FCPATH/index.php(67): CodeIgniter\CodeIgniter->run()
ERROR - 2023-08-17 15:44:48 --> Error connecting to the database: mysqli_sql_exception: Too many connections in /home/dnzwygdo/djuragancom/vendor/codeigniter4/framework/system/Database/MySQLi/Connection.php:171
Stack trace:
#0 /home/dnzwygdo/djuragancom/vendor/codeigniter4/framework/system/Database/MySQLi/Connection.php(171): mysqli->real_connect()
#1 /home/dnzwygdo/djuragancom/vendor/codeigniter4/framework/system/Database/BaseConnection.php(382): CodeIgniter\Database\MySQLi\Connection->connect()
#2 /home/dnzwygdo/djuragancom/vendor/codeigniter4/framework/system/Database/BaseConnection.php(588): CodeIgniter\Database\BaseConnection->initialize()
#3 /home/dnzwygdo/djuragancom/vendor/codeigniter4/framework/system/Database/BaseBuilder.php(1669): CodeIgniter\Database\BaseConnection->query()
#4 /home/dnzwygdo/djuragancom/app/Controllers/Api/Notifikasi.php(37): CodeIgniter\Database\BaseBuilder->countAllResults()
#5 /home/dnzwygdo/djuragancom/vendor/codeigniter4/framework/system/CodeIgniter.php(898): App\Controllers\Api\Notifikasi->get()
#6 /home/dnzwygdo/djuragancom/vendor/codeigniter4/framework/system/CodeIgniter.php(457): CodeIgniter\CodeIgniter->runController()
#7 /home/dnzwygdo/djuragancom/vendor/codeigniter4/framework/system/CodeIgniter.php(340): CodeIgniter\CodeIgniter->handleRequest()
#8 /home/dnzwygdo/public_html/index.php(67): CodeIgniter\CodeIgniter->run()
#9 {main}

Next CodeIgniter\Database\Exceptions\DatabaseException: Too many connections in /home/dnzwygdo/djuragancom/vendor/codeigniter4/framework/system/Database/MySQLi/Connection.php:215
Stack trace:
#0 /home/dnzwygdo/djuragancom/vendor/codeigniter4/framework/system/Database/BaseConnection.php(382): CodeIgniter\Database\MySQLi\Connection->connect()
#1 /home/dnzwygdo/djuragancom/vendor/codeigniter4/framework/system/Database/BaseConnection.php(588): CodeIgniter\Database\BaseConnection->initialize()
#2 /home/dnzwygdo/djuragancom/vendor/codeigniter4/framework/system/Database/BaseBuilder.php(1669): CodeIgniter\Database\BaseConnection->query()
#3 /home/dnzwygdo/djuragancom/app/Controllers/Api/Notifikasi.php(37): CodeIgniter\Database\BaseBuilder->countAllResults()
#4 /home/dnzwygdo/djuragancom/vendor/codeigniter4/framework/system/CodeIgniter.php(898): App\Controllers\Api\Notifikasi->get()
#5 /home/dnzwygdo/djuragancom/vendor/codeigniter4/framework/system/CodeIgniter.php(457): CodeIgniter\CodeIgniter->runController()
#6 /home/dnzwygdo/djuragancom/vendor/codeigniter4/framework/system/CodeIgniter.php(340): CodeIgniter\CodeIgniter->handleRequest()
#7 /home/dnzwygdo/public_html/index.php(67): CodeIgniter\CodeIgniter->run()
#8 {main}
CRITICAL - 2023-08-17 15:44:48 --> Unable to connect to the database.
Main connection [MySQLi]: Too many connections
in SYSTEMPATH/Database/BaseConnection.php on line 418.
 1 SYSTEMPATH/Database/BaseConnection.php(588): CodeIgniter\Database\BaseConnection->initialize()
 2 SYSTEMPATH/Database/BaseBuilder.php(1669): CodeIgniter\Database\BaseConnection->query()
 3 APPPATH/Controllers/Api/Notifikasi.php(37): CodeIgniter\Database\BaseBuilder->countAllResults()
 4 SYSTEMPATH/CodeIgniter.php(898): App\Controllers\Api\Notifikasi->get()
 5 SYSTEMPATH/CodeIgniter.php(457): CodeIgniter\CodeIgniter->runController()
 6 SYSTEMPATH/CodeIgniter.php(340): CodeIgniter\CodeIgniter->handleRequest()
 7 FCPATH/index.php(67): CodeIgniter\CodeIgniter->run()
ERROR - 2023-08-17 15:44:58 --> Error connecting to the database: mysqli_sql_exception: Too many connections in /home/dnzwygdo/djuragancom/vendor/codeigniter4/framework/system/Database/MySQLi/Connection.php:171
Stack trace:
#0 /home/dnzwygdo/djuragancom/vendor/codeigniter4/framework/system/Database/MySQLi/Connection.php(171): mysqli->real_connect()
#1 /home/dnzwygdo/djuragancom/vendor/codeigniter4/framework/system/Database/BaseConnection.php(382): CodeIgniter\Database\MySQLi\Connection->connect()
#2 /home/dnzwygdo/djuragancom/vendor/codeigniter4/framework/system/Database/BaseConnection.php(588): CodeIgniter\Database\BaseConnection->initialize()
#3 /home/dnzwygdo/djuragancom/vendor/codeigniter4/framework/system/Database/BaseBuilder.php(1669): CodeIgniter\Database\BaseConnection->query()
#4 /home/dnzwygdo/djuragancom/app/Controllers/Api/Notifikasi.php(37): CodeIgniter\Database\BaseBuilder->countAllResults()
#5 /home/dnzwygdo/djuragancom/vendor/codeigniter4/framework/system/CodeIgniter.php(898): App\Controllers\Api\Notifikasi->get()
#6 /home/dnzwygdo/djuragancom/vendor/codeigniter4/framework/system/CodeIgniter.php(457): CodeIgniter\CodeIgniter->runController()
#7 /home/dnzwygdo/djuragancom/vendor/codeigniter4/framework/system/CodeIgniter.php(340): CodeIgniter\CodeIgniter->handleRequest()
#8 /home/dnzwygdo/public_html/index.php(67): CodeIgniter\CodeIgniter->run()
#9 {main}

Next CodeIgniter\Database\Exceptions\DatabaseException: Too many connections in /home/dnzwygdo/djuragancom/vendor/codeigniter4/framework/system/Database/MySQLi/Connection.php:215
Stack trace:
#0 /home/dnzwygdo/djuragancom/vendor/codeigniter4/framework/system/Database/BaseConnection.php(382): CodeIgniter\Database\MySQLi\Connection->connect()
#1 /home/dnzwygdo/djuragancom/vendor/codeigniter4/framework/system/Database/BaseConnection.php(588): CodeIgniter\Database\BaseConnection->initialize()
#2 /home/dnzwygdo/djuragancom/vendor/codeigniter4/framework/system/Database/BaseBuilder.php(1669): CodeIgniter\Database\BaseConnection->query()
#3 /home/dnzwygdo/djuragancom/app/Controllers/Api/Notifikasi.php(37): CodeIgniter\Database\BaseBuilder->countAllResults()
#4 /home/dnzwygdo/djuragancom/vendor/codeigniter4/framework/system/CodeIgniter.php(898): App\Controllers\Api\Notifikasi->get()
#5 /home/dnzwygdo/djuragancom/vendor/codeigniter4/framework/system/CodeIgniter.php(457): CodeIgniter\CodeIgniter->runController()
#6 /home/dnzwygdo/djuragancom/vendor/codeigniter4/framework/system/CodeIgniter.php(340): CodeIgniter\CodeIgniter->handleRequest()
#7 /home/dnzwygdo/public_html/index.php(67): CodeIgniter\CodeIgniter->run()
#8 {main}
CRITICAL - 2023-08-17 15:44:58 --> Unable to connect to the database.
Main connection [MySQLi]: Too many connections
in SYSTEMPATH/Database/BaseConnection.php on line 418.
 1 SYSTEMPATH/Database/BaseConnection.php(588): CodeIgniter\Database\BaseConnection->initialize()
 2 SYSTEMPATH/Database/BaseBuilder.php(1669): CodeIgniter\Database\BaseConnection->query()
 3 APPPATH/Controllers/Api/Notifikasi.php(37): CodeIgniter\Database\BaseBuilder->countAllResults()
 4 SYSTEMPATH/CodeIgniter.php(898): App\Controllers\Api\Notifikasi->get()
 5 SYSTEMPATH/CodeIgniter.php(457): CodeIgniter\CodeIgniter->runController()
 6 SYSTEMPATH/CodeIgniter.php(340): CodeIgniter\CodeIgniter->handleRequest()
 7 FCPATH/index.php(67): CodeIgniter\CodeIgniter->run()
ERROR - 2023-08-17 15:44:58 --> Error connecting to the database: mysqli_sql_exception: Too many connections in /home/dnzwygdo/djuragancom/vendor/codeigniter4/framework/system/Database/MySQLi/Connection.php:171
Stack trace:
#0 /home/dnzwygdo/djuragancom/vendor/codeigniter4/framework/system/Database/MySQLi/Connection.php(171): mysqli->real_connect()
#1 /home/dnzwygdo/djuragancom/vendor/codeigniter4/framework/system/Database/BaseConnection.php(382): CodeIgniter\Database\MySQLi\Connection->connect()
#2 /home/dnzwygdo/djuragancom/vendor/codeigniter4/framework/system/Database/BaseConnection.php(588): CodeIgniter\Database\BaseConnection->initialize()
#3 /home/dnzwygdo/djuragancom/vendor/codeigniter4/framework/system/Database/BaseBuilder.php(1669): CodeIgniter\Database\BaseConnection->query()
#4 /home/dnzwygdo/djuragancom/app/Controllers/Api/Notifikasi.php(37): CodeIgniter\Database\BaseBuilder->countAllResults()
#5 /home/dnzwygdo/djuragancom/vendor/codeigniter4/framework/system/CodeIgniter.php(898): App\Controllers\Api\Notifikasi->get()
#6 /home/dnzwygdo/djuragancom/vendor/codeigniter4/framework/system/CodeIgniter.php(457): CodeIgniter\CodeIgniter->runController()
#7 /home/dnzwygdo/djuragancom/vendor/codeigniter4/framework/system/CodeIgniter.php(340): CodeIgniter\CodeIgniter->handleRequest()
#8 /home/dnzwygdo/public_html/index.php(67): CodeIgniter\CodeIgniter->run()
#9 {main}

Next CodeIgniter\Database\Exceptions\DatabaseException: Too many connections in /home/dnzwygdo/djuragancom/vendor/codeigniter4/framework/system/Database/MySQLi/Connection.php:215
Stack trace:
#0 /home/dnzwygdo/djuragancom/vendor/codeigniter4/framework/system/Database/BaseConnection.php(382): CodeIgniter\Database\MySQLi\Connection->connect()
#1 /home/dnzwygdo/djuragancom/vendor/codeigniter4/framework/system/Database/BaseConnection.php(588): CodeIgniter\Database\BaseConnection->initialize()
#2 /home/dnzwygdo/djuragancom/vendor/codeigniter4/framework/system/Database/BaseBuilder.php(1669): CodeIgniter\Database\BaseConnection->query()
#3 /home/dnzwygdo/djuragancom/app/Controllers/Api/Notifikasi.php(37): CodeIgniter\Database\BaseBuilder->countAllResults()
#4 /home/dnzwygdo/djuragancom/vendor/codeigniter4/framework/system/CodeIgniter.php(898): App\Controllers\Api\Notifikasi->get()
#5 /home/dnzwygdo/djuragancom/vendor/codeigniter4/framework/system/CodeIgniter.php(457): CodeIgniter\CodeIgniter->runController()
#6 /home/dnzwygdo/djuragancom/vendor/codeigniter4/framework/system/CodeIgniter.php(340): CodeIgniter\CodeIgniter->handleRequest()
#7 /home/dnzwygdo/public_html/index.php(67): CodeIgniter\CodeIgniter->run()
#8 {main}
CRITICAL - 2023-08-17 15:44:58 --> Unable to connect to the database.
Main connection [MySQLi]: Too many connections
in SYSTEMPATH/Database/BaseConnection.php on line 418.
 1 SYSTEMPATH/Database/BaseConnection.php(588): CodeIgniter\Database\BaseConnection->initialize()
 2 SYSTEMPATH/Database/BaseBuilder.php(1669): CodeIgniter\Database\BaseConnection->query()
 3 APPPATH/Controllers/Api/Notifikasi.php(37): CodeIgniter\Database\BaseBuilder->countAllResults()
 4 SYSTEMPATH/CodeIgniter.php(898): App\Controllers\Api\Notifikasi->get()
 5 SYSTEMPATH/CodeIgniter.php(457): CodeIgniter\CodeIgniter->runController()
 6 SYSTEMPATH/CodeIgniter.php(340): CodeIgniter\CodeIgniter->handleRequest()
 7 FCPATH/index.php(67): CodeIgniter\CodeIgniter->run()
ERROR - 2023-08-17 15:45:01 --> Error connecting to the database: mysqli_sql_exception: Too many connections in /home/dnzwygdo/djuragancom/vendor/codeigniter4/framework/system/Database/MySQLi/Connection.php:171
Stack trace:
#0 /home/dnzwygdo/djuragancom/vendor/codeigniter4/framework/system/Database/MySQLi/Connection.php(171): mysqli->real_connect()
#1 /home/dnzwygdo/djuragancom/vendor/codeigniter4/framework/system/Database/BaseConnection.php(382): CodeIgniter\Database\MySQLi\Connection->connect()
#2 /home/dnzwygdo/djuragancom/vendor/codeigniter4/framework/system/Database/BaseConnection.php(588): CodeIgniter\Database\BaseConnection->initialize()
#3 /home/dnzwygdo/djuragancom/vendor/codeigniter4/framework/system/Database/BaseBuilder.php(1669): CodeIgniter\Database\BaseConnection->query()
#4 /home/dnzwygdo/djuragancom/vendor/codeigniter4/framework/system/Model.php(550): CodeIgniter\Database\BaseBuilder->countAllResults()
#5 /home/dnzwygdo/djuragancom/app/Controllers/BaseController.php(90): CodeIgniter\Model->countAllResults()
#6 /home/dnzwygdo/djuragancom/app/Controllers/BaseController.php(106): App\Controllers\BaseController->isJuragan()
#7 /home/dnzwygdo/djuragancom/app/Controllers/User/Invoices.php(136): App\Controllers\BaseController->allowedJuragan()
#8 /home/dnzwygdo/djuragancom/vendor/codeigniter4/framework/system/CodeIgniter.php(898): App\Controllers\User\Invoices->lihat()
#9 /home/dnzwygdo/djuragancom/vendor/codeigniter4/framework/system/CodeIgniter.php(457): CodeIgniter\CodeIgniter->runController()
#10 /home/dnzwygdo/djuragancom/vendor/codeigniter4/framework/system/CodeIgniter.php(340): CodeIgniter\CodeIgniter->handleRequest()
#11 /home/dnzwygdo/public_html/index.php(67): CodeIgniter\CodeIgniter->run()
#12 {main}

Next CodeIgniter\Database\Exceptions\DatabaseException: Too many connections in /home/dnzwygdo/djuragancom/vendor/codeigniter4/framework/system/Database/MySQLi/Connection.php:215
Stack trace:
#0 /home/dnzwygdo/djuragancom/vendor/codeigniter4/framework/system/Database/BaseConnection.php(382): CodeIgniter\Database\MySQLi\Connection->connect()
#1 /home/dnzwygdo/djuragancom/vendor/codeigniter4/framework/system/Database/BaseConnection.php(588): CodeIgniter\Database\BaseConnection->initialize()
#2 /home/dnzwygdo/djuragancom/vendor/codeigniter4/framework/system/Database/BaseBuilder.php(1669): CodeIgniter\Database\BaseConnection->query()
#3 /home/dnzwygdo/djuragancom/vendor/codeigniter4/framework/system/Model.php(550): CodeIgniter\Database\BaseBuilder->countAllResults()
#4 /home/dnzwygdo/djuragancom/app/Controllers/BaseController.php(90): CodeIgniter\Model->countAllResults()
#5 /home/dnzwygdo/djuragancom/app/Controllers/BaseController.php(106): App\Controllers\BaseController->isJuragan()
#6 /home/dnzwygdo/djuragancom/app/Controllers/User/Invoices.php(136): App\Controllers\BaseController->allowedJuragan()
#7 /home/dnzwygdo/djuragancom/vendor/codeigniter4/framework/system/CodeIgniter.php(898): App\Controllers\User\Invoices->lihat()
#8 /home/dnzwygdo/djuragancom/vendor/codeigniter4/framework/system/CodeIgniter.php(457): CodeIgniter\CodeIgniter->runController()
#9 /home/dnzwygdo/djuragancom/vendor/codeigniter4/framework/system/CodeIgniter.php(340): CodeIgniter\CodeIgniter->handleRequest()
#10 /home/dnzwygdo/public_html/index.php(67): CodeIgniter\CodeIgniter->run()
#11 {main}
CRITICAL - 2023-08-17 15:45:01 --> Unable to connect to the database.
Main connection [MySQLi]: Too many connections
in SYSTEMPATH/Database/BaseConnection.php on line 418.
 1 SYSTEMPATH/Database/BaseConnection.php(588): CodeIgniter\Database\BaseConnection->initialize()
 2 SYSTEMPATH/Database/BaseBuilder.php(1669): CodeIgniter\Database\BaseConnection->query()
 3 SYSTEMPATH/Model.php(550): CodeIgniter\Database\BaseBuilder->countAllResults()
 4 APPPATH/Controllers/BaseController.php(90): CodeIgniter\Model->countAllResults()
 5 APPPATH/Controllers/BaseController.php(106): App\Controllers\BaseController->isJuragan()
 6 APPPATH/Controllers/User/Invoices.php(136): App\Controllers\BaseController->allowedJuragan()
 7 SYSTEMPATH/CodeIgniter.php(898): App\Controllers\User\Invoices->lihat()
 8 SYSTEMPATH/CodeIgniter.php(457): CodeIgniter\CodeIgniter->runController()
 9 SYSTEMPATH/CodeIgniter.php(340): CodeIgniter\CodeIgniter->handleRequest()
10 FCPATH/index.php(67): CodeIgniter\CodeIgniter->run()
ERROR - 2023-08-17 15:45:07 --> Error connecting to the database: mysqli_sql_exception: Too many connections in /home/dnzwygdo/djuragancom/vendor/codeigniter4/framework/system/Database/MySQLi/Connection.php:171
Stack trace:
#0 /home/dnzwygdo/djuragancom/vendor/codeigniter4/framework/system/Database/MySQLi/Connection.php(171): mysqli->real_connect()
#1 /home/dnzwygdo/djuragancom/vendor/codeigniter4/framework/system/Database/BaseConnection.php(382): CodeIgniter\Database\MySQLi\Connection->connect()
#2 /home/dnzwygdo/djuragancom/vendor/codeigniter4/framework/system/Database/BaseConnection.php(588): CodeIgniter\Database\BaseConnection->initialize()
#3 /home/dnzwygdo/djuragancom/vendor/codeigniter4/framework/system/Database/BaseBuilder.php(1669): CodeIgniter\Database\BaseConnection->query()
#4 /home/dnzwygdo/djuragancom/vendor/codeigniter4/framework/system/Model.php(550): CodeIgniter\Database\BaseBuilder->countAllResults()
#5 /home/dnzwygdo/djuragancom/app/Models/InvoiceModel.php(202): CodeIgniter\Model->countAllResults()
#6 /home/dnzwygdo/djuragancom/app/Models/InvoiceModel.php(136): App\Models\InvoiceModel->counts()
#7 /home/dnzwygdo/djuragancom/app/Controllers/Api/Invoice.php(17): App\Models\InvoiceModel->getCount()
#8 /home/dnzwygdo/djuragancom/vendor/codeigniter4/framework/system/CodeIgniter.php(898): App\Controllers\Api\Invoice->counter_tab()
#9 /home/dnzwygdo/djuragancom/vendor/codeigniter4/framework/system/CodeIgniter.php(457): CodeIgniter\CodeIgniter->runController()
#10 /home/dnzwygdo/djuragancom/vendor/codeigniter4/framework/system/CodeIgniter.php(340): CodeIgniter\CodeIgniter->handleRequest()
#11 /home/dnzwygdo/public_html/index.php(67): CodeIgniter\CodeIgniter->run()
#12 {main}

Next CodeIgniter\Database\Exceptions\DatabaseException: Too many connections in /home/dnzwygdo/djuragancom/vendor/codeigniter4/framework/system/Database/MySQLi/Connection.php:215
Stack trace:
#0 /home/dnzwygdo/djuragancom/vendor/codeigniter4/framework/system/Database/BaseConnection.php(382): CodeIgniter\Database\MySQLi\Connection->connect()
#1 /home/dnzwygdo/djuragancom/vendor/codeigniter4/framework/system/Database/BaseConnection.php(588): CodeIgniter\Database\BaseConnection->initialize()
#2 /home/dnzwygdo/djuragancom/vendor/codeigniter4/framework/system/Database/BaseBuilder.php(1669): CodeIgniter\Database\BaseConnection->query()
#3 /home/dnzwygdo/djuragancom/vendor/codeigniter4/framework/system/Model.php(550): CodeIgniter\Database\BaseBuilder->countAllResults()
#4 /home/dnzwygdo/djuragancom/app/Models/InvoiceModel.php(202): CodeIgniter\Model->countAllResults()
#5 /home/dnzwygdo/djuragancom/app/Models/InvoiceModel.php(136): App\Models\InvoiceModel->counts()
#6 /home/dnzwygdo/djuragancom/app/Controllers/Api/Invoice.php(17): App\Models\InvoiceModel->getCount()
#7 /home/dnzwygdo/djuragancom/vendor/codeigniter4/framework/system/CodeIgniter.php(898): App\Controllers\Api\Invoice->counter_tab()
#8 /home/dnzwygdo/djuragancom/vendor/codeigniter4/framework/system/CodeIgniter.php(457): CodeIgniter\CodeIgniter->runController()
#9 /home/dnzwygdo/djuragancom/vendor/codeigniter4/framework/system/CodeIgniter.php(340): CodeIgniter\CodeIgniter->handleRequest()
#10 /home/dnzwygdo/public_html/index.php(67): CodeIgniter\CodeIgniter->run()
#11 {main}
CRITICAL - 2023-08-17 15:45:07 --> Unable to connect to the database.
Main connection [MySQLi]: Too many connections
in SYSTEMPATH/Database/BaseConnection.php on line 418.
 1 SYSTEMPATH/Database/BaseConnection.php(588): CodeIgniter\Database\BaseConnection->initialize()
 2 SYSTEMPATH/Database/BaseBuilder.php(1669): CodeIgniter\Database\BaseConnection->query()
 3 SYSTEMPATH/Model.php(550): CodeIgniter\Database\BaseBuilder->countAllResults()
 4 APPPATH/Models/InvoiceModel.php(202): CodeIgniter\Model->countAllResults()
 5 APPPATH/Models/InvoiceModel.php(136): App\Models\InvoiceModel->counts()
 6 APPPATH/Controllers/Api/Invoice.php(17): App\Models\InvoiceModel->getCount()
 7 SYSTEMPATH/CodeIgniter.php(898): App\Controllers\Api\Invoice->counter_tab()
 8 SYSTEMPATH/CodeIgniter.php(457): CodeIgniter\CodeIgniter->runController()
 9 SYSTEMPATH/CodeIgniter.php(340): CodeIgniter\CodeIgniter->handleRequest()
10 FCPATH/index.php(67): CodeIgniter\CodeIgniter->run()
ERROR - 2023-08-17 15:45:07 --> Error connecting to the database: mysqli_sql_exception: Too many connections in /home/dnzwygdo/djuragancom/vendor/codeigniter4/framework/system/Database/MySQLi/Connection.php:171
Stack trace:
#0 /home/dnzwygdo/djuragancom/vendor/codeigniter4/framework/system/Database/MySQLi/Connection.php(171): mysqli->real_connect()
#1 /home/dnzwygdo/djuragancom/vendor/codeigniter4/framework/system/Database/BaseConnection.php(382): CodeIgniter\Database\MySQLi\Connection->connect()
#2 /home/dnzwygdo/djuragancom/vendor/codeigniter4/framework/system/Database/BaseConnection.php(588): CodeIgniter\Database\BaseConnection->initialize()
#3 /home/dnzwygdo/djuragancom/vendor/codeigniter4/framework/system/Database/BaseBuilder.php(1669): CodeIgniter\Database\BaseConnection->query()
#4 /home/dnzwygdo/djuragancom/app/Controllers/Api/Notifikasi.php(37): CodeIgniter\Database\BaseBuilder->countAllResults()
#5 /home/dnzwygdo/djuragancom/vendor/codeigniter4/framework/system/CodeIgniter.php(898): App\Controllers\Api\Notifikasi->get()
#6 /home/dnzwygdo/djuragancom/vendor/codeigniter4/framework/system/CodeIgniter.php(457): CodeIgniter\CodeIgniter->runController()
#7 /home/dnzwygdo/djuragancom/vendor/codeigniter4/framework/system/CodeIgniter.php(340): CodeIgniter\CodeIgniter->handleRequest()
#8 /home/dnzwygdo/public_html/index.php(67): CodeIgniter\CodeIgniter->run()
#9 {main}

Next CodeIgniter\Database\Exceptions\DatabaseException: Too many connections in /home/dnzwygdo/djuragancom/vendor/codeigniter4/framework/system/Database/MySQLi/Connection.php:215
Stack trace:
#0 /home/dnzwygdo/djuragancom/vendor/codeigniter4/framework/system/Database/BaseConnection.php(382): CodeIgniter\Database\MySQLi\Connection->connect()
#1 /home/dnzwygdo/djuragancom/vendor/codeigniter4/framework/system/Database/BaseConnection.php(588): CodeIgniter\Database\BaseConnection->initialize()
#2 /home/dnzwygdo/djuragancom/vendor/codeigniter4/framework/system/Database/BaseBuilder.php(1669): CodeIgniter\Database\BaseConnection->query()
#3 /home/dnzwygdo/djuragancom/app/Controllers/Api/Notifikasi.php(37): CodeIgniter\Database\BaseBuilder->countAllResults()
#4 /home/dnzwygdo/djuragancom/vendor/codeigniter4/framework/system/CodeIgniter.php(898): App\Controllers\Api\Notifikasi->get()
#5 /home/dnzwygdo/djuragancom/vendor/codeigniter4/framework/system/CodeIgniter.php(457): CodeIgniter\CodeIgniter->runController()
#6 /home/dnzwygdo/djuragancom/vendor/codeigniter4/framework/system/CodeIgniter.php(340): CodeIgniter\CodeIgniter->handleRequest()
#7 /home/dnzwygdo/public_html/index.php(67): CodeIgniter\CodeIgniter->run()
#8 {main}
CRITICAL - 2023-08-17 15:45:07 --> Unable to connect to the database.
Main connection [MySQLi]: Too many connections
in SYSTEMPATH/Database/BaseConnection.php on line 418.
 1 SYSTEMPATH/Database/BaseConnection.php(588): CodeIgniter\Database\BaseConnection->initialize()
 2 SYSTEMPATH/Database/BaseBuilder.php(1669): CodeIgniter\Database\BaseConnection->query()
 3 APPPATH/Controllers/Api/Notifikasi.php(37): CodeIgniter\Database\BaseBuilder->countAllResults()
 4 SYSTEMPATH/CodeIgniter.php(898): App\Controllers\Api\Notifikasi->get()
 5 SYSTEMPATH/CodeIgniter.php(457): CodeIgniter\CodeIgniter->runController()
 6 SYSTEMPATH/CodeIgniter.php(340): CodeIgniter\CodeIgniter->handleRequest()
 7 FCPATH/index.php(67): CodeIgniter\CodeIgniter->run()
ERROR - 2023-08-17 15:45:27 --> Error connecting to the database: mysqli_sql_exception: Too many connections in /home/dnzwygdo/djuragancom/vendor/codeigniter4/framework/system/Database/MySQLi/Connection.php:171
Stack trace:
#0 /home/dnzwygdo/djuragancom/vendor/codeigniter4/framework/system/Database/MySQLi/Connection.php(171): mysqli->real_connect()
#1 /home/dnzwygdo/djuragancom/vendor/codeigniter4/framework/system/Database/BaseConnection.php(382): CodeIgniter\Database\MySQLi\Connection->connect()
#2 /home/dnzwygdo/djuragancom/vendor/codeigniter4/framework/system/Database/BaseConnection.php(588): CodeIgniter\Database\BaseConnection->initialize()
#3 /home/dnzwygdo/djuragancom/vendor/codeigniter4/framework/system/Database/BaseBuilder.php(1669): CodeIgniter\Database\BaseConnection->query()
#4 /home/dnzwygdo/djuragancom/app/Controllers/Api/Notifikasi.php(37): CodeIgniter\Database\BaseBuilder->countAllResults()
#5 /home/dnzwygdo/djuragancom/vendor/codeigniter4/framework/system/CodeIgniter.php(898): App\Controllers\Api\Notifikasi->get()
#6 /home/dnzwygdo/djuragancom/vendor/codeigniter4/framework/system/CodeIgniter.php(457): CodeIgniter\CodeIgniter->runController()
#7 /home/dnzwygdo/djuragancom/vendor/codeigniter4/framework/system/CodeIgniter.php(340): CodeIgniter\CodeIgniter->handleRequest()
#8 /home/dnzwygdo/public_html/index.php(67): CodeIgniter\CodeIgniter->run()
#9 {main}

Next CodeIgniter\Database\Exceptions\DatabaseException: Too many connections in /home/dnzwygdo/djuragancom/vendor/codeigniter4/framework/system/Database/MySQLi/Connection.php:215
Stack trace:
#0 /home/dnzwygdo/djuragancom/vendor/codeigniter4/framework/system/Database/BaseConnection.php(382): CodeIgniter\Database\MySQLi\Connection->connect()
#1 /home/dnzwygdo/djuragancom/vendor/codeigniter4/framework/system/Database/BaseConnection.php(588): CodeIgniter\Database\BaseConnection->initialize()
#2 /home/dnzwygdo/djuragancom/vendor/codeigniter4/framework/system/Database/BaseBuilder.php(1669): CodeIgniter\Database\BaseConnection->query()
#3 /home/dnzwygdo/djuragancom/app/Controllers/Api/Notifikasi.php(37): CodeIgniter\Database\BaseBuilder->countAllResults()
#4 /home/dnzwygdo/djuragancom/vendor/codeigniter4/framework/system/CodeIgniter.php(898): App\Controllers\Api\Notifikasi->get()
#5 /home/dnzwygdo/djuragancom/vendor/codeigniter4/framework/system/CodeIgniter.php(457): CodeIgniter\CodeIgniter->runController()
#6 /home/dnzwygdo/djuragancom/vendor/codeigniter4/framework/system/CodeIgniter.php(340): CodeIgniter\CodeIgniter->handleRequest()
#7 /home/dnzwygdo/public_html/index.php(67): CodeIgniter\CodeIgniter->run()
#8 {main}
CRITICAL - 2023-08-17 15:45:27 --> Unable to connect to the database.
Main connection [MySQLi]: Too many connections
in SYSTEMPATH/Database/BaseConnection.php on line 418.
 1 SYSTEMPATH/Database/BaseConnection.php(588): CodeIgniter\Database\BaseConnection->initialize()
 2 SYSTEMPATH/Database/BaseBuilder.php(1669): CodeIgniter\Database\BaseConnection->query()
 3 APPPATH/Controllers/Api/Notifikasi.php(37): CodeIgniter\Database\BaseBuilder->countAllResults()
 4 SYSTEMPATH/CodeIgniter.php(898): App\Controllers\Api\Notifikasi->get()
 5 SYSTEMPATH/CodeIgniter.php(457): CodeIgniter\CodeIgniter->runController()
 6 SYSTEMPATH/CodeIgniter.php(340): CodeIgniter\CodeIgniter->handleRequest()
 7 FCPATH/index.php(67): CodeIgniter\CodeIgniter->run()
ERROR - 2023-08-17 15:45:31 --> Error connecting to the database: mysqli_sql_exception: Too many connections in /home/dnzwygdo/djuragancom/vendor/codeigniter4/framework/system/Database/MySQLi/Connection.php:171
Stack trace:
#0 /home/dnzwygdo/djuragancom/vendor/codeigniter4/framework/system/Database/MySQLi/Connection.php(171): mysqli->real_connect()
#1 /home/dnzwygdo/djuragancom/vendor/codeigniter4/framework/system/Database/BaseConnection.php(382): CodeIgniter\Database\MySQLi\Connection->connect()
#2 /home/dnzwygdo/djuragancom/vendor/codeigniter4/framework/system/Database/BaseConnection.php(588): CodeIgniter\Database\BaseConnection->initialize()
#3 /home/dnzwygdo/djuragancom/vendor/codeigniter4/framework/system/Database/BaseBuilder.php(1669): CodeIgniter\Database\BaseConnection->query()
#4 /home/dnzwygdo/djuragancom/app/Controllers/Api/Notifikasi.php(37): CodeIgniter\Database\BaseBuilder->countAllResults()
#5 /home/dnzwygdo/djuragancom/vendor/codeigniter4/framework/system/CodeIgniter.php(898): App\Controllers\Api\Notifikasi->get()
#6 /home/dnzwygdo/djuragancom/vendor/codeigniter4/framework/system/CodeIgniter.php(457): CodeIgniter\CodeIgniter->runController()
#7 /home/dnzwygdo/djuragancom/vendor/codeigniter4/framework/system/CodeIgniter.php(340): CodeIgniter\CodeIgniter->handleRequest()
#8 /home/dnzwygdo/public_html/index.php(67): CodeIgniter\CodeIgniter->run()
#9 {main}

Next CodeIgniter\Database\Exceptions\DatabaseException: Too many connections in /home/dnzwygdo/djuragancom/vendor/codeigniter4/framework/system/Database/MySQLi/Connection.php:215
Stack trace:
#0 /home/dnzwygdo/djuragancom/vendor/codeigniter4/framework/system/Database/BaseConnection.php(382): CodeIgniter\Database\MySQLi\Connection->connect()
#1 /home/dnzwygdo/djuragancom/vendor/codeigniter4/framework/system/Database/BaseConnection.php(588): CodeIgniter\Database\BaseConnection->initialize()
#2 /home/dnzwygdo/djuragancom/vendor/codeigniter4/framework/system/Database/BaseBuilder.php(1669): CodeIgniter\Database\BaseConnection->query()
#3 /home/dnzwygdo/djuragancom/app/Controllers/Api/Notifikasi.php(37): CodeIgniter\Database\BaseBuilder->countAllResults()
#4 /home/dnzwygdo/djuragancom/vendor/codeigniter4/framework/system/CodeIgniter.php(898): App\Controllers\Api\Notifikasi->get()
#5 /home/dnzwygdo/djuragancom/vendor/codeigniter4/framework/system/CodeIgniter.php(457): CodeIgniter\CodeIgniter->runController()
#6 /home/dnzwygdo/djuragancom/vendor/codeigniter4/framework/system/CodeIgniter.php(340): CodeIgniter\CodeIgniter->handleRequest()
#7 /home/dnzwygdo/public_html/index.php(67): CodeIgniter\CodeIgniter->run()
#8 {main}
CRITICAL - 2023-08-17 15:45:31 --> Unable to connect to the database.
Main connection [MySQLi]: Too many connections
in SYSTEMPATH/Database/BaseConnection.php on line 418.
 1 SYSTEMPATH/Database/BaseConnection.php(588): CodeIgniter\Database\BaseConnection->initialize()
 2 SYSTEMPATH/Database/BaseBuilder.php(1669): CodeIgniter\Database\BaseConnection->query()
 3 APPPATH/Controllers/Api/Notifikasi.php(37): CodeIgniter\Database\BaseBuilder->countAllResults()
 4 SYSTEMPATH/CodeIgniter.php(898): App\Controllers\Api\Notifikasi->get()
 5 SYSTEMPATH/CodeIgniter.php(457): CodeIgniter\CodeIgniter->runController()
 6 SYSTEMPATH/CodeIgniter.php(340): CodeIgniter\CodeIgniter->handleRequest()
 7 FCPATH/index.php(67): CodeIgniter\CodeIgniter->run()
ERROR - 2023-08-17 15:45:57 --> Error connecting to the database: mysqli_sql_exception: Too many connections in /home/dnzwygdo/djuragancom/vendor/codeigniter4/framework/system/Database/MySQLi/Connection.php:171
Stack trace:
#0 /home/dnzwygdo/djuragancom/vendor/codeigniter4/framework/system/Database/MySQLi/Connection.php(171): mysqli->real_connect()
#1 /home/dnzwygdo/djuragancom/vendor/codeigniter4/framework/system/Database/BaseConnection.php(382): CodeIgniter\Database\MySQLi\Connection->connect()
#2 /home/dnzwygdo/djuragancom/vendor/codeigniter4/framework/system/Database/BaseConnection.php(588): CodeIgniter\Database\BaseConnection->initialize()
#3 /home/dnzwygdo/djuragancom/vendor/codeigniter4/framework/system/Database/BaseBuilder.php(1669): CodeIgniter\Database\BaseConnection->query()
#4 /home/dnzwygdo/djuragancom/app/Controllers/Api/Notifikasi.php(37): CodeIgniter\Database\BaseBuilder->countAllResults()
#5 /home/dnzwygdo/djuragancom/vendor/codeigniter4/framework/system/CodeIgniter.php(898): App\Controllers\Api\Notifikasi->get()
#6 /home/dnzwygdo/djuragancom/vendor/codeigniter4/framework/system/CodeIgniter.php(457): CodeIgniter\CodeIgniter->runController()
#7 /home/dnzwygdo/djuragancom/vendor/codeigniter4/framework/system/CodeIgniter.php(340): CodeIgniter\CodeIgniter->handleRequest()
#8 /home/dnzwygdo/public_html/index.php(67): CodeIgniter\CodeIgniter->run()
#9 {main}

Next CodeIgniter\Database\Exceptions\DatabaseException: Too many connections in /home/dnzwygdo/djuragancom/vendor/codeigniter4/framework/system/Database/MySQLi/Connection.php:215
Stack trace:
#0 /home/dnzwygdo/djuragancom/vendor/codeigniter4/framework/system/Database/BaseConnection.php(382): CodeIgniter\Database\MySQLi\Connection->connect()
#1 /home/dnzwygdo/djuragancom/vendor/codeigniter4/framework/system/Database/BaseConnection.php(588): CodeIgniter\Database\BaseConnection->initialize()
#2 /home/dnzwygdo/djuragancom/vendor/codeigniter4/framework/system/Database/BaseBuilder.php(1669): CodeIgniter\Database\BaseConnection->query()
#3 /home/dnzwygdo/djuragancom/app/Controllers/Api/Notifikasi.php(37): CodeIgniter\Database\BaseBuilder->countAllResults()
#4 /home/dnzwygdo/djuragancom/vendor/codeigniter4/framework/system/CodeIgniter.php(898): App\Controllers\Api\Notifikasi->get()
#5 /home/dnzwygdo/djuragancom/vendor/codeigniter4/framework/system/CodeIgniter.php(457): CodeIgniter\CodeIgniter->runController()
#6 /home/dnzwygdo/djuragancom/vendor/codeigniter4/framework/system/CodeIgniter.php(340): CodeIgniter\CodeIgniter->handleRequest()
#7 /home/dnzwygdo/public_html/index.php(67): CodeIgniter\CodeIgniter->run()
#8 {main}
CRITICAL - 2023-08-17 15:45:57 --> Unable to connect to the database.
Main connection [MySQLi]: Too many connections
in SYSTEMPATH/Database/BaseConnection.php on line 418.
 1 SYSTEMPATH/Database/BaseConnection.php(588): CodeIgniter\Database\BaseConnection->initialize()
 2 SYSTEMPATH/Database/BaseBuilder.php(1669): CodeIgniter\Database\BaseConnection->query()
 3 APPPATH/Controllers/Api/Notifikasi.php(37): CodeIgniter\Database\BaseBuilder->countAllResults()
 4 SYSTEMPATH/CodeIgniter.php(898): App\Controllers\Api\Notifikasi->get()
 5 SYSTEMPATH/CodeIgniter.php(457): CodeIgniter\CodeIgniter->runController()
 6 SYSTEMPATH/CodeIgniter.php(340): CodeIgniter\CodeIgniter->handleRequest()
 7 FCPATH/index.php(67): CodeIgniter\CodeIgniter->run()
ERROR - 2023-08-17 15:45:58 --> Error connecting to the database: mysqli_sql_exception: Too many connections in /home/dnzwygdo/djuragancom/vendor/codeigniter4/framework/system/Database/MySQLi/Connection.php:171
Stack trace:
#0 /home/dnzwygdo/djuragancom/vendor/codeigniter4/framework/system/Database/MySQLi/Connection.php(171): mysqli->real_connect()
#1 /home/dnzwygdo/djuragancom/vendor/codeigniter4/framework/system/Database/BaseConnection.php(382): CodeIgniter\Database\MySQLi\Connection->connect()
#2 /home/dnzwygdo/djuragancom/vendor/codeigniter4/framework/system/Database/BaseConnection.php(588): CodeIgniter\Database\BaseConnection->initialize()
#3 /home/dnzwygdo/djuragancom/vendor/codeigniter4/framework/system/Database/BaseBuilder.php(1669): CodeIgniter\Database\BaseConnection->query()
#4 /home/dnzwygdo/djuragancom/app/Controllers/Api/Notifikasi.php(37): CodeIgniter\Database\BaseBuilder->countAllResults()
#5 /home/dnzwygdo/djuragancom/vendor/codeigniter4/framework/system/CodeIgniter.php(898): App\Controllers\Api\Notifikasi->get()
#6 /home/dnzwygdo/djuragancom/vendor/codeigniter4/framework/system/CodeIgniter.php(457): CodeIgniter\CodeIgniter->runController()
#7 /home/dnzwygdo/djuragancom/vendor/codeigniter4/framework/system/CodeIgniter.php(340): CodeIgniter\CodeIgniter->handleRequest()
#8 /home/dnzwygdo/public_html/index.php(67): CodeIgniter\CodeIgniter->run()
#9 {main}

Next CodeIgniter\Database\Exceptions\DatabaseException: Too many connections in /home/dnzwygdo/djuragancom/vendor/codeigniter4/framework/system/Database/MySQLi/Connection.php:215
Stack trace:
#0 /home/dnzwygdo/djuragancom/vendor/codeigniter4/framework/system/Database/BaseConnection.php(382): CodeIgniter\Database\MySQLi\Connection->connect()
#1 /home/dnzwygdo/djuragancom/vendor/codeigniter4/framework/system/Database/BaseConnection.php(588): CodeIgniter\Database\BaseConnection->initialize()
#2 /home/dnzwygdo/djuragancom/vendor/codeigniter4/framework/system/Database/BaseBuilder.php(1669): CodeIgniter\Database\BaseConnection->query()
#3 /home/dnzwygdo/djuragancom/app/Controllers/Api/Notifikasi.php(37): CodeIgniter\Database\BaseBuilder->countAllResults()
#4 /home/dnzwygdo/djuragancom/vendor/codeigniter4/framework/system/CodeIgniter.php(898): App\Controllers\Api\Notifikasi->get()
#5 /home/dnzwygdo/djuragancom/vendor/codeigniter4/framework/system/CodeIgniter.php(457): CodeIgniter\CodeIgniter->runController()
#6 /home/dnzwygdo/djuragancom/vendor/codeigniter4/framework/system/CodeIgniter.php(340): CodeIgniter\CodeIgniter->handleRequest()
#7 /home/dnzwygdo/public_html/index.php(67): CodeIgniter\CodeIgniter->run()
#8 {main}
CRITICAL - 2023-08-17 15:45:58 --> Unable to connect to the database.
Main connection [MySQLi]: Too many connections
in SYSTEMPATH/Database/BaseConnection.php on line 418.
 1 SYSTEMPATH/Database/BaseConnection.php(588): CodeIgniter\Database\BaseConnection->initialize()
 2 SYSTEMPATH/Database/BaseBuilder.php(1669): CodeIgniter\Database\BaseConnection->query()
 3 APPPATH/Controllers/Api/Notifikasi.php(37): CodeIgniter\Database\BaseBuilder->countAllResults()
 4 SYSTEMPATH/CodeIgniter.php(898): App\Controllers\Api\Notifikasi->get()
 5 SYSTEMPATH/CodeIgniter.php(457): CodeIgniter\CodeIgniter->runController()
 6 SYSTEMPATH/CodeIgniter.php(340): CodeIgniter\CodeIgniter->handleRequest()
 7 FCPATH/index.php(67): CodeIgniter\CodeIgniter->run()
ERROR - 2023-08-17 15:45:58 --> Error connecting to the database: mysqli_sql_exception: Too many connections in /home/dnzwygdo/djuragancom/vendor/codeigniter4/framework/system/Database/MySQLi/Connection.php:171
Stack trace:
#0 /home/dnzwygdo/djuragancom/vendor/codeigniter4/framework/system/Database/MySQLi/Connection.php(171): mysqli->real_connect()
#1 /home/dnzwygdo/djuragancom/vendor/codeigniter4/framework/system/Database/BaseConnection.php(382): CodeIgniter\Database\MySQLi\Connection->connect()
#2 /home/dnzwygdo/djuragancom/vendor/codeigniter4/framework/system/Database/BaseConnection.php(588): CodeIgniter\Database\BaseConnection->initialize()
#3 /home/dnzwygdo/djuragancom/vendor/codeigniter4/framework/system/Database/BaseBuilder.php(1669): CodeIgniter\Database\BaseConnection->query()
#4 /home/dnzwygdo/djuragancom/app/Controllers/Api/Notifikasi.php(37): CodeIgniter\Database\BaseBuilder->countAllResults()
#5 /home/dnzwygdo/djuragancom/vendor/codeigniter4/framework/system/CodeIgniter.php(898): App\Controllers\Api\Notifikasi->get()
#6 /home/dnzwygdo/djuragancom/vendor/codeigniter4/framework/system/CodeIgniter.php(457): CodeIgniter\CodeIgniter->runController()
#7 /home/dnzwygdo/djuragancom/vendor/codeigniter4/framework/system/CodeIgniter.php(340): CodeIgniter\CodeIgniter->handleRequest()
#8 /home/dnzwygdo/public_html/index.php(67): CodeIgniter\CodeIgniter->run()
#9 {main}

Next CodeIgniter\Database\Exceptions\DatabaseException: Too many connections in /home/dnzwygdo/djuragancom/vendor/codeigniter4/framework/system/Database/MySQLi/Connection.php:215
Stack trace:
#0 /home/dnzwygdo/djuragancom/vendor/codeigniter4/framework/system/Database/BaseConnection.php(382): CodeIgniter\Database\MySQLi\Connection->connect()
#1 /home/dnzwygdo/djuragancom/vendor/codeigniter4/framework/system/Database/BaseConnection.php(588): CodeIgniter\Database\BaseConnection->initialize()
#2 /home/dnzwygdo/djuragancom/vendor/codeigniter4/framework/system/Database/BaseBuilder.php(1669): CodeIgniter\Database\BaseConnection->query()
#3 /home/dnzwygdo/djuragancom/app/Controllers/Api/Notifikasi.php(37): CodeIgniter\Database\BaseBuilder->countAllResults()
#4 /home/dnzwygdo/djuragancom/vendor/codeigniter4/framework/system/CodeIgniter.php(898): App\Controllers\Api\Notifikasi->get()
#5 /home/dnzwygdo/djuragancom/vendor/codeigniter4/framework/system/CodeIgniter.php(457): CodeIgniter\CodeIgniter->runController()
#6 /home/dnzwygdo/djuragancom/vendor/codeigniter4/framework/system/CodeIgniter.php(340): CodeIgniter\CodeIgniter->handleRequest()
#7 /home/dnzwygdo/public_html/index.php(67): CodeIgniter\CodeIgniter->run()
#8 {main}
CRITICAL - 2023-08-17 15:45:58 --> Unable to connect to the database.
Main connection [MySQLi]: Too many connections
in SYSTEMPATH/Database/BaseConnection.php on line 418.
 1 SYSTEMPATH/Database/BaseConnection.php(588): CodeIgniter\Database\BaseConnection->initialize()
 2 SYSTEMPATH/Database/BaseBuilder.php(1669): CodeIgniter\Database\BaseConnection->query()
 3 APPPATH/Controllers/Api/Notifikasi.php(37): CodeIgniter\Database\BaseBuilder->countAllResults()
 4 SYSTEMPATH/CodeIgniter.php(898): App\Controllers\Api\Notifikasi->get()
 5 SYSTEMPATH/CodeIgniter.php(457): CodeIgniter\CodeIgniter->runController()
 6 SYSTEMPATH/CodeIgniter.php(340): CodeIgniter\CodeIgniter->handleRequest()
 7 FCPATH/index.php(67): CodeIgniter\CodeIgniter->run()
ERROR - 2023-08-17 15:46:28 --> Error connecting to the database: mysqli_sql_exception: Too many connections in /home/dnzwygdo/djuragancom/vendor/codeigniter4/framework/system/Database/MySQLi/Connection.php:171
Stack trace:
#0 /home/dnzwygdo/djuragancom/vendor/codeigniter4/framework/system/Database/MySQLi/Connection.php(171): mysqli->real_connect()
#1 /home/dnzwygdo/djuragancom/vendor/codeigniter4/framework/system/Database/BaseConnection.php(382): CodeIgniter\Database\MySQLi\Connection->connect()
#2 /home/dnzwygdo/djuragancom/vendor/codeigniter4/framework/system/Database/BaseConnection.php(588): CodeIgniter\Database\BaseConnection->initialize()
#3 /home/dnzwygdo/djuragancom/vendor/codeigniter4/framework/system/Database/BaseBuilder.php(1669): CodeIgniter\Database\BaseConnection->query()
#4 /home/dnzwygdo/djuragancom/app/Controllers/Api/Notifikasi.php(37): CodeIgniter\Database\BaseBuilder->countAllResults()
#5 /home/dnzwygdo/djuragancom/vendor/codeigniter4/framework/system/CodeIgniter.php(898): App\Controllers\Api\Notifikasi->get()
#6 /home/dnzwygdo/djuragancom/vendor/codeigniter4/framework/system/CodeIgniter.php(457): CodeIgniter\CodeIgniter->runController()
#7 /home/dnzwygdo/djuragancom/vendor/codeigniter4/framework/system/CodeIgniter.php(340): CodeIgniter\CodeIgniter->handleRequest()
#8 /home/dnzwygdo/public_html/index.php(67): CodeIgniter\CodeIgniter->run()
#9 {main}

Next CodeIgniter\Database\Exceptions\DatabaseException: Too many connections in /home/dnzwygdo/djuragancom/vendor/codeigniter4/framework/system/Database/MySQLi/Connection.php:215
Stack trace:
#0 /home/dnzwygdo/djuragancom/vendor/codeigniter4/framework/system/Database/BaseConnection.php(382): CodeIgniter\Database\MySQLi\Connection->connect()
#1 /home/dnzwygdo/djuragancom/vendor/codeigniter4/framework/system/Database/BaseConnection.php(588): CodeIgniter\Database\BaseConnection->initialize()
#2 /home/dnzwygdo/djuragancom/vendor/codeigniter4/framework/system/Database/BaseBuilder.php(1669): CodeIgniter\Database\BaseConnection->query()
#3 /home/dnzwygdo/djuragancom/app/Controllers/Api/Notifikasi.php(37): CodeIgniter\Database\BaseBuilder->countAllResults()
#4 /home/dnzwygdo/djuragancom/vendor/codeigniter4/framework/system/CodeIgniter.php(898): App\Controllers\Api\Notifikasi->get()
#5 /home/dnzwygdo/djuragancom/vendor/codeigniter4/framework/system/CodeIgniter.php(457): CodeIgniter\CodeIgniter->runController()
#6 /home/dnzwygdo/djuragancom/vendor/codeigniter4/framework/system/CodeIgniter.php(340): CodeIgniter\CodeIgniter->handleRequest()
#7 /home/dnzwygdo/public_html/index.php(67): CodeIgniter\CodeIgniter->run()
#8 {main}
CRITICAL - 2023-08-17 15:46:28 --> Unable to connect to the database.
Main connection [MySQLi]: Too many connections
in SYSTEMPATH/Database/BaseConnection.php on line 418.
 1 SYSTEMPATH/Database/BaseConnection.php(588): CodeIgniter\Database\BaseConnection->initialize()
 2 SYSTEMPATH/Database/BaseBuilder.php(1669): CodeIgniter\Database\BaseConnection->query()
 3 APPPATH/Controllers/Api/Notifikasi.php(37): CodeIgniter\Database\BaseBuilder->countAllResults()
 4 SYSTEMPATH/CodeIgniter.php(898): App\Controllers\Api\Notifikasi->get()
 5 SYSTEMPATH/CodeIgniter.php(457): CodeIgniter\CodeIgniter->runController()
 6 SYSTEMPATH/CodeIgniter.php(340): CodeIgniter\CodeIgniter->handleRequest()
 7 FCPATH/index.php(67): CodeIgniter\CodeIgniter->run()
ERROR - 2023-08-17 15:47:22 --> Error connecting to the database: mysqli_sql_exception: Too many connections in /home/dnzwygdo/djuragancom/vendor/codeigniter4/framework/system/Database/MySQLi/Connection.php:171
Stack trace:
#0 /home/dnzwygdo/djuragancom/vendor/codeigniter4/framework/system/Database/MySQLi/Connection.php(171): mysqli->real_connect()
#1 /home/dnzwygdo/djuragancom/vendor/codeigniter4/framework/system/Database/BaseConnection.php(382): CodeIgniter\Database\MySQLi\Connection->connect()
#2 /home/dnzwygdo/djuragancom/vendor/codeigniter4/framework/system/Database/BaseConnection.php(588): CodeIgniter\Database\BaseConnection->initialize()
#3 /home/dnzwygdo/djuragancom/vendor/codeigniter4/framework/system/Database/BaseBuilder.php(1585): CodeIgniter\Database\BaseConnection->query()
#4 /home/dnzwygdo/djuragancom/vendor/codeigniter4/framework/system/Model.php(181): CodeIgniter\Database\BaseBuilder->get()
#5 /home/dnzwygdo/djuragancom/vendor/codeigniter4/framework/system/BaseModel.php(523): CodeIgniter\Model->doFind()
#6 /home/dnzwygdo/djuragancom/app/Controllers/User/Invoices.php(45): CodeIgniter\BaseModel->find()
#7 /home/dnzwygdo/djuragancom/vendor/codeigniter4/framework/system/CodeIgniter.php(898): App\Controllers\User\Invoices->save()
#8 /home/dnzwygdo/djuragancom/vendor/codeigniter4/framework/system/CodeIgniter.php(457): CodeIgniter\CodeIgniter->runController()
#9 /home/dnzwygdo/djuragancom/vendor/codeigniter4/framework/system/CodeIgniter.php(340): CodeIgniter\CodeIgniter->handleRequest()
#10 /home/dnzwygdo/public_html/index.php(67): CodeIgniter\CodeIgniter->run()
#11 {main}

Next CodeIgniter\Database\Exceptions\DatabaseException: Too many connections in /home/dnzwygdo/djuragancom/vendor/codeigniter4/framework/system/Database/MySQLi/Connection.php:215
Stack trace:
#0 /home/dnzwygdo/djuragancom/vendor/codeigniter4/framework/system/Database/BaseConnection.php(382): CodeIgniter\Database\MySQLi\Connection->connect()
#1 /home/dnzwygdo/djuragancom/vendor/codeigniter4/framework/system/Database/BaseConnection.php(588): CodeIgniter\Database\BaseConnection->initialize()
#2 /home/dnzwygdo/djuragancom/vendor/codeigniter4/framework/system/Database/BaseBuilder.php(1585): CodeIgniter\Database\BaseConnection->query()
#3 /home/dnzwygdo/djuragancom/vendor/codeigniter4/framework/system/Model.php(181): CodeIgniter\Database\BaseBuilder->get()
#4 /home/dnzwygdo/djuragancom/vendor/codeigniter4/framework/system/BaseModel.php(523): CodeIgniter\Model->doFind()
#5 /home/dnzwygdo/djuragancom/app/Controllers/User/Invoices.php(45): CodeIgniter\BaseModel->find()
#6 /home/dnzwygdo/djuragancom/vendor/codeigniter4/framework/system/CodeIgniter.php(898): App\Controllers\User\Invoices->save()
#7 /home/dnzwygdo/djuragancom/vendor/codeigniter4/framework/system/CodeIgniter.php(457): CodeIgniter\CodeIgniter->runController()
#8 /home/dnzwygdo/djuragancom/vendor/codeigniter4/framework/system/CodeIgniter.php(340): CodeIgniter\CodeIgniter->handleRequest()
#9 /home/dnzwygdo/public_html/index.php(67): CodeIgniter\CodeIgniter->run()
#10 {main}
CRITICAL - 2023-08-17 15:47:22 --> Unable to connect to the database.
Main connection [MySQLi]: Too many connections
in SYSTEMPATH/Database/BaseConnection.php on line 418.
 1 SYSTEMPATH/Database/BaseConnection.php(588): CodeIgniter\Database\BaseConnection->initialize()
 2 SYSTEMPATH/Database/BaseBuilder.php(1585): CodeIgniter\Database\BaseConnection->query()
 3 SYSTEMPATH/Model.php(181): CodeIgniter\Database\BaseBuilder->get()
 4 SYSTEMPATH/BaseModel.php(523): CodeIgniter\Model->doFind()
 5 APPPATH/Controllers/User/Invoices.php(45): CodeIgniter\BaseModel->find()
 6 SYSTEMPATH/CodeIgniter.php(898): App\Controllers\User\Invoices->save()
 7 SYSTEMPATH/CodeIgniter.php(457): CodeIgniter\CodeIgniter->runController()
 8 SYSTEMPATH/CodeIgniter.php(340): CodeIgniter\CodeIgniter->handleRequest()
 9 FCPATH/index.php(67): CodeIgniter\CodeIgniter->run()
ERROR - 2023-08-17 15:47:24 --> Error connecting to the database: mysqli_sql_exception: Too many connections in /home/dnzwygdo/djuragancom/vendor/codeigniter4/framework/system/Database/MySQLi/Connection.php:171
Stack trace:
#0 /home/dnzwygdo/djuragancom/vendor/codeigniter4/framework/system/Database/MySQLi/Connection.php(171): mysqli->real_connect()
#1 /home/dnzwygdo/djuragancom/vendor/codeigniter4/framework/system/Database/BaseConnection.php(382): CodeIgniter\Database\MySQLi\Connection->connect()
#2 /home/dnzwygdo/djuragancom/vendor/codeigniter4/framework/system/Database/BaseConnection.php(588): CodeIgniter\Database\BaseConnection->initialize()
#3 /home/dnzwygdo/djuragancom/vendor/codeigniter4/framework/system/Database/BaseBuilder.php(1669): CodeIgniter\Database\BaseConnection->query()
#4 /home/dnzwygdo/djuragancom/app/Controllers/Api/Notifikasi.php(37): CodeIgniter\Database\BaseBuilder->countAllResults()
#5 /home/dnzwygdo/djuragancom/vendor/codeigniter4/framework/system/CodeIgniter.php(898): App\Controllers\Api\Notifikasi->get()
#6 /home/dnzwygdo/djuragancom/vendor/codeigniter4/framework/system/CodeIgniter.php(457): CodeIgniter\CodeIgniter->runController()
#7 /home/dnzwygdo/djuragancom/vendor/codeigniter4/framework/system/CodeIgniter.php(340): CodeIgniter\CodeIgniter->handleRequest()
#8 /home/dnzwygdo/public_html/index.php(67): CodeIgniter\CodeIgniter->run()
#9 {main}

Next CodeIgniter\Database\Exceptions\DatabaseException: Too many connections in /home/dnzwygdo/djuragancom/vendor/codeigniter4/framework/system/Database/MySQLi/Connection.php:215
Stack trace:
#0 /home/dnzwygdo/djuragancom/vendor/codeigniter4/framework/system/Database/BaseConnection.php(382): CodeIgniter\Database\MySQLi\Connection->connect()
#1 /home/dnzwygdo/djuragancom/vendor/codeigniter4/framework/system/Database/BaseConnection.php(588): CodeIgniter\Database\BaseConnection->initialize()
#2 /home/dnzwygdo/djuragancom/vendor/codeigniter4/framework/system/Database/BaseBuilder.php(1669): CodeIgniter\Database\BaseConnection->query()
#3 /home/dnzwygdo/djuragancom/app/Controllers/Api/Notifikasi.php(37): CodeIgniter\Database\BaseBuilder->countAllResults()
#4 /home/dnzwygdo/djuragancom/vendor/codeigniter4/framework/system/CodeIgniter.php(898): App\Controllers\Api\Notifikasi->get()
#5 /home/dnzwygdo/djuragancom/vendor/codeigniter4/framework/system/CodeIgniter.php(457): CodeIgniter\CodeIgniter->runController()
#6 /home/dnzwygdo/djuragancom/vendor/codeigniter4/framework/system/CodeIgniter.php(340): CodeIgniter\CodeIgniter->handleRequest()
#7 /home/dnzwygdo/public_html/index.php(67): CodeIgniter\CodeIgniter->run()
#8 {main}
CRITICAL - 2023-08-17 15:47:24 --> Unable to connect to the database.
Main connection [MySQLi]: Too many connections
in SYSTEMPATH/Database/BaseConnection.php on line 418.
 1 SYSTEMPATH/Database/BaseConnection.php(588): CodeIgniter\Database\BaseConnection->initialize()
 2 SYSTEMPATH/Database/BaseBuilder.php(1669): CodeIgniter\Database\BaseConnection->query()
 3 APPPATH/Controllers/Api/Notifikasi.php(37): CodeIgniter\Database\BaseBuilder->countAllResults()
 4 SYSTEMPATH/CodeIgniter.php(898): App\Controllers\Api\Notifikasi->get()
 5 SYSTEMPATH/CodeIgniter.php(457): CodeIgniter\CodeIgniter->runController()
 6 SYSTEMPATH/CodeIgniter.php(340): CodeIgniter\CodeIgniter->handleRequest()
 7 FCPATH/index.php(67): CodeIgniter\CodeIgniter->run()
ERROR - 2023-08-17 15:47:54 --> Error connecting to the database: mysqli_sql_exception: Too many connections in /home/dnzwygdo/djuragancom/vendor/codeigniter4/framework/system/Database/MySQLi/Connection.php:171
Stack trace:
#0 /home/dnzwygdo/djuragancom/vendor/codeigniter4/framework/system/Database/MySQLi/Connection.php(171): mysqli->real_connect()
#1 /home/dnzwygdo/djuragancom/vendor/codeigniter4/framework/system/Database/BaseConnection.php(382): CodeIgniter\Database\MySQLi\Connection->connect()
#2 /home/dnzwygdo/djuragancom/vendor/codeigniter4/framework/system/Database/BaseConnection.php(588): CodeIgniter\Database\BaseConnection->initialize()
#3 /home/dnzwygdo/djuragancom/vendor/codeigniter4/framework/system/Database/BaseBuilder.php(1669): CodeIgniter\Database\BaseConnection->query()
#4 /home/dnzwygdo/djuragancom/app/Controllers/Api/Notifikasi.php(37): CodeIgniter\Database\BaseBuilder->countAllResults()
#5 /home/dnzwygdo/djuragancom/vendor/codeigniter4/framework/system/CodeIgniter.php(898): App\Controllers\Api\Notifikasi->get()
#6 /home/dnzwygdo/djuragancom/vendor/codeigniter4/framework/system/CodeIgniter.php(457): CodeIgniter\CodeIgniter->runController()
#7 /home/dnzwygdo/djuragancom/vendor/codeigniter4/framework/system/CodeIgniter.php(340): CodeIgniter\CodeIgniter->handleRequest()
#8 /home/dnzwygdo/public_html/index.php(67): CodeIgniter\CodeIgniter->run()
#9 {main}

Next CodeIgniter\Database\Exceptions\DatabaseException: Too many connections in /home/dnzwygdo/djuragancom/vendor/codeigniter4/framework/system/Database/MySQLi/Connection.php:215
Stack trace:
#0 /home/dnzwygdo/djuragancom/vendor/codeigniter4/framework/system/Database/BaseConnection.php(382): CodeIgniter\Database\MySQLi\Connection->connect()
#1 /home/dnzwygdo/djuragancom/vendor/codeigniter4/framework/system/Database/BaseConnection.php(588): CodeIgniter\Database\BaseConnection->initialize()
#2 /home/dnzwygdo/djuragancom/vendor/codeigniter4/framework/system/Database/BaseBuilder.php(1669): CodeIgniter\Database\BaseConnection->query()
#3 /home/dnzwygdo/djuragancom/app/Controllers/Api/Notifikasi.php(37): CodeIgniter\Database\BaseBuilder->countAllResults()
#4 /home/dnzwygdo/djuragancom/vendor/codeigniter4/framework/system/CodeIgniter.php(898): App\Controllers\Api\Notifikasi->get()
#5 /home/dnzwygdo/djuragancom/vendor/codeigniter4/framework/system/CodeIgniter.php(457): CodeIgniter\CodeIgniter->runController()
#6 /home/dnzwygdo/djuragancom/vendor/codeigniter4/framework/system/CodeIgniter.php(340): CodeIgniter\CodeIgniter->handleRequest()
#7 /home/dnzwygdo/public_html/index.php(67): CodeIgniter\CodeIgniter->run()
#8 {main}
CRITICAL - 2023-08-17 15:47:54 --> Unable to connect to the database.
Main connection [MySQLi]: Too many connections
in SYSTEMPATH/Database/BaseConnection.php on line 418.
 1 SYSTEMPATH/Database/BaseConnection.php(588): CodeIgniter\Database\BaseConnection->initialize()
 2 SYSTEMPATH/Database/BaseBuilder.php(1669): CodeIgniter\Database\BaseConnection->query()
 3 APPPATH/Controllers/Api/Notifikasi.php(37): CodeIgniter\Database\BaseBuilder->countAllResults()
 4 SYSTEMPATH/CodeIgniter.php(898): App\Controllers\Api\Notifikasi->get()
 5 SYSTEMPATH/CodeIgniter.php(457): CodeIgniter\CodeIgniter->runController()
 6 SYSTEMPATH/CodeIgniter.php(340): CodeIgniter\CodeIgniter->handleRequest()
 7 FCPATH/index.php(67): CodeIgniter\CodeIgniter->run()
ERROR - 2023-08-17 15:47:58 --> Error connecting to the database: mysqli_sql_exception: Too many connections in /home/dnzwygdo/djuragancom/vendor/codeigniter4/framework/system/Database/MySQLi/Connection.php:171
Stack trace:
#0 /home/dnzwygdo/djuragancom/vendor/codeigniter4/framework/system/Database/MySQLi/Connection.php(171): mysqli->real_connect()
#1 /home/dnzwygdo/djuragancom/vendor/codeigniter4/framework/system/Database/BaseConnection.php(382): CodeIgniter\Database\MySQLi\Connection->connect()
#2 /home/dnzwygdo/djuragancom/vendor/codeigniter4/framework/system/Database/BaseConnection.php(588): CodeIgniter\Database\BaseConnection->initialize()
#3 /home/dnzwygdo/djuragancom/vendor/codeigniter4/framework/system/Database/BaseBuilder.php(1669): CodeIgniter\Database\BaseConnection->query()
#4 /home/dnzwygdo/djuragancom/app/Controllers/Api/Notifikasi.php(37): CodeIgniter\Database\BaseBuilder->countAllResults()
#5 /home/dnzwygdo/djuragancom/vendor/codeigniter4/framework/system/CodeIgniter.php(898): App\Controllers\Api\Notifikasi->get()
#6 /home/dnzwygdo/djuragancom/vendor/codeigniter4/framework/system/CodeIgniter.php(457): CodeIgniter\CodeIgniter->runController()
#7 /home/dnzwygdo/djuragancom/vendor/codeigniter4/framework/system/CodeIgniter.php(340): CodeIgniter\CodeIgniter->handleRequest()
#8 /home/dnzwygdo/public_html/index.php(67): CodeIgniter\CodeIgniter->run()
#9 {main}

Next CodeIgniter\Database\Exceptions\DatabaseException: Too many connections in /home/dnzwygdo/djuragancom/vendor/codeigniter4/framework/system/Database/MySQLi/Connection.php:215
Stack trace:
#0 /home/dnzwygdo/djuragancom/vendor/codeigniter4/framework/system/Database/BaseConnection.php(382): CodeIgniter\Database\MySQLi\Connection->connect()
#1 /home/dnzwygdo/djuragancom/vendor/codeigniter4/framework/system/Database/BaseConnection.php(588): CodeIgniter\Database\BaseConnection->initialize()
#2 /home/dnzwygdo/djuragancom/vendor/codeigniter4/framework/system/Database/BaseBuilder.php(1669): CodeIgniter\Database\BaseConnection->query()
#3 /home/dnzwygdo/djuragancom/app/Controllers/Api/Notifikasi.php(37): CodeIgniter\Database\BaseBuilder->countAllResults()
#4 /home/dnzwygdo/djuragancom/vendor/codeigniter4/framework/system/CodeIgniter.php(898): App\Controllers\Api\Notifikasi->get()
#5 /home/dnzwygdo/djuragancom/vendor/codeigniter4/framework/system/CodeIgniter.php(457): CodeIgniter\CodeIgniter->runController()
#6 /home/dnzwygdo/djuragancom/vendor/codeigniter4/framework/system/CodeIgniter.php(340): CodeIgniter\CodeIgniter->handleRequest()
#7 /home/dnzwygdo/public_html/index.php(67): CodeIgniter\CodeIgniter->run()
#8 {main}
CRITICAL - 2023-08-17 15:47:58 --> Unable to connect to the database.
Main connection [MySQLi]: Too many connections
in SYSTEMPATH/Database/BaseConnection.php on line 418.
 1 SYSTEMPATH/Database/BaseConnection.php(588): CodeIgniter\Database\BaseConnection->initialize()
 2 SYSTEMPATH/Database/BaseBuilder.php(1669): CodeIgniter\Database\BaseConnection->query()
 3 APPPATH/Controllers/Api/Notifikasi.php(37): CodeIgniter\Database\BaseBuilder->countAllResults()
 4 SYSTEMPATH/CodeIgniter.php(898): App\Controllers\Api\Notifikasi->get()
 5 SYSTEMPATH/CodeIgniter.php(457): CodeIgniter\CodeIgniter->runController()
 6 SYSTEMPATH/CodeIgniter.php(340): CodeIgniter\CodeIgniter->handleRequest()
 7 FCPATH/index.php(67): CodeIgniter\CodeIgniter->run()
ERROR - 2023-08-17 15:47:58 --> Error connecting to the database: mysqli_sql_exception: Too many connections in /home/dnzwygdo/djuragancom/vendor/codeigniter4/framework/system/Database/MySQLi/Connection.php:171
Stack trace:
#0 /home/dnzwygdo/djuragancom/vendor/codeigniter4/framework/system/Database/MySQLi/Connection.php(171): mysqli->real_connect()
#1 /home/dnzwygdo/djuragancom/vendor/codeigniter4/framework/system/Database/BaseConnection.php(382): CodeIgniter\Database\MySQLi\Connection->connect()
#2 /home/dnzwygdo/djuragancom/vendor/codeigniter4/framework/system/Database/BaseConnection.php(588): CodeIgniter\Database\BaseConnection->initialize()
#3 /home/dnzwygdo/djuragancom/vendor/codeigniter4/framework/system/Database/BaseBuilder.php(1669): CodeIgniter\Database\BaseConnection->query()
#4 /home/dnzwygdo/djuragancom/app/Controllers/Api/Notifikasi.php(37): CodeIgniter\Database\BaseBuilder->countAllResults()
#5 /home/dnzwygdo/djuragancom/vendor/codeigniter4/framework/system/CodeIgniter.php(898): App\Controllers\Api\Notifikasi->get()
#6 /home/dnzwygdo/djuragancom/vendor/codeigniter4/framework/system/CodeIgniter.php(457): CodeIgniter\CodeIgniter->runController()
#7 /home/dnzwygdo/djuragancom/vendor/codeigniter4/framework/system/CodeIgniter.php(340): CodeIgniter\CodeIgniter->handleRequest()
#8 /home/dnzwygdo/public_html/index.php(67): CodeIgniter\CodeIgniter->run()
#9 {main}

Next CodeIgniter\Database\Exceptions\DatabaseException: Too many connections in /home/dnzwygdo/djuragancom/vendor/codeigniter4/framework/system/Database/MySQLi/Connection.php:215
Stack trace:
#0 /home/dnzwygdo/djuragancom/vendor/codeigniter4/framework/system/Database/BaseConnection.php(382): CodeIgniter\Database\MySQLi\Connection->connect()
#1 /home/dnzwygdo/djuragancom/vendor/codeigniter4/framework/system/Database/BaseConnection.php(588): CodeIgniter\Database\BaseConnection->initialize()
#2 /home/dnzwygdo/djuragancom/vendor/codeigniter4/framework/system/Database/BaseBuilder.php(1669): CodeIgniter\Database\BaseConnection->query()
#3 /home/dnzwygdo/djuragancom/app/Controllers/Api/Notifikasi.php(37): CodeIgniter\Database\BaseBuilder->countAllResults()
#4 /home/dnzwygdo/djuragancom/vendor/codeigniter4/framework/system/CodeIgniter.php(898): App\Controllers\Api\Notifikasi->get()
#5 /home/dnzwygdo/djuragancom/vendor/codeigniter4/framework/system/CodeIgniter.php(457): CodeIgniter\CodeIgniter->runController()
#6 /home/dnzwygdo/djuragancom/vendor/codeigniter4/framework/system/CodeIgniter.php(340): CodeIgniter\CodeIgniter->handleRequest()
#7 /home/dnzwygdo/public_html/index.php(67): CodeIgniter\CodeIgniter->run()
#8 {main}
CRITICAL - 2023-08-17 15:47:58 --> Unable to connect to the database.
Main connection [MySQLi]: Too many connections
in SYSTEMPATH/Database/BaseConnection.php on line 418.
 1 SYSTEMPATH/Database/BaseConnection.php(588): CodeIgniter\Database\BaseConnection->initialize()
 2 SYSTEMPATH/Database/BaseBuilder.php(1669): CodeIgniter\Database\BaseConnection->query()
 3 APPPATH/Controllers/Api/Notifikasi.php(37): CodeIgniter\Database\BaseBuilder->countAllResults()
 4 SYSTEMPATH/CodeIgniter.php(898): App\Controllers\Api\Notifikasi->get()
 5 SYSTEMPATH/CodeIgniter.php(457): CodeIgniter\CodeIgniter->runController()
 6 SYSTEMPATH/CodeIgniter.php(340): CodeIgniter\CodeIgniter->handleRequest()
 7 FCPATH/index.php(67): CodeIgniter\CodeIgniter->run()
ERROR - 2023-08-17 15:49:01 --> Error connecting to the database: mysqli_sql_exception: Too many connections in /home/dnzwygdo/djuragancom/vendor/codeigniter4/framework/system/Database/MySQLi/Connection.php:171
Stack trace:
#0 /home/dnzwygdo/djuragancom/vendor/codeigniter4/framework/system/Database/MySQLi/Connection.php(171): mysqli->real_connect()
#1 /home/dnzwygdo/djuragancom/vendor/codeigniter4/framework/system/Database/BaseConnection.php(382): CodeIgniter\Database\MySQLi\Connection->connect()
#2 /home/dnzwygdo/djuragancom/vendor/codeigniter4/framework/system/Database/BaseConnection.php(588): CodeIgniter\Database\BaseConnection->initialize()
#3 /home/dnzwygdo/djuragancom/vendor/codeigniter4/framework/system/Database/BaseBuilder.php(1669): CodeIgniter\Database\BaseConnection->query()
#4 /home/dnzwygdo/djuragancom/app/Controllers/Api/Notifikasi.php(37): CodeIgniter\Database\BaseBuilder->countAllResults()
#5 /home/dnzwygdo/djuragancom/vendor/codeigniter4/framework/system/CodeIgniter.php(898): App\Controllers\Api\Notifikasi->get()
#6 /home/dnzwygdo/djuragancom/vendor/codeigniter4/framework/system/CodeIgniter.php(457): CodeIgniter\CodeIgniter->runController()
#7 /home/dnzwygdo/djuragancom/vendor/codeigniter4/framework/system/CodeIgniter.php(340): CodeIgniter\CodeIgniter->handleRequest()
#8 /home/dnzwygdo/public_html/index.php(67): CodeIgniter\CodeIgniter->run()
#9 {main}

Next CodeIgniter\Database\Exceptions\DatabaseException: Too many connections in /home/dnzwygdo/djuragancom/vendor/codeigniter4/framework/system/Database/MySQLi/Connection.php:215
Stack trace:
#0 /home/dnzwygdo/djuragancom/vendor/codeigniter4/framework/system/Database/BaseConnection.php(382): CodeIgniter\Database\MySQLi\Connection->connect()
#1 /home/dnzwygdo/djuragancom/vendor/codeigniter4/framework/system/Database/BaseConnection.php(588): CodeIgniter\Database\BaseConnection->initialize()
#2 /home/dnzwygdo/djuragancom/vendor/codeigniter4/framework/system/Database/BaseBuilder.php(1669): CodeIgniter\Database\BaseConnection->query()
#3 /home/dnzwygdo/djuragancom/app/Controllers/Api/Notifikasi.php(37): CodeIgniter\Database\BaseBuilder->countAllResults()
#4 /home/dnzwygdo/djuragancom/vendor/codeigniter4/framework/system/CodeIgniter.php(898): App\Controllers\Api\Notifikasi->get()
#5 /home/dnzwygdo/djuragancom/vendor/codeigniter4/framework/system/CodeIgniter.php(457): CodeIgniter\CodeIgniter->runController()
#6 /home/dnzwygdo/djuragancom/vendor/codeigniter4/framework/system/CodeIgniter.php(340): CodeIgniter\CodeIgniter->handleRequest()
#7 /home/dnzwygdo/public_html/index.php(67): CodeIgniter\CodeIgniter->run()
#8 {main}
CRITICAL - 2023-08-17 15:49:01 --> Unable to connect to the database.
Main connection [MySQLi]: Too many connections
in SYSTEMPATH/Database/BaseConnection.php on line 418.
 1 SYSTEMPATH/Database/BaseConnection.php(588): CodeIgniter\Database\BaseConnection->initialize()
 2 SYSTEMPATH/Database/BaseBuilder.php(1669): CodeIgniter\Database\BaseConnection->query()
 3 APPPATH/Controllers/Api/Notifikasi.php(37): CodeIgniter\Database\BaseBuilder->countAllResults()
 4 SYSTEMPATH/CodeIgniter.php(898): App\Controllers\Api\Notifikasi->get()
 5 SYSTEMPATH/CodeIgniter.php(457): CodeIgniter\CodeIgniter->runController()
 6 SYSTEMPATH/CodeIgniter.php(340): CodeIgniter\CodeIgniter->handleRequest()
 7 FCPATH/index.php(67): CodeIgniter\CodeIgniter->run()
ERROR - 2023-08-17 15:51:01 --> Error connecting to the database: mysqli_sql_exception: Too many connections in /home/dnzwygdo/djuragancom/vendor/codeigniter4/framework/system/Database/MySQLi/Connection.php:171
Stack trace:
#0 /home/dnzwygdo/djuragancom/vendor/codeigniter4/framework/system/Database/MySQLi/Connection.php(171): mysqli->real_connect()
#1 /home/dnzwygdo/djuragancom/vendor/codeigniter4/framework/system/Database/BaseConnection.php(382): CodeIgniter\Database\MySQLi\Connection->connect()
#2 /home/dnzwygdo/djuragancom/vendor/codeigniter4/framework/system/Database/BaseConnection.php(588): CodeIgniter\Database\BaseConnection->initialize()
#3 /home/dnzwygdo/djuragancom/vendor/codeigniter4/framework/system/Database/BaseBuilder.php(1669): CodeIgniter\Database\BaseConnection->query()
#4 /home/dnzwygdo/djuragancom/app/Controllers/Api/Notifikasi.php(37): CodeIgniter\Database\BaseBuilder->countAllResults()
#5 /home/dnzwygdo/djuragancom/vendor/codeigniter4/framework/system/CodeIgniter.php(898): App\Controllers\Api\Notifikasi->get()
#6 /home/dnzwygdo/djuragancom/vendor/codeigniter4/framework/system/CodeIgniter.php(457): CodeIgniter\CodeIgniter->runController()
#7 /home/dnzwygdo/djuragancom/vendor/codeigniter4/framework/system/CodeIgniter.php(340): CodeIgniter\CodeIgniter->handleRequest()
#8 /home/dnzwygdo/public_html/index.php(67): CodeIgniter\CodeIgniter->run()
#9 {main}

Next CodeIgniter\Database\Exceptions\DatabaseException: Too many connections in /home/dnzwygdo/djuragancom/vendor/codeigniter4/framework/system/Database/MySQLi/Connection.php:215
Stack trace:
#0 /home/dnzwygdo/djuragancom/vendor/codeigniter4/framework/system/Database/BaseConnection.php(382): CodeIgniter\Database\MySQLi\Connection->connect()
#1 /home/dnzwygdo/djuragancom/vendor/codeigniter4/framework/system/Database/BaseConnection.php(588): CodeIgniter\Database\BaseConnection->initialize()
#2 /home/dnzwygdo/djuragancom/vendor/codeigniter4/framework/system/Database/BaseBuilder.php(1669): CodeIgniter\Database\BaseConnection->query()
#3 /home/dnzwygdo/djuragancom/app/Controllers/Api/Notifikasi.php(37): CodeIgniter\Database\BaseBuilder->countAllResults()
#4 /home/dnzwygdo/djuragancom/vendor/codeigniter4/framework/system/CodeIgniter.php(898): App\Controllers\Api\Notifikasi->get()
#5 /home/dnzwygdo/djuragancom/vendor/codeigniter4/framework/system/CodeIgniter.php(457): CodeIgniter\CodeIgniter->runController()
#6 /home/dnzwygdo/djuragancom/vendor/codeigniter4/framework/system/CodeIgniter.php(340): CodeIgniter\CodeIgniter->handleRequest()
#7 /home/dnzwygdo/public_html/index.php(67): CodeIgniter\CodeIgniter->run()
#8 {main}
CRITICAL - 2023-08-17 15:51:01 --> Unable to connect to the database.
Main connection [MySQLi]: Too many connections
in SYSTEMPATH/Database/BaseConnection.php on line 418.
 1 SYSTEMPATH/Database/BaseConnection.php(588): CodeIgniter\Database\BaseConnection->initialize()
 2 SYSTEMPATH/Database/BaseBuilder.php(1669): CodeIgniter\Database\BaseConnection->query()
 3 APPPATH/Controllers/Api/Notifikasi.php(37): CodeIgniter\Database\BaseBuilder->countAllResults()
 4 SYSTEMPATH/CodeIgniter.php(898): App\Controllers\Api\Notifikasi->get()
 5 SYSTEMPATH/CodeIgniter.php(457): CodeIgniter\CodeIgniter->runController()
 6 SYSTEMPATH/CodeIgniter.php(340): CodeIgniter\CodeIgniter->handleRequest()
 7 FCPATH/index.php(67): CodeIgniter\CodeIgniter->run()
ERROR - 2023-08-17 15:58:44 --> Error connecting to the database: mysqli_sql_exception: Too many connections in /home/dnzwygdo/djuragancom/vendor/codeigniter4/framework/system/Database/MySQLi/Connection.php:171
Stack trace:
#0 /home/dnzwygdo/djuragancom/vendor/codeigniter4/framework/system/Database/MySQLi/Connection.php(171): mysqli->real_connect()
#1 /home/dnzwygdo/djuragancom/vendor/codeigniter4/framework/system/Database/BaseConnection.php(382): CodeIgniter\Database\MySQLi\Connection->connect()
#2 /home/dnzwygdo/djuragancom/vendor/codeigniter4/framework/system/Database/BaseConnection.php(588): CodeIgniter\Database\BaseConnection->initialize()
#3 /home/dnzwygdo/djuragancom/vendor/codeigniter4/framework/system/Database/BaseBuilder.php(1669): CodeIgniter\Database\BaseConnection->query()
#4 /home/dnzwygdo/djuragancom/app/Controllers/Api/Notifikasi.php(37): CodeIgniter\Database\BaseBuilder->countAllResults()
#5 /home/dnzwygdo/djuragancom/vendor/codeigniter4/framework/system/CodeIgniter.php(898): App\Controllers\Api\Notifikasi->get()
#6 /home/dnzwygdo/djuragancom/vendor/codeigniter4/framework/system/CodeIgniter.php(457): CodeIgniter\CodeIgniter->runController()
#7 /home/dnzwygdo/djuragancom/vendor/codeigniter4/framework/system/CodeIgniter.php(340): CodeIgniter\CodeIgniter->handleRequest()
#8 /home/dnzwygdo/public_html/index.php(67): CodeIgniter\CodeIgniter->run()
#9 {main}

Next CodeIgniter\Database\Exceptions\DatabaseException: Too many connections in /home/dnzwygdo/djuragancom/vendor/codeigniter4/framework/system/Database/MySQLi/Connection.php:215
Stack trace:
#0 /home/dnzwygdo/djuragancom/vendor/codeigniter4/framework/system/Database/BaseConnection.php(382): CodeIgniter\Database\MySQLi\Connection->connect()
#1 /home/dnzwygdo/djuragancom/vendor/codeigniter4/framework/system/Database/BaseConnection.php(588): CodeIgniter\Database\BaseConnection->initialize()
#2 /home/dnzwygdo/djuragancom/vendor/codeigniter4/framework/system/Database/BaseBuilder.php(1669): CodeIgniter\Database\BaseConnection->query()
#3 /home/dnzwygdo/djuragancom/app/Controllers/Api/Notifikasi.php(37): CodeIgniter\Database\BaseBuilder->countAllResults()
#4 /home/dnzwygdo/djuragancom/vendor/codeigniter4/framework/system/CodeIgniter.php(898): App\Controllers\Api\Notifikasi->get()
#5 /home/dnzwygdo/djuragancom/vendor/codeigniter4/framework/system/CodeIgniter.php(457): CodeIgniter\CodeIgniter->runController()
#6 /home/dnzwygdo/djuragancom/vendor/codeigniter4/framework/system/CodeIgniter.php(340): CodeIgniter\CodeIgniter->handleRequest()
#7 /home/dnzwygdo/public_html/index.php(67): CodeIgniter\CodeIgniter->run()
#8 {main}
CRITICAL - 2023-08-17 15:58:44 --> Unable to connect to the database.
Main connection [MySQLi]: Too many connections
in SYSTEMPATH/Database/BaseConnection.php on line 418.
 1 SYSTEMPATH/Database/BaseConnection.php(588): CodeIgniter\Database\BaseConnection->initialize()
 2 SYSTEMPATH/Database/BaseBuilder.php(1669): CodeIgniter\Database\BaseConnection->query()
 3 APPPATH/Controllers/Api/Notifikasi.php(37): CodeIgniter\Database\BaseBuilder->countAllResults()
 4 SYSTEMPATH/CodeIgniter.php(898): App\Controllers\Api\Notifikasi->get()
 5 SYSTEMPATH/CodeIgniter.php(457): CodeIgniter\CodeIgniter->runController()
 6 SYSTEMPATH/CodeIgniter.php(340): CodeIgniter\CodeIgniter->handleRequest()
 7 FCPATH/index.php(67): CodeIgniter\CodeIgniter->run()
ERROR - 2023-08-17 15:59:22 --> Error connecting to the database: mysqli_sql_exception: Too many connections in /home/dnzwygdo/djuragancom/vendor/codeigniter4/framework/system/Database/MySQLi/Connection.php:171
Stack trace:
#0 /home/dnzwygdo/djuragancom/vendor/codeigniter4/framework/system/Database/MySQLi/Connection.php(171): mysqli->real_connect()
#1 /home/dnzwygdo/djuragancom/vendor/codeigniter4/framework/system/Database/BaseConnection.php(382): CodeIgniter\Database\MySQLi\Connection->connect()
#2 /home/dnzwygdo/djuragancom/vendor/codeigniter4/framework/system/Database/BaseConnection.php(588): CodeIgniter\Database\BaseConnection->initialize()
#3 /home/dnzwygdo/djuragancom/vendor/codeigniter4/framework/system/Database/BaseBuilder.php(1669): CodeIgniter\Database\BaseConnection->query()
#4 /home/dnzwygdo/djuragancom/vendor/codeigniter4/framework/system/Model.php(550): CodeIgniter\Database\BaseBuilder->countAllResults()
#5 /home/dnzwygdo/djuragancom/app/Controllers/BaseController.php(90): CodeIgniter\Model->countAllResults()
#6 /home/dnzwygdo/djuragancom/app/Controllers/BaseController.php(106): App\Controllers\BaseController->isJuragan()
#7 /home/dnzwygdo/djuragancom/app/Controllers/User/Invoices.php(136): App\Controllers\BaseController->allowedJuragan()
#8 /home/dnzwygdo/djuragancom/vendor/codeigniter4/framework/system/CodeIgniter.php(898): App\Controllers\User\Invoices->lihat()
#9 /home/dnzwygdo/djuragancom/vendor/codeigniter4/framework/system/CodeIgniter.php(457): CodeIgniter\CodeIgniter->runController()
#10 /home/dnzwygdo/djuragancom/vendor/codeigniter4/framework/system/CodeIgniter.php(340): CodeIgniter\CodeIgniter->handleRequest()
#11 /home/dnzwygdo/public_html/index.php(67): CodeIgniter\CodeIgniter->run()
#12 {main}

Next CodeIgniter\Database\Exceptions\DatabaseException: Too many connections in /home/dnzwygdo/djuragancom/vendor/codeigniter4/framework/system/Database/MySQLi/Connection.php:215
Stack trace:
#0 /home/dnzwygdo/djuragancom/vendor/codeigniter4/framework/system/Database/BaseConnection.php(382): CodeIgniter\Database\MySQLi\Connection->connect()
#1 /home/dnzwygdo/djuragancom/vendor/codeigniter4/framework/system/Database/BaseConnection.php(588): CodeIgniter\Database\BaseConnection->initialize()
#2 /home/dnzwygdo/djuragancom/vendor/codeigniter4/framework/system/Database/BaseBuilder.php(1669): CodeIgniter\Database\BaseConnection->query()
#3 /home/dnzwygdo/djuragancom/vendor/codeigniter4/framework/system/Model.php(550): CodeIgniter\Database\BaseBuilder->countAllResults()
#4 /home/dnzwygdo/djuragancom/app/Controllers/BaseController.php(90): CodeIgniter\Model->countAllResults()
#5 /home/dnzwygdo/djuragancom/app/Controllers/BaseController.php(106): App\Controllers\BaseController->isJuragan()
#6 /home/dnzwygdo/djuragancom/app/Controllers/User/Invoices.php(136): App\Controllers\BaseController->allowedJuragan()
#7 /home/dnzwygdo/djuragancom/vendor/codeigniter4/framework/system/CodeIgniter.php(898): App\Controllers\User\Invoices->lihat()
#8 /home/dnzwygdo/djuragancom/vendor/codeigniter4/framework/system/CodeIgniter.php(457): CodeIgniter\CodeIgniter->runController()
#9 /home/dnzwygdo/djuragancom/vendor/codeigniter4/framework/system/CodeIgniter.php(340): CodeIgniter\CodeIgniter->handleRequest()
#10 /home/dnzwygdo/public_html/index.php(67): CodeIgniter\CodeIgniter->run()
#11 {main}
CRITICAL - 2023-08-17 15:59:22 --> Unable to connect to the database.
Main connection [MySQLi]: Too many connections
in SYSTEMPATH/Database/BaseConnection.php on line 418.
 1 SYSTEMPATH/Database/BaseConnection.php(588): CodeIgniter\Database\BaseConnection->initialize()
 2 SYSTEMPATH/Database/BaseBuilder.php(1669): CodeIgniter\Database\BaseConnection->query()
 3 SYSTEMPATH/Model.php(550): CodeIgniter\Database\BaseBuilder->countAllResults()
 4 APPPATH/Controllers/BaseController.php(90): CodeIgniter\Model->countAllResults()
 5 APPPATH/Controllers/BaseController.php(106): App\Controllers\BaseController->isJuragan()
 6 APPPATH/Controllers/User/Invoices.php(136): App\Controllers\BaseController->allowedJuragan()
 7 SYSTEMPATH/CodeIgniter.php(898): App\Controllers\User\Invoices->lihat()
 8 SYSTEMPATH/CodeIgniter.php(457): CodeIgniter\CodeIgniter->runController()
 9 SYSTEMPATH/CodeIgniter.php(340): CodeIgniter\CodeIgniter->handleRequest()
10 FCPATH/index.php(67): CodeIgniter\CodeIgniter->run()
ERROR - 2023-08-17 15:59:28 --> Error connecting to the database: mysqli_sql_exception: Too many connections in /home/dnzwygdo/djuragancom/vendor/codeigniter4/framework/system/Database/MySQLi/Connection.php:171
Stack trace:
#0 /home/dnzwygdo/djuragancom/vendor/codeigniter4/framework/system/Database/MySQLi/Connection.php(171): mysqli->real_connect()
#1 /home/dnzwygdo/djuragancom/vendor/codeigniter4/framework/system/Database/BaseConnection.php(382): CodeIgniter\Database\MySQLi\Connection->connect()
#2 /home/dnzwygdo/djuragancom/vendor/codeigniter4/framework/system/Database/BaseConnection.php(588): CodeIgniter\Database\BaseConnection->initialize()
#3 /home/dnzwygdo/djuragancom/vendor/codeigniter4/framework/system/Database/BaseBuilder.php(1669): CodeIgniter\Database\BaseConnection->query()
#4 /home/dnzwygdo/djuragancom/app/Controllers/Api/Notifikasi.php(37): CodeIgniter\Database\BaseBuilder->countAllResults()
#5 /home/dnzwygdo/djuragancom/vendor/codeigniter4/framework/system/CodeIgniter.php(898): App\Controllers\Api\Notifikasi->get()
#6 /home/dnzwygdo/djuragancom/vendor/codeigniter4/framework/system/CodeIgniter.php(457): CodeIgniter\CodeIgniter->runController()
#7 /home/dnzwygdo/djuragancom/vendor/codeigniter4/framework/system/CodeIgniter.php(340): CodeIgniter\CodeIgniter->handleRequest()
#8 /home/dnzwygdo/public_html/index.php(67): CodeIgniter\CodeIgniter->run()
#9 {main}

Next CodeIgniter\Database\Exceptions\DatabaseException: Too many connections in /home/dnzwygdo/djuragancom/vendor/codeigniter4/framework/system/Database/MySQLi/Connection.php:215
Stack trace:
#0 /home/dnzwygdo/djuragancom/vendor/codeigniter4/framework/system/Database/BaseConnection.php(382): CodeIgniter\Database\MySQLi\Connection->connect()
#1 /home/dnzwygdo/djuragancom/vendor/codeigniter4/framework/system/Database/BaseConnection.php(588): CodeIgniter\Database\BaseConnection->initialize()
#2 /home/dnzwygdo/djuragancom/vendor/codeigniter4/framework/system/Database/BaseBuilder.php(1669): CodeIgniter\Database\BaseConnection->query()
#3 /home/dnzwygdo/djuragancom/app/Controllers/Api/Notifikasi.php(37): CodeIgniter\Database\BaseBuilder->countAllResults()
#4 /home/dnzwygdo/djuragancom/vendor/codeigniter4/framework/system/CodeIgniter.php(898): App\Controllers\Api\Notifikasi->get()
#5 /home/dnzwygdo/djuragancom/vendor/codeigniter4/framework/system/CodeIgniter.php(457): CodeIgniter\CodeIgniter->runController()
#6 /home/dnzwygdo/djuragancom/vendor/codeigniter4/framework/system/CodeIgniter.php(340): CodeIgniter\CodeIgniter->handleRequest()
#7 /home/dnzwygdo/public_html/index.php(67): CodeIgniter\CodeIgniter->run()
#8 {main}
CRITICAL - 2023-08-17 15:59:28 --> Unable to connect to the database.
Main connection [MySQLi]: Too many connections
in SYSTEMPATH/Database/BaseConnection.php on line 418.
 1 SYSTEMPATH/Database/BaseConnection.php(588): CodeIgniter\Database\BaseConnection->initialize()
 2 SYSTEMPATH/Database/BaseBuilder.php(1669): CodeIgniter\Database\BaseConnection->query()
 3 APPPATH/Controllers/Api/Notifikasi.php(37): CodeIgniter\Database\BaseBuilder->countAllResults()
 4 SYSTEMPATH/CodeIgniter.php(898): App\Controllers\Api\Notifikasi->get()
 5 SYSTEMPATH/CodeIgniter.php(457): CodeIgniter\CodeIgniter->runController()
 6 SYSTEMPATH/CodeIgniter.php(340): CodeIgniter\CodeIgniter->handleRequest()
 7 FCPATH/index.php(67): CodeIgniter\CodeIgniter->run()
ERROR - 2023-08-17 16:02:01 --> Error connecting to the database: mysqli_sql_exception: Too many connections in /home/dnzwygdo/djuragancom/vendor/codeigniter4/framework/system/Database/MySQLi/Connection.php:171
Stack trace:
#0 /home/dnzwygdo/djuragancom/vendor/codeigniter4/framework/system/Database/MySQLi/Connection.php(171): mysqli->real_connect()
#1 /home/dnzwygdo/djuragancom/vendor/codeigniter4/framework/system/Database/BaseConnection.php(382): CodeIgniter\Database\MySQLi\Connection->connect()
#2 /home/dnzwygdo/djuragancom/vendor/codeigniter4/framework/system/Database/BaseConnection.php(588): CodeIgniter\Database\BaseConnection->initialize()
#3 /home/dnzwygdo/djuragancom/vendor/codeigniter4/framework/system/Database/BaseBuilder.php(1669): CodeIgniter\Database\BaseConnection->query()
#4 /home/dnzwygdo/djuragancom/app/Controllers/Api/Notifikasi.php(37): CodeIgniter\Database\BaseBuilder->countAllResults()
#5 /home/dnzwygdo/djuragancom/vendor/codeigniter4/framework/system/CodeIgniter.php(898): App\Controllers\Api\Notifikasi->get()
#6 /home/dnzwygdo/djuragancom/vendor/codeigniter4/framework/system/CodeIgniter.php(457): CodeIgniter\CodeIgniter->runController()
#7 /home/dnzwygdo/djuragancom/vendor/codeigniter4/framework/system/CodeIgniter.php(340): CodeIgniter\CodeIgniter->handleRequest()
#8 /home/dnzwygdo/public_html/index.php(67): CodeIgniter\CodeIgniter->run()
#9 {main}

Next CodeIgniter\Database\Exceptions\DatabaseException: Too many connections in /home/dnzwygdo/djuragancom/vendor/codeigniter4/framework/system/Database/MySQLi/Connection.php:215
Stack trace:
#0 /home/dnzwygdo/djuragancom/vendor/codeigniter4/framework/system/Database/BaseConnection.php(382): CodeIgniter\Database\MySQLi\Connection->connect()
#1 /home/dnzwygdo/djuragancom/vendor/codeigniter4/framework/system/Database/BaseConnection.php(588): CodeIgniter\Database\BaseConnection->initialize()
#2 /home/dnzwygdo/djuragancom/vendor/codeigniter4/framework/system/Database/BaseBuilder.php(1669): CodeIgniter\Database\BaseConnection->query()
#3 /home/dnzwygdo/djuragancom/app/Controllers/Api/Notifikasi.php(37): CodeIgniter\Database\BaseBuilder->countAllResults()
#4 /home/dnzwygdo/djuragancom/vendor/codeigniter4/framework/system/CodeIgniter.php(898): App\Controllers\Api\Notifikasi->get()
#5 /home/dnzwygdo/djuragancom/vendor/codeigniter4/framework/system/CodeIgniter.php(457): CodeIgniter\CodeIgniter->runController()
#6 /home/dnzwygdo/djuragancom/vendor/codeigniter4/framework/system/CodeIgniter.php(340): CodeIgniter\CodeIgniter->handleRequest()
#7 /home/dnzwygdo/public_html/index.php(67): CodeIgniter\CodeIgniter->run()
#8 {main}
CRITICAL - 2023-08-17 16:02:01 --> Unable to connect to the database.
Main connection [MySQLi]: Too many connections
in SYSTEMPATH/Database/BaseConnection.php on line 418.
 1 SYSTEMPATH/Database/BaseConnection.php(588): CodeIgniter\Database\BaseConnection->initialize()
 2 SYSTEMPATH/Database/BaseBuilder.php(1669): CodeIgniter\Database\BaseConnection->query()
 3 APPPATH/Controllers/Api/Notifikasi.php(37): CodeIgniter\Database\BaseBuilder->countAllResults()
 4 SYSTEMPATH/CodeIgniter.php(898): App\Controllers\Api\Notifikasi->get()
 5 SYSTEMPATH/CodeIgniter.php(457): CodeIgniter\CodeIgniter->runController()
 6 SYSTEMPATH/CodeIgniter.php(340): CodeIgniter\CodeIgniter->handleRequest()
 7 FCPATH/index.php(67): CodeIgniter\CodeIgniter->run()
ERROR - 2023-08-17 16:03:01 --> Error connecting to the database: mysqli_sql_exception: Too many connections in /home/dnzwygdo/djuragancom/vendor/codeigniter4/framework/system/Database/MySQLi/Connection.php:171
Stack trace:
#0 /home/dnzwygdo/djuragancom/vendor/codeigniter4/framework/system/Database/MySQLi/Connection.php(171): mysqli->real_connect()
#1 /home/dnzwygdo/djuragancom/vendor/codeigniter4/framework/system/Database/BaseConnection.php(382): CodeIgniter\Database\MySQLi\Connection->connect()
#2 /home/dnzwygdo/djuragancom/vendor/codeigniter4/framework/system/Database/BaseConnection.php(588): CodeIgniter\Database\BaseConnection->initialize()
#3 /home/dnzwygdo/djuragancom/vendor/codeigniter4/framework/system/Database/BaseBuilder.php(1669): CodeIgniter\Database\BaseConnection->query()
#4 /home/dnzwygdo/djuragancom/app/Controllers/Api/Notifikasi.php(37): CodeIgniter\Database\BaseBuilder->countAllResults()
#5 /home/dnzwygdo/djuragancom/vendor/codeigniter4/framework/system/CodeIgniter.php(898): App\Controllers\Api\Notifikasi->get()
#6 /home/dnzwygdo/djuragancom/vendor/codeigniter4/framework/system/CodeIgniter.php(457): CodeIgniter\CodeIgniter->runController()
#7 /home/dnzwygdo/djuragancom/vendor/codeigniter4/framework/system/CodeIgniter.php(340): CodeIgniter\CodeIgniter->handleRequest()
#8 /home/dnzwygdo/public_html/index.php(67): CodeIgniter\CodeIgniter->run()
#9 {main}

Next CodeIgniter\Database\Exceptions\DatabaseException: Too many connections in /home/dnzwygdo/djuragancom/vendor/codeigniter4/framework/system/Database/MySQLi/Connection.php:215
Stack trace:
#0 /home/dnzwygdo/djuragancom/vendor/codeigniter4/framework/system/Database/BaseConnection.php(382): CodeIgniter\Database\MySQLi\Connection->connect()
#1 /home/dnzwygdo/djuragancom/vendor/codeigniter4/framework/system/Database/BaseConnection.php(588): CodeIgniter\Database\BaseConnection->initialize()
#2 /home/dnzwygdo/djuragancom/vendor/codeigniter4/framework/system/Database/BaseBuilder.php(1669): CodeIgniter\Database\BaseConnection->query()
#3 /home/dnzwygdo/djuragancom/app/Controllers/Api/Notifikasi.php(37): CodeIgniter\Database\BaseBuilder->countAllResults()
#4 /home/dnzwygdo/djuragancom/vendor/codeigniter4/framework/system/CodeIgniter.php(898): App\Controllers\Api\Notifikasi->get()
#5 /home/dnzwygdo/djuragancom/vendor/codeigniter4/framework/system/CodeIgniter.php(457): CodeIgniter\CodeIgniter->runController()
#6 /home/dnzwygdo/djuragancom/vendor/codeigniter4/framework/system/CodeIgniter.php(340): CodeIgniter\CodeIgniter->handleRequest()
#7 /home/dnzwygdo/public_html/index.php(67): CodeIgniter\CodeIgniter->run()
#8 {main}
CRITICAL - 2023-08-17 16:03:01 --> Unable to connect to the database.
Main connection [MySQLi]: Too many connections
in SYSTEMPATH/Database/BaseConnection.php on line 418.
 1 SYSTEMPATH/Database/BaseConnection.php(588): CodeIgniter\Database\BaseConnection->initialize()
 2 SYSTEMPATH/Database/BaseBuilder.php(1669): CodeIgniter\Database\BaseConnection->query()
 3 APPPATH/Controllers/Api/Notifikasi.php(37): CodeIgniter\Database\BaseBuilder->countAllResults()
 4 SYSTEMPATH/CodeIgniter.php(898): App\Controllers\Api\Notifikasi->get()
 5 SYSTEMPATH/CodeIgniter.php(457): CodeIgniter\CodeIgniter->runController()
 6 SYSTEMPATH/CodeIgniter.php(340): CodeIgniter\CodeIgniter->handleRequest()
 7 FCPATH/index.php(67): CodeIgniter\CodeIgniter->run()
ERROR - 2023-08-17 16:04:24 --> Error connecting to the database: mysqli_sql_exception: Too many connections in /home/dnzwygdo/djuragancom/vendor/codeigniter4/framework/system/Database/MySQLi/Connection.php:171
Stack trace:
#0 /home/dnzwygdo/djuragancom/vendor/codeigniter4/framework/system/Database/MySQLi/Connection.php(171): mysqli->real_connect()
#1 /home/dnzwygdo/djuragancom/vendor/codeigniter4/framework/system/Database/BaseConnection.php(382): CodeIgniter\Database\MySQLi\Connection->connect()
#2 /home/dnzwygdo/djuragancom/vendor/codeigniter4/framework/system/Database/BaseConnection.php(588): CodeIgniter\Database\BaseConnection->initialize()
#3 /home/dnzwygdo/djuragancom/vendor/codeigniter4/framework/system/Database/BaseBuilder.php(1669): CodeIgniter\Database\BaseConnection->query()
#4 /home/dnzwygdo/djuragancom/app/Controllers/Api/Notifikasi.php(37): CodeIgniter\Database\BaseBuilder->countAllResults()
#5 /home/dnzwygdo/djuragancom/vendor/codeigniter4/framework/system/CodeIgniter.php(898): App\Controllers\Api\Notifikasi->get()
#6 /home/dnzwygdo/djuragancom/vendor/codeigniter4/framework/system/CodeIgniter.php(457): CodeIgniter\CodeIgniter->runController()
#7 /home/dnzwygdo/djuragancom/vendor/codeigniter4/framework/system/CodeIgniter.php(340): CodeIgniter\CodeIgniter->handleRequest()
#8 /home/dnzwygdo/public_html/index.php(67): CodeIgniter\CodeIgniter->run()
#9 {main}

Next CodeIgniter\Database\Exceptions\DatabaseException: Too many connections in /home/dnzwygdo/djuragancom/vendor/codeigniter4/framework/system/Database/MySQLi/Connection.php:215
Stack trace:
#0 /home/dnzwygdo/djuragancom/vendor/codeigniter4/framework/system/Database/BaseConnection.php(382): CodeIgniter\Database\MySQLi\Connection->connect()
#1 /home/dnzwygdo/djuragancom/vendor/codeigniter4/framework/system/Database/BaseConnection.php(588): CodeIgniter\Database\BaseConnection->initialize()
#2 /home/dnzwygdo/djuragancom/vendor/codeigniter4/framework/system/Database/BaseBuilder.php(1669): CodeIgniter\Database\BaseConnection->query()
#3 /home/dnzwygdo/djuragancom/app/Controllers/Api/Notifikasi.php(37): CodeIgniter\Database\BaseBuilder->countAllResults()
#4 /home/dnzwygdo/djuragancom/vendor/codeigniter4/framework/system/CodeIgniter.php(898): App\Controllers\Api\Notifikasi->get()
#5 /home/dnzwygdo/djuragancom/vendor/codeigniter4/framework/system/CodeIgniter.php(457): CodeIgniter\CodeIgniter->runController()
#6 /home/dnzwygdo/djuragancom/vendor/codeigniter4/framework/system/CodeIgniter.php(340): CodeIgniter\CodeIgniter->handleRequest()
#7 /home/dnzwygdo/public_html/index.php(67): CodeIgniter\CodeIgniter->run()
#8 {main}
CRITICAL - 2023-08-17 16:04:24 --> Unable to connect to the database.
Main connection [MySQLi]: Too many connections
in SYSTEMPATH/Database/BaseConnection.php on line 418.
 1 SYSTEMPATH/Database/BaseConnection.php(588): CodeIgniter\Database\BaseConnection->initialize()
 2 SYSTEMPATH/Database/BaseBuilder.php(1669): CodeIgniter\Database\BaseConnection->query()
 3 APPPATH/Controllers/Api/Notifikasi.php(37): CodeIgniter\Database\BaseBuilder->countAllResults()
 4 SYSTEMPATH/CodeIgniter.php(898): App\Controllers\Api\Notifikasi->get()
 5 SYSTEMPATH/CodeIgniter.php(457): CodeIgniter\CodeIgniter->runController()
 6 SYSTEMPATH/CodeIgniter.php(340): CodeIgniter\CodeIgniter->handleRequest()
 7 FCPATH/index.php(67): CodeIgniter\CodeIgniter->run()
ERROR - 2023-08-17 16:06:57 --> Error connecting to the database: mysqli_sql_exception: Too many connections in /home/dnzwygdo/djuragancom/vendor/codeigniter4/framework/system/Database/MySQLi/Connection.php:171
Stack trace:
#0 /home/dnzwygdo/djuragancom/vendor/codeigniter4/framework/system/Database/MySQLi/Connection.php(171): mysqli->real_connect()
#1 /home/dnzwygdo/djuragancom/vendor/codeigniter4/framework/system/Database/BaseConnection.php(382): CodeIgniter\Database\MySQLi\Connection->connect()
#2 /home/dnzwygdo/djuragancom/vendor/codeigniter4/framework/system/Database/BaseConnection.php(588): CodeIgniter\Database\BaseConnection->initialize()
#3 /home/dnzwygdo/djuragancom/vendor/codeigniter4/framework/system/Database/BaseBuilder.php(1669): CodeIgniter\Database\BaseConnection->query()
#4 /home/dnzwygdo/djuragancom/app/Controllers/Api/Notifikasi.php(37): CodeIgniter\Database\BaseBuilder->countAllResults()
#5 /home/dnzwygdo/djuragancom/vendor/codeigniter4/framework/system/CodeIgniter.php(898): App\Controllers\Api\Notifikasi->get()
#6 /home/dnzwygdo/djuragancom/vendor/codeigniter4/framework/system/CodeIgniter.php(457): CodeIgniter\CodeIgniter->runController()
#7 /home/dnzwygdo/djuragancom/vendor/codeigniter4/framework/system/CodeIgniter.php(340): CodeIgniter\CodeIgniter->handleRequest()
#8 /home/dnzwygdo/public_html/index.php(67): CodeIgniter\CodeIgniter->run()
#9 {main}

Next CodeIgniter\Database\Exceptions\DatabaseException: Too many connections in /home/dnzwygdo/djuragancom/vendor/codeigniter4/framework/system/Database/MySQLi/Connection.php:215
Stack trace:
#0 /home/dnzwygdo/djuragancom/vendor/codeigniter4/framework/system/Database/BaseConnection.php(382): CodeIgniter\Database\MySQLi\Connection->connect()
#1 /home/dnzwygdo/djuragancom/vendor/codeigniter4/framework/system/Database/BaseConnection.php(588): CodeIgniter\Database\BaseConnection->initialize()
#2 /home/dnzwygdo/djuragancom/vendor/codeigniter4/framework/system/Database/BaseBuilder.php(1669): CodeIgniter\Database\BaseConnection->query()
#3 /home/dnzwygdo/djuragancom/app/Controllers/Api/Notifikasi.php(37): CodeIgniter\Database\BaseBuilder->countAllResults()
#4 /home/dnzwygdo/djuragancom/vendor/codeigniter4/framework/system/CodeIgniter.php(898): App\Controllers\Api\Notifikasi->get()
#5 /home/dnzwygdo/djuragancom/vendor/codeigniter4/framework/system/CodeIgniter.php(457): CodeIgniter\CodeIgniter->runController()
#6 /home/dnzwygdo/djuragancom/vendor/codeigniter4/framework/system/CodeIgniter.php(340): CodeIgniter\CodeIgniter->handleRequest()
#7 /home/dnzwygdo/public_html/index.php(67): CodeIgniter\CodeIgniter->run()
#8 {main}
CRITICAL - 2023-08-17 16:06:57 --> Unable to connect to the database.
Main connection [MySQLi]: Too many connections
in SYSTEMPATH/Database/BaseConnection.php on line 418.
 1 SYSTEMPATH/Database/BaseConnection.php(588): CodeIgniter\Database\BaseConnection->initialize()
 2 SYSTEMPATH/Database/BaseBuilder.php(1669): CodeIgniter\Database\BaseConnection->query()
 3 APPPATH/Controllers/Api/Notifikasi.php(37): CodeIgniter\Database\BaseBuilder->countAllResults()
 4 SYSTEMPATH/CodeIgniter.php(898): App\Controllers\Api\Notifikasi->get()
 5 SYSTEMPATH/CodeIgniter.php(457): CodeIgniter\CodeIgniter->runController()
 6 SYSTEMPATH/CodeIgniter.php(340): CodeIgniter\CodeIgniter->handleRequest()
 7 FCPATH/index.php(67): CodeIgniter\CodeIgniter->run()
ERROR - 2023-08-17 16:11:03 --> Error connecting to the database: mysqli_sql_exception: Too many connections in /home/dnzwygdo/djuragancom/vendor/codeigniter4/framework/system/Database/MySQLi/Connection.php:171
Stack trace:
#0 /home/dnzwygdo/djuragancom/vendor/codeigniter4/framework/system/Database/MySQLi/Connection.php(171): mysqli->real_connect()
#1 /home/dnzwygdo/djuragancom/vendor/codeigniter4/framework/system/Database/BaseConnection.php(382): CodeIgniter\Database\MySQLi\Connection->connect()
#2 /home/dnzwygdo/djuragancom/vendor/codeigniter4/framework/system/Database/BaseConnection.php(588): CodeIgniter\Database\BaseConnection->initialize()
#3 /home/dnzwygdo/djuragancom/vendor/codeigniter4/framework/system/Database/BaseBuilder.php(1669): CodeIgniter\Database\BaseConnection->query()
#4 /home/dnzwygdo/djuragancom/app/Controllers/Api/Notifikasi.php(37): CodeIgniter\Database\BaseBuilder->countAllResults()
#5 /home/dnzwygdo/djuragancom/vendor/codeigniter4/framework/system/CodeIgniter.php(898): App\Controllers\Api\Notifikasi->get()
#6 /home/dnzwygdo/djuragancom/vendor/codeigniter4/framework/system/CodeIgniter.php(457): CodeIgniter\CodeIgniter->runController()
#7 /home/dnzwygdo/djuragancom/vendor/codeigniter4/framework/system/CodeIgniter.php(340): CodeIgniter\CodeIgniter->handleRequest()
#8 /home/dnzwygdo/public_html/index.php(67): CodeIgniter\CodeIgniter->run()
#9 {main}

Next CodeIgniter\Database\Exceptions\DatabaseException: Too many connections in /home/dnzwygdo/djuragancom/vendor/codeigniter4/framework/system/Database/MySQLi/Connection.php:215
Stack trace:
#0 /home/dnzwygdo/djuragancom/vendor/codeigniter4/framework/system/Database/BaseConnection.php(382): CodeIgniter\Database\MySQLi\Connection->connect()
#1 /home/dnzwygdo/djuragancom/vendor/codeigniter4/framework/system/Database/BaseConnection.php(588): CodeIgniter\Database\BaseConnection->initialize()
#2 /home/dnzwygdo/djuragancom/vendor/codeigniter4/framework/system/Database/BaseBuilder.php(1669): CodeIgniter\Database\BaseConnection->query()
#3 /home/dnzwygdo/djuragancom/app/Controllers/Api/Notifikasi.php(37): CodeIgniter\Database\BaseBuilder->countAllResults()
#4 /home/dnzwygdo/djuragancom/vendor/codeigniter4/framework/system/CodeIgniter.php(898): App\Controllers\Api\Notifikasi->get()
#5 /home/dnzwygdo/djuragancom/vendor/codeigniter4/framework/system/CodeIgniter.php(457): CodeIgniter\CodeIgniter->runController()
#6 /home/dnzwygdo/djuragancom/vendor/codeigniter4/framework/system/CodeIgniter.php(340): CodeIgniter\CodeIgniter->handleRequest()
#7 /home/dnzwygdo/public_html/index.php(67): CodeIgniter\CodeIgniter->run()
#8 {main}
CRITICAL - 2023-08-17 16:11:03 --> Unable to connect to the database.
Main connection [MySQLi]: Too many connections
in SYSTEMPATH/Database/BaseConnection.php on line 418.
 1 SYSTEMPATH/Database/BaseConnection.php(588): CodeIgniter\Database\BaseConnection->initialize()
 2 SYSTEMPATH/Database/BaseBuilder.php(1669): CodeIgniter\Database\BaseConnection->query()
 3 APPPATH/Controllers/Api/Notifikasi.php(37): CodeIgniter\Database\BaseBuilder->countAllResults()
 4 SYSTEMPATH/CodeIgniter.php(898): App\Controllers\Api\Notifikasi->get()
 5 SYSTEMPATH/CodeIgniter.php(457): CodeIgniter\CodeIgniter->runController()
 6 SYSTEMPATH/CodeIgniter.php(340): CodeIgniter\CodeIgniter->handleRequest()
 7 FCPATH/index.php(67): CodeIgniter\CodeIgniter->run()
ERROR - 2023-08-17 16:11:43 --> Error connecting to the database: mysqli_sql_exception: Too many connections in /home/dnzwygdo/djuragancom/vendor/codeigniter4/framework/system/Database/MySQLi/Connection.php:171
Stack trace:
#0 /home/dnzwygdo/djuragancom/vendor/codeigniter4/framework/system/Database/MySQLi/Connection.php(171): mysqli->real_connect()
#1 /home/dnzwygdo/djuragancom/vendor/codeigniter4/framework/system/Database/BaseConnection.php(382): CodeIgniter\Database\MySQLi\Connection->connect()
#2 /home/dnzwygdo/djuragancom/vendor/codeigniter4/framework/system/Database/BaseConnection.php(588): CodeIgniter\Database\BaseConnection->initialize()
#3 /home/dnzwygdo/djuragancom/vendor/codeigniter4/framework/system/Database/BaseBuilder.php(1669): CodeIgniter\Database\BaseConnection->query()
#4 /home/dnzwygdo/djuragancom/app/Controllers/Api/Notifikasi.php(37): CodeIgniter\Database\BaseBuilder->countAllResults()
#5 /home/dnzwygdo/djuragancom/vendor/codeigniter4/framework/system/CodeIgniter.php(898): App\Controllers\Api\Notifikasi->get()
#6 /home/dnzwygdo/djuragancom/vendor/codeigniter4/framework/system/CodeIgniter.php(457): CodeIgniter\CodeIgniter->runController()
#7 /home/dnzwygdo/djuragancom/vendor/codeigniter4/framework/system/CodeIgniter.php(340): CodeIgniter\CodeIgniter->handleRequest()
#8 /home/dnzwygdo/public_html/index.php(67): CodeIgniter\CodeIgniter->run()
#9 {main}

Next CodeIgniter\Database\Exceptions\DatabaseException: Too many connections in /home/dnzwygdo/djuragancom/vendor/codeigniter4/framework/system/Database/MySQLi/Connection.php:215
Stack trace:
#0 /home/dnzwygdo/djuragancom/vendor/codeigniter4/framework/system/Database/BaseConnection.php(382): CodeIgniter\Database\MySQLi\Connection->connect()
#1 /home/dnzwygdo/djuragancom/vendor/codeigniter4/framework/system/Database/BaseConnection.php(588): CodeIgniter\Database\BaseConnection->initialize()
#2 /home/dnzwygdo/djuragancom/vendor/codeigniter4/framework/system/Database/BaseBuilder.php(1669): CodeIgniter\Database\BaseConnection->query()
#3 /home/dnzwygdo/djuragancom/app/Controllers/Api/Notifikasi.php(37): CodeIgniter\Database\BaseBuilder->countAllResults()
#4 /home/dnzwygdo/djuragancom/vendor/codeigniter4/framework/system/CodeIgniter.php(898): App\Controllers\Api\Notifikasi->get()
#5 /home/dnzwygdo/djuragancom/vendor/codeigniter4/framework/system/CodeIgniter.php(457): CodeIgniter\CodeIgniter->runController()
#6 /home/dnzwygdo/djuragancom/vendor/codeigniter4/framework/system/CodeIgniter.php(340): CodeIgniter\CodeIgniter->handleRequest()
#7 /home/dnzwygdo/public_html/index.php(67): CodeIgniter\CodeIgniter->run()
#8 {main}
CRITICAL - 2023-08-17 16:11:43 --> Unable to connect to the database.
Main connection [MySQLi]: Too many connections
in SYSTEMPATH/Database/BaseConnection.php on line 418.
 1 SYSTEMPATH/Database/BaseConnection.php(588): CodeIgniter\Database\BaseConnection->initialize()
 2 SYSTEMPATH/Database/BaseBuilder.php(1669): CodeIgniter\Database\BaseConnection->query()
 3 APPPATH/Controllers/Api/Notifikasi.php(37): CodeIgniter\Database\BaseBuilder->countAllResults()
 4 SYSTEMPATH/CodeIgniter.php(898): App\Controllers\Api\Notifikasi->get()
 5 SYSTEMPATH/CodeIgniter.php(457): CodeIgniter\CodeIgniter->runController()
 6 SYSTEMPATH/CodeIgniter.php(340): CodeIgniter\CodeIgniter->handleRequest()
 7 FCPATH/index.php(67): CodeIgniter\CodeIgniter->run()
ERROR - 2023-08-17 16:12:01 --> Error connecting to the database: mysqli_sql_exception: Too many connections in /home/dnzwygdo/djuragancom/vendor/codeigniter4/framework/system/Database/MySQLi/Connection.php:171
Stack trace:
#0 /home/dnzwygdo/djuragancom/vendor/codeigniter4/framework/system/Database/MySQLi/Connection.php(171): mysqli->real_connect()
#1 /home/dnzwygdo/djuragancom/vendor/codeigniter4/framework/system/Database/BaseConnection.php(382): CodeIgniter\Database\MySQLi\Connection->connect()
#2 /home/dnzwygdo/djuragancom/vendor/codeigniter4/framework/system/Database/BaseConnection.php(588): CodeIgniter\Database\BaseConnection->initialize()
#3 /home/dnzwygdo/djuragancom/vendor/codeigniter4/framework/system/Database/BaseBuilder.php(1669): CodeIgniter\Database\BaseConnection->query()
#4 /home/dnzwygdo/djuragancom/app/Controllers/Api/Notifikasi.php(37): CodeIgniter\Database\BaseBuilder->countAllResults()
#5 /home/dnzwygdo/djuragancom/vendor/codeigniter4/framework/system/CodeIgniter.php(898): App\Controllers\Api\Notifikasi->get()
#6 /home/dnzwygdo/djuragancom/vendor/codeigniter4/framework/system/CodeIgniter.php(457): CodeIgniter\CodeIgniter->runController()
#7 /home/dnzwygdo/djuragancom/vendor/codeigniter4/framework/system/CodeIgniter.php(340): CodeIgniter\CodeIgniter->handleRequest()
#8 /home/dnzwygdo/public_html/index.php(67): CodeIgniter\CodeIgniter->run()
#9 {main}

Next CodeIgniter\Database\Exceptions\DatabaseException: Too many connections in /home/dnzwygdo/djuragancom/vendor/codeigniter4/framework/system/Database/MySQLi/Connection.php:215
Stack trace:
#0 /home/dnzwygdo/djuragancom/vendor/codeigniter4/framework/system/Database/BaseConnection.php(382): CodeIgniter\Database\MySQLi\Connection->connect()
#1 /home/dnzwygdo/djuragancom/vendor/codeigniter4/framework/system/Database/BaseConnection.php(588): CodeIgniter\Database\BaseConnection->initialize()
#2 /home/dnzwygdo/djuragancom/vendor/codeigniter4/framework/system/Database/BaseBuilder.php(1669): CodeIgniter\Database\BaseConnection->query()
#3 /home/dnzwygdo/djuragancom/app/Controllers/Api/Notifikasi.php(37): CodeIgniter\Database\BaseBuilder->countAllResults()
#4 /home/dnzwygdo/djuragancom/vendor/codeigniter4/framework/system/CodeIgniter.php(898): App\Controllers\Api\Notifikasi->get()
#5 /home/dnzwygdo/djuragancom/vendor/codeigniter4/framework/system/CodeIgniter.php(457): CodeIgniter\CodeIgniter->runController()
#6 /home/dnzwygdo/djuragancom/vendor/codeigniter4/framework/system/CodeIgniter.php(340): CodeIgniter\CodeIgniter->handleRequest()
#7 /home/dnzwygdo/public_html/index.php(67): CodeIgniter\CodeIgniter->run()
#8 {main}
CRITICAL - 2023-08-17 16:12:01 --> Unable to connect to the database.
Main connection [MySQLi]: Too many connections
in SYSTEMPATH/Database/BaseConnection.php on line 418.
 1 SYSTEMPATH/Database/BaseConnection.php(588): CodeIgniter\Database\BaseConnection->initialize()
 2 SYSTEMPATH/Database/BaseBuilder.php(1669): CodeIgniter\Database\BaseConnection->query()
 3 APPPATH/Controllers/Api/Notifikasi.php(37): CodeIgniter\Database\BaseBuilder->countAllResults()
 4 SYSTEMPATH/CodeIgniter.php(898): App\Controllers\Api\Notifikasi->get()
 5 SYSTEMPATH/CodeIgniter.php(457): CodeIgniter\CodeIgniter->runController()
 6 SYSTEMPATH/CodeIgniter.php(340): CodeIgniter\CodeIgniter->handleRequest()
 7 FCPATH/index.php(67): CodeIgniter\CodeIgniter->run()
ERROR - 2023-08-17 16:13:58 --> Error connecting to the database: mysqli_sql_exception: Too many connections in /home/dnzwygdo/djuragancom/vendor/codeigniter4/framework/system/Database/MySQLi/Connection.php:171
Stack trace:
#0 /home/dnzwygdo/djuragancom/vendor/codeigniter4/framework/system/Database/MySQLi/Connection.php(171): mysqli->real_connect()
#1 /home/dnzwygdo/djuragancom/vendor/codeigniter4/framework/system/Database/BaseConnection.php(382): CodeIgniter\Database\MySQLi\Connection->connect()
#2 /home/dnzwygdo/djuragancom/vendor/codeigniter4/framework/system/Database/BaseConnection.php(588): CodeIgniter\Database\BaseConnection->initialize()
#3 /home/dnzwygdo/djuragancom/vendor/codeigniter4/framework/system/Database/BaseBuilder.php(1669): CodeIgniter\Database\BaseConnection->query()
#4 /home/dnzwygdo/djuragancom/app/Controllers/Api/Notifikasi.php(37): CodeIgniter\Database\BaseBuilder->countAllResults()
#5 /home/dnzwygdo/djuragancom/vendor/codeigniter4/framework/system/CodeIgniter.php(898): App\Controllers\Api\Notifikasi->get()
#6 /home/dnzwygdo/djuragancom/vendor/codeigniter4/framework/system/CodeIgniter.php(457): CodeIgniter\CodeIgniter->runController()
#7 /home/dnzwygdo/djuragancom/vendor/codeigniter4/framework/system/CodeIgniter.php(340): CodeIgniter\CodeIgniter->handleRequest()
#8 /home/dnzwygdo/public_html/index.php(67): CodeIgniter\CodeIgniter->run()
#9 {main}

Next CodeIgniter\Database\Exceptions\DatabaseException: Too many connections in /home/dnzwygdo/djuragancom/vendor/codeigniter4/framework/system/Database/MySQLi/Connection.php:215
Stack trace:
#0 /home/dnzwygdo/djuragancom/vendor/codeigniter4/framework/system/Database/BaseConnection.php(382): CodeIgniter\Database\MySQLi\Connection->connect()
#1 /home/dnzwygdo/djuragancom/vendor/codeigniter4/framework/system/Database/BaseConnection.php(588): CodeIgniter\Database\BaseConnection->initialize()
#2 /home/dnzwygdo/djuragancom/vendor/codeigniter4/framework/system/Database/BaseBuilder.php(1669): CodeIgniter\Database\BaseConnection->query()
#3 /home/dnzwygdo/djuragancom/app/Controllers/Api/Notifikasi.php(37): CodeIgniter\Database\BaseBuilder->countAllResults()
#4 /home/dnzwygdo/djuragancom/vendor/codeigniter4/framework/system/CodeIgniter.php(898): App\Controllers\Api\Notifikasi->get()
#5 /home/dnzwygdo/djuragancom/vendor/codeigniter4/framework/system/CodeIgniter.php(457): CodeIgniter\CodeIgniter->runController()
#6 /home/dnzwygdo/djuragancom/vendor/codeigniter4/framework/system/CodeIgniter.php(340): CodeIgniter\CodeIgniter->handleRequest()
#7 /home/dnzwygdo/public_html/index.php(67): CodeIgniter\CodeIgniter->run()
#8 {main}
CRITICAL - 2023-08-17 16:13:58 --> Unable to connect to the database.
Main connection [MySQLi]: Too many connections
in SYSTEMPATH/Database/BaseConnection.php on line 418.
 1 SYSTEMPATH/Database/BaseConnection.php(588): CodeIgniter\Database\BaseConnection->initialize()
 2 SYSTEMPATH/Database/BaseBuilder.php(1669): CodeIgniter\Database\BaseConnection->query()
 3 APPPATH/Controllers/Api/Notifikasi.php(37): CodeIgniter\Database\BaseBuilder->countAllResults()
 4 SYSTEMPATH/CodeIgniter.php(898): App\Controllers\Api\Notifikasi->get()
 5 SYSTEMPATH/CodeIgniter.php(457): CodeIgniter\CodeIgniter->runController()
 6 SYSTEMPATH/CodeIgniter.php(340): CodeIgniter\CodeIgniter->handleRequest()
 7 FCPATH/index.php(67): CodeIgniter\CodeIgniter->run()
ERROR - 2023-08-17 16:13:59 --> Error connecting to the database: mysqli_sql_exception: Too many connections in /home/dnzwygdo/djuragancom/vendor/codeigniter4/framework/system/Database/MySQLi/Connection.php:171
Stack trace:
#0 /home/dnzwygdo/djuragancom/vendor/codeigniter4/framework/system/Database/MySQLi/Connection.php(171): mysqli->real_connect()
#1 /home/dnzwygdo/djuragancom/vendor/codeigniter4/framework/system/Database/BaseConnection.php(382): CodeIgniter\Database\MySQLi\Connection->connect()
#2 /home/dnzwygdo/djuragancom/vendor/codeigniter4/framework/system/Database/BaseConnection.php(588): CodeIgniter\Database\BaseConnection->initialize()
#3 /home/dnzwygdo/djuragancom/vendor/codeigniter4/framework/system/Database/BaseBuilder.php(1669): CodeIgniter\Database\BaseConnection->query()
#4 /home/dnzwygdo/djuragancom/app/Controllers/Api/Notifikasi.php(37): CodeIgniter\Database\BaseBuilder->countAllResults()
#5 /home/dnzwygdo/djuragancom/vendor/codeigniter4/framework/system/CodeIgniter.php(898): App\Controllers\Api\Notifikasi->get()
#6 /home/dnzwygdo/djuragancom/vendor/codeigniter4/framework/system/CodeIgniter.php(457): CodeIgniter\CodeIgniter->runController()
#7 /home/dnzwygdo/djuragancom/vendor/codeigniter4/framework/system/CodeIgniter.php(340): CodeIgniter\CodeIgniter->handleRequest()
#8 /home/dnzwygdo/public_html/index.php(67): CodeIgniter\CodeIgniter->run()
#9 {main}

Next CodeIgniter\Database\Exceptions\DatabaseException: Too many connections in /home/dnzwygdo/djuragancom/vendor/codeigniter4/framework/system/Database/MySQLi/Connection.php:215
Stack trace:
#0 /home/dnzwygdo/djuragancom/vendor/codeigniter4/framework/system/Database/BaseConnection.php(382): CodeIgniter\Database\MySQLi\Connection->connect()
#1 /home/dnzwygdo/djuragancom/vendor/codeigniter4/framework/system/Database/BaseConnection.php(588): CodeIgniter\Database\BaseConnection->initialize()
#2 /home/dnzwygdo/djuragancom/vendor/codeigniter4/framework/system/Database/BaseBuilder.php(1669): CodeIgniter\Database\BaseConnection->query()
#3 /home/dnzwygdo/djuragancom/app/Controllers/Api/Notifikasi.php(37): CodeIgniter\Database\BaseBuilder->countAllResults()
#4 /home/dnzwygdo/djuragancom/vendor/codeigniter4/framework/system/CodeIgniter.php(898): App\Controllers\Api\Notifikasi->get()
#5 /home/dnzwygdo/djuragancom/vendor/codeigniter4/framework/system/CodeIgniter.php(457): CodeIgniter\CodeIgniter->runController()
#6 /home/dnzwygdo/djuragancom/vendor/codeigniter4/framework/system/CodeIgniter.php(340): CodeIgniter\CodeIgniter->handleRequest()
#7 /home/dnzwygdo/public_html/index.php(67): CodeIgniter\CodeIgniter->run()
#8 {main}
CRITICAL - 2023-08-17 16:13:59 --> Unable to connect to the database.
Main connection [MySQLi]: Too many connections
in SYSTEMPATH/Database/BaseConnection.php on line 418.
 1 SYSTEMPATH/Database/BaseConnection.php(588): CodeIgniter\Database\BaseConnection->initialize()
 2 SYSTEMPATH/Database/BaseBuilder.php(1669): CodeIgniter\Database\BaseConnection->query()
 3 APPPATH/Controllers/Api/Notifikasi.php(37): CodeIgniter\Database\BaseBuilder->countAllResults()
 4 SYSTEMPATH/CodeIgniter.php(898): App\Controllers\Api\Notifikasi->get()
 5 SYSTEMPATH/CodeIgniter.php(457): CodeIgniter\CodeIgniter->runController()
 6 SYSTEMPATH/CodeIgniter.php(340): CodeIgniter\CodeIgniter->handleRequest()
 7 FCPATH/index.php(67): CodeIgniter\CodeIgniter->run()
ERROR - 2023-08-17 16:14:01 --> Error connecting to the database: mysqli_sql_exception: Too many connections in /home/dnzwygdo/djuragancom/vendor/codeigniter4/framework/system/Database/MySQLi/Connection.php:171
Stack trace:
#0 /home/dnzwygdo/djuragancom/vendor/codeigniter4/framework/system/Database/MySQLi/Connection.php(171): mysqli->real_connect()
#1 /home/dnzwygdo/djuragancom/vendor/codeigniter4/framework/system/Database/BaseConnection.php(382): CodeIgniter\Database\MySQLi\Connection->connect()
#2 /home/dnzwygdo/djuragancom/vendor/codeigniter4/framework/system/Database/BaseConnection.php(588): CodeIgniter\Database\BaseConnection->initialize()
#3 /home/dnzwygdo/djuragancom/vendor/codeigniter4/framework/system/Database/BaseBuilder.php(1669): CodeIgniter\Database\BaseConnection->query()
#4 /home/dnzwygdo/djuragancom/app/Controllers/Api/Notifikasi.php(37): CodeIgniter\Database\BaseBuilder->countAllResults()
#5 /home/dnzwygdo/djuragancom/vendor/codeigniter4/framework/system/CodeIgniter.php(898): App\Controllers\Api\Notifikasi->get()
#6 /home/dnzwygdo/djuragancom/vendor/codeigniter4/framework/system/CodeIgniter.php(457): CodeIgniter\CodeIgniter->runController()
#7 /home/dnzwygdo/djuragancom/vendor/codeigniter4/framework/system/CodeIgniter.php(340): CodeIgniter\CodeIgniter->handleRequest()
#8 /home/dnzwygdo/public_html/index.php(67): CodeIgniter\CodeIgniter->run()
#9 {main}

Next CodeIgniter\Database\Exceptions\DatabaseException: Too many connections in /home/dnzwygdo/djuragancom/vendor/codeigniter4/framework/system/Database/MySQLi/Connection.php:215
Stack trace:
#0 /home/dnzwygdo/djuragancom/vendor/codeigniter4/framework/system/Database/BaseConnection.php(382): CodeIgniter\Database\MySQLi\Connection->connect()
#1 /home/dnzwygdo/djuragancom/vendor/codeigniter4/framework/system/Database/BaseConnection.php(588): CodeIgniter\Database\BaseConnection->initialize()
#2 /home/dnzwygdo/djuragancom/vendor/codeigniter4/framework/system/Database/BaseBuilder.php(1669): CodeIgniter\Database\BaseConnection->query()
#3 /home/dnzwygdo/djuragancom/app/Controllers/Api/Notifikasi.php(37): CodeIgniter\Database\BaseBuilder->countAllResults()
#4 /home/dnzwygdo/djuragancom/vendor/codeigniter4/framework/system/CodeIgniter.php(898): App\Controllers\Api\Notifikasi->get()
#5 /home/dnzwygdo/djuragancom/vendor/codeigniter4/framework/system/CodeIgniter.php(457): CodeIgniter\CodeIgniter->runController()
#6 /home/dnzwygdo/djuragancom/vendor/codeigniter4/framework/system/CodeIgniter.php(340): CodeIgniter\CodeIgniter->handleRequest()
#7 /home/dnzwygdo/public_html/index.php(67): CodeIgniter\CodeIgniter->run()
#8 {main}
CRITICAL - 2023-08-17 16:14:01 --> Unable to connect to the database.
Main connection [MySQLi]: Too many connections
in SYSTEMPATH/Database/BaseConnection.php on line 418.
 1 SYSTEMPATH/Database/BaseConnection.php(588): CodeIgniter\Database\BaseConnection->initialize()
 2 SYSTEMPATH/Database/BaseBuilder.php(1669): CodeIgniter\Database\BaseConnection->query()
 3 APPPATH/Controllers/Api/Notifikasi.php(37): CodeIgniter\Database\BaseBuilder->countAllResults()
 4 SYSTEMPATH/CodeIgniter.php(898): App\Controllers\Api\Notifikasi->get()
 5 SYSTEMPATH/CodeIgniter.php(457): CodeIgniter\CodeIgniter->runController()
 6 SYSTEMPATH/CodeIgniter.php(340): CodeIgniter\CodeIgniter->handleRequest()
 7 FCPATH/index.php(67): CodeIgniter\CodeIgniter->run()
ERROR - 2023-08-17 16:14:15 --> Error connecting to the database: mysqli_sql_exception: Too many connections in /home/dnzwygdo/djuragancom/vendor/codeigniter4/framework/system/Database/MySQLi/Connection.php:171
Stack trace:
#0 /home/dnzwygdo/djuragancom/vendor/codeigniter4/framework/system/Database/MySQLi/Connection.php(171): mysqli->real_connect()
#1 /home/dnzwygdo/djuragancom/vendor/codeigniter4/framework/system/Database/BaseConnection.php(382): CodeIgniter\Database\MySQLi\Connection->connect()
#2 /home/dnzwygdo/djuragancom/vendor/codeigniter4/framework/system/Database/BaseConnection.php(588): CodeIgniter\Database\BaseConnection->initialize()
#3 /home/dnzwygdo/djuragancom/vendor/codeigniter4/framework/system/Database/BaseBuilder.php(1669): CodeIgniter\Database\BaseConnection->query()
#4 /home/dnzwygdo/djuragancom/app/Controllers/Api/Notifikasi.php(37): CodeIgniter\Database\BaseBuilder->countAllResults()
#5 /home/dnzwygdo/djuragancom/vendor/codeigniter4/framework/system/CodeIgniter.php(898): App\Controllers\Api\Notifikasi->get()
#6 /home/dnzwygdo/djuragancom/vendor/codeigniter4/framework/system/CodeIgniter.php(457): CodeIgniter\CodeIgniter->runController()
#7 /home/dnzwygdo/djuragancom/vendor/codeigniter4/framework/system/CodeIgniter.php(340): CodeIgniter\CodeIgniter->handleRequest()
#8 /home/dnzwygdo/public_html/index.php(67): CodeIgniter\CodeIgniter->run()
#9 {main}

Next CodeIgniter\Database\Exceptions\DatabaseException: Too many connections in /home/dnzwygdo/djuragancom/vendor/codeigniter4/framework/system/Database/MySQLi/Connection.php:215
Stack trace:
#0 /home/dnzwygdo/djuragancom/vendor/codeigniter4/framework/system/Database/BaseConnection.php(382): CodeIgniter\Database\MySQLi\Connection->connect()
#1 /home/dnzwygdo/djuragancom/vendor/codeigniter4/framework/system/Database/BaseConnection.php(588): CodeIgniter\Database\BaseConnection->initialize()
#2 /home/dnzwygdo/djuragancom/vendor/codeigniter4/framework/system/Database/BaseBuilder.php(1669): CodeIgniter\Database\BaseConnection->query()
#3 /home/dnzwygdo/djuragancom/app/Controllers/Api/Notifikasi.php(37): CodeIgniter\Database\BaseBuilder->countAllResults()
#4 /home/dnzwygdo/djuragancom/vendor/codeigniter4/framework/system/CodeIgniter.php(898): App\Controllers\Api\Notifikasi->get()
#5 /home/dnzwygdo/djuragancom/vendor/codeigniter4/framework/system/CodeIgniter.php(457): CodeIgniter\CodeIgniter->runController()
#6 /home/dnzwygdo/djuragancom/vendor/codeigniter4/framework/system/CodeIgniter.php(340): CodeIgniter\CodeIgniter->handleRequest()
#7 /home/dnzwygdo/public_html/index.php(67): CodeIgniter\CodeIgniter->run()
#8 {main}
CRITICAL - 2023-08-17 16:14:15 --> Unable to connect to the database.
Main connection [MySQLi]: Too many connections
in SYSTEMPATH/Database/BaseConnection.php on line 418.
 1 SYSTEMPATH/Database/BaseConnection.php(588): CodeIgniter\Database\BaseConnection->initialize()
 2 SYSTEMPATH/Database/BaseBuilder.php(1669): CodeIgniter\Database\BaseConnection->query()
 3 APPPATH/Controllers/Api/Notifikasi.php(37): CodeIgniter\Database\BaseBuilder->countAllResults()
 4 SYSTEMPATH/CodeIgniter.php(898): App\Controllers\Api\Notifikasi->get()
 5 SYSTEMPATH/CodeIgniter.php(457): CodeIgniter\CodeIgniter->runController()
 6 SYSTEMPATH/CodeIgniter.php(340): CodeIgniter\CodeIgniter->handleRequest()
 7 FCPATH/index.php(67): CodeIgniter\CodeIgniter->run()
ERROR - 2023-08-17 16:15:18 --> Error connecting to the database: mysqli_sql_exception: Too many connections in /home/dnzwygdo/djuragancom/vendor/codeigniter4/framework/system/Database/MySQLi/Connection.php:171
Stack trace:
#0 /home/dnzwygdo/djuragancom/vendor/codeigniter4/framework/system/Database/MySQLi/Connection.php(171): mysqli->real_connect()
#1 /home/dnzwygdo/djuragancom/vendor/codeigniter4/framework/system/Database/BaseConnection.php(382): CodeIgniter\Database\MySQLi\Connection->connect()
#2 /home/dnzwygdo/djuragancom/vendor/codeigniter4/framework/system/Database/BaseConnection.php(588): CodeIgniter\Database\BaseConnection->initialize()
#3 /home/dnzwygdo/djuragancom/vendor/codeigniter4/framework/system/Database/BaseBuilder.php(1669): CodeIgniter\Database\BaseConnection->query()
#4 /home/dnzwygdo/djuragancom/app/Controllers/Api/Notifikasi.php(37): CodeIgniter\Database\BaseBuilder->countAllResults()
#5 /home/dnzwygdo/djuragancom/vendor/codeigniter4/framework/system/CodeIgniter.php(898): App\Controllers\Api\Notifikasi->get()
#6 /home/dnzwygdo/djuragancom/vendor/codeigniter4/framework/system/CodeIgniter.php(457): CodeIgniter\CodeIgniter->runController()
#7 /home/dnzwygdo/djuragancom/vendor/codeigniter4/framework/system/CodeIgniter.php(340): CodeIgniter\CodeIgniter->handleRequest()
#8 /home/dnzwygdo/public_html/index.php(67): CodeIgniter\CodeIgniter->run()
#9 {main}

Next CodeIgniter\Database\Exceptions\DatabaseException: Too many connections in /home/dnzwygdo/djuragancom/vendor/codeigniter4/framework/system/Database/MySQLi/Connection.php:215
Stack trace:
#0 /home/dnzwygdo/djuragancom/vendor/codeigniter4/framework/system/Database/BaseConnection.php(382): CodeIgniter\Database\MySQLi\Connection->connect()
#1 /home/dnzwygdo/djuragancom/vendor/codeigniter4/framework/system/Database/BaseConnection.php(588): CodeIgniter\Database\BaseConnection->initialize()
#2 /home/dnzwygdo/djuragancom/vendor/codeigniter4/framework/system/Database/BaseBuilder.php(1669): CodeIgniter\Database\BaseConnection->query()
#3 /home/dnzwygdo/djuragancom/app/Controllers/Api/Notifikasi.php(37): CodeIgniter\Database\BaseBuilder->countAllResults()
#4 /home/dnzwygdo/djuragancom/vendor/codeigniter4/framework/system/CodeIgniter.php(898): App\Controllers\Api\Notifikasi->get()
#5 /home/dnzwygdo/djuragancom/vendor/codeigniter4/framework/system/CodeIgniter.php(457): CodeIgniter\CodeIgniter->runController()
#6 /home/dnzwygdo/djuragancom/vendor/codeigniter4/framework/system/CodeIgniter.php(340): CodeIgniter\CodeIgniter->handleRequest()
#7 /home/dnzwygdo/public_html/index.php(67): CodeIgniter\CodeIgniter->run()
#8 {main}
CRITICAL - 2023-08-17 16:15:18 --> Unable to connect to the database.
Main connection [MySQLi]: Too many connections
in SYSTEMPATH/Database/BaseConnection.php on line 418.
 1 SYSTEMPATH/Database/BaseConnection.php(588): CodeIgniter\Database\BaseConnection->initialize()
 2 SYSTEMPATH/Database/BaseBuilder.php(1669): CodeIgniter\Database\BaseConnection->query()
 3 APPPATH/Controllers/Api/Notifikasi.php(37): CodeIgniter\Database\BaseBuilder->countAllResults()
 4 SYSTEMPATH/CodeIgniter.php(898): App\Controllers\Api\Notifikasi->get()
 5 SYSTEMPATH/CodeIgniter.php(457): CodeIgniter\CodeIgniter->runController()
 6 SYSTEMPATH/CodeIgniter.php(340): CodeIgniter\CodeIgniter->handleRequest()
 7 FCPATH/index.php(67): CodeIgniter\CodeIgniter->run()
ERROR - 2023-08-17 16:15:28 --> Error connecting to the database: mysqli_sql_exception: Too many connections in /home/dnzwygdo/djuragancom/vendor/codeigniter4/framework/system/Database/MySQLi/Connection.php:171
Stack trace:
#0 /home/dnzwygdo/djuragancom/vendor/codeigniter4/framework/system/Database/MySQLi/Connection.php(171): mysqli->real_connect()
#1 /home/dnzwygdo/djuragancom/vendor/codeigniter4/framework/system/Database/BaseConnection.php(382): CodeIgniter\Database\MySQLi\Connection->connect()
#2 /home/dnzwygdo/djuragancom/vendor/codeigniter4/framework/system/Database/BaseConnection.php(588): CodeIgniter\Database\BaseConnection->initialize()
#3 /home/dnzwygdo/djuragancom/vendor/codeigniter4/framework/system/Database/BaseBuilder.php(1669): CodeIgniter\Database\BaseConnection->query()
#4 /home/dnzwygdo/djuragancom/app/Controllers/Api/Notifikasi.php(37): CodeIgniter\Database\BaseBuilder->countAllResults()
#5 /home/dnzwygdo/djuragancom/vendor/codeigniter4/framework/system/CodeIgniter.php(898): App\Controllers\Api\Notifikasi->get()
#6 /home/dnzwygdo/djuragancom/vendor/codeigniter4/framework/system/CodeIgniter.php(457): CodeIgniter\CodeIgniter->runController()
#7 /home/dnzwygdo/djuragancom/vendor/codeigniter4/framework/system/CodeIgniter.php(340): CodeIgniter\CodeIgniter->handleRequest()
#8 /home/dnzwygdo/public_html/index.php(67): CodeIgniter\CodeIgniter->run()
#9 {main}

Next CodeIgniter\Database\Exceptions\DatabaseException: Too many connections in /home/dnzwygdo/djuragancom/vendor/codeigniter4/framework/system/Database/MySQLi/Connection.php:215
Stack trace:
#0 /home/dnzwygdo/djuragancom/vendor/codeigniter4/framework/system/Database/BaseConnection.php(382): CodeIgniter\Database\MySQLi\Connection->connect()
#1 /home/dnzwygdo/djuragancom/vendor/codeigniter4/framework/system/Database/BaseConnection.php(588): CodeIgniter\Database\BaseConnection->initialize()
#2 /home/dnzwygdo/djuragancom/vendor/codeigniter4/framework/system/Database/BaseBuilder.php(1669): CodeIgniter\Database\BaseConnection->query()
#3 /home/dnzwygdo/djuragancom/app/Controllers/Api/Notifikasi.php(37): CodeIgniter\Database\BaseBuilder->countAllResults()
#4 /home/dnzwygdo/djuragancom/vendor/codeigniter4/framework/system/CodeIgniter.php(898): App\Controllers\Api\Notifikasi->get()
#5 /home/dnzwygdo/djuragancom/vendor/codeigniter4/framework/system/CodeIgniter.php(457): CodeIgniter\CodeIgniter->runController()
#6 /home/dnzwygdo/djuragancom/vendor/codeigniter4/framework/system/CodeIgniter.php(340): CodeIgniter\CodeIgniter->handleRequest()
#7 /home/dnzwygdo/public_html/index.php(67): CodeIgniter\CodeIgniter->run()
#8 {main}
CRITICAL - 2023-08-17 16:15:28 --> Unable to connect to the database.
Main connection [MySQLi]: Too many connections
in SYSTEMPATH/Database/BaseConnection.php on line 418.
 1 SYSTEMPATH/Database/BaseConnection.php(588): CodeIgniter\Database\BaseConnection->initialize()
 2 SYSTEMPATH/Database/BaseBuilder.php(1669): CodeIgniter\Database\BaseConnection->query()
 3 APPPATH/Controllers/Api/Notifikasi.php(37): CodeIgniter\Database\BaseBuilder->countAllResults()
 4 SYSTEMPATH/CodeIgniter.php(898): App\Controllers\Api\Notifikasi->get()
 5 SYSTEMPATH/CodeIgniter.php(457): CodeIgniter\CodeIgniter->runController()
 6 SYSTEMPATH/CodeIgniter.php(340): CodeIgniter\CodeIgniter->handleRequest()
 7 FCPATH/index.php(67): CodeIgniter\CodeIgniter->run()
ERROR - 2023-08-17 16:15:49 --> Error connecting to the database: mysqli_sql_exception: Too many connections in /home/dnzwygdo/djuragancom/vendor/codeigniter4/framework/system/Database/MySQLi/Connection.php:171
Stack trace:
#0 /home/dnzwygdo/djuragancom/vendor/codeigniter4/framework/system/Database/MySQLi/Connection.php(171): mysqli->real_connect()
#1 /home/dnzwygdo/djuragancom/vendor/codeigniter4/framework/system/Database/BaseConnection.php(382): CodeIgniter\Database\MySQLi\Connection->connect()
#2 /home/dnzwygdo/djuragancom/vendor/codeigniter4/framework/system/Database/BaseConnection.php(588): CodeIgniter\Database\BaseConnection->initialize()
#3 /home/dnzwygdo/djuragancom/vendor/codeigniter4/framework/system/Database/BaseBuilder.php(1669): CodeIgniter\Database\BaseConnection->query()
#4 /home/dnzwygdo/djuragancom/app/Controllers/Api/Notifikasi.php(37): CodeIgniter\Database\BaseBuilder->countAllResults()
#5 /home/dnzwygdo/djuragancom/vendor/codeigniter4/framework/system/CodeIgniter.php(898): App\Controllers\Api\Notifikasi->get()
#6 /home/dnzwygdo/djuragancom/vendor/codeigniter4/framework/system/CodeIgniter.php(457): CodeIgniter\CodeIgniter->runController()
#7 /home/dnzwygdo/djuragancom/vendor/codeigniter4/framework/system/CodeIgniter.php(340): CodeIgniter\CodeIgniter->handleRequest()
#8 /home/dnzwygdo/public_html/index.php(67): CodeIgniter\CodeIgniter->run()
#9 {main}

Next CodeIgniter\Database\Exceptions\DatabaseException: Too many connections in /home/dnzwygdo/djuragancom/vendor/codeigniter4/framework/system/Database/MySQLi/Connection.php:215
Stack trace:
#0 /home/dnzwygdo/djuragancom/vendor/codeigniter4/framework/system/Database/BaseConnection.php(382): CodeIgniter\Database\MySQLi\Connection->connect()
#1 /home/dnzwygdo/djuragancom/vendor/codeigniter4/framework/system/Database/BaseConnection.php(588): CodeIgniter\Database\BaseConnection->initialize()
#2 /home/dnzwygdo/djuragancom/vendor/codeigniter4/framework/system/Database/BaseBuilder.php(1669): CodeIgniter\Database\BaseConnection->query()
#3 /home/dnzwygdo/djuragancom/app/Controllers/Api/Notifikasi.php(37): CodeIgniter\Database\BaseBuilder->countAllResults()
#4 /home/dnzwygdo/djuragancom/vendor/codeigniter4/framework/system/CodeIgniter.php(898): App\Controllers\Api\Notifikasi->get()
#5 /home/dnzwygdo/djuragancom/vendor/codeigniter4/framework/system/CodeIgniter.php(457): CodeIgniter\CodeIgniter->runController()
#6 /home/dnzwygdo/djuragancom/vendor/codeigniter4/framework/system/CodeIgniter.php(340): CodeIgniter\CodeIgniter->handleRequest()
#7 /home/dnzwygdo/public_html/index.php(67): CodeIgniter\CodeIgniter->run()
#8 {main}
CRITICAL - 2023-08-17 16:15:49 --> Unable to connect to the database.
Main connection [MySQLi]: Too many connections
in SYSTEMPATH/Database/BaseConnection.php on line 418.
 1 SYSTEMPATH/Database/BaseConnection.php(588): CodeIgniter\Database\BaseConnection->initialize()
 2 SYSTEMPATH/Database/BaseBuilder.php(1669): CodeIgniter\Database\BaseConnection->query()
 3 APPPATH/Controllers/Api/Notifikasi.php(37): CodeIgniter\Database\BaseBuilder->countAllResults()
 4 SYSTEMPATH/CodeIgniter.php(898): App\Controllers\Api\Notifikasi->get()
 5 SYSTEMPATH/CodeIgniter.php(457): CodeIgniter\CodeIgniter->runController()
 6 SYSTEMPATH/CodeIgniter.php(340): CodeIgniter\CodeIgniter->handleRequest()
 7 FCPATH/index.php(67): CodeIgniter\CodeIgniter->run()
ERROR - 2023-08-17 16:16:19 --> Error connecting to the database: mysqli_sql_exception: Too many connections in /home/dnzwygdo/djuragancom/vendor/codeigniter4/framework/system/Database/MySQLi/Connection.php:171
Stack trace:
#0 /home/dnzwygdo/djuragancom/vendor/codeigniter4/framework/system/Database/MySQLi/Connection.php(171): mysqli->real_connect()
#1 /home/dnzwygdo/djuragancom/vendor/codeigniter4/framework/system/Database/BaseConnection.php(382): CodeIgniter\Database\MySQLi\Connection->connect()
#2 /home/dnzwygdo/djuragancom/vendor/codeigniter4/framework/system/Database/BaseConnection.php(588): CodeIgniter\Database\BaseConnection->initialize()
#3 /home/dnzwygdo/djuragancom/vendor/codeigniter4/framework/system/Database/BaseBuilder.php(1669): CodeIgniter\Database\BaseConnection->query()
#4 /home/dnzwygdo/djuragancom/app/Controllers/Api/Notifikasi.php(37): CodeIgniter\Database\BaseBuilder->countAllResults()
#5 /home/dnzwygdo/djuragancom/vendor/codeigniter4/framework/system/CodeIgniter.php(898): App\Controllers\Api\Notifikasi->get()
#6 /home/dnzwygdo/djuragancom/vendor/codeigniter4/framework/system/CodeIgniter.php(457): CodeIgniter\CodeIgniter->runController()
#7 /home/dnzwygdo/djuragancom/vendor/codeigniter4/framework/system/CodeIgniter.php(340): CodeIgniter\CodeIgniter->handleRequest()
#8 /home/dnzwygdo/public_html/index.php(67): CodeIgniter\CodeIgniter->run()
#9 {main}

Next CodeIgniter\Database\Exceptions\DatabaseException: Too many connections in /home/dnzwygdo/djuragancom/vendor/codeigniter4/framework/system/Database/MySQLi/Connection.php:215
Stack trace:
#0 /home/dnzwygdo/djuragancom/vendor/codeigniter4/framework/system/Database/BaseConnection.php(382): CodeIgniter\Database\MySQLi\Connection->connect()
#1 /home/dnzwygdo/djuragancom/vendor/codeigniter4/framework/system/Database/BaseConnection.php(588): CodeIgniter\Database\BaseConnection->initialize()
#2 /home/dnzwygdo/djuragancom/vendor/codeigniter4/framework/system/Database/BaseBuilder.php(1669): CodeIgniter\Database\BaseConnection->query()
#3 /home/dnzwygdo/djuragancom/app/Controllers/Api/Notifikasi.php(37): CodeIgniter\Database\BaseBuilder->countAllResults()
#4 /home/dnzwygdo/djuragancom/vendor/codeigniter4/framework/system/CodeIgniter.php(898): App\Controllers\Api\Notifikasi->get()
#5 /home/dnzwygdo/djuragancom/vendor/codeigniter4/framework/system/CodeIgniter.php(457): CodeIgniter\CodeIgniter->runController()
#6 /home/dnzwygdo/djuragancom/vendor/codeigniter4/framework/system/CodeIgniter.php(340): CodeIgniter\CodeIgniter->handleRequest()
#7 /home/dnzwygdo/public_html/index.php(67): CodeIgniter\CodeIgniter->run()
#8 {main}
CRITICAL - 2023-08-17 16:16:19 --> Unable to connect to the database.
Main connection [MySQLi]: Too many connections
in SYSTEMPATH/Database/BaseConnection.php on line 418.
 1 SYSTEMPATH/Database/BaseConnection.php(588): CodeIgniter\Database\BaseConnection->initialize()
 2 SYSTEMPATH/Database/BaseBuilder.php(1669): CodeIgniter\Database\BaseConnection->query()
 3 APPPATH/Controllers/Api/Notifikasi.php(37): CodeIgniter\Database\BaseBuilder->countAllResults()
 4 SYSTEMPATH/CodeIgniter.php(898): App\Controllers\Api\Notifikasi->get()
 5 SYSTEMPATH/CodeIgniter.php(457): CodeIgniter\CodeIgniter->runController()
 6 SYSTEMPATH/CodeIgniter.php(340): CodeIgniter\CodeIgniter->handleRequest()
 7 FCPATH/index.php(67): CodeIgniter\CodeIgniter->run()
ERROR - 2023-08-17 16:16:28 --> Error connecting to the database: mysqli_sql_exception: Too many connections in /home/dnzwygdo/djuragancom/vendor/codeigniter4/framework/system/Database/MySQLi/Connection.php:171
Stack trace:
#0 /home/dnzwygdo/djuragancom/vendor/codeigniter4/framework/system/Database/MySQLi/Connection.php(171): mysqli->real_connect()
#1 /home/dnzwygdo/djuragancom/vendor/codeigniter4/framework/system/Database/BaseConnection.php(382): CodeIgniter\Database\MySQLi\Connection->connect()
#2 /home/dnzwygdo/djuragancom/vendor/codeigniter4/framework/system/Database/BaseConnection.php(588): CodeIgniter\Database\BaseConnection->initialize()
#3 /home/dnzwygdo/djuragancom/vendor/codeigniter4/framework/system/Database/BaseBuilder.php(1669): CodeIgniter\Database\BaseConnection->query()
#4 /home/dnzwygdo/djuragancom/app/Controllers/Api/Notifikasi.php(37): CodeIgniter\Database\BaseBuilder->countAllResults()
#5 /home/dnzwygdo/djuragancom/vendor/codeigniter4/framework/system/CodeIgniter.php(898): App\Controllers\Api\Notifikasi->get()
#6 /home/dnzwygdo/djuragancom/vendor/codeigniter4/framework/system/CodeIgniter.php(457): CodeIgniter\CodeIgniter->runController()
#7 /home/dnzwygdo/djuragancom/vendor/codeigniter4/framework/system/CodeIgniter.php(340): CodeIgniter\CodeIgniter->handleRequest()
#8 /home/dnzwygdo/public_html/index.php(67): CodeIgniter\CodeIgniter->run()
#9 {main}

Next CodeIgniter\Database\Exceptions\DatabaseException: Too many connections in /home/dnzwygdo/djuragancom/vendor/codeigniter4/framework/system/Database/MySQLi/Connection.php:215
Stack trace:
#0 /home/dnzwygdo/djuragancom/vendor/codeigniter4/framework/system/Database/BaseConnection.php(382): CodeIgniter\Database\MySQLi\Connection->connect()
#1 /home/dnzwygdo/djuragancom/vendor/codeigniter4/framework/system/Database/BaseConnection.php(588): CodeIgniter\Database\BaseConnection->initialize()
#2 /home/dnzwygdo/djuragancom/vendor/codeigniter4/framework/system/Database/BaseBuilder.php(1669): CodeIgniter\Database\BaseConnection->query()
#3 /home/dnzwygdo/djuragancom/app/Controllers/Api/Notifikasi.php(37): CodeIgniter\Database\BaseBuilder->countAllResults()
#4 /home/dnzwygdo/djuragancom/vendor/codeigniter4/framework/system/CodeIgniter.php(898): App\Controllers\Api\Notifikasi->get()
#5 /home/dnzwygdo/djuragancom/vendor/codeigniter4/framework/system/CodeIgniter.php(457): CodeIgniter\CodeIgniter->runController()
#6 /home/dnzwygdo/djuragancom/vendor/codeigniter4/framework/system/CodeIgniter.php(340): CodeIgniter\CodeIgniter->handleRequest()
#7 /home/dnzwygdo/public_html/index.php(67): CodeIgniter\CodeIgniter->run()
#8 {main}
CRITICAL - 2023-08-17 16:16:28 --> Unable to connect to the database.
Main connection [MySQLi]: Too many connections
in SYSTEMPATH/Database/BaseConnection.php on line 418.
 1 SYSTEMPATH/Database/BaseConnection.php(588): CodeIgniter\Database\BaseConnection->initialize()
 2 SYSTEMPATH/Database/BaseBuilder.php(1669): CodeIgniter\Database\BaseConnection->query()
 3 APPPATH/Controllers/Api/Notifikasi.php(37): CodeIgniter\Database\BaseBuilder->countAllResults()
 4 SYSTEMPATH/CodeIgniter.php(898): App\Controllers\Api\Notifikasi->get()
 5 SYSTEMPATH/CodeIgniter.php(457): CodeIgniter\CodeIgniter->runController()
 6 SYSTEMPATH/CodeIgniter.php(340): CodeIgniter\CodeIgniter->handleRequest()
 7 FCPATH/index.php(67): CodeIgniter\CodeIgniter->run()
ERROR - 2023-08-17 16:16:29 --> Error connecting to the database: mysqli_sql_exception: Too many connections in /home/dnzwygdo/djuragancom/vendor/codeigniter4/framework/system/Database/MySQLi/Connection.php:171
Stack trace:
#0 /home/dnzwygdo/djuragancom/vendor/codeigniter4/framework/system/Database/MySQLi/Connection.php(171): mysqli->real_connect()
#1 /home/dnzwygdo/djuragancom/vendor/codeigniter4/framework/system/Database/BaseConnection.php(382): CodeIgniter\Database\MySQLi\Connection->connect()
#2 /home/dnzwygdo/djuragancom/vendor/codeigniter4/framework/system/Database/BaseConnection.php(588): CodeIgniter\Database\BaseConnection->initialize()
#3 /home/dnzwygdo/djuragancom/vendor/codeigniter4/framework/system/Database/BaseBuilder.php(1669): CodeIgniter\Database\BaseConnection->query()
#4 /home/dnzwygdo/djuragancom/app/Controllers/Api/Notifikasi.php(37): CodeIgniter\Database\BaseBuilder->countAllResults()
#5 /home/dnzwygdo/djuragancom/vendor/codeigniter4/framework/system/CodeIgniter.php(898): App\Controllers\Api\Notifikasi->get()
#6 /home/dnzwygdo/djuragancom/vendor/codeigniter4/framework/system/CodeIgniter.php(457): CodeIgniter\CodeIgniter->runController()
#7 /home/dnzwygdo/djuragancom/vendor/codeigniter4/framework/system/CodeIgniter.php(340): CodeIgniter\CodeIgniter->handleRequest()
#8 /home/dnzwygdo/public_html/index.php(67): CodeIgniter\CodeIgniter->run()
#9 {main}

Next CodeIgniter\Database\Exceptions\DatabaseException: Too many connections in /home/dnzwygdo/djuragancom/vendor/codeigniter4/framework/system/Database/MySQLi/Connection.php:215
Stack trace:
#0 /home/dnzwygdo/djuragancom/vendor/codeigniter4/framework/system/Database/BaseConnection.php(382): CodeIgniter\Database\MySQLi\Connection->connect()
#1 /home/dnzwygdo/djuragancom/vendor/codeigniter4/framework/system/Database/BaseConnection.php(588): CodeIgniter\Database\BaseConnection->initialize()
#2 /home/dnzwygdo/djuragancom/vendor/codeigniter4/framework/system/Database/BaseBuilder.php(1669): CodeIgniter\Database\BaseConnection->query()
#3 /home/dnzwygdo/djuragancom/app/Controllers/Api/Notifikasi.php(37): CodeIgniter\Database\BaseBuilder->countAllResults()
#4 /home/dnzwygdo/djuragancom/vendor/codeigniter4/framework/system/CodeIgniter.php(898): App\Controllers\Api\Notifikasi->get()
#5 /home/dnzwygdo/djuragancom/vendor/codeigniter4/framework/system/CodeIgniter.php(457): CodeIgniter\CodeIgniter->runController()
#6 /home/dnzwygdo/djuragancom/vendor/codeigniter4/framework/system/CodeIgniter.php(340): CodeIgniter\CodeIgniter->handleRequest()
#7 /home/dnzwygdo/public_html/index.php(67): CodeIgniter\CodeIgniter->run()
#8 {main}
CRITICAL - 2023-08-17 16:16:29 --> Unable to connect to the database.
Main connection [MySQLi]: Too many connections
in SYSTEMPATH/Database/BaseConnection.php on line 418.
 1 SYSTEMPATH/Database/BaseConnection.php(588): CodeIgniter\Database\BaseConnection->initialize()
 2 SYSTEMPATH/Database/BaseBuilder.php(1669): CodeIgniter\Database\BaseConnection->query()
 3 APPPATH/Controllers/Api/Notifikasi.php(37): CodeIgniter\Database\BaseBuilder->countAllResults()
 4 SYSTEMPATH/CodeIgniter.php(898): App\Controllers\Api\Notifikasi->get()
 5 SYSTEMPATH/CodeIgniter.php(457): CodeIgniter\CodeIgniter->runController()
 6 SYSTEMPATH/CodeIgniter.php(340): CodeIgniter\CodeIgniter->handleRequest()
 7 FCPATH/index.php(67): CodeIgniter\CodeIgniter->run()
ERROR - 2023-08-17 16:18:01 --> Error connecting to the database: mysqli_sql_exception: Too many connections in /home/dnzwygdo/djuragancom/vendor/codeigniter4/framework/system/Database/MySQLi/Connection.php:171
Stack trace:
#0 /home/dnzwygdo/djuragancom/vendor/codeigniter4/framework/system/Database/MySQLi/Connection.php(171): mysqli->real_connect()
#1 /home/dnzwygdo/djuragancom/vendor/codeigniter4/framework/system/Database/BaseConnection.php(382): CodeIgniter\Database\MySQLi\Connection->connect()
#2 /home/dnzwygdo/djuragancom/vendor/codeigniter4/framework/system/Database/BaseConnection.php(588): CodeIgniter\Database\BaseConnection->initialize()
#3 /home/dnzwygdo/djuragancom/vendor/codeigniter4/framework/system/Database/BaseBuilder.php(1669): CodeIgniter\Database\BaseConnection->query()
#4 /home/dnzwygdo/djuragancom/app/Controllers/Api/Notifikasi.php(37): CodeIgniter\Database\BaseBuilder->countAllResults()
#5 /home/dnzwygdo/djuragancom/vendor/codeigniter4/framework/system/CodeIgniter.php(898): App\Controllers\Api\Notifikasi->get()
#6 /home/dnzwygdo/djuragancom/vendor/codeigniter4/framework/system/CodeIgniter.php(457): CodeIgniter\CodeIgniter->runController()
#7 /home/dnzwygdo/djuragancom/vendor/codeigniter4/framework/system/CodeIgniter.php(340): CodeIgniter\CodeIgniter->handleRequest()
#8 /home/dnzwygdo/public_html/index.php(67): CodeIgniter\CodeIgniter->run()
#9 {main}

Next CodeIgniter\Database\Exceptions\DatabaseException: Too many connections in /home/dnzwygdo/djuragancom/vendor/codeigniter4/framework/system/Database/MySQLi/Connection.php:215
Stack trace:
#0 /home/dnzwygdo/djuragancom/vendor/codeigniter4/framework/system/Database/BaseConnection.php(382): CodeIgniter\Database\MySQLi\Connection->connect()
#1 /home/dnzwygdo/djuragancom/vendor/codeigniter4/framework/system/Database/BaseConnection.php(588): CodeIgniter\Database\BaseConnection->initialize()
#2 /home/dnzwygdo/djuragancom/vendor/codeigniter4/framework/system/Database/BaseBuilder.php(1669): CodeIgniter\Database\BaseConnection->query()
#3 /home/dnzwygdo/djuragancom/app/Controllers/Api/Notifikasi.php(37): CodeIgniter\Database\BaseBuilder->countAllResults()
#4 /home/dnzwygdo/djuragancom/vendor/codeigniter4/framework/system/CodeIgniter.php(898): App\Controllers\Api\Notifikasi->get()
#5 /home/dnzwygdo/djuragancom/vendor/codeigniter4/framework/system/CodeIgniter.php(457): CodeIgniter\CodeIgniter->runController()
#6 /home/dnzwygdo/djuragancom/vendor/codeigniter4/framework/system/CodeIgniter.php(340): CodeIgniter\CodeIgniter->handleRequest()
#7 /home/dnzwygdo/public_html/index.php(67): CodeIgniter\CodeIgniter->run()
#8 {main}
CRITICAL - 2023-08-17 16:18:01 --> Unable to connect to the database.
Main connection [MySQLi]: Too many connections
in SYSTEMPATH/Database/BaseConnection.php on line 418.
 1 SYSTEMPATH/Database/BaseConnection.php(588): CodeIgniter\Database\BaseConnection->initialize()
 2 SYSTEMPATH/Database/BaseBuilder.php(1669): CodeIgniter\Database\BaseConnection->query()
 3 APPPATH/Controllers/Api/Notifikasi.php(37): CodeIgniter\Database\BaseBuilder->countAllResults()
 4 SYSTEMPATH/CodeIgniter.php(898): App\Controllers\Api\Notifikasi->get()
 5 SYSTEMPATH/CodeIgniter.php(457): CodeIgniter\CodeIgniter->runController()
 6 SYSTEMPATH/CodeIgniter.php(340): CodeIgniter\CodeIgniter->handleRequest()
 7 FCPATH/index.php(67): CodeIgniter\CodeIgniter->run()
ERROR - 2023-08-17 16:29:28 --> Error connecting to the database: mysqli_sql_exception: Too many connections in /home/dnzwygdo/djuragancom/vendor/codeigniter4/framework/system/Database/MySQLi/Connection.php:171
Stack trace:
#0 /home/dnzwygdo/djuragancom/vendor/codeigniter4/framework/system/Database/MySQLi/Connection.php(171): mysqli->real_connect()
#1 /home/dnzwygdo/djuragancom/vendor/codeigniter4/framework/system/Database/BaseConnection.php(382): CodeIgniter\Database\MySQLi\Connection->connect()
#2 /home/dnzwygdo/djuragancom/vendor/codeigniter4/framework/system/Database/BaseConnection.php(588): CodeIgniter\Database\BaseConnection->initialize()
#3 /home/dnzwygdo/djuragancom/vendor/codeigniter4/framework/system/Database/BaseBuilder.php(1669): CodeIgniter\Database\BaseConnection->query()
#4 /home/dnzwygdo/djuragancom/app/Controllers/Api/Notifikasi.php(37): CodeIgniter\Database\BaseBuilder->countAllResults()
#5 /home/dnzwygdo/djuragancom/vendor/codeigniter4/framework/system/CodeIgniter.php(898): App\Controllers\Api\Notifikasi->get()
#6 /home/dnzwygdo/djuragancom/vendor/codeigniter4/framework/system/CodeIgniter.php(457): CodeIgniter\CodeIgniter->runController()
#7 /home/dnzwygdo/djuragancom/vendor/codeigniter4/framework/system/CodeIgniter.php(340): CodeIgniter\CodeIgniter->handleRequest()
#8 /home/dnzwygdo/public_html/index.php(67): CodeIgniter\CodeIgniter->run()
#9 {main}

Next CodeIgniter\Database\Exceptions\DatabaseException: Too many connections in /home/dnzwygdo/djuragancom/vendor/codeigniter4/framework/system/Database/MySQLi/Connection.php:215
Stack trace:
#0 /home/dnzwygdo/djuragancom/vendor/codeigniter4/framework/system/Database/BaseConnection.php(382): CodeIgniter\Database\MySQLi\Connection->connect()
#1 /home/dnzwygdo/djuragancom/vendor/codeigniter4/framework/system/Database/BaseConnection.php(588): CodeIgniter\Database\BaseConnection->initialize()
#2 /home/dnzwygdo/djuragancom/vendor/codeigniter4/framework/system/Database/BaseBuilder.php(1669): CodeIgniter\Database\BaseConnection->query()
#3 /home/dnzwygdo/djuragancom/app/Controllers/Api/Notifikasi.php(37): CodeIgniter\Database\BaseBuilder->countAllResults()
#4 /home/dnzwygdo/djuragancom/vendor/codeigniter4/framework/system/CodeIgniter.php(898): App\Controllers\Api\Notifikasi->get()
#5 /home/dnzwygdo/djuragancom/vendor/codeigniter4/framework/system/CodeIgniter.php(457): CodeIgniter\CodeIgniter->runController()
#6 /home/dnzwygdo/djuragancom/vendor/codeigniter4/framework/system/CodeIgniter.php(340): CodeIgniter\CodeIgniter->handleRequest()
#7 /home/dnzwygdo/public_html/index.php(67): CodeIgniter\CodeIgniter->run()
#8 {main}
CRITICAL - 2023-08-17 16:29:28 --> Unable to connect to the database.
Main connection [MySQLi]: Too many connections
in SYSTEMPATH/Database/BaseConnection.php on line 418.
 1 SYSTEMPATH/Database/BaseConnection.php(588): CodeIgniter\Database\BaseConnection->initialize()
 2 SYSTEMPATH/Database/BaseBuilder.php(1669): CodeIgniter\Database\BaseConnection->query()
 3 APPPATH/Controllers/Api/Notifikasi.php(37): CodeIgniter\Database\BaseBuilder->countAllResults()
 4 SYSTEMPATH/CodeIgniter.php(898): App\Controllers\Api\Notifikasi->get()
 5 SYSTEMPATH/CodeIgniter.php(457): CodeIgniter\CodeIgniter->runController()
 6 SYSTEMPATH/CodeIgniter.php(340): CodeIgniter\CodeIgniter->handleRequest()
 7 FCPATH/index.php(67): CodeIgniter\CodeIgniter->run()
ERROR - 2023-08-17 16:30:15 --> Error connecting to the database: mysqli_sql_exception: Too many connections in /home/dnzwygdo/djuragancom/vendor/codeigniter4/framework/system/Database/MySQLi/Connection.php:171
Stack trace:
#0 /home/dnzwygdo/djuragancom/vendor/codeigniter4/framework/system/Database/MySQLi/Connection.php(171): mysqli->real_connect()
#1 /home/dnzwygdo/djuragancom/vendor/codeigniter4/framework/system/Database/BaseConnection.php(382): CodeIgniter\Database\MySQLi\Connection->connect()
#2 /home/dnzwygdo/djuragancom/vendor/codeigniter4/framework/system/Database/BaseConnection.php(588): CodeIgniter\Database\BaseConnection->initialize()
#3 /home/dnzwygdo/djuragancom/vendor/codeigniter4/framework/system/Database/BaseBuilder.php(1669): CodeIgniter\Database\BaseConnection->query()
#4 /home/dnzwygdo/djuragancom/app/Controllers/Api/Notifikasi.php(37): CodeIgniter\Database\BaseBuilder->countAllResults()
#5 /home/dnzwygdo/djuragancom/vendor/codeigniter4/framework/system/CodeIgniter.php(898): App\Controllers\Api\Notifikasi->get()
#6 /home/dnzwygdo/djuragancom/vendor/codeigniter4/framework/system/CodeIgniter.php(457): CodeIgniter\CodeIgniter->runController()
#7 /home/dnzwygdo/djuragancom/vendor/codeigniter4/framework/system/CodeIgniter.php(340): CodeIgniter\CodeIgniter->handleRequest()
#8 /home/dnzwygdo/public_html/index.php(67): CodeIgniter\CodeIgniter->run()
#9 {main}

Next CodeIgniter\Database\Exceptions\DatabaseException: Too many connections in /home/dnzwygdo/djuragancom/vendor/codeigniter4/framework/system/Database/MySQLi/Connection.php:215
Stack trace:
#0 /home/dnzwygdo/djuragancom/vendor/codeigniter4/framework/system/Database/BaseConnection.php(382): CodeIgniter\Database\MySQLi\Connection->connect()
#1 /home/dnzwygdo/djuragancom/vendor/codeigniter4/framework/system/Database/BaseConnection.php(588): CodeIgniter\Database\BaseConnection->initialize()
#2 /home/dnzwygdo/djuragancom/vendor/codeigniter4/framework/system/Database/BaseBuilder.php(1669): CodeIgniter\Database\BaseConnection->query()
#3 /home/dnzwygdo/djuragancom/app/Controllers/Api/Notifikasi.php(37): CodeIgniter\Database\BaseBuilder->countAllResults()
#4 /home/dnzwygdo/djuragancom/vendor/codeigniter4/framework/system/CodeIgniter.php(898): App\Controllers\Api\Notifikasi->get()
#5 /home/dnzwygdo/djuragancom/vendor/codeigniter4/framework/system/CodeIgniter.php(457): CodeIgniter\CodeIgniter->runController()
#6 /home/dnzwygdo/djuragancom/vendor/codeigniter4/framework/system/CodeIgniter.php(340): CodeIgniter\CodeIgniter->handleRequest()
#7 /home/dnzwygdo/public_html/index.php(67): CodeIgniter\CodeIgniter->run()
#8 {main}
CRITICAL - 2023-08-17 16:30:15 --> Unable to connect to the database.
Main connection [MySQLi]: Too many connections
in SYSTEMPATH/Database/BaseConnection.php on line 418.
 1 SYSTEMPATH/Database/BaseConnection.php(588): CodeIgniter\Database\BaseConnection->initialize()
 2 SYSTEMPATH/Database/BaseBuilder.php(1669): CodeIgniter\Database\BaseConnection->query()
 3 APPPATH/Controllers/Api/Notifikasi.php(37): CodeIgniter\Database\BaseBuilder->countAllResults()
 4 SYSTEMPATH/CodeIgniter.php(898): App\Controllers\Api\Notifikasi->get()
 5 SYSTEMPATH/CodeIgniter.php(457): CodeIgniter\CodeIgniter->runController()
 6 SYSTEMPATH/CodeIgniter.php(340): CodeIgniter\CodeIgniter->handleRequest()
 7 FCPATH/index.php(67): CodeIgniter\CodeIgniter->run()
ERROR - 2023-08-17 16:30:20 --> Error connecting to the database: mysqli_sql_exception: Too many connections in /home/dnzwygdo/djuragancom/vendor/codeigniter4/framework/system/Database/MySQLi/Connection.php:171
Stack trace:
#0 /home/dnzwygdo/djuragancom/vendor/codeigniter4/framework/system/Database/MySQLi/Connection.php(171): mysqli->real_connect()
#1 /home/dnzwygdo/djuragancom/vendor/codeigniter4/framework/system/Database/BaseConnection.php(382): CodeIgniter\Database\MySQLi\Connection->connect()
#2 /home/dnzwygdo/djuragancom/vendor/codeigniter4/framework/system/Database/BaseConnection.php(588): CodeIgniter\Database\BaseConnection->initialize()
#3 /home/dnzwygdo/djuragancom/vendor/codeigniter4/framework/system/Database/BaseBuilder.php(1669): CodeIgniter\Database\BaseConnection->query()
#4 /home/dnzwygdo/djuragancom/app/Controllers/Api/Notifikasi.php(37): CodeIgniter\Database\BaseBuilder->countAllResults()
#5 /home/dnzwygdo/djuragancom/vendor/codeigniter4/framework/system/CodeIgniter.php(898): App\Controllers\Api\Notifikasi->get()
#6 /home/dnzwygdo/djuragancom/vendor/codeigniter4/framework/system/CodeIgniter.php(457): CodeIgniter\CodeIgniter->runController()
#7 /home/dnzwygdo/djuragancom/vendor/codeigniter4/framework/system/CodeIgniter.php(340): CodeIgniter\CodeIgniter->handleRequest()
#8 /home/dnzwygdo/public_html/index.php(67): CodeIgniter\CodeIgniter->run()
#9 {main}

Next CodeIgniter\Database\Exceptions\DatabaseException: Too many connections in /home/dnzwygdo/djuragancom/vendor/codeigniter4/framework/system/Database/MySQLi/Connection.php:215
Stack trace:
#0 /home/dnzwygdo/djuragancom/vendor/codeigniter4/framework/system/Database/BaseConnection.php(382): CodeIgniter\Database\MySQLi\Connection->connect()
#1 /home/dnzwygdo/djuragancom/vendor/codeigniter4/framework/system/Database/BaseConnection.php(588): CodeIgniter\Database\BaseConnection->initialize()
#2 /home/dnzwygdo/djuragancom/vendor/codeigniter4/framework/system/Database/BaseBuilder.php(1669): CodeIgniter\Database\BaseConnection->query()
#3 /home/dnzwygdo/djuragancom/app/Controllers/Api/Notifikasi.php(37): CodeIgniter\Database\BaseBuilder->countAllResults()
#4 /home/dnzwygdo/djuragancom/vendor/codeigniter4/framework/system/CodeIgniter.php(898): App\Controllers\Api\Notifikasi->get()
#5 /home/dnzwygdo/djuragancom/vendor/codeigniter4/framework/system/CodeIgniter.php(457): CodeIgniter\CodeIgniter->runController()
#6 /home/dnzwygdo/djuragancom/vendor/codeigniter4/framework/system/CodeIgniter.php(340): CodeIgniter\CodeIgniter->handleRequest()
#7 /home/dnzwygdo/public_html/index.php(67): CodeIgniter\CodeIgniter->run()
#8 {main}
CRITICAL - 2023-08-17 16:30:20 --> Unable to connect to the database.
Main connection [MySQLi]: Too many connections
in SYSTEMPATH/Database/BaseConnection.php on line 418.
 1 SYSTEMPATH/Database/BaseConnection.php(588): CodeIgniter\Database\BaseConnection->initialize()
 2 SYSTEMPATH/Database/BaseBuilder.php(1669): CodeIgniter\Database\BaseConnection->query()
 3 APPPATH/Controllers/Api/Notifikasi.php(37): CodeIgniter\Database\BaseBuilder->countAllResults()
 4 SYSTEMPATH/CodeIgniter.php(898): App\Controllers\Api\Notifikasi->get()
 5 SYSTEMPATH/CodeIgniter.php(457): CodeIgniter\CodeIgniter->runController()
 6 SYSTEMPATH/CodeIgniter.php(340): CodeIgniter\CodeIgniter->handleRequest()
 7 FCPATH/index.php(67): CodeIgniter\CodeIgniter->run()
ERROR - 2023-08-17 16:31:17 --> Error connecting to the database: mysqli_sql_exception: Too many connections in /home/dnzwygdo/djuragancom/vendor/codeigniter4/framework/system/Database/MySQLi/Connection.php:171
Stack trace:
#0 /home/dnzwygdo/djuragancom/vendor/codeigniter4/framework/system/Database/MySQLi/Connection.php(171): mysqli->real_connect()
#1 /home/dnzwygdo/djuragancom/vendor/codeigniter4/framework/system/Database/BaseConnection.php(382): CodeIgniter\Database\MySQLi\Connection->connect()
#2 /home/dnzwygdo/djuragancom/vendor/codeigniter4/framework/system/Database/BaseConnection.php(588): CodeIgniter\Database\BaseConnection->initialize()
#3 /home/dnzwygdo/djuragancom/vendor/codeigniter4/framework/system/Database/BaseBuilder.php(1669): CodeIgniter\Database\BaseConnection->query()
#4 /home/dnzwygdo/djuragancom/app/Controllers/Api/Notifikasi.php(37): CodeIgniter\Database\BaseBuilder->countAllResults()
#5 /home/dnzwygdo/djuragancom/vendor/codeigniter4/framework/system/CodeIgniter.php(898): App\Controllers\Api\Notifikasi->get()
#6 /home/dnzwygdo/djuragancom/vendor/codeigniter4/framework/system/CodeIgniter.php(457): CodeIgniter\CodeIgniter->runController()
#7 /home/dnzwygdo/djuragancom/vendor/codeigniter4/framework/system/CodeIgniter.php(340): CodeIgniter\CodeIgniter->handleRequest()
#8 /home/dnzwygdo/public_html/index.php(67): CodeIgniter\CodeIgniter->run()
#9 {main}

Next CodeIgniter\Database\Exceptions\DatabaseException: Too many connections in /home/dnzwygdo/djuragancom/vendor/codeigniter4/framework/system/Database/MySQLi/Connection.php:215
Stack trace:
#0 /home/dnzwygdo/djuragancom/vendor/codeigniter4/framework/system/Database/BaseConnection.php(382): CodeIgniter\Database\MySQLi\Connection->connect()
#1 /home/dnzwygdo/djuragancom/vendor/codeigniter4/framework/system/Database/BaseConnection.php(588): CodeIgniter\Database\BaseConnection->initialize()
#2 /home/dnzwygdo/djuragancom/vendor/codeigniter4/framework/system/Database/BaseBuilder.php(1669): CodeIgniter\Database\BaseConnection->query()
#3 /home/dnzwygdo/djuragancom/app/Controllers/Api/Notifikasi.php(37): CodeIgniter\Database\BaseBuilder->countAllResults()
#4 /home/dnzwygdo/djuragancom/vendor/codeigniter4/framework/system/CodeIgniter.php(898): App\Controllers\Api\Notifikasi->get()
#5 /home/dnzwygdo/djuragancom/vendor/codeigniter4/framework/system/CodeIgniter.php(457): CodeIgniter\CodeIgniter->runController()
#6 /home/dnzwygdo/djuragancom/vendor/codeigniter4/framework/system/CodeIgniter.php(340): CodeIgniter\CodeIgniter->handleRequest()
#7 /home/dnzwygdo/public_html/index.php(67): CodeIgniter\CodeIgniter->run()
#8 {main}
CRITICAL - 2023-08-17 16:31:17 --> Unable to connect to the database.
Main connection [MySQLi]: Too many connections
in SYSTEMPATH/Database/BaseConnection.php on line 418.
 1 SYSTEMPATH/Database/BaseConnection.php(588): CodeIgniter\Database\BaseConnection->initialize()
 2 SYSTEMPATH/Database/BaseBuilder.php(1669): CodeIgniter\Database\BaseConnection->query()
 3 APPPATH/Controllers/Api/Notifikasi.php(37): CodeIgniter\Database\BaseBuilder->countAllResults()
 4 SYSTEMPATH/CodeIgniter.php(898): App\Controllers\Api\Notifikasi->get()
 5 SYSTEMPATH/CodeIgniter.php(457): CodeIgniter\CodeIgniter->runController()
 6 SYSTEMPATH/CodeIgniter.php(340): CodeIgniter\CodeIgniter->handleRequest()
 7 FCPATH/index.php(67): CodeIgniter\CodeIgniter->run()
ERROR - 2023-08-17 16:33:49 --> Error connecting to the database: mysqli_sql_exception: Too many connections in /home/dnzwygdo/djuragancom/vendor/codeigniter4/framework/system/Database/MySQLi/Connection.php:171
Stack trace:
#0 /home/dnzwygdo/djuragancom/vendor/codeigniter4/framework/system/Database/MySQLi/Connection.php(171): mysqli->real_connect()
#1 /home/dnzwygdo/djuragancom/vendor/codeigniter4/framework/system/Database/BaseConnection.php(382): CodeIgniter\Database\MySQLi\Connection->connect()
#2 /home/dnzwygdo/djuragancom/vendor/codeigniter4/framework/system/Database/BaseConnection.php(588): CodeIgniter\Database\BaseConnection->initialize()
#3 /home/dnzwygdo/djuragancom/vendor/codeigniter4/framework/system/Database/BaseBuilder.php(1669): CodeIgniter\Database\BaseConnection->query()
#4 /home/dnzwygdo/djuragancom/app/Controllers/Api/Notifikasi.php(37): CodeIgniter\Database\BaseBuilder->countAllResults()
#5 /home/dnzwygdo/djuragancom/vendor/codeigniter4/framework/system/CodeIgniter.php(898): App\Controllers\Api\Notifikasi->get()
#6 /home/dnzwygdo/djuragancom/vendor/codeigniter4/framework/system/CodeIgniter.php(457): CodeIgniter\CodeIgniter->runController()
#7 /home/dnzwygdo/djuragancom/vendor/codeigniter4/framework/system/CodeIgniter.php(340): CodeIgniter\CodeIgniter->handleRequest()
#8 /home/dnzwygdo/public_html/index.php(67): CodeIgniter\CodeIgniter->run()
#9 {main}

Next CodeIgniter\Database\Exceptions\DatabaseException: Too many connections in /home/dnzwygdo/djuragancom/vendor/codeigniter4/framework/system/Database/MySQLi/Connection.php:215
Stack trace:
#0 /home/dnzwygdo/djuragancom/vendor/codeigniter4/framework/system/Database/BaseConnection.php(382): CodeIgniter\Database\MySQLi\Connection->connect()
#1 /home/dnzwygdo/djuragancom/vendor/codeigniter4/framework/system/Database/BaseConnection.php(588): CodeIgniter\Database\BaseConnection->initialize()
#2 /home/dnzwygdo/djuragancom/vendor/codeigniter4/framework/system/Database/BaseBuilder.php(1669): CodeIgniter\Database\BaseConnection->query()
#3 /home/dnzwygdo/djuragancom/app/Controllers/Api/Notifikasi.php(37): CodeIgniter\Database\BaseBuilder->countAllResults()
#4 /home/dnzwygdo/djuragancom/vendor/codeigniter4/framework/system/CodeIgniter.php(898): App\Controllers\Api\Notifikasi->get()
#5 /home/dnzwygdo/djuragancom/vendor/codeigniter4/framework/system/CodeIgniter.php(457): CodeIgniter\CodeIgniter->runController()
#6 /home/dnzwygdo/djuragancom/vendor/codeigniter4/framework/system/CodeIgniter.php(340): CodeIgniter\CodeIgniter->handleRequest()
#7 /home/dnzwygdo/public_html/index.php(67): CodeIgniter\CodeIgniter->run()
#8 {main}
CRITICAL - 2023-08-17 16:33:49 --> Unable to connect to the database.
Main connection [MySQLi]: Too many connections
in SYSTEMPATH/Database/BaseConnection.php on line 418.
 1 SYSTEMPATH/Database/BaseConnection.php(588): CodeIgniter\Database\BaseConnection->initialize()
 2 SYSTEMPATH/Database/BaseBuilder.php(1669): CodeIgniter\Database\BaseConnection->query()
 3 APPPATH/Controllers/Api/Notifikasi.php(37): CodeIgniter\Database\BaseBuilder->countAllResults()
 4 SYSTEMPATH/CodeIgniter.php(898): App\Controllers\Api\Notifikasi->get()
 5 SYSTEMPATH/CodeIgniter.php(457): CodeIgniter\CodeIgniter->runController()
 6 SYSTEMPATH/CodeIgniter.php(340): CodeIgniter\CodeIgniter->handleRequest()
 7 FCPATH/index.php(67): CodeIgniter\CodeIgniter->run()
ERROR - 2023-08-17 16:34:15 --> Error connecting to the database: mysqli_sql_exception: Too many connections in /home/dnzwygdo/djuragancom/vendor/codeigniter4/framework/system/Database/MySQLi/Connection.php:171
Stack trace:
#0 /home/dnzwygdo/djuragancom/vendor/codeigniter4/framework/system/Database/MySQLi/Connection.php(171): mysqli->real_connect()
#1 /home/dnzwygdo/djuragancom/vendor/codeigniter4/framework/system/Database/BaseConnection.php(382): CodeIgniter\Database\MySQLi\Connection->connect()
#2 /home/dnzwygdo/djuragancom/vendor/codeigniter4/framework/system/Database/BaseConnection.php(588): CodeIgniter\Database\BaseConnection->initialize()
#3 /home/dnzwygdo/djuragancom/vendor/codeigniter4/framework/system/Database/BaseBuilder.php(1669): CodeIgniter\Database\BaseConnection->query()
#4 /home/dnzwygdo/djuragancom/app/Controllers/Api/Notifikasi.php(37): CodeIgniter\Database\BaseBuilder->countAllResults()
#5 /home/dnzwygdo/djuragancom/vendor/codeigniter4/framework/system/CodeIgniter.php(898): App\Controllers\Api\Notifikasi->get()
#6 /home/dnzwygdo/djuragancom/vendor/codeigniter4/framework/system/CodeIgniter.php(457): CodeIgniter\CodeIgniter->runController()
#7 /home/dnzwygdo/djuragancom/vendor/codeigniter4/framework/system/CodeIgniter.php(340): CodeIgniter\CodeIgniter->handleRequest()
#8 /home/dnzwygdo/public_html/index.php(67): CodeIgniter\CodeIgniter->run()
#9 {main}

Next CodeIgniter\Database\Exceptions\DatabaseException: Too many connections in /home/dnzwygdo/djuragancom/vendor/codeigniter4/framework/system/Database/MySQLi/Connection.php:215
Stack trace:
#0 /home/dnzwygdo/djuragancom/vendor/codeigniter4/framework/system/Database/BaseConnection.php(382): CodeIgniter\Database\MySQLi\Connection->connect()
#1 /home/dnzwygdo/djuragancom/vendor/codeigniter4/framework/system/Database/BaseConnection.php(588): CodeIgniter\Database\BaseConnection->initialize()
#2 /home/dnzwygdo/djuragancom/vendor/codeigniter4/framework/system/Database/BaseBuilder.php(1669): CodeIgniter\Database\BaseConnection->query()
#3 /home/dnzwygdo/djuragancom/app/Controllers/Api/Notifikasi.php(37): CodeIgniter\Database\BaseBuilder->countAllResults()
#4 /home/dnzwygdo/djuragancom/vendor/codeigniter4/framework/system/CodeIgniter.php(898): App\Controllers\Api\Notifikasi->get()
#5 /home/dnzwygdo/djuragancom/vendor/codeigniter4/framework/system/CodeIgniter.php(457): CodeIgniter\CodeIgniter->runController()
#6 /home/dnzwygdo/djuragancom/vendor/codeigniter4/framework/system/CodeIgniter.php(340): CodeIgniter\CodeIgniter->handleRequest()
#7 /home/dnzwygdo/public_html/index.php(67): CodeIgniter\CodeIgniter->run()
#8 {main}
CRITICAL - 2023-08-17 16:34:15 --> Unable to connect to the database.
Main connection [MySQLi]: Too many connections
in SYSTEMPATH/Database/BaseConnection.php on line 418.
 1 SYSTEMPATH/Database/BaseConnection.php(588): CodeIgniter\Database\BaseConnection->initialize()
 2 SYSTEMPATH/Database/BaseBuilder.php(1669): CodeIgniter\Database\BaseConnection->query()
 3 APPPATH/Controllers/Api/Notifikasi.php(37): CodeIgniter\Database\BaseBuilder->countAllResults()
 4 SYSTEMPATH/CodeIgniter.php(898): App\Controllers\Api\Notifikasi->get()
 5 SYSTEMPATH/CodeIgniter.php(457): CodeIgniter\CodeIgniter->runController()
 6 SYSTEMPATH/CodeIgniter.php(340): CodeIgniter\CodeIgniter->handleRequest()
 7 FCPATH/index.php(67): CodeIgniter\CodeIgniter->run()
ERROR - 2023-08-17 16:35:58 --> Error connecting to the database: mysqli_sql_exception: Too many connections in /home/dnzwygdo/djuragancom/vendor/codeigniter4/framework/system/Database/MySQLi/Connection.php:171
Stack trace:
#0 /home/dnzwygdo/djuragancom/vendor/codeigniter4/framework/system/Database/MySQLi/Connection.php(171): mysqli->real_connect()
#1 /home/dnzwygdo/djuragancom/vendor/codeigniter4/framework/system/Database/BaseConnection.php(382): CodeIgniter\Database\MySQLi\Connection->connect()
#2 /home/dnzwygdo/djuragancom/vendor/codeigniter4/framework/system/Database/BaseConnection.php(588): CodeIgniter\Database\BaseConnection->initialize()
#3 /home/dnzwygdo/djuragancom/vendor/codeigniter4/framework/system/Database/BaseBuilder.php(1669): CodeIgniter\Database\BaseConnection->query()
#4 /home/dnzwygdo/djuragancom/app/Controllers/Api/Notifikasi.php(37): CodeIgniter\Database\BaseBuilder->countAllResults()
#5 /home/dnzwygdo/djuragancom/vendor/codeigniter4/framework/system/CodeIgniter.php(898): App\Controllers\Api\Notifikasi->get()
#6 /home/dnzwygdo/djuragancom/vendor/codeigniter4/framework/system/CodeIgniter.php(457): CodeIgniter\CodeIgniter->runController()
#7 /home/dnzwygdo/djuragancom/vendor/codeigniter4/framework/system/CodeIgniter.php(340): CodeIgniter\CodeIgniter->handleRequest()
#8 /home/dnzwygdo/public_html/index.php(67): CodeIgniter\CodeIgniter->run()
#9 {main}

Next CodeIgniter\Database\Exceptions\DatabaseException: Too many connections in /home/dnzwygdo/djuragancom/vendor/codeigniter4/framework/system/Database/MySQLi/Connection.php:215
Stack trace:
#0 /home/dnzwygdo/djuragancom/vendor/codeigniter4/framework/system/Database/BaseConnection.php(382): CodeIgniter\Database\MySQLi\Connection->connect()
#1 /home/dnzwygdo/djuragancom/vendor/codeigniter4/framework/system/Database/BaseConnection.php(588): CodeIgniter\Database\BaseConnection->initialize()
#2 /home/dnzwygdo/djuragancom/vendor/codeigniter4/framework/system/Database/BaseBuilder.php(1669): CodeIgniter\Database\BaseConnection->query()
#3 /home/dnzwygdo/djuragancom/app/Controllers/Api/Notifikasi.php(37): CodeIgniter\Database\BaseBuilder->countAllResults()
#4 /home/dnzwygdo/djuragancom/vendor/codeigniter4/framework/system/CodeIgniter.php(898): App\Controllers\Api\Notifikasi->get()
#5 /home/dnzwygdo/djuragancom/vendor/codeigniter4/framework/system/CodeIgniter.php(457): CodeIgniter\CodeIgniter->runController()
#6 /home/dnzwygdo/djuragancom/vendor/codeigniter4/framework/system/CodeIgniter.php(340): CodeIgniter\CodeIgniter->handleRequest()
#7 /home/dnzwygdo/public_html/index.php(67): CodeIgniter\CodeIgniter->run()
#8 {main}
CRITICAL - 2023-08-17 16:35:58 --> Unable to connect to the database.
Main connection [MySQLi]: Too many connections
in SYSTEMPATH/Database/BaseConnection.php on line 418.
 1 SYSTEMPATH/Database/BaseConnection.php(588): CodeIgniter\Database\BaseConnection->initialize()
 2 SYSTEMPATH/Database/BaseBuilder.php(1669): CodeIgniter\Database\BaseConnection->query()
 3 APPPATH/Controllers/Api/Notifikasi.php(37): CodeIgniter\Database\BaseBuilder->countAllResults()
 4 SYSTEMPATH/CodeIgniter.php(898): App\Controllers\Api\Notifikasi->get()
 5 SYSTEMPATH/CodeIgniter.php(457): CodeIgniter\CodeIgniter->runController()
 6 SYSTEMPATH/CodeIgniter.php(340): CodeIgniter\CodeIgniter->handleRequest()
 7 FCPATH/index.php(67): CodeIgniter\CodeIgniter->run()
ERROR - 2023-08-17 16:36:28 --> Error connecting to the database: mysqli_sql_exception: Too many connections in /home/dnzwygdo/djuragancom/vendor/codeigniter4/framework/system/Database/MySQLi/Connection.php:171
Stack trace:
#0 /home/dnzwygdo/djuragancom/vendor/codeigniter4/framework/system/Database/MySQLi/Connection.php(171): mysqli->real_connect()
#1 /home/dnzwygdo/djuragancom/vendor/codeigniter4/framework/system/Database/BaseConnection.php(382): CodeIgniter\Database\MySQLi\Connection->connect()
#2 /home/dnzwygdo/djuragancom/vendor/codeigniter4/framework/system/Database/BaseConnection.php(588): CodeIgniter\Database\BaseConnection->initialize()
#3 /home/dnzwygdo/djuragancom/vendor/codeigniter4/framework/system/Database/BaseBuilder.php(1669): CodeIgniter\Database\BaseConnection->query()
#4 /home/dnzwygdo/djuragancom/app/Controllers/Api/Notifikasi.php(37): CodeIgniter\Database\BaseBuilder->countAllResults()
#5 /home/dnzwygdo/djuragancom/vendor/codeigniter4/framework/system/CodeIgniter.php(898): App\Controllers\Api\Notifikasi->get()
#6 /home/dnzwygdo/djuragancom/vendor/codeigniter4/framework/system/CodeIgniter.php(457): CodeIgniter\CodeIgniter->runController()
#7 /home/dnzwygdo/djuragancom/vendor/codeigniter4/framework/system/CodeIgniter.php(340): CodeIgniter\CodeIgniter->handleRequest()
#8 /home/dnzwygdo/public_html/index.php(67): CodeIgniter\CodeIgniter->run()
#9 {main}

Next CodeIgniter\Database\Exceptions\DatabaseException: Too many connections in /home/dnzwygdo/djuragancom/vendor/codeigniter4/framework/system/Database/MySQLi/Connection.php:215
Stack trace:
#0 /home/dnzwygdo/djuragancom/vendor/codeigniter4/framework/system/Database/BaseConnection.php(382): CodeIgniter\Database\MySQLi\Connection->connect()
#1 /home/dnzwygdo/djuragancom/vendor/codeigniter4/framework/system/Database/BaseConnection.php(588): CodeIgniter\Database\BaseConnection->initialize()
#2 /home/dnzwygdo/djuragancom/vendor/codeigniter4/framework/system/Database/BaseBuilder.php(1669): CodeIgniter\Database\BaseConnection->query()
#3 /home/dnzwygdo/djuragancom/app/Controllers/Api/Notifikasi.php(37): CodeIgniter\Database\BaseBuilder->countAllResults()
#4 /home/dnzwygdo/djuragancom/vendor/codeigniter4/framework/system/CodeIgniter.php(898): App\Controllers\Api\Notifikasi->get()
#5 /home/dnzwygdo/djuragancom/vendor/codeigniter4/framework/system/CodeIgniter.php(457): CodeIgniter\CodeIgniter->runController()
#6 /home/dnzwygdo/djuragancom/vendor/codeigniter4/framework/system/CodeIgniter.php(340): CodeIgniter\CodeIgniter->handleRequest()
#7 /home/dnzwygdo/public_html/index.php(67): CodeIgniter\CodeIgniter->run()
#8 {main}
CRITICAL - 2023-08-17 16:36:28 --> Unable to connect to the database.
Main connection [MySQLi]: Too many connections
in SYSTEMPATH/Database/BaseConnection.php on line 418.
 1 SYSTEMPATH/Database/BaseConnection.php(588): CodeIgniter\Database\BaseConnection->initialize()
 2 SYSTEMPATH/Database/BaseBuilder.php(1669): CodeIgniter\Database\BaseConnection->query()
 3 APPPATH/Controllers/Api/Notifikasi.php(37): CodeIgniter\Database\BaseBuilder->countAllResults()
 4 SYSTEMPATH/CodeIgniter.php(898): App\Controllers\Api\Notifikasi->get()
 5 SYSTEMPATH/CodeIgniter.php(457): CodeIgniter\CodeIgniter->runController()
 6 SYSTEMPATH/CodeIgniter.php(340): CodeIgniter\CodeIgniter->handleRequest()
 7 FCPATH/index.php(67): CodeIgniter\CodeIgniter->run()
ERROR - 2023-08-17 16:37:54 --> Error connecting to the database: mysqli_sql_exception: Too many connections in /home/dnzwygdo/djuragancom/vendor/codeigniter4/framework/system/Database/MySQLi/Connection.php:171
Stack trace:
#0 /home/dnzwygdo/djuragancom/vendor/codeigniter4/framework/system/Database/MySQLi/Connection.php(171): mysqli->real_connect()
#1 /home/dnzwygdo/djuragancom/vendor/codeigniter4/framework/system/Database/BaseConnection.php(382): CodeIgniter\Database\MySQLi\Connection->connect()
#2 /home/dnzwygdo/djuragancom/vendor/codeigniter4/framework/system/Database/BaseConnection.php(588): CodeIgniter\Database\BaseConnection->initialize()
#3 /home/dnzwygdo/djuragancom/vendor/codeigniter4/framework/system/Database/BaseBuilder.php(1669): CodeIgniter\Database\BaseConnection->query()
#4 /home/dnzwygdo/djuragancom/app/Controllers/Api/Notifikasi.php(37): CodeIgniter\Database\BaseBuilder->countAllResults()
#5 /home/dnzwygdo/djuragancom/vendor/codeigniter4/framework/system/CodeIgniter.php(898): App\Controllers\Api\Notifikasi->get()
#6 /home/dnzwygdo/djuragancom/vendor/codeigniter4/framework/system/CodeIgniter.php(457): CodeIgniter\CodeIgniter->runController()
#7 /home/dnzwygdo/djuragancom/vendor/codeigniter4/framework/system/CodeIgniter.php(340): CodeIgniter\CodeIgniter->handleRequest()
#8 /home/dnzwygdo/public_html/index.php(67): CodeIgniter\CodeIgniter->run()
#9 {main}

Next CodeIgniter\Database\Exceptions\DatabaseException: Too many connections in /home/dnzwygdo/djuragancom/vendor/codeigniter4/framework/system/Database/MySQLi/Connection.php:215
Stack trace:
#0 /home/dnzwygdo/djuragancom/vendor/codeigniter4/framework/system/Database/BaseConnection.php(382): CodeIgniter\Database\MySQLi\Connection->connect()
#1 /home/dnzwygdo/djuragancom/vendor/codeigniter4/framework/system/Database/BaseConnection.php(588): CodeIgniter\Database\BaseConnection->initialize()
#2 /home/dnzwygdo/djuragancom/vendor/codeigniter4/framework/system/Database/BaseBuilder.php(1669): CodeIgniter\Database\BaseConnection->query()
#3 /home/dnzwygdo/djuragancom/app/Controllers/Api/Notifikasi.php(37): CodeIgniter\Database\BaseBuilder->countAllResults()
#4 /home/dnzwygdo/djuragancom/vendor/codeigniter4/framework/system/CodeIgniter.php(898): App\Controllers\Api\Notifikasi->get()
#5 /home/dnzwygdo/djuragancom/vendor/codeigniter4/framework/system/CodeIgniter.php(457): CodeIgniter\CodeIgniter->runController()
#6 /home/dnzwygdo/djuragancom/vendor/codeigniter4/framework/system/CodeIgniter.php(340): CodeIgniter\CodeIgniter->handleRequest()
#7 /home/dnzwygdo/public_html/index.php(67): CodeIgniter\CodeIgniter->run()
#8 {main}
CRITICAL - 2023-08-17 16:37:54 --> Unable to connect to the database.
Main connection [MySQLi]: Too many connections
in SYSTEMPATH/Database/BaseConnection.php on line 418.
 1 SYSTEMPATH/Database/BaseConnection.php(588): CodeIgniter\Database\BaseConnection->initialize()
 2 SYSTEMPATH/Database/BaseBuilder.php(1669): CodeIgniter\Database\BaseConnection->query()
 3 APPPATH/Controllers/Api/Notifikasi.php(37): CodeIgniter\Database\BaseBuilder->countAllResults()
 4 SYSTEMPATH/CodeIgniter.php(898): App\Controllers\Api\Notifikasi->get()
 5 SYSTEMPATH/CodeIgniter.php(457): CodeIgniter\CodeIgniter->runController()
 6 SYSTEMPATH/CodeIgniter.php(340): CodeIgniter\CodeIgniter->handleRequest()
 7 FCPATH/index.php(67): CodeIgniter\CodeIgniter->run()
ERROR - 2023-08-17 16:38:18 --> Error connecting to the database: mysqli_sql_exception: Too many connections in /home/dnzwygdo/djuragancom/vendor/codeigniter4/framework/system/Database/MySQLi/Connection.php:171
Stack trace:
#0 /home/dnzwygdo/djuragancom/vendor/codeigniter4/framework/system/Database/MySQLi/Connection.php(171): mysqli->real_connect()
#1 /home/dnzwygdo/djuragancom/vendor/codeigniter4/framework/system/Database/BaseConnection.php(382): CodeIgniter\Database\MySQLi\Connection->connect()
#2 /home/dnzwygdo/djuragancom/vendor/codeigniter4/framework/system/Database/BaseConnection.php(588): CodeIgniter\Database\BaseConnection->initialize()
#3 /home/dnzwygdo/djuragancom/vendor/codeigniter4/framework/system/Database/BaseBuilder.php(1669): CodeIgniter\Database\BaseConnection->query()
#4 /home/dnzwygdo/djuragancom/app/Controllers/Api/Notifikasi.php(37): CodeIgniter\Database\BaseBuilder->countAllResults()
#5 /home/dnzwygdo/djuragancom/vendor/codeigniter4/framework/system/CodeIgniter.php(898): App\Controllers\Api\Notifikasi->get()
#6 /home/dnzwygdo/djuragancom/vendor/codeigniter4/framework/system/CodeIgniter.php(457): CodeIgniter\CodeIgniter->runController()
#7 /home/dnzwygdo/djuragancom/vendor/codeigniter4/framework/system/CodeIgniter.php(340): CodeIgniter\CodeIgniter->handleRequest()
#8 /home/dnzwygdo/public_html/index.php(67): CodeIgniter\CodeIgniter->run()
#9 {main}

Next CodeIgniter\Database\Exceptions\DatabaseException: Too many connections in /home/dnzwygdo/djuragancom/vendor/codeigniter4/framework/system/Database/MySQLi/Connection.php:215
Stack trace:
#0 /home/dnzwygdo/djuragancom/vendor/codeigniter4/framework/system/Database/BaseConnection.php(382): CodeIgniter\Database\MySQLi\Connection->connect()
#1 /home/dnzwygdo/djuragancom/vendor/codeigniter4/framework/system/Database/BaseConnection.php(588): CodeIgniter\Database\BaseConnection->initialize()
#2 /home/dnzwygdo/djuragancom/vendor/codeigniter4/framework/system/Database/BaseBuilder.php(1669): CodeIgniter\Database\BaseConnection->query()
#3 /home/dnzwygdo/djuragancom/app/Controllers/Api/Notifikasi.php(37): CodeIgniter\Database\BaseBuilder->countAllResults()
#4 /home/dnzwygdo/djuragancom/vendor/codeigniter4/framework/system/CodeIgniter.php(898): App\Controllers\Api\Notifikasi->get()
#5 /home/dnzwygdo/djuragancom/vendor/codeigniter4/framework/system/CodeIgniter.php(457): CodeIgniter\CodeIgniter->runController()
#6 /home/dnzwygdo/djuragancom/vendor/codeigniter4/framework/system/CodeIgniter.php(340): CodeIgniter\CodeIgniter->handleRequest()
#7 /home/dnzwygdo/public_html/index.php(67): CodeIgniter\CodeIgniter->run()
#8 {main}
CRITICAL - 2023-08-17 16:38:18 --> Unable to connect to the database.
Main connection [MySQLi]: Too many connections
in SYSTEMPATH/Database/BaseConnection.php on line 418.
 1 SYSTEMPATH/Database/BaseConnection.php(588): CodeIgniter\Database\BaseConnection->initialize()
 2 SYSTEMPATH/Database/BaseBuilder.php(1669): CodeIgniter\Database\BaseConnection->query()
 3 APPPATH/Controllers/Api/Notifikasi.php(37): CodeIgniter\Database\BaseBuilder->countAllResults()
 4 SYSTEMPATH/CodeIgniter.php(898): App\Controllers\Api\Notifikasi->get()
 5 SYSTEMPATH/CodeIgniter.php(457): CodeIgniter\CodeIgniter->runController()
 6 SYSTEMPATH/CodeIgniter.php(340): CodeIgniter\CodeIgniter->handleRequest()
 7 FCPATH/index.php(67): CodeIgniter\CodeIgniter->run()
ERROR - 2023-08-17 16:39:15 --> Error connecting to the database: mysqli_sql_exception: Too many connections in /home/dnzwygdo/djuragancom/vendor/codeigniter4/framework/system/Database/MySQLi/Connection.php:171
Stack trace:
#0 /home/dnzwygdo/djuragancom/vendor/codeigniter4/framework/system/Database/MySQLi/Connection.php(171): mysqli->real_connect()
#1 /home/dnzwygdo/djuragancom/vendor/codeigniter4/framework/system/Database/BaseConnection.php(382): CodeIgniter\Database\MySQLi\Connection->connect()
#2 /home/dnzwygdo/djuragancom/vendor/codeigniter4/framework/system/Database/BaseConnection.php(588): CodeIgniter\Database\BaseConnection->initialize()
#3 /home/dnzwygdo/djuragancom/vendor/codeigniter4/framework/system/Database/BaseBuilder.php(1669): CodeIgniter\Database\BaseConnection->query()
#4 /home/dnzwygdo/djuragancom/app/Controllers/Api/Notifikasi.php(37): CodeIgniter\Database\BaseBuilder->countAllResults()
#5 /home/dnzwygdo/djuragancom/vendor/codeigniter4/framework/system/CodeIgniter.php(898): App\Controllers\Api\Notifikasi->get()
#6 /home/dnzwygdo/djuragancom/vendor/codeigniter4/framework/system/CodeIgniter.php(457): CodeIgniter\CodeIgniter->runController()
#7 /home/dnzwygdo/djuragancom/vendor/codeigniter4/framework/system/CodeIgniter.php(340): CodeIgniter\CodeIgniter->handleRequest()
#8 /home/dnzwygdo/public_html/index.php(67): CodeIgniter\CodeIgniter->run()
#9 {main}

Next CodeIgniter\Database\Exceptions\DatabaseException: Too many connections in /home/dnzwygdo/djuragancom/vendor/codeigniter4/framework/system/Database/MySQLi/Connection.php:215
Stack trace:
#0 /home/dnzwygdo/djuragancom/vendor/codeigniter4/framework/system/Database/BaseConnection.php(382): CodeIgniter\Database\MySQLi\Connection->connect()
#1 /home/dnzwygdo/djuragancom/vendor/codeigniter4/framework/system/Database/BaseConnection.php(588): CodeIgniter\Database\BaseConnection->initialize()
#2 /home/dnzwygdo/djuragancom/vendor/codeigniter4/framework/system/Database/BaseBuilder.php(1669): CodeIgniter\Database\BaseConnection->query()
#3 /home/dnzwygdo/djuragancom/app/Controllers/Api/Notifikasi.php(37): CodeIgniter\Database\BaseBuilder->countAllResults()
#4 /home/dnzwygdo/djuragancom/vendor/codeigniter4/framework/system/CodeIgniter.php(898): App\Controllers\Api\Notifikasi->get()
#5 /home/dnzwygdo/djuragancom/vendor/codeigniter4/framework/system/CodeIgniter.php(457): CodeIgniter\CodeIgniter->runController()
#6 /home/dnzwygdo/djuragancom/vendor/codeigniter4/framework/system/CodeIgniter.php(340): CodeIgniter\CodeIgniter->handleRequest()
#7 /home/dnzwygdo/public_html/index.php(67): CodeIgniter\CodeIgniter->run()
#8 {main}
CRITICAL - 2023-08-17 16:39:15 --> Unable to connect to the database.
Main connection [MySQLi]: Too many connections
in SYSTEMPATH/Database/BaseConnection.php on line 418.
 1 SYSTEMPATH/Database/BaseConnection.php(588): CodeIgniter\Database\BaseConnection->initialize()
 2 SYSTEMPATH/Database/BaseBuilder.php(1669): CodeIgniter\Database\BaseConnection->query()
 3 APPPATH/Controllers/Api/Notifikasi.php(37): CodeIgniter\Database\BaseBuilder->countAllResults()
 4 SYSTEMPATH/CodeIgniter.php(898): App\Controllers\Api\Notifikasi->get()
 5 SYSTEMPATH/CodeIgniter.php(457): CodeIgniter\CodeIgniter->runController()
 6 SYSTEMPATH/CodeIgniter.php(340): CodeIgniter\CodeIgniter->handleRequest()
 7 FCPATH/index.php(67): CodeIgniter\CodeIgniter->run()
ERROR - 2023-08-17 16:45:30 --> Error connecting to the database: mysqli_sql_exception: Too many connections in /home/dnzwygdo/djuragancom/vendor/codeigniter4/framework/system/Database/MySQLi/Connection.php:171
Stack trace:
#0 /home/dnzwygdo/djuragancom/vendor/codeigniter4/framework/system/Database/MySQLi/Connection.php(171): mysqli->real_connect()
#1 /home/dnzwygdo/djuragancom/vendor/codeigniter4/framework/system/Database/BaseConnection.php(382): CodeIgniter\Database\MySQLi\Connection->connect()
#2 /home/dnzwygdo/djuragancom/vendor/codeigniter4/framework/system/Database/BaseConnection.php(588): CodeIgniter\Database\BaseConnection->initialize()
#3 /home/dnzwygdo/djuragancom/vendor/codeigniter4/framework/system/Database/BaseBuilder.php(1669): CodeIgniter\Database\BaseConnection->query()
#4 /home/dnzwygdo/djuragancom/app/Controllers/Api/Notifikasi.php(37): CodeIgniter\Database\BaseBuilder->countAllResults()
#5 /home/dnzwygdo/djuragancom/vendor/codeigniter4/framework/system/CodeIgniter.php(898): App\Controllers\Api\Notifikasi->get()
#6 /home/dnzwygdo/djuragancom/vendor/codeigniter4/framework/system/CodeIgniter.php(457): CodeIgniter\CodeIgniter->runController()
#7 /home/dnzwygdo/djuragancom/vendor/codeigniter4/framework/system/CodeIgniter.php(340): CodeIgniter\CodeIgniter->handleRequest()
#8 /home/dnzwygdo/public_html/index.php(67): CodeIgniter\CodeIgniter->run()
#9 {main}

Next CodeIgniter\Database\Exceptions\DatabaseException: Too many connections in /home/dnzwygdo/djuragancom/vendor/codeigniter4/framework/system/Database/MySQLi/Connection.php:215
Stack trace:
#0 /home/dnzwygdo/djuragancom/vendor/codeigniter4/framework/system/Database/BaseConnection.php(382): CodeIgniter\Database\MySQLi\Connection->connect()
#1 /home/dnzwygdo/djuragancom/vendor/codeigniter4/framework/system/Database/BaseConnection.php(588): CodeIgniter\Database\BaseConnection->initialize()
#2 /home/dnzwygdo/djuragancom/vendor/codeigniter4/framework/system/Database/BaseBuilder.php(1669): CodeIgniter\Database\BaseConnection->query()
#3 /home/dnzwygdo/djuragancom/app/Controllers/Api/Notifikasi.php(37): CodeIgniter\Database\BaseBuilder->countAllResults()
#4 /home/dnzwygdo/djuragancom/vendor/codeigniter4/framework/system/CodeIgniter.php(898): App\Controllers\Api\Notifikasi->get()
#5 /home/dnzwygdo/djuragancom/vendor/codeigniter4/framework/system/CodeIgniter.php(457): CodeIgniter\CodeIgniter->runController()
#6 /home/dnzwygdo/djuragancom/vendor/codeigniter4/framework/system/CodeIgniter.php(340): CodeIgniter\CodeIgniter->handleRequest()
#7 /home/dnzwygdo/public_html/index.php(67): CodeIgniter\CodeIgniter->run()
#8 {main}
CRITICAL - 2023-08-17 16:45:30 --> Unable to connect to the database.
Main connection [MySQLi]: Too many connections
in SYSTEMPATH/Database/BaseConnection.php on line 418.
 1 SYSTEMPATH/Database/BaseConnection.php(588): CodeIgniter\Database\BaseConnection->initialize()
 2 SYSTEMPATH/Database/BaseBuilder.php(1669): CodeIgniter\Database\BaseConnection->query()
 3 APPPATH/Controllers/Api/Notifikasi.php(37): CodeIgniter\Database\BaseBuilder->countAllResults()
 4 SYSTEMPATH/CodeIgniter.php(898): App\Controllers\Api\Notifikasi->get()
 5 SYSTEMPATH/CodeIgniter.php(457): CodeIgniter\CodeIgniter->runController()
 6 SYSTEMPATH/CodeIgniter.php(340): CodeIgniter\CodeIgniter->handleRequest()
 7 FCPATH/index.php(67): CodeIgniter\CodeIgniter->run()
ERROR - 2023-08-17 16:45:59 --> Error connecting to the database: mysqli_sql_exception: Too many connections in /home/dnzwygdo/djuragancom/vendor/codeigniter4/framework/system/Database/MySQLi/Connection.php:171
Stack trace:
#0 /home/dnzwygdo/djuragancom/vendor/codeigniter4/framework/system/Database/MySQLi/Connection.php(171): mysqli->real_connect()
#1 /home/dnzwygdo/djuragancom/vendor/codeigniter4/framework/system/Database/BaseConnection.php(382): CodeIgniter\Database\MySQLi\Connection->connect()
#2 /home/dnzwygdo/djuragancom/vendor/codeigniter4/framework/system/Database/BaseConnection.php(588): CodeIgniter\Database\BaseConnection->initialize()
#3 /home/dnzwygdo/djuragancom/vendor/codeigniter4/framework/system/Database/BaseBuilder.php(1669): CodeIgniter\Database\BaseConnection->query()
#4 /home/dnzwygdo/djuragancom/app/Controllers/Api/Notifikasi.php(37): CodeIgniter\Database\BaseBuilder->countAllResults()
#5 /home/dnzwygdo/djuragancom/vendor/codeigniter4/framework/system/CodeIgniter.php(898): App\Controllers\Api\Notifikasi->get()
#6 /home/dnzwygdo/djuragancom/vendor/codeigniter4/framework/system/CodeIgniter.php(457): CodeIgniter\CodeIgniter->runController()
#7 /home/dnzwygdo/djuragancom/vendor/codeigniter4/framework/system/CodeIgniter.php(340): CodeIgniter\CodeIgniter->handleRequest()
#8 /home/dnzwygdo/public_html/index.php(67): CodeIgniter\CodeIgniter->run()
#9 {main}

Next CodeIgniter\Database\Exceptions\DatabaseException: Too many connections in /home/dnzwygdo/djuragancom/vendor/codeigniter4/framework/system/Database/MySQLi/Connection.php:215
Stack trace:
#0 /home/dnzwygdo/djuragancom/vendor/codeigniter4/framework/system/Database/BaseConnection.php(382): CodeIgniter\Database\MySQLi\Connection->connect()
#1 /home/dnzwygdo/djuragancom/vendor/codeigniter4/framework/system/Database/BaseConnection.php(588): CodeIgniter\Database\BaseConnection->initialize()
#2 /home/dnzwygdo/djuragancom/vendor/codeigniter4/framework/system/Database/BaseBuilder.php(1669): CodeIgniter\Database\BaseConnection->query()
#3 /home/dnzwygdo/djuragancom/app/Controllers/Api/Notifikasi.php(37): CodeIgniter\Database\BaseBuilder->countAllResults()
#4 /home/dnzwygdo/djuragancom/vendor/codeigniter4/framework/system/CodeIgniter.php(898): App\Controllers\Api\Notifikasi->get()
#5 /home/dnzwygdo/djuragancom/vendor/codeigniter4/framework/system/CodeIgniter.php(457): CodeIgniter\CodeIgniter->runController()
#6 /home/dnzwygdo/djuragancom/vendor/codeigniter4/framework/system/CodeIgniter.php(340): CodeIgniter\CodeIgniter->handleRequest()
#7 /home/dnzwygdo/public_html/index.php(67): CodeIgniter\CodeIgniter->run()
#8 {main}
CRITICAL - 2023-08-17 16:45:59 --> Unable to connect to the database.
Main connection [MySQLi]: Too many connections
in SYSTEMPATH/Database/BaseConnection.php on line 418.
 1 SYSTEMPATH/Database/BaseConnection.php(588): CodeIgniter\Database\BaseConnection->initialize()
 2 SYSTEMPATH/Database/BaseBuilder.php(1669): CodeIgniter\Database\BaseConnection->query()
 3 APPPATH/Controllers/Api/Notifikasi.php(37): CodeIgniter\Database\BaseBuilder->countAllResults()
 4 SYSTEMPATH/CodeIgniter.php(898): App\Controllers\Api\Notifikasi->get()
 5 SYSTEMPATH/CodeIgniter.php(457): CodeIgniter\CodeIgniter->runController()
 6 SYSTEMPATH/CodeIgniter.php(340): CodeIgniter\CodeIgniter->handleRequest()
 7 FCPATH/index.php(67): CodeIgniter\CodeIgniter->run()
ERROR - 2023-08-17 16:46:01 --> Error connecting to the database: mysqli_sql_exception: Too many connections in /home/dnzwygdo/djuragancom/vendor/codeigniter4/framework/system/Database/MySQLi/Connection.php:171
Stack trace:
#0 /home/dnzwygdo/djuragancom/vendor/codeigniter4/framework/system/Database/MySQLi/Connection.php(171): mysqli->real_connect()
#1 /home/dnzwygdo/djuragancom/vendor/codeigniter4/framework/system/Database/BaseConnection.php(382): CodeIgniter\Database\MySQLi\Connection->connect()
#2 /home/dnzwygdo/djuragancom/vendor/codeigniter4/framework/system/Database/BaseConnection.php(588): CodeIgniter\Database\BaseConnection->initialize()
#3 /home/dnzwygdo/djuragancom/vendor/codeigniter4/framework/system/Database/BaseBuilder.php(1669): CodeIgniter\Database\BaseConnection->query()
#4 /home/dnzwygdo/djuragancom/app/Controllers/Api/Notifikasi.php(37): CodeIgniter\Database\BaseBuilder->countAllResults()
#5 /home/dnzwygdo/djuragancom/vendor/codeigniter4/framework/system/CodeIgniter.php(898): App\Controllers\Api\Notifikasi->get()
#6 /home/dnzwygdo/djuragancom/vendor/codeigniter4/framework/system/CodeIgniter.php(457): CodeIgniter\CodeIgniter->runController()
#7 /home/dnzwygdo/djuragancom/vendor/codeigniter4/framework/system/CodeIgniter.php(340): CodeIgniter\CodeIgniter->handleRequest()
#8 /home/dnzwygdo/public_html/index.php(67): CodeIgniter\CodeIgniter->run()
#9 {main}

Next CodeIgniter\Database\Exceptions\DatabaseException: Too many connections in /home/dnzwygdo/djuragancom/vendor/codeigniter4/framework/system/Database/MySQLi/Connection.php:215
Stack trace:
#0 /home/dnzwygdo/djuragancom/vendor/codeigniter4/framework/system/Database/BaseConnection.php(382): CodeIgniter\Database\MySQLi\Connection->connect()
#1 /home/dnzwygdo/djuragancom/vendor/codeigniter4/framework/system/Database/BaseConnection.php(588): CodeIgniter\Database\BaseConnection->initialize()
#2 /home/dnzwygdo/djuragancom/vendor/codeigniter4/framework/system/Database/BaseBuilder.php(1669): CodeIgniter\Database\BaseConnection->query()
#3 /home/dnzwygdo/djuragancom/app/Controllers/Api/Notifikasi.php(37): CodeIgniter\Database\BaseBuilder->countAllResults()
#4 /home/dnzwygdo/djuragancom/vendor/codeigniter4/framework/system/CodeIgniter.php(898): App\Controllers\Api\Notifikasi->get()
#5 /home/dnzwygdo/djuragancom/vendor/codeigniter4/framework/system/CodeIgniter.php(457): CodeIgniter\CodeIgniter->runController()
#6 /home/dnzwygdo/djuragancom/vendor/codeigniter4/framework/system/CodeIgniter.php(340): CodeIgniter\CodeIgniter->handleRequest()
#7 /home/dnzwygdo/public_html/index.php(67): CodeIgniter\CodeIgniter->run()
#8 {main}
CRITICAL - 2023-08-17 16:46:01 --> Unable to connect to the database.
Main connection [MySQLi]: Too many connections
in SYSTEMPATH/Database/BaseConnection.php on line 418.
 1 SYSTEMPATH/Database/BaseConnection.php(588): CodeIgniter\Database\BaseConnection->initialize()
 2 SYSTEMPATH/Database/BaseBuilder.php(1669): CodeIgniter\Database\BaseConnection->query()
 3 APPPATH/Controllers/Api/Notifikasi.php(37): CodeIgniter\Database\BaseBuilder->countAllResults()
 4 SYSTEMPATH/CodeIgniter.php(898): App\Controllers\Api\Notifikasi->get()
 5 SYSTEMPATH/CodeIgniter.php(457): CodeIgniter\CodeIgniter->runController()
 6 SYSTEMPATH/CodeIgniter.php(340): CodeIgniter\CodeIgniter->handleRequest()
 7 FCPATH/index.php(67): CodeIgniter\CodeIgniter->run()
ERROR - 2023-08-17 16:51:16 --> Error connecting to the database: mysqli_sql_exception: Too many connections in /home/dnzwygdo/djuragancom/vendor/codeigniter4/framework/system/Database/MySQLi/Connection.php:171
Stack trace:
#0 /home/dnzwygdo/djuragancom/vendor/codeigniter4/framework/system/Database/MySQLi/Connection.php(171): mysqli->real_connect()
#1 /home/dnzwygdo/djuragancom/vendor/codeigniter4/framework/system/Database/BaseConnection.php(382): CodeIgniter\Database\MySQLi\Connection->connect()
#2 /home/dnzwygdo/djuragancom/vendor/codeigniter4/framework/system/Database/BaseConnection.php(588): CodeIgniter\Database\BaseConnection->initialize()
#3 /home/dnzwygdo/djuragancom/vendor/codeigniter4/framework/system/Database/BaseBuilder.php(1669): CodeIgniter\Database\BaseConnection->query()
#4 /home/dnzwygdo/djuragancom/app/Controllers/Api/Notifikasi.php(37): CodeIgniter\Database\BaseBuilder->countAllResults()
#5 /home/dnzwygdo/djuragancom/vendor/codeigniter4/framework/system/CodeIgniter.php(898): App\Controllers\Api\Notifikasi->get()
#6 /home/dnzwygdo/djuragancom/vendor/codeigniter4/framework/system/CodeIgniter.php(457): CodeIgniter\CodeIgniter->runController()
#7 /home/dnzwygdo/djuragancom/vendor/codeigniter4/framework/system/CodeIgniter.php(340): CodeIgniter\CodeIgniter->handleRequest()
#8 /home/dnzwygdo/public_html/index.php(67): CodeIgniter\CodeIgniter->run()
#9 {main}

Next CodeIgniter\Database\Exceptions\DatabaseException: Too many connections in /home/dnzwygdo/djuragancom/vendor/codeigniter4/framework/system/Database/MySQLi/Connection.php:215
Stack trace:
#0 /home/dnzwygdo/djuragancom/vendor/codeigniter4/framework/system/Database/BaseConnection.php(382): CodeIgniter\Database\MySQLi\Connection->connect()
#1 /home/dnzwygdo/djuragancom/vendor/codeigniter4/framework/system/Database/BaseConnection.php(588): CodeIgniter\Database\BaseConnection->initialize()
#2 /home/dnzwygdo/djuragancom/vendor/codeigniter4/framework/system/Database/BaseBuilder.php(1669): CodeIgniter\Database\BaseConnection->query()
#3 /home/dnzwygdo/djuragancom/app/Controllers/Api/Notifikasi.php(37): CodeIgniter\Database\BaseBuilder->countAllResults()
#4 /home/dnzwygdo/djuragancom/vendor/codeigniter4/framework/system/CodeIgniter.php(898): App\Controllers\Api\Notifikasi->get()
#5 /home/dnzwygdo/djuragancom/vendor/codeigniter4/framework/system/CodeIgniter.php(457): CodeIgniter\CodeIgniter->runController()
#6 /home/dnzwygdo/djuragancom/vendor/codeigniter4/framework/system/CodeIgniter.php(340): CodeIgniter\CodeIgniter->handleRequest()
#7 /home/dnzwygdo/public_html/index.php(67): CodeIgniter\CodeIgniter->run()
#8 {main}
CRITICAL - 2023-08-17 16:51:16 --> Unable to connect to the database.
Main connection [MySQLi]: Too many connections
in SYSTEMPATH/Database/BaseConnection.php on line 418.
 1 SYSTEMPATH/Database/BaseConnection.php(588): CodeIgniter\Database\BaseConnection->initialize()
 2 SYSTEMPATH/Database/BaseBuilder.php(1669): CodeIgniter\Database\BaseConnection->query()
 3 APPPATH/Controllers/Api/Notifikasi.php(37): CodeIgniter\Database\BaseBuilder->countAllResults()
 4 SYSTEMPATH/CodeIgniter.php(898): App\Controllers\Api\Notifikasi->get()
 5 SYSTEMPATH/CodeIgniter.php(457): CodeIgniter\CodeIgniter->runController()
 6 SYSTEMPATH/CodeIgniter.php(340): CodeIgniter\CodeIgniter->handleRequest()
 7 FCPATH/index.php(67): CodeIgniter\CodeIgniter->run()
ERROR - 2023-08-17 16:51:49 --> Error connecting to the database: mysqli_sql_exception: Too many connections in /home/dnzwygdo/djuragancom/vendor/codeigniter4/framework/system/Database/MySQLi/Connection.php:171
Stack trace:
#0 /home/dnzwygdo/djuragancom/vendor/codeigniter4/framework/system/Database/MySQLi/Connection.php(171): mysqli->real_connect()
#1 /home/dnzwygdo/djuragancom/vendor/codeigniter4/framework/system/Database/BaseConnection.php(382): CodeIgniter\Database\MySQLi\Connection->connect()
#2 /home/dnzwygdo/djuragancom/vendor/codeigniter4/framework/system/Database/BaseConnection.php(588): CodeIgniter\Database\BaseConnection->initialize()
#3 /home/dnzwygdo/djuragancom/vendor/codeigniter4/framework/system/Database/BaseBuilder.php(1669): CodeIgniter\Database\BaseConnection->query()
#4 /home/dnzwygdo/djuragancom/app/Controllers/Api/Notifikasi.php(37): CodeIgniter\Database\BaseBuilder->countAllResults()
#5 /home/dnzwygdo/djuragancom/vendor/codeigniter4/framework/system/CodeIgniter.php(898): App\Controllers\Api\Notifikasi->get()
#6 /home/dnzwygdo/djuragancom/vendor/codeigniter4/framework/system/CodeIgniter.php(457): CodeIgniter\CodeIgniter->runController()
#7 /home/dnzwygdo/djuragancom/vendor/codeigniter4/framework/system/CodeIgniter.php(340): CodeIgniter\CodeIgniter->handleRequest()
#8 /home/dnzwygdo/public_html/index.php(67): CodeIgniter\CodeIgniter->run()
#9 {main}

Next CodeIgniter\Database\Exceptions\DatabaseException: Too many connections in /home/dnzwygdo/djuragancom/vendor/codeigniter4/framework/system/Database/MySQLi/Connection.php:215
Stack trace:
#0 /home/dnzwygdo/djuragancom/vendor/codeigniter4/framework/system/Database/BaseConnection.php(382): CodeIgniter\Database\MySQLi\Connection->connect()
#1 /home/dnzwygdo/djuragancom/vendor/codeigniter4/framework/system/Database/BaseConnection.php(588): CodeIgniter\Database\BaseConnection->initialize()
#2 /home/dnzwygdo/djuragancom/vendor/codeigniter4/framework/system/Database/BaseBuilder.php(1669): CodeIgniter\Database\BaseConnection->query()
#3 /home/dnzwygdo/djuragancom/app/Controllers/Api/Notifikasi.php(37): CodeIgniter\Database\BaseBuilder->countAllResults()
#4 /home/dnzwygdo/djuragancom/vendor/codeigniter4/framework/system/CodeIgniter.php(898): App\Controllers\Api\Notifikasi->get()
#5 /home/dnzwygdo/djuragancom/vendor/codeigniter4/framework/system/CodeIgniter.php(457): CodeIgniter\CodeIgniter->runController()
#6 /home/dnzwygdo/djuragancom/vendor/codeigniter4/framework/system/CodeIgniter.php(340): CodeIgniter\CodeIgniter->handleRequest()
#7 /home/dnzwygdo/public_html/index.php(67): CodeIgniter\CodeIgniter->run()
#8 {main}
CRITICAL - 2023-08-17 16:51:49 --> Unable to connect to the database.
Main connection [MySQLi]: Too many connections
in SYSTEMPATH/Database/BaseConnection.php on line 418.
 1 SYSTEMPATH/Database/BaseConnection.php(588): CodeIgniter\Database\BaseConnection->initialize()
 2 SYSTEMPATH/Database/BaseBuilder.php(1669): CodeIgniter\Database\BaseConnection->query()
 3 APPPATH/Controllers/Api/Notifikasi.php(37): CodeIgniter\Database\BaseBuilder->countAllResults()
 4 SYSTEMPATH/CodeIgniter.php(898): App\Controllers\Api\Notifikasi->get()
 5 SYSTEMPATH/CodeIgniter.php(457): CodeIgniter\CodeIgniter->runController()
 6 SYSTEMPATH/CodeIgniter.php(340): CodeIgniter\CodeIgniter->handleRequest()
 7 FCPATH/index.php(67): CodeIgniter\CodeIgniter->run()
ERROR - 2023-08-17 16:52:16 --> Error connecting to the database: mysqli_sql_exception: Too many connections in /home/dnzwygdo/djuragancom/vendor/codeigniter4/framework/system/Database/MySQLi/Connection.php:171
Stack trace:
#0 /home/dnzwygdo/djuragancom/vendor/codeigniter4/framework/system/Database/MySQLi/Connection.php(171): mysqli->real_connect()
#1 /home/dnzwygdo/djuragancom/vendor/codeigniter4/framework/system/Database/BaseConnection.php(382): CodeIgniter\Database\MySQLi\Connection->connect()
#2 /home/dnzwygdo/djuragancom/vendor/codeigniter4/framework/system/Database/BaseConnection.php(588): CodeIgniter\Database\BaseConnection->initialize()
#3 /home/dnzwygdo/djuragancom/vendor/codeigniter4/framework/system/Database/BaseBuilder.php(1669): CodeIgniter\Database\BaseConnection->query()
#4 /home/dnzwygdo/djuragancom/app/Controllers/Api/Notifikasi.php(37): CodeIgniter\Database\BaseBuilder->countAllResults()
#5 /home/dnzwygdo/djuragancom/vendor/codeigniter4/framework/system/CodeIgniter.php(898): App\Controllers\Api\Notifikasi->get()
#6 /home/dnzwygdo/djuragancom/vendor/codeigniter4/framework/system/CodeIgniter.php(457): CodeIgniter\CodeIgniter->runController()
#7 /home/dnzwygdo/djuragancom/vendor/codeigniter4/framework/system/CodeIgniter.php(340): CodeIgniter\CodeIgniter->handleRequest()
#8 /home/dnzwygdo/public_html/index.php(67): CodeIgniter\CodeIgniter->run()
#9 {main}

Next CodeIgniter\Database\Exceptions\DatabaseException: Too many connections in /home/dnzwygdo/djuragancom/vendor/codeigniter4/framework/system/Database/MySQLi/Connection.php:215
Stack trace:
#0 /home/dnzwygdo/djuragancom/vendor/codeigniter4/framework/system/Database/BaseConnection.php(382): CodeIgniter\Database\MySQLi\Connection->connect()
#1 /home/dnzwygdo/djuragancom/vendor/codeigniter4/framework/system/Database/BaseConnection.php(588): CodeIgniter\Database\BaseConnection->initialize()
#2 /home/dnzwygdo/djuragancom/vendor/codeigniter4/framework/system/Database/BaseBuilder.php(1669): CodeIgniter\Database\BaseConnection->query()
#3 /home/dnzwygdo/djuragancom/app/Controllers/Api/Notifikasi.php(37): CodeIgniter\Database\BaseBuilder->countAllResults()
#4 /home/dnzwygdo/djuragancom/vendor/codeigniter4/framework/system/CodeIgniter.php(898): App\Controllers\Api\Notifikasi->get()
#5 /home/dnzwygdo/djuragancom/vendor/codeigniter4/framework/system/CodeIgniter.php(457): CodeIgniter\CodeIgniter->runController()
#6 /home/dnzwygdo/djuragancom/vendor/codeigniter4/framework/system/CodeIgniter.php(340): CodeIgniter\CodeIgniter->handleRequest()
#7 /home/dnzwygdo/public_html/index.php(67): CodeIgniter\CodeIgniter->run()
#8 {main}
CRITICAL - 2023-08-17 16:52:16 --> Unable to connect to the database.
Main connection [MySQLi]: Too many connections
in SYSTEMPATH/Database/BaseConnection.php on line 418.
 1 SYSTEMPATH/Database/BaseConnection.php(588): CodeIgniter\Database\BaseConnection->initialize()
 2 SYSTEMPATH/Database/BaseBuilder.php(1669): CodeIgniter\Database\BaseConnection->query()
 3 APPPATH/Controllers/Api/Notifikasi.php(37): CodeIgniter\Database\BaseBuilder->countAllResults()
 4 SYSTEMPATH/CodeIgniter.php(898): App\Controllers\Api\Notifikasi->get()
 5 SYSTEMPATH/CodeIgniter.php(457): CodeIgniter\CodeIgniter->runController()
 6 SYSTEMPATH/CodeIgniter.php(340): CodeIgniter\CodeIgniter->handleRequest()
 7 FCPATH/index.php(67): CodeIgniter\CodeIgniter->run()
ERROR - 2023-08-17 16:53:01 --> Error connecting to the database: mysqli_sql_exception: Too many connections in /home/dnzwygdo/djuragancom/vendor/codeigniter4/framework/system/Database/MySQLi/Connection.php:171
Stack trace:
#0 /home/dnzwygdo/djuragancom/vendor/codeigniter4/framework/system/Database/MySQLi/Connection.php(171): mysqli->real_connect()
#1 /home/dnzwygdo/djuragancom/vendor/codeigniter4/framework/system/Database/BaseConnection.php(382): CodeIgniter\Database\MySQLi\Connection->connect()
#2 /home/dnzwygdo/djuragancom/vendor/codeigniter4/framework/system/Database/BaseConnection.php(588): CodeIgniter\Database\BaseConnection->initialize()
#3 /home/dnzwygdo/djuragancom/vendor/codeigniter4/framework/system/Database/BaseBuilder.php(1669): CodeIgniter\Database\BaseConnection->query()
#4 /home/dnzwygdo/djuragancom/app/Controllers/Api/Notifikasi.php(37): CodeIgniter\Database\BaseBuilder->countAllResults()
#5 /home/dnzwygdo/djuragancom/vendor/codeigniter4/framework/system/CodeIgniter.php(898): App\Controllers\Api\Notifikasi->get()
#6 /home/dnzwygdo/djuragancom/vendor/codeigniter4/framework/system/CodeIgniter.php(457): CodeIgniter\CodeIgniter->runController()
#7 /home/dnzwygdo/djuragancom/vendor/codeigniter4/framework/system/CodeIgniter.php(340): CodeIgniter\CodeIgniter->handleRequest()
#8 /home/dnzwygdo/public_html/index.php(67): CodeIgniter\CodeIgniter->run()
#9 {main}

Next CodeIgniter\Database\Exceptions\DatabaseException: Too many connections in /home/dnzwygdo/djuragancom/vendor/codeigniter4/framework/system/Database/MySQLi/Connection.php:215
Stack trace:
#0 /home/dnzwygdo/djuragancom/vendor/codeigniter4/framework/system/Database/BaseConnection.php(382): CodeIgniter\Database\MySQLi\Connection->connect()
#1 /home/dnzwygdo/djuragancom/vendor/codeigniter4/framework/system/Database/BaseConnection.php(588): CodeIgniter\Database\BaseConnection->initialize()
#2 /home/dnzwygdo/djuragancom/vendor/codeigniter4/framework/system/Database/BaseBuilder.php(1669): CodeIgniter\Database\BaseConnection->query()
#3 /home/dnzwygdo/djuragancom/app/Controllers/Api/Notifikasi.php(37): CodeIgniter\Database\BaseBuilder->countAllResults()
#4 /home/dnzwygdo/djuragancom/vendor/codeigniter4/framework/system/CodeIgniter.php(898): App\Controllers\Api\Notifikasi->get()
#5 /home/dnzwygdo/djuragancom/vendor/codeigniter4/framework/system/CodeIgniter.php(457): CodeIgniter\CodeIgniter->runController()
#6 /home/dnzwygdo/djuragancom/vendor/codeigniter4/framework/system/CodeIgniter.php(340): CodeIgniter\CodeIgniter->handleRequest()
#7 /home/dnzwygdo/public_html/index.php(67): CodeIgniter\CodeIgniter->run()
#8 {main}
CRITICAL - 2023-08-17 16:53:01 --> Unable to connect to the database.
Main connection [MySQLi]: Too many connections
in SYSTEMPATH/Database/BaseConnection.php on line 418.
 1 SYSTEMPATH/Database/BaseConnection.php(588): CodeIgniter\Database\BaseConnection->initialize()
 2 SYSTEMPATH/Database/BaseBuilder.php(1669): CodeIgniter\Database\BaseConnection->query()
 3 APPPATH/Controllers/Api/Notifikasi.php(37): CodeIgniter\Database\BaseBuilder->countAllResults()
 4 SYSTEMPATH/CodeIgniter.php(898): App\Controllers\Api\Notifikasi->get()
 5 SYSTEMPATH/CodeIgniter.php(457): CodeIgniter\CodeIgniter->runController()
 6 SYSTEMPATH/CodeIgniter.php(340): CodeIgniter\CodeIgniter->handleRequest()
 7 FCPATH/index.php(67): CodeIgniter\CodeIgniter->run()
ERROR - 2023-08-17 16:55:10 --> Error connecting to the database: mysqli_sql_exception: Too many connections in /home/dnzwygdo/djuragancom/vendor/codeigniter4/framework/system/Database/MySQLi/Connection.php:171
Stack trace:
#0 /home/dnzwygdo/djuragancom/vendor/codeigniter4/framework/system/Database/MySQLi/Connection.php(171): mysqli->real_connect()
#1 /home/dnzwygdo/djuragancom/vendor/codeigniter4/framework/system/Database/BaseConnection.php(382): CodeIgniter\Database\MySQLi\Connection->connect()
#2 /home/dnzwygdo/djuragancom/vendor/codeigniter4/framework/system/Database/BaseConnection.php(588): CodeIgniter\Database\BaseConnection->initialize()
#3 /home/dnzwygdo/djuragancom/vendor/codeigniter4/framework/system/Database/BaseBuilder.php(1669): CodeIgniter\Database\BaseConnection->query()
#4 /home/dnzwygdo/djuragancom/app/Controllers/Api/Notifikasi.php(37): CodeIgniter\Database\BaseBuilder->countAllResults()
#5 /home/dnzwygdo/djuragancom/vendor/codeigniter4/framework/system/CodeIgniter.php(898): App\Controllers\Api\Notifikasi->get()
#6 /home/dnzwygdo/djuragancom/vendor/codeigniter4/framework/system/CodeIgniter.php(457): CodeIgniter\CodeIgniter->runController()
#7 /home/dnzwygdo/djuragancom/vendor/codeigniter4/framework/system/CodeIgniter.php(340): CodeIgniter\CodeIgniter->handleRequest()
#8 /home/dnzwygdo/public_html/index.php(67): CodeIgniter\CodeIgniter->run()
#9 {main}

Next CodeIgniter\Database\Exceptions\DatabaseException: Too many connections in /home/dnzwygdo/djuragancom/vendor/codeigniter4/framework/system/Database/MySQLi/Connection.php:215
Stack trace:
#0 /home/dnzwygdo/djuragancom/vendor/codeigniter4/framework/system/Database/BaseConnection.php(382): CodeIgniter\Database\MySQLi\Connection->connect()
#1 /home/dnzwygdo/djuragancom/vendor/codeigniter4/framework/system/Database/BaseConnection.php(588): CodeIgniter\Database\BaseConnection->initialize()
#2 /home/dnzwygdo/djuragancom/vendor/codeigniter4/framework/system/Database/BaseBuilder.php(1669): CodeIgniter\Database\BaseConnection->query()
#3 /home/dnzwygdo/djuragancom/app/Controllers/Api/Notifikasi.php(37): CodeIgniter\Database\BaseBuilder->countAllResults()
#4 /home/dnzwygdo/djuragancom/vendor/codeigniter4/framework/system/CodeIgniter.php(898): App\Controllers\Api\Notifikasi->get()
#5 /home/dnzwygdo/djuragancom/vendor/codeigniter4/framework/system/CodeIgniter.php(457): CodeIgniter\CodeIgniter->runController()
#6 /home/dnzwygdo/djuragancom/vendor/codeigniter4/framework/system/CodeIgniter.php(340): CodeIgniter\CodeIgniter->handleRequest()
#7 /home/dnzwygdo/public_html/index.php(67): CodeIgniter\CodeIgniter->run()
#8 {main}
CRITICAL - 2023-08-17 16:55:10 --> Unable to connect to the database.
Main connection [MySQLi]: Too many connections
in SYSTEMPATH/Database/BaseConnection.php on line 418.
 1 SYSTEMPATH/Database/BaseConnection.php(588): CodeIgniter\Database\BaseConnection->initialize()
 2 SYSTEMPATH/Database/BaseBuilder.php(1669): CodeIgniter\Database\BaseConnection->query()
 3 APPPATH/Controllers/Api/Notifikasi.php(37): CodeIgniter\Database\BaseBuilder->countAllResults()
 4 SYSTEMPATH/CodeIgniter.php(898): App\Controllers\Api\Notifikasi->get()
 5 SYSTEMPATH/CodeIgniter.php(457): CodeIgniter\CodeIgniter->runController()
 6 SYSTEMPATH/CodeIgniter.php(340): CodeIgniter\CodeIgniter->handleRequest()
 7 FCPATH/index.php(67): CodeIgniter\CodeIgniter->run()
ERROR - 2023-08-17 16:56:06 --> Error connecting to the database: mysqli_sql_exception: Too many connections in /home/dnzwygdo/djuragancom/vendor/codeigniter4/framework/system/Database/MySQLi/Connection.php:171
Stack trace:
#0 /home/dnzwygdo/djuragancom/vendor/codeigniter4/framework/system/Database/MySQLi/Connection.php(171): mysqli->real_connect()
#1 /home/dnzwygdo/djuragancom/vendor/codeigniter4/framework/system/Database/BaseConnection.php(382): CodeIgniter\Database\MySQLi\Connection->connect()
#2 /home/dnzwygdo/djuragancom/vendor/codeigniter4/framework/system/Database/BaseConnection.php(588): CodeIgniter\Database\BaseConnection->initialize()
#3 /home/dnzwygdo/djuragancom/vendor/codeigniter4/framework/system/Database/BaseBuilder.php(1585): CodeIgniter\Database\BaseConnection->query()
#4 /home/dnzwygdo/djuragancom/vendor/codeigniter4/framework/system/Model.php(222): CodeIgniter\Database\BaseBuilder->get()
#5 /home/dnzwygdo/djuragancom/vendor/codeigniter4/framework/system/BaseModel.php(584): CodeIgniter\Model->doFindAll()
#6 /home/dnzwygdo/djuragancom/app/Models/InvoiceModel.php(297): CodeIgniter\BaseModel->findAll()
#7 /home/dnzwygdo/djuragancom/app/Models/InvoiceModel.php(47): App\Models\InvoiceModel->ambilIds()
#8 /home/dnzwygdo/djuragancom/app/Controllers/Admin/Invoices.php(66): App\Models\InvoiceModel->getAll()
#9 /home/dnzwygdo/djuragancom/vendor/codeigniter4/framework/system/CodeIgniter.php(898): App\Controllers\Admin\Invoices->lihat()
#10 /home/dnzwygdo/djuragancom/vendor/codeigniter4/framework/system/CodeIgniter.php(457): CodeIgniter\CodeIgniter->runController()
#11 /home/dnzwygdo/djuragancom/vendor/codeigniter4/framework/system/CodeIgniter.php(340): CodeIgniter\CodeIgniter->handleRequest()
#12 /home/dnzwygdo/public_html/index.php(67): CodeIgniter\CodeIgniter->run()
#13 {main}

Next CodeIgniter\Database\Exceptions\DatabaseException: Too many connections in /home/dnzwygdo/djuragancom/vendor/codeigniter4/framework/system/Database/MySQLi/Connection.php:215
Stack trace:
#0 /home/dnzwygdo/djuragancom/vendor/codeigniter4/framework/system/Database/BaseConnection.php(382): CodeIgniter\Database\MySQLi\Connection->connect()
#1 /home/dnzwygdo/djuragancom/vendor/codeigniter4/framework/system/Database/BaseConnection.php(588): CodeIgniter\Database\BaseConnection->initialize()
#2 /home/dnzwygdo/djuragancom/vendor/codeigniter4/framework/system/Database/BaseBuilder.php(1585): CodeIgniter\Database\BaseConnection->query()
#3 /home/dnzwygdo/djuragancom/vendor/codeigniter4/framework/system/Model.php(222): CodeIgniter\Database\BaseBuilder->get()
#4 /home/dnzwygdo/djuragancom/vendor/codeigniter4/framework/system/BaseModel.php(584): CodeIgniter\Model->doFindAll()
#5 /home/dnzwygdo/djuragancom/app/Models/InvoiceModel.php(297): CodeIgniter\BaseModel->findAll()
#6 /home/dnzwygdo/djuragancom/app/Models/InvoiceModel.php(47): App\Models\InvoiceModel->ambilIds()
#7 /home/dnzwygdo/djuragancom/app/Controllers/Admin/Invoices.php(66): App\Models\InvoiceModel->getAll()
#8 /home/dnzwygdo/djuragancom/vendor/codeigniter4/framework/system/CodeIgniter.php(898): App\Controllers\Admin\Invoices->lihat()
#9 /home/dnzwygdo/djuragancom/vendor/codeigniter4/framework/system/CodeIgniter.php(457): CodeIgniter\CodeIgniter->runController()
#10 /home/dnzwygdo/djuragancom/vendor/codeigniter4/framework/system/CodeIgniter.php(340): CodeIgniter\CodeIgniter->handleRequest()
#11 /home/dnzwygdo/public_html/index.php(67): CodeIgniter\CodeIgniter->run()
#12 {main}
CRITICAL - 2023-08-17 16:56:06 --> Unable to connect to the database.
Main connection [MySQLi]: Too many connections
in SYSTEMPATH/Database/BaseConnection.php on line 418.
 1 SYSTEMPATH/Database/BaseConnection.php(588): CodeIgniter\Database\BaseConnection->initialize()
 2 SYSTEMPATH/Database/BaseBuilder.php(1585): CodeIgniter\Database\BaseConnection->query()
 3 SYSTEMPATH/Model.php(222): CodeIgniter\Database\BaseBuilder->get()
 4 SYSTEMPATH/BaseModel.php(584): CodeIgniter\Model->doFindAll()
 5 APPPATH/Models/InvoiceModel.php(297): CodeIgniter\BaseModel->findAll()
 6 APPPATH/Models/InvoiceModel.php(47): App\Models\InvoiceModel->ambilIds()
 7 APPPATH/Controllers/Admin/Invoices.php(66): App\Models\InvoiceModel->getAll()
 8 SYSTEMPATH/CodeIgniter.php(898): App\Controllers\Admin\Invoices->lihat()
 9 SYSTEMPATH/CodeIgniter.php(457): CodeIgniter\CodeIgniter->runController()
10 SYSTEMPATH/CodeIgniter.php(340): CodeIgniter\CodeIgniter->handleRequest()
11 FCPATH/index.php(67): CodeIgniter\CodeIgniter->run()
ERROR - 2023-08-17 16:56:18 --> Error connecting to the database: mysqli_sql_exception: Too many connections in /home/dnzwygdo/djuragancom/vendor/codeigniter4/framework/system/Database/MySQLi/Connection.php:171
Stack trace:
#0 /home/dnzwygdo/djuragancom/vendor/codeigniter4/framework/system/Database/MySQLi/Connection.php(171): mysqli->real_connect()
#1 /home/dnzwygdo/djuragancom/vendor/codeigniter4/framework/system/Database/BaseConnection.php(382): CodeIgniter\Database\MySQLi\Connection->connect()
#2 /home/dnzwygdo/djuragancom/vendor/codeigniter4/framework/system/Database/BaseConnection.php(588): CodeIgniter\Database\BaseConnection->initialize()
#3 /home/dnzwygdo/djuragancom/vendor/codeigniter4/framework/system/Database/BaseBuilder.php(1669): CodeIgniter\Database\BaseConnection->query()
#4 /home/dnzwygdo/djuragancom/app/Controllers/Api/Notifikasi.php(37): CodeIgniter\Database\BaseBuilder->countAllResults()
#5 /home/dnzwygdo/djuragancom/vendor/codeigniter4/framework/system/CodeIgniter.php(898): App\Controllers\Api\Notifikasi->get()
#6 /home/dnzwygdo/djuragancom/vendor/codeigniter4/framework/system/CodeIgniter.php(457): CodeIgniter\CodeIgniter->runController()
#7 /home/dnzwygdo/djuragancom/vendor/codeigniter4/framework/system/CodeIgniter.php(340): CodeIgniter\CodeIgniter->handleRequest()
#8 /home/dnzwygdo/public_html/index.php(67): CodeIgniter\CodeIgniter->run()
#9 {main}

Next CodeIgniter\Database\Exceptions\DatabaseException: Too many connections in /home/dnzwygdo/djuragancom/vendor/codeigniter4/framework/system/Database/MySQLi/Connection.php:215
Stack trace:
#0 /home/dnzwygdo/djuragancom/vendor/codeigniter4/framework/system/Database/BaseConnection.php(382): CodeIgniter\Database\MySQLi\Connection->connect()
#1 /home/dnzwygdo/djuragancom/vendor/codeigniter4/framework/system/Database/BaseConnection.php(588): CodeIgniter\Database\BaseConnection->initialize()
#2 /home/dnzwygdo/djuragancom/vendor/codeigniter4/framework/system/Database/BaseBuilder.php(1669): CodeIgniter\Database\BaseConnection->query()
#3 /home/dnzwygdo/djuragancom/app/Controllers/Api/Notifikasi.php(37): CodeIgniter\Database\BaseBuilder->countAllResults()
#4 /home/dnzwygdo/djuragancom/vendor/codeigniter4/framework/system/CodeIgniter.php(898): App\Controllers\Api\Notifikasi->get()
#5 /home/dnzwygdo/djuragancom/vendor/codeigniter4/framework/system/CodeIgniter.php(457): CodeIgniter\CodeIgniter->runController()
#6 /home/dnzwygdo/djuragancom/vendor/codeigniter4/framework/system/CodeIgniter.php(340): CodeIgniter\CodeIgniter->handleRequest()
#7 /home/dnzwygdo/public_html/index.php(67): CodeIgniter\CodeIgniter->run()
#8 {main}
CRITICAL - 2023-08-17 16:56:18 --> Unable to connect to the database.
Main connection [MySQLi]: Too many connections
in SYSTEMPATH/Database/BaseConnection.php on line 418.
 1 SYSTEMPATH/Database/BaseConnection.php(588): CodeIgniter\Database\BaseConnection->initialize()
 2 SYSTEMPATH/Database/BaseBuilder.php(1669): CodeIgniter\Database\BaseConnection->query()
 3 APPPATH/Controllers/Api/Notifikasi.php(37): CodeIgniter\Database\BaseBuilder->countAllResults()
 4 SYSTEMPATH/CodeIgniter.php(898): App\Controllers\Api\Notifikasi->get()
 5 SYSTEMPATH/CodeIgniter.php(457): CodeIgniter\CodeIgniter->runController()
 6 SYSTEMPATH/CodeIgniter.php(340): CodeIgniter\CodeIgniter->handleRequest()
 7 FCPATH/index.php(67): CodeIgniter\CodeIgniter->run()
ERROR - 2023-08-17 16:57:29 --> Error connecting to the database: mysqli_sql_exception: Too many connections in /home/dnzwygdo/djuragancom/vendor/codeigniter4/framework/system/Database/MySQLi/Connection.php:171
Stack trace:
#0 /home/dnzwygdo/djuragancom/vendor/codeigniter4/framework/system/Database/MySQLi/Connection.php(171): mysqli->real_connect()
#1 /home/dnzwygdo/djuragancom/vendor/codeigniter4/framework/system/Database/BaseConnection.php(382): CodeIgniter\Database\MySQLi\Connection->connect()
#2 /home/dnzwygdo/djuragancom/vendor/codeigniter4/framework/system/Database/BaseConnection.php(588): CodeIgniter\Database\BaseConnection->initialize()
#3 /home/dnzwygdo/djuragancom/vendor/codeigniter4/framework/system/Database/BaseBuilder.php(1669): CodeIgniter\Database\BaseConnection->query()
#4 /home/dnzwygdo/djuragancom/app/Controllers/Api/Notifikasi.php(37): CodeIgniter\Database\BaseBuilder->countAllResults()
#5 /home/dnzwygdo/djuragancom/vendor/codeigniter4/framework/system/CodeIgniter.php(898): App\Controllers\Api\Notifikasi->get()
#6 /home/dnzwygdo/djuragancom/vendor/codeigniter4/framework/system/CodeIgniter.php(457): CodeIgniter\CodeIgniter->runController()
#7 /home/dnzwygdo/djuragancom/vendor/codeigniter4/framework/system/CodeIgniter.php(340): CodeIgniter\CodeIgniter->handleRequest()
#8 /home/dnzwygdo/public_html/index.php(67): CodeIgniter\CodeIgniter->run()
#9 {main}

Next CodeIgniter\Database\Exceptions\DatabaseException: Too many connections in /home/dnzwygdo/djuragancom/vendor/codeigniter4/framework/system/Database/MySQLi/Connection.php:215
Stack trace:
#0 /home/dnzwygdo/djuragancom/vendor/codeigniter4/framework/system/Database/BaseConnection.php(382): CodeIgniter\Database\MySQLi\Connection->connect()
#1 /home/dnzwygdo/djuragancom/vendor/codeigniter4/framework/system/Database/BaseConnection.php(588): CodeIgniter\Database\BaseConnection->initialize()
#2 /home/dnzwygdo/djuragancom/vendor/codeigniter4/framework/system/Database/BaseBuilder.php(1669): CodeIgniter\Database\BaseConnection->query()
#3 /home/dnzwygdo/djuragancom/app/Controllers/Api/Notifikasi.php(37): CodeIgniter\Database\BaseBuilder->countAllResults()
#4 /home/dnzwygdo/djuragancom/vendor/codeigniter4/framework/system/CodeIgniter.php(898): App\Controllers\Api\Notifikasi->get()
#5 /home/dnzwygdo/djuragancom/vendor/codeigniter4/framework/system/CodeIgniter.php(457): CodeIgniter\CodeIgniter->runController()
#6 /home/dnzwygdo/djuragancom/vendor/codeigniter4/framework/system/CodeIgniter.php(340): CodeIgniter\CodeIgniter->handleRequest()
#7 /home/dnzwygdo/public_html/index.php(67): CodeIgniter\CodeIgniter->run()
#8 {main}
CRITICAL - 2023-08-17 16:57:29 --> Unable to connect to the database.
Main connection [MySQLi]: Too many connections
in SYSTEMPATH/Database/BaseConnection.php on line 418.
 1 SYSTEMPATH/Database/BaseConnection.php(588): CodeIgniter\Database\BaseConnection->initialize()
 2 SYSTEMPATH/Database/BaseBuilder.php(1669): CodeIgniter\Database\BaseConnection->query()
 3 APPPATH/Controllers/Api/Notifikasi.php(37): CodeIgniter\Database\BaseBuilder->countAllResults()
 4 SYSTEMPATH/CodeIgniter.php(898): App\Controllers\Api\Notifikasi->get()
 5 SYSTEMPATH/CodeIgniter.php(457): CodeIgniter\CodeIgniter->runController()
 6 SYSTEMPATH/CodeIgniter.php(340): CodeIgniter\CodeIgniter->handleRequest()
 7 FCPATH/index.php(67): CodeIgniter\CodeIgniter->run()
ERROR - 2023-08-17 16:58:01 --> Error connecting to the database: mysqli_sql_exception: Too many connections in /home/dnzwygdo/djuragancom/vendor/codeigniter4/framework/system/Database/MySQLi/Connection.php:171
Stack trace:
#0 /home/dnzwygdo/djuragancom/vendor/codeigniter4/framework/system/Database/MySQLi/Connection.php(171): mysqli->real_connect()
#1 /home/dnzwygdo/djuragancom/vendor/codeigniter4/framework/system/Database/BaseConnection.php(382): CodeIgniter\Database\MySQLi\Connection->connect()
#2 /home/dnzwygdo/djuragancom/vendor/codeigniter4/framework/system/Database/BaseConnection.php(588): CodeIgniter\Database\BaseConnection->initialize()
#3 /home/dnzwygdo/djuragancom/vendor/codeigniter4/framework/system/Database/BaseBuilder.php(1669): CodeIgniter\Database\BaseConnection->query()
#4 /home/dnzwygdo/djuragancom/app/Controllers/Api/Notifikasi.php(37): CodeIgniter\Database\BaseBuilder->countAllResults()
#5 /home/dnzwygdo/djuragancom/vendor/codeigniter4/framework/system/CodeIgniter.php(898): App\Controllers\Api\Notifikasi->get()
#6 /home/dnzwygdo/djuragancom/vendor/codeigniter4/framework/system/CodeIgniter.php(457): CodeIgniter\CodeIgniter->runController()
#7 /home/dnzwygdo/djuragancom/vendor/codeigniter4/framework/system/CodeIgniter.php(340): CodeIgniter\CodeIgniter->handleRequest()
#8 /home/dnzwygdo/public_html/index.php(67): CodeIgniter\CodeIgniter->run()
#9 {main}

Next CodeIgniter\Database\Exceptions\DatabaseException: Too many connections in /home/dnzwygdo/djuragancom/vendor/codeigniter4/framework/system/Database/MySQLi/Connection.php:215
Stack trace:
#0 /home/dnzwygdo/djuragancom/vendor/codeigniter4/framework/system/Database/BaseConnection.php(382): CodeIgniter\Database\MySQLi\Connection->connect()
#1 /home/dnzwygdo/djuragancom/vendor/codeigniter4/framework/system/Database/BaseConnection.php(588): CodeIgniter\Database\BaseConnection->initialize()
#2 /home/dnzwygdo/djuragancom/vendor/codeigniter4/framework/system/Database/BaseBuilder.php(1669): CodeIgniter\Database\BaseConnection->query()
#3 /home/dnzwygdo/djuragancom/app/Controllers/Api/Notifikasi.php(37): CodeIgniter\Database\BaseBuilder->countAllResults()
#4 /home/dnzwygdo/djuragancom/vendor/codeigniter4/framework/system/CodeIgniter.php(898): App\Controllers\Api\Notifikasi->get()
#5 /home/dnzwygdo/djuragancom/vendor/codeigniter4/framework/system/CodeIgniter.php(457): CodeIgniter\CodeIgniter->runController()
#6 /home/dnzwygdo/djuragancom/vendor/codeigniter4/framework/system/CodeIgniter.php(340): CodeIgniter\CodeIgniter->handleRequest()
#7 /home/dnzwygdo/public_html/index.php(67): CodeIgniter\CodeIgniter->run()
#8 {main}
CRITICAL - 2023-08-17 16:58:01 --> Unable to connect to the database.
Main connection [MySQLi]: Too many connections
in SYSTEMPATH/Database/BaseConnection.php on line 418.
 1 SYSTEMPATH/Database/BaseConnection.php(588): CodeIgniter\Database\BaseConnection->initialize()
 2 SYSTEMPATH/Database/BaseBuilder.php(1669): CodeIgniter\Database\BaseConnection->query()
 3 APPPATH/Controllers/Api/Notifikasi.php(37): CodeIgniter\Database\BaseBuilder->countAllResults()
 4 SYSTEMPATH/CodeIgniter.php(898): App\Controllers\Api\Notifikasi->get()
 5 SYSTEMPATH/CodeIgniter.php(457): CodeIgniter\CodeIgniter->runController()
 6 SYSTEMPATH/CodeIgniter.php(340): CodeIgniter\CodeIgniter->handleRequest()
 7 FCPATH/index.php(67): CodeIgniter\CodeIgniter->run()
ERROR - 2023-08-17 16:58:07 --> Error connecting to the database: mysqli_sql_exception: Too many connections in /home/dnzwygdo/djuragancom/vendor/codeigniter4/framework/system/Database/MySQLi/Connection.php:171
Stack trace:
#0 /home/dnzwygdo/djuragancom/vendor/codeigniter4/framework/system/Database/MySQLi/Connection.php(171): mysqli->real_connect()
#1 /home/dnzwygdo/djuragancom/vendor/codeigniter4/framework/system/Database/BaseConnection.php(382): CodeIgniter\Database\MySQLi\Connection->connect()
#2 /home/dnzwygdo/djuragancom/vendor/codeigniter4/framework/system/Database/BaseConnection.php(588): CodeIgniter\Database\BaseConnection->initialize()
#3 /home/dnzwygdo/djuragancom/vendor/codeigniter4/framework/system/Database/BaseBuilder.php(1669): CodeIgniter\Database\BaseConnection->query()
#4 /home/dnzwygdo/djuragancom/app/Controllers/Api/Notifikasi.php(37): CodeIgniter\Database\BaseBuilder->countAllResults()
#5 /home/dnzwygdo/djuragancom/vendor/codeigniter4/framework/system/CodeIgniter.php(898): App\Controllers\Api\Notifikasi->get()
#6 /home/dnzwygdo/djuragancom/vendor/codeigniter4/framework/system/CodeIgniter.php(457): CodeIgniter\CodeIgniter->runController()
#7 /home/dnzwygdo/djuragancom/vendor/codeigniter4/framework/system/CodeIgniter.php(340): CodeIgniter\CodeIgniter->handleRequest()
#8 /home/dnzwygdo/public_html/index.php(67): CodeIgniter\CodeIgniter->run()
#9 {main}

Next CodeIgniter\Database\Exceptions\DatabaseException: Too many connections in /home/dnzwygdo/djuragancom/vendor/codeigniter4/framework/system/Database/MySQLi/Connection.php:215
Stack trace:
#0 /home/dnzwygdo/djuragancom/vendor/codeigniter4/framework/system/Database/BaseConnection.php(382): CodeIgniter\Database\MySQLi\Connection->connect()
#1 /home/dnzwygdo/djuragancom/vendor/codeigniter4/framework/system/Database/BaseConnection.php(588): CodeIgniter\Database\BaseConnection->initialize()
#2 /home/dnzwygdo/djuragancom/vendor/codeigniter4/framework/system/Database/BaseBuilder.php(1669): CodeIgniter\Database\BaseConnection->query()
#3 /home/dnzwygdo/djuragancom/app/Controllers/Api/Notifikasi.php(37): CodeIgniter\Database\BaseBuilder->countAllResults()
#4 /home/dnzwygdo/djuragancom/vendor/codeigniter4/framework/system/CodeIgniter.php(898): App\Controllers\Api\Notifikasi->get()
#5 /home/dnzwygdo/djuragancom/vendor/codeigniter4/framework/system/CodeIgniter.php(457): CodeIgniter\CodeIgniter->runController()
#6 /home/dnzwygdo/djuragancom/vendor/codeigniter4/framework/system/CodeIgniter.php(340): CodeIgniter\CodeIgniter->handleRequest()
#7 /home/dnzwygdo/public_html/index.php(67): CodeIgniter\CodeIgniter->run()
#8 {main}
CRITICAL - 2023-08-17 16:58:07 --> Unable to connect to the database.
Main connection [MySQLi]: Too many connections
in SYSTEMPATH/Database/BaseConnection.php on line 418.
 1 SYSTEMPATH/Database/BaseConnection.php(588): CodeIgniter\Database\BaseConnection->initialize()
 2 SYSTEMPATH/Database/BaseBuilder.php(1669): CodeIgniter\Database\BaseConnection->query()
 3 APPPATH/Controllers/Api/Notifikasi.php(37): CodeIgniter\Database\BaseBuilder->countAllResults()
 4 SYSTEMPATH/CodeIgniter.php(898): App\Controllers\Api\Notifikasi->get()
 5 SYSTEMPATH/CodeIgniter.php(457): CodeIgniter\CodeIgniter->runController()
 6 SYSTEMPATH/CodeIgniter.php(340): CodeIgniter\CodeIgniter->handleRequest()
 7 FCPATH/index.php(67): CodeIgniter\CodeIgniter->run()
ERROR - 2023-08-17 16:58:27 --> Error connecting to the database: mysqli_sql_exception: Too many connections in /home/dnzwygdo/djuragancom/vendor/codeigniter4/framework/system/Database/MySQLi/Connection.php:171
Stack trace:
#0 /home/dnzwygdo/djuragancom/vendor/codeigniter4/framework/system/Database/MySQLi/Connection.php(171): mysqli->real_connect()
#1 /home/dnzwygdo/djuragancom/vendor/codeigniter4/framework/system/Database/BaseConnection.php(382): CodeIgniter\Database\MySQLi\Connection->connect()
#2 /home/dnzwygdo/djuragancom/vendor/codeigniter4/framework/system/Database/BaseConnection.php(588): CodeIgniter\Database\BaseConnection->initialize()
#3 /home/dnzwygdo/djuragancom/vendor/codeigniter4/framework/system/Database/BaseBuilder.php(1669): CodeIgniter\Database\BaseConnection->query()
#4 /home/dnzwygdo/djuragancom/app/Controllers/Api/Notifikasi.php(37): CodeIgniter\Database\BaseBuilder->countAllResults()
#5 /home/dnzwygdo/djuragancom/vendor/codeigniter4/framework/system/CodeIgniter.php(898): App\Controllers\Api\Notifikasi->get()
#6 /home/dnzwygdo/djuragancom/vendor/codeigniter4/framework/system/CodeIgniter.php(457): CodeIgniter\CodeIgniter->runController()
#7 /home/dnzwygdo/djuragancom/vendor/codeigniter4/framework/system/CodeIgniter.php(340): CodeIgniter\CodeIgniter->handleRequest()
#8 /home/dnzwygdo/public_html/index.php(67): CodeIgniter\CodeIgniter->run()
#9 {main}

Next CodeIgniter\Database\Exceptions\DatabaseException: Too many connections in /home/dnzwygdo/djuragancom/vendor/codeigniter4/framework/system/Database/MySQLi/Connection.php:215
Stack trace:
#0 /home/dnzwygdo/djuragancom/vendor/codeigniter4/framework/system/Database/BaseConnection.php(382): CodeIgniter\Database\MySQLi\Connection->connect()
#1 /home/dnzwygdo/djuragancom/vendor/codeigniter4/framework/system/Database/BaseConnection.php(588): CodeIgniter\Database\BaseConnection->initialize()
#2 /home/dnzwygdo/djuragancom/vendor/codeigniter4/framework/system/Database/BaseBuilder.php(1669): CodeIgniter\Database\BaseConnection->query()
#3 /home/dnzwygdo/djuragancom/app/Controllers/Api/Notifikasi.php(37): CodeIgniter\Database\BaseBuilder->countAllResults()
#4 /home/dnzwygdo/djuragancom/vendor/codeigniter4/framework/system/CodeIgniter.php(898): App\Controllers\Api\Notifikasi->get()
#5 /home/dnzwygdo/djuragancom/vendor/codeigniter4/framework/system/CodeIgniter.php(457): CodeIgniter\CodeIgniter->runController()
#6 /home/dnzwygdo/djuragancom/vendor/codeigniter4/framework/system/CodeIgniter.php(340): CodeIgniter\CodeIgniter->handleRequest()
#7 /home/dnzwygdo/public_html/index.php(67): CodeIgniter\CodeIgniter->run()
#8 {main}
CRITICAL - 2023-08-17 16:58:27 --> Unable to connect to the database.
Main connection [MySQLi]: Too many connections
in SYSTEMPATH/Database/BaseConnection.php on line 418.
 1 SYSTEMPATH/Database/BaseConnection.php(588): CodeIgniter\Database\BaseConnection->initialize()
 2 SYSTEMPATH/Database/BaseBuilder.php(1669): CodeIgniter\Database\BaseConnection->query()
 3 APPPATH/Controllers/Api/Notifikasi.php(37): CodeIgniter\Database\BaseBuilder->countAllResults()
 4 SYSTEMPATH/CodeIgniter.php(898): App\Controllers\Api\Notifikasi->get()
 5 SYSTEMPATH/CodeIgniter.php(457): CodeIgniter\CodeIgniter->runController()
 6 SYSTEMPATH/CodeIgniter.php(340): CodeIgniter\CodeIgniter->handleRequest()
 7 FCPATH/index.php(67): CodeIgniter\CodeIgniter->run()
ERROR - 2023-08-17 16:58:37 --> Error connecting to the database: mysqli_sql_exception: Too many connections in /home/dnzwygdo/djuragancom/vendor/codeigniter4/framework/system/Database/MySQLi/Connection.php:171
Stack trace:
#0 /home/dnzwygdo/djuragancom/vendor/codeigniter4/framework/system/Database/MySQLi/Connection.php(171): mysqli->real_connect()
#1 /home/dnzwygdo/djuragancom/vendor/codeigniter4/framework/system/Database/BaseConnection.php(382): CodeIgniter\Database\MySQLi\Connection->connect()
#2 /home/dnzwygdo/djuragancom/vendor/codeigniter4/framework/system/Database/BaseConnection.php(588): CodeIgniter\Database\BaseConnection->initialize()
#3 /home/dnzwygdo/djuragancom/vendor/codeigniter4/framework/system/Database/BaseBuilder.php(1669): CodeIgniter\Database\BaseConnection->query()
#4 /home/dnzwygdo/djuragancom/app/Controllers/Api/Notifikasi.php(37): CodeIgniter\Database\BaseBuilder->countAllResults()
#5 /home/dnzwygdo/djuragancom/vendor/codeigniter4/framework/system/CodeIgniter.php(898): App\Controllers\Api\Notifikasi->get()
#6 /home/dnzwygdo/djuragancom/vendor/codeigniter4/framework/system/CodeIgniter.php(457): CodeIgniter\CodeIgniter->runController()
#7 /home/dnzwygdo/djuragancom/vendor/codeigniter4/framework/system/CodeIgniter.php(340): CodeIgniter\CodeIgniter->handleRequest()
#8 /home/dnzwygdo/public_html/index.php(67): CodeIgniter\CodeIgniter->run()
#9 {main}

Next CodeIgniter\Database\Exceptions\DatabaseException: Too many connections in /home/dnzwygdo/djuragancom/vendor/codeigniter4/framework/system/Database/MySQLi/Connection.php:215
Stack trace:
#0 /home/dnzwygdo/djuragancom/vendor/codeigniter4/framework/system/Database/BaseConnection.php(382): CodeIgniter\Database\MySQLi\Connection->connect()
#1 /home/dnzwygdo/djuragancom/vendor/codeigniter4/framework/system/Database/BaseConnection.php(588): CodeIgniter\Database\BaseConnection->initialize()
#2 /home/dnzwygdo/djuragancom/vendor/codeigniter4/framework/system/Database/BaseBuilder.php(1669): CodeIgniter\Database\BaseConnection->query()
#3 /home/dnzwygdo/djuragancom/app/Controllers/Api/Notifikasi.php(37): CodeIgniter\Database\BaseBuilder->countAllResults()
#4 /home/dnzwygdo/djuragancom/vendor/codeigniter4/framework/system/CodeIgniter.php(898): App\Controllers\Api\Notifikasi->get()
#5 /home/dnzwygdo/djuragancom/vendor/codeigniter4/framework/system/CodeIgniter.php(457): CodeIgniter\CodeIgniter->runController()
#6 /home/dnzwygdo/djuragancom/vendor/codeigniter4/framework/system/CodeIgniter.php(340): CodeIgniter\CodeIgniter->handleRequest()
#7 /home/dnzwygdo/public_html/index.php(67): CodeIgniter\CodeIgniter->run()
#8 {main}
CRITICAL - 2023-08-17 16:58:37 --> Unable to connect to the database.
Main connection [MySQLi]: Too many connections
in SYSTEMPATH/Database/BaseConnection.php on line 418.
 1 SYSTEMPATH/Database/BaseConnection.php(588): CodeIgniter\Database\BaseConnection->initialize()
 2 SYSTEMPATH/Database/BaseBuilder.php(1669): CodeIgniter\Database\BaseConnection->query()
 3 APPPATH/Controllers/Api/Notifikasi.php(37): CodeIgniter\Database\BaseBuilder->countAllResults()
 4 SYSTEMPATH/CodeIgniter.php(898): App\Controllers\Api\Notifikasi->get()
 5 SYSTEMPATH/CodeIgniter.php(457): CodeIgniter\CodeIgniter->runController()
 6 SYSTEMPATH/CodeIgniter.php(340): CodeIgniter\CodeIgniter->handleRequest()
 7 FCPATH/index.php(67): CodeIgniter\CodeIgniter->run()
ERROR - 2023-08-17 16:59:49 --> Error connecting to the database: mysqli_sql_exception: Too many connections in /home/dnzwygdo/djuragancom/vendor/codeigniter4/framework/system/Database/MySQLi/Connection.php:171
Stack trace:
#0 /home/dnzwygdo/djuragancom/vendor/codeigniter4/framework/system/Database/MySQLi/Connection.php(171): mysqli->real_connect()
#1 /home/dnzwygdo/djuragancom/vendor/codeigniter4/framework/system/Database/BaseConnection.php(382): CodeIgniter\Database\MySQLi\Connection->connect()
#2 /home/dnzwygdo/djuragancom/vendor/codeigniter4/framework/system/Database/BaseConnection.php(588): CodeIgniter\Database\BaseConnection->initialize()
#3 /home/dnzwygdo/djuragancom/vendor/codeigniter4/framework/system/Database/BaseBuilder.php(1669): CodeIgniter\Database\BaseConnection->query()
#4 /home/dnzwygdo/djuragancom/app/Controllers/Api/Notifikasi.php(37): CodeIgniter\Database\BaseBuilder->countAllResults()
#5 /home/dnzwygdo/djuragancom/vendor/codeigniter4/framework/system/CodeIgniter.php(898): App\Controllers\Api\Notifikasi->get()
#6 /home/dnzwygdo/djuragancom/vendor/codeigniter4/framework/system/CodeIgniter.php(457): CodeIgniter\CodeIgniter->runController()
#7 /home/dnzwygdo/djuragancom/vendor/codeigniter4/framework/system/CodeIgniter.php(340): CodeIgniter\CodeIgniter->handleRequest()
#8 /home/dnzwygdo/public_html/index.php(67): CodeIgniter\CodeIgniter->run()
#9 {main}

Next CodeIgniter\Database\Exceptions\DatabaseException: Too many connections in /home/dnzwygdo/djuragancom/vendor/codeigniter4/framework/system/Database/MySQLi/Connection.php:215
Stack trace:
#0 /home/dnzwygdo/djuragancom/vendor/codeigniter4/framework/system/Database/BaseConnection.php(382): CodeIgniter\Database\MySQLi\Connection->connect()
#1 /home/dnzwygdo/djuragancom/vendor/codeigniter4/framework/system/Database/BaseConnection.php(588): CodeIgniter\Database\BaseConnection->initialize()
#2 /home/dnzwygdo/djuragancom/vendor/codeigniter4/framework/system/Database/BaseBuilder.php(1669): CodeIgniter\Database\BaseConnection->query()
#3 /home/dnzwygdo/djuragancom/app/Controllers/Api/Notifikasi.php(37): CodeIgniter\Database\BaseBuilder->countAllResults()
#4 /home/dnzwygdo/djuragancom/vendor/codeigniter4/framework/system/CodeIgniter.php(898): App\Controllers\Api\Notifikasi->get()
#5 /home/dnzwygdo/djuragancom/vendor/codeigniter4/framework/system/CodeIgniter.php(457): CodeIgniter\CodeIgniter->runController()
#6 /home/dnzwygdo/djuragancom/vendor/codeigniter4/framework/system/CodeIgniter.php(340): CodeIgniter\CodeIgniter->handleRequest()
#7 /home/dnzwygdo/public_html/index.php(67): CodeIgniter\CodeIgniter->run()
#8 {main}
CRITICAL - 2023-08-17 16:59:49 --> Unable to connect to the database.
Main connection [MySQLi]: Too many connections
in SYSTEMPATH/Database/BaseConnection.php on line 418.
 1 SYSTEMPATH/Database/BaseConnection.php(588): CodeIgniter\Database\BaseConnection->initialize()
 2 SYSTEMPATH/Database/BaseBuilder.php(1669): CodeIgniter\Database\BaseConnection->query()
 3 APPPATH/Controllers/Api/Notifikasi.php(37): CodeIgniter\Database\BaseBuilder->countAllResults()
 4 SYSTEMPATH/CodeIgniter.php(898): App\Controllers\Api\Notifikasi->get()
 5 SYSTEMPATH/CodeIgniter.php(457): CodeIgniter\CodeIgniter->runController()
 6 SYSTEMPATH/CodeIgniter.php(340): CodeIgniter\CodeIgniter->handleRequest()
 7 FCPATH/index.php(67): CodeIgniter\CodeIgniter->run()
ERROR - 2023-08-17 17:00:29 --> Error connecting to the database: mysqli_sql_exception: Too many connections in /home/dnzwygdo/djuragancom/vendor/codeigniter4/framework/system/Database/MySQLi/Connection.php:171
Stack trace:
#0 /home/dnzwygdo/djuragancom/vendor/codeigniter4/framework/system/Database/MySQLi/Connection.php(171): mysqli->real_connect()
#1 /home/dnzwygdo/djuragancom/vendor/codeigniter4/framework/system/Database/BaseConnection.php(382): CodeIgniter\Database\MySQLi\Connection->connect()
#2 /home/dnzwygdo/djuragancom/vendor/codeigniter4/framework/system/Database/BaseConnection.php(588): CodeIgniter\Database\BaseConnection->initialize()
#3 /home/dnzwygdo/djuragancom/vendor/codeigniter4/framework/system/Database/BaseBuilder.php(1669): CodeIgniter\Database\BaseConnection->query()
#4 /home/dnzwygdo/djuragancom/app/Controllers/Api/Notifikasi.php(37): CodeIgniter\Database\BaseBuilder->countAllResults()
#5 /home/dnzwygdo/djuragancom/vendor/codeigniter4/framework/system/CodeIgniter.php(898): App\Controllers\Api\Notifikasi->get()
#6 /home/dnzwygdo/djuragancom/vendor/codeigniter4/framework/system/CodeIgniter.php(457): CodeIgniter\CodeIgniter->runController()
#7 /home/dnzwygdo/djuragancom/vendor/codeigniter4/framework/system/CodeIgniter.php(340): CodeIgniter\CodeIgniter->handleRequest()
#8 /home/dnzwygdo/public_html/index.php(67): CodeIgniter\CodeIgniter->run()
#9 {main}

Next CodeIgniter\Database\Exceptions\DatabaseException: Too many connections in /home/dnzwygdo/djuragancom/vendor/codeigniter4/framework/system/Database/MySQLi/Connection.php:215
Stack trace:
#0 /home/dnzwygdo/djuragancom/vendor/codeigniter4/framework/system/Database/BaseConnection.php(382): CodeIgniter\Database\MySQLi\Connection->connect()
#1 /home/dnzwygdo/djuragancom/vendor/codeigniter4/framework/system/Database/BaseConnection.php(588): CodeIgniter\Database\BaseConnection->initialize()
#2 /home/dnzwygdo/djuragancom/vendor/codeigniter4/framework/system/Database/BaseBuilder.php(1669): CodeIgniter\Database\BaseConnection->query()
#3 /home/dnzwygdo/djuragancom/app/Controllers/Api/Notifikasi.php(37): CodeIgniter\Database\BaseBuilder->countAllResults()
#4 /home/dnzwygdo/djuragancom/vendor/codeigniter4/framework/system/CodeIgniter.php(898): App\Controllers\Api\Notifikasi->get()
#5 /home/dnzwygdo/djuragancom/vendor/codeigniter4/framework/system/CodeIgniter.php(457): CodeIgniter\CodeIgniter->runController()
#6 /home/dnzwygdo/djuragancom/vendor/codeigniter4/framework/system/CodeIgniter.php(340): CodeIgniter\CodeIgniter->handleRequest()
#7 /home/dnzwygdo/public_html/index.php(67): CodeIgniter\CodeIgniter->run()
#8 {main}
CRITICAL - 2023-08-17 17:00:29 --> Unable to connect to the database.
Main connection [MySQLi]: Too many connections
in SYSTEMPATH/Database/BaseConnection.php on line 418.
 1 SYSTEMPATH/Database/BaseConnection.php(588): CodeIgniter\Database\BaseConnection->initialize()
 2 SYSTEMPATH/Database/BaseBuilder.php(1669): CodeIgniter\Database\BaseConnection->query()
 3 APPPATH/Controllers/Api/Notifikasi.php(37): CodeIgniter\Database\BaseBuilder->countAllResults()
 4 SYSTEMPATH/CodeIgniter.php(898): App\Controllers\Api\Notifikasi->get()
 5 SYSTEMPATH/CodeIgniter.php(457): CodeIgniter\CodeIgniter->runController()
 6 SYSTEMPATH/CodeIgniter.php(340): CodeIgniter\CodeIgniter->handleRequest()
 7 FCPATH/index.php(67): CodeIgniter\CodeIgniter->run()
ERROR - 2023-08-17 17:02:01 --> Error connecting to the database: mysqli_sql_exception: Too many connections in /home/dnzwygdo/djuragancom/vendor/codeigniter4/framework/system/Database/MySQLi/Connection.php:171
Stack trace:
#0 /home/dnzwygdo/djuragancom/vendor/codeigniter4/framework/system/Database/MySQLi/Connection.php(171): mysqli->real_connect()
#1 /home/dnzwygdo/djuragancom/vendor/codeigniter4/framework/system/Database/BaseConnection.php(382): CodeIgniter\Database\MySQLi\Connection->connect()
#2 /home/dnzwygdo/djuragancom/vendor/codeigniter4/framework/system/Database/BaseConnection.php(588): CodeIgniter\Database\BaseConnection->initialize()
#3 /home/dnzwygdo/djuragancom/vendor/codeigniter4/framework/system/Database/BaseBuilder.php(1669): CodeIgniter\Database\BaseConnection->query()
#4 /home/dnzwygdo/djuragancom/app/Controllers/Api/Notifikasi.php(37): CodeIgniter\Database\BaseBuilder->countAllResults()
#5 /home/dnzwygdo/djuragancom/vendor/codeigniter4/framework/system/CodeIgniter.php(898): App\Controllers\Api\Notifikasi->get()
#6 /home/dnzwygdo/djuragancom/vendor/codeigniter4/framework/system/CodeIgniter.php(457): CodeIgniter\CodeIgniter->runController()
#7 /home/dnzwygdo/djuragancom/vendor/codeigniter4/framework/system/CodeIgniter.php(340): CodeIgniter\CodeIgniter->handleRequest()
#8 /home/dnzwygdo/public_html/index.php(67): CodeIgniter\CodeIgniter->run()
#9 {main}

Next CodeIgniter\Database\Exceptions\DatabaseException: Too many connections in /home/dnzwygdo/djuragancom/vendor/codeigniter4/framework/system/Database/MySQLi/Connection.php:215
Stack trace:
#0 /home/dnzwygdo/djuragancom/vendor/codeigniter4/framework/system/Database/BaseConnection.php(382): CodeIgniter\Database\MySQLi\Connection->connect()
#1 /home/dnzwygdo/djuragancom/vendor/codeigniter4/framework/system/Database/BaseConnection.php(588): CodeIgniter\Database\BaseConnection->initialize()
#2 /home/dnzwygdo/djuragancom/vendor/codeigniter4/framework/system/Database/BaseBuilder.php(1669): CodeIgniter\Database\BaseConnection->query()
#3 /home/dnzwygdo/djuragancom/app/Controllers/Api/Notifikasi.php(37): CodeIgniter\Database\BaseBuilder->countAllResults()
#4 /home/dnzwygdo/djuragancom/vendor/codeigniter4/framework/system/CodeIgniter.php(898): App\Controllers\Api\Notifikasi->get()
#5 /home/dnzwygdo/djuragancom/vendor/codeigniter4/framework/system/CodeIgniter.php(457): CodeIgniter\CodeIgniter->runController()
#6 /home/dnzwygdo/djuragancom/vendor/codeigniter4/framework/system/CodeIgniter.php(340): CodeIgniter\CodeIgniter->handleRequest()
#7 /home/dnzwygdo/public_html/index.php(67): CodeIgniter\CodeIgniter->run()
#8 {main}
CRITICAL - 2023-08-17 17:02:01 --> Unable to connect to the database.
Main connection [MySQLi]: Too many connections
in SYSTEMPATH/Database/BaseConnection.php on line 418.
 1 SYSTEMPATH/Database/BaseConnection.php(588): CodeIgniter\Database\BaseConnection->initialize()
 2 SYSTEMPATH/Database/BaseBuilder.php(1669): CodeIgniter\Database\BaseConnection->query()
 3 APPPATH/Controllers/Api/Notifikasi.php(37): CodeIgniter\Database\BaseBuilder->countAllResults()
 4 SYSTEMPATH/CodeIgniter.php(898): App\Controllers\Api\Notifikasi->get()
 5 SYSTEMPATH/CodeIgniter.php(457): CodeIgniter\CodeIgniter->runController()
 6 SYSTEMPATH/CodeIgniter.php(340): CodeIgniter\CodeIgniter->handleRequest()
 7 FCPATH/index.php(67): CodeIgniter\CodeIgniter->run()
ERROR - 2023-08-17 17:09:49 --> Error connecting to the database: mysqli_sql_exception: Too many connections in /home/dnzwygdo/djuragancom/vendor/codeigniter4/framework/system/Database/MySQLi/Connection.php:171
Stack trace:
#0 /home/dnzwygdo/djuragancom/vendor/codeigniter4/framework/system/Database/MySQLi/Connection.php(171): mysqli->real_connect()
#1 /home/dnzwygdo/djuragancom/vendor/codeigniter4/framework/system/Database/BaseConnection.php(382): CodeIgniter\Database\MySQLi\Connection->connect()
#2 /home/dnzwygdo/djuragancom/vendor/codeigniter4/framework/system/Database/BaseConnection.php(588): CodeIgniter\Database\BaseConnection->initialize()
#3 /home/dnzwygdo/djuragancom/vendor/codeigniter4/framework/system/Database/BaseBuilder.php(1669): CodeIgniter\Database\BaseConnection->query()
#4 /home/dnzwygdo/djuragancom/app/Controllers/Api/Notifikasi.php(37): CodeIgniter\Database\BaseBuilder->countAllResults()
#5 /home/dnzwygdo/djuragancom/vendor/codeigniter4/framework/system/CodeIgniter.php(898): App\Controllers\Api\Notifikasi->get()
#6 /home/dnzwygdo/djuragancom/vendor/codeigniter4/framework/system/CodeIgniter.php(457): CodeIgniter\CodeIgniter->runController()
#7 /home/dnzwygdo/djuragancom/vendor/codeigniter4/framework/system/CodeIgniter.php(340): CodeIgniter\CodeIgniter->handleRequest()
#8 /home/dnzwygdo/public_html/index.php(67): CodeIgniter\CodeIgniter->run()
#9 {main}

Next CodeIgniter\Database\Exceptions\DatabaseException: Too many connections in /home/dnzwygdo/djuragancom/vendor/codeigniter4/framework/system/Database/MySQLi/Connection.php:215
Stack trace:
#0 /home/dnzwygdo/djuragancom/vendor/codeigniter4/framework/system/Database/BaseConnection.php(382): CodeIgniter\Database\MySQLi\Connection->connect()
#1 /home/dnzwygdo/djuragancom/vendor/codeigniter4/framework/system/Database/BaseConnection.php(588): CodeIgniter\Database\BaseConnection->initialize()
#2 /home/dnzwygdo/djuragancom/vendor/codeigniter4/framework/system/Database/BaseBuilder.php(1669): CodeIgniter\Database\BaseConnection->query()
#3 /home/dnzwygdo/djuragancom/app/Controllers/Api/Notifikasi.php(37): CodeIgniter\Database\BaseBuilder->countAllResults()
#4 /home/dnzwygdo/djuragancom/vendor/codeigniter4/framework/system/CodeIgniter.php(898): App\Controllers\Api\Notifikasi->get()
#5 /home/dnzwygdo/djuragancom/vendor/codeigniter4/framework/system/CodeIgniter.php(457): CodeIgniter\CodeIgniter->runController()
#6 /home/dnzwygdo/djuragancom/vendor/codeigniter4/framework/system/CodeIgniter.php(340): CodeIgniter\CodeIgniter->handleRequest()
#7 /home/dnzwygdo/public_html/index.php(67): CodeIgniter\CodeIgniter->run()
#8 {main}
CRITICAL - 2023-08-17 17:09:49 --> Unable to connect to the database.
Main connection [MySQLi]: Too many connections
in SYSTEMPATH/Database/BaseConnection.php on line 418.
 1 SYSTEMPATH/Database/BaseConnection.php(588): CodeIgniter\Database\BaseConnection->initialize()
 2 SYSTEMPATH/Database/BaseBuilder.php(1669): CodeIgniter\Database\BaseConnection->query()
 3 APPPATH/Controllers/Api/Notifikasi.php(37): CodeIgniter\Database\BaseBuilder->countAllResults()
 4 SYSTEMPATH/CodeIgniter.php(898): App\Controllers\Api\Notifikasi->get()
 5 SYSTEMPATH/CodeIgniter.php(457): CodeIgniter\CodeIgniter->runController()
 6 SYSTEMPATH/CodeIgniter.php(340): CodeIgniter\CodeIgniter->handleRequest()
 7 FCPATH/index.php(67): CodeIgniter\CodeIgniter->run()
ERROR - 2023-08-17 17:10:01 --> Error connecting to the database: mysqli_sql_exception: Too many connections in /home/dnzwygdo/djuragancom/vendor/codeigniter4/framework/system/Database/MySQLi/Connection.php:171
Stack trace:
#0 /home/dnzwygdo/djuragancom/vendor/codeigniter4/framework/system/Database/MySQLi/Connection.php(171): mysqli->real_connect()
#1 /home/dnzwygdo/djuragancom/vendor/codeigniter4/framework/system/Database/BaseConnection.php(382): CodeIgniter\Database\MySQLi\Connection->connect()
#2 /home/dnzwygdo/djuragancom/vendor/codeigniter4/framework/system/Database/BaseConnection.php(588): CodeIgniter\Database\BaseConnection->initialize()
#3 /home/dnzwygdo/djuragancom/vendor/codeigniter4/framework/system/Database/BaseBuilder.php(1669): CodeIgniter\Database\BaseConnection->query()
#4 /home/dnzwygdo/djuragancom/app/Controllers/Api/Notifikasi.php(37): CodeIgniter\Database\BaseBuilder->countAllResults()
#5 /home/dnzwygdo/djuragancom/vendor/codeigniter4/framework/system/CodeIgniter.php(898): App\Controllers\Api\Notifikasi->get()
#6 /home/dnzwygdo/djuragancom/vendor/codeigniter4/framework/system/CodeIgniter.php(457): CodeIgniter\CodeIgniter->runController()
#7 /home/dnzwygdo/djuragancom/vendor/codeigniter4/framework/system/CodeIgniter.php(340): CodeIgniter\CodeIgniter->handleRequest()
#8 /home/dnzwygdo/public_html/index.php(67): CodeIgniter\CodeIgniter->run()
#9 {main}

Next CodeIgniter\Database\Exceptions\DatabaseException: Too many connections in /home/dnzwygdo/djuragancom/vendor/codeigniter4/framework/system/Database/MySQLi/Connection.php:215
Stack trace:
#0 /home/dnzwygdo/djuragancom/vendor/codeigniter4/framework/system/Database/BaseConnection.php(382): CodeIgniter\Database\MySQLi\Connection->connect()
#1 /home/dnzwygdo/djuragancom/vendor/codeigniter4/framework/system/Database/BaseConnection.php(588): CodeIgniter\Database\BaseConnection->initialize()
#2 /home/dnzwygdo/djuragancom/vendor/codeigniter4/framework/system/Database/BaseBuilder.php(1669): CodeIgniter\Database\BaseConnection->query()
#3 /home/dnzwygdo/djuragancom/app/Controllers/Api/Notifikasi.php(37): CodeIgniter\Database\BaseBuilder->countAllResults()
#4 /home/dnzwygdo/djuragancom/vendor/codeigniter4/framework/system/CodeIgniter.php(898): App\Controllers\Api\Notifikasi->get()
#5 /home/dnzwygdo/djuragancom/vendor/codeigniter4/framework/system/CodeIgniter.php(457): CodeIgniter\CodeIgniter->runController()
#6 /home/dnzwygdo/djuragancom/vendor/codeigniter4/framework/system/CodeIgniter.php(340): CodeIgniter\CodeIgniter->handleRequest()
#7 /home/dnzwygdo/public_html/index.php(67): CodeIgniter\CodeIgniter->run()
#8 {main}
CRITICAL - 2023-08-17 17:10:01 --> Unable to connect to the database.
Main connection [MySQLi]: Too many connections
in SYSTEMPATH/Database/BaseConnection.php on line 418.
 1 SYSTEMPATH/Database/BaseConnection.php(588): CodeIgniter\Database\BaseConnection->initialize()
 2 SYSTEMPATH/Database/BaseBuilder.php(1669): CodeIgniter\Database\BaseConnection->query()
 3 APPPATH/Controllers/Api/Notifikasi.php(37): CodeIgniter\Database\BaseBuilder->countAllResults()
 4 SYSTEMPATH/CodeIgniter.php(898): App\Controllers\Api\Notifikasi->get()
 5 SYSTEMPATH/CodeIgniter.php(457): CodeIgniter\CodeIgniter->runController()
 6 SYSTEMPATH/CodeIgniter.php(340): CodeIgniter\CodeIgniter->handleRequest()
 7 FCPATH/index.php(67): CodeIgniter\CodeIgniter->run()
ERROR - 2023-08-17 17:10:49 --> Error connecting to the database: mysqli_sql_exception: Too many connections in /home/dnzwygdo/djuragancom/vendor/codeigniter4/framework/system/Database/MySQLi/Connection.php:171
Stack trace:
#0 /home/dnzwygdo/djuragancom/vendor/codeigniter4/framework/system/Database/MySQLi/Connection.php(171): mysqli->real_connect()
#1 /home/dnzwygdo/djuragancom/vendor/codeigniter4/framework/system/Database/BaseConnection.php(382): CodeIgniter\Database\MySQLi\Connection->connect()
#2 /home/dnzwygdo/djuragancom/vendor/codeigniter4/framework/system/Database/BaseConnection.php(588): CodeIgniter\Database\BaseConnection->initialize()
#3 /home/dnzwygdo/djuragancom/vendor/codeigniter4/framework/system/Database/BaseBuilder.php(1669): CodeIgniter\Database\BaseConnection->query()
#4 /home/dnzwygdo/djuragancom/app/Controllers/Api/Notifikasi.php(37): CodeIgniter\Database\BaseBuilder->countAllResults()
#5 /home/dnzwygdo/djuragancom/vendor/codeigniter4/framework/system/CodeIgniter.php(898): App\Controllers\Api\Notifikasi->get()
#6 /home/dnzwygdo/djuragancom/vendor/codeigniter4/framework/system/CodeIgniter.php(457): CodeIgniter\CodeIgniter->runController()
#7 /home/dnzwygdo/djuragancom/vendor/codeigniter4/framework/system/CodeIgniter.php(340): CodeIgniter\CodeIgniter->handleRequest()
#8 /home/dnzwygdo/public_html/index.php(67): CodeIgniter\CodeIgniter->run()
#9 {main}

Next CodeIgniter\Database\Exceptions\DatabaseException: Too many connections in /home/dnzwygdo/djuragancom/vendor/codeigniter4/framework/system/Database/MySQLi/Connection.php:215
Stack trace:
#0 /home/dnzwygdo/djuragancom/vendor/codeigniter4/framework/system/Database/BaseConnection.php(382): CodeIgniter\Database\MySQLi\Connection->connect()
#1 /home/dnzwygdo/djuragancom/vendor/codeigniter4/framework/system/Database/BaseConnection.php(588): CodeIgniter\Database\BaseConnection->initialize()
#2 /home/dnzwygdo/djuragancom/vendor/codeigniter4/framework/system/Database/BaseBuilder.php(1669): CodeIgniter\Database\BaseConnection->query()
#3 /home/dnzwygdo/djuragancom/app/Controllers/Api/Notifikasi.php(37): CodeIgniter\Database\BaseBuilder->countAllResults()
#4 /home/dnzwygdo/djuragancom/vendor/codeigniter4/framework/system/CodeIgniter.php(898): App\Controllers\Api\Notifikasi->get()
#5 /home/dnzwygdo/djuragancom/vendor/codeigniter4/framework/system/CodeIgniter.php(457): CodeIgniter\CodeIgniter->runController()
#6 /home/dnzwygdo/djuragancom/vendor/codeigniter4/framework/system/CodeIgniter.php(340): CodeIgniter\CodeIgniter->handleRequest()
#7 /home/dnzwygdo/public_html/index.php(67): CodeIgniter\CodeIgniter->run()
#8 {main}
CRITICAL - 2023-08-17 17:10:49 --> Unable to connect to the database.
Main connection [MySQLi]: Too many connections
in SYSTEMPATH/Database/BaseConnection.php on line 418.
 1 SYSTEMPATH/Database/BaseConnection.php(588): CodeIgniter\Database\BaseConnection->initialize()
 2 SYSTEMPATH/Database/BaseBuilder.php(1669): CodeIgniter\Database\BaseConnection->query()
 3 APPPATH/Controllers/Api/Notifikasi.php(37): CodeIgniter\Database\BaseBuilder->countAllResults()
 4 SYSTEMPATH/CodeIgniter.php(898): App\Controllers\Api\Notifikasi->get()
 5 SYSTEMPATH/CodeIgniter.php(457): CodeIgniter\CodeIgniter->runController()
 6 SYSTEMPATH/CodeIgniter.php(340): CodeIgniter\CodeIgniter->handleRequest()
 7 FCPATH/index.php(67): CodeIgniter\CodeIgniter->run()
ERROR - 2023-08-17 17:11:01 --> Error connecting to the database: mysqli_sql_exception: Too many connections in /home/dnzwygdo/djuragancom/vendor/codeigniter4/framework/system/Database/MySQLi/Connection.php:171
Stack trace:
#0 /home/dnzwygdo/djuragancom/vendor/codeigniter4/framework/system/Database/MySQLi/Connection.php(171): mysqli->real_connect()
#1 /home/dnzwygdo/djuragancom/vendor/codeigniter4/framework/system/Database/BaseConnection.php(382): CodeIgniter\Database\MySQLi\Connection->connect()
#2 /home/dnzwygdo/djuragancom/vendor/codeigniter4/framework/system/Database/BaseConnection.php(588): CodeIgniter\Database\BaseConnection->initialize()
#3 /home/dnzwygdo/djuragancom/vendor/codeigniter4/framework/system/Database/BaseBuilder.php(1669): CodeIgniter\Database\BaseConnection->query()
#4 /home/dnzwygdo/djuragancom/app/Controllers/Api/Notifikasi.php(37): CodeIgniter\Database\BaseBuilder->countAllResults()
#5 /home/dnzwygdo/djuragancom/vendor/codeigniter4/framework/system/CodeIgniter.php(898): App\Controllers\Api\Notifikasi->get()
#6 /home/dnzwygdo/djuragancom/vendor/codeigniter4/framework/system/CodeIgniter.php(457): CodeIgniter\CodeIgniter->runController()
#7 /home/dnzwygdo/djuragancom/vendor/codeigniter4/framework/system/CodeIgniter.php(340): CodeIgniter\CodeIgniter->handleRequest()
#8 /home/dnzwygdo/public_html/index.php(67): CodeIgniter\CodeIgniter->run()
#9 {main}

Next CodeIgniter\Database\Exceptions\DatabaseException: Too many connections in /home/dnzwygdo/djuragancom/vendor/codeigniter4/framework/system/Database/MySQLi/Connection.php:215
Stack trace:
#0 /home/dnzwygdo/djuragancom/vendor/codeigniter4/framework/system/Database/BaseConnection.php(382): CodeIgniter\Database\MySQLi\Connection->connect()
#1 /home/dnzwygdo/djuragancom/vendor/codeigniter4/framework/system/Database/BaseConnection.php(588): CodeIgniter\Database\BaseConnection->initialize()
#2 /home/dnzwygdo/djuragancom/vendor/codeigniter4/framework/system/Database/BaseBuilder.php(1669): CodeIgniter\Database\BaseConnection->query()
#3 /home/dnzwygdo/djuragancom/app/Controllers/Api/Notifikasi.php(37): CodeIgniter\Database\BaseBuilder->countAllResults()
#4 /home/dnzwygdo/djuragancom/vendor/codeigniter4/framework/system/CodeIgniter.php(898): App\Controllers\Api\Notifikasi->get()
#5 /home/dnzwygdo/djuragancom/vendor/codeigniter4/framework/system/CodeIgniter.php(457): CodeIgniter\CodeIgniter->runController()
#6 /home/dnzwygdo/djuragancom/vendor/codeigniter4/framework/system/CodeIgniter.php(340): CodeIgniter\CodeIgniter->handleRequest()
#7 /home/dnzwygdo/public_html/index.php(67): CodeIgniter\CodeIgniter->run()
#8 {main}
CRITICAL - 2023-08-17 17:11:01 --> Unable to connect to the database.
Main connection [MySQLi]: Too many connections
in SYSTEMPATH/Database/BaseConnection.php on line 418.
 1 SYSTEMPATH/Database/BaseConnection.php(588): CodeIgniter\Database\BaseConnection->initialize()
 2 SYSTEMPATH/Database/BaseBuilder.php(1669): CodeIgniter\Database\BaseConnection->query()
 3 APPPATH/Controllers/Api/Notifikasi.php(37): CodeIgniter\Database\BaseBuilder->countAllResults()
 4 SYSTEMPATH/CodeIgniter.php(898): App\Controllers\Api\Notifikasi->get()
 5 SYSTEMPATH/CodeIgniter.php(457): CodeIgniter\CodeIgniter->runController()
 6 SYSTEMPATH/CodeIgniter.php(340): CodeIgniter\CodeIgniter->handleRequest()
 7 FCPATH/index.php(67): CodeIgniter\CodeIgniter->run()
ERROR - 2023-08-17 17:11:49 --> Error connecting to the database: mysqli_sql_exception: Too many connections in /home/dnzwygdo/djuragancom/vendor/codeigniter4/framework/system/Database/MySQLi/Connection.php:171
Stack trace:
#0 /home/dnzwygdo/djuragancom/vendor/codeigniter4/framework/system/Database/MySQLi/Connection.php(171): mysqli->real_connect()
#1 /home/dnzwygdo/djuragancom/vendor/codeigniter4/framework/system/Database/BaseConnection.php(382): CodeIgniter\Database\MySQLi\Connection->connect()
#2 /home/dnzwygdo/djuragancom/vendor/codeigniter4/framework/system/Database/BaseConnection.php(588): CodeIgniter\Database\BaseConnection->initialize()
#3 /home/dnzwygdo/djuragancom/vendor/codeigniter4/framework/system/Database/BaseBuilder.php(1669): CodeIgniter\Database\BaseConnection->query()
#4 /home/dnzwygdo/djuragancom/app/Controllers/Api/Notifikasi.php(37): CodeIgniter\Database\BaseBuilder->countAllResults()
#5 /home/dnzwygdo/djuragancom/vendor/codeigniter4/framework/system/CodeIgniter.php(898): App\Controllers\Api\Notifikasi->get()
#6 /home/dnzwygdo/djuragancom/vendor/codeigniter4/framework/system/CodeIgniter.php(457): CodeIgniter\CodeIgniter->runController()
#7 /home/dnzwygdo/djuragancom/vendor/codeigniter4/framework/system/CodeIgniter.php(340): CodeIgniter\CodeIgniter->handleRequest()
#8 /home/dnzwygdo/public_html/index.php(67): CodeIgniter\CodeIgniter->run()
#9 {main}

Next CodeIgniter\Database\Exceptions\DatabaseException: Too many connections in /home/dnzwygdo/djuragancom/vendor/codeigniter4/framework/system/Database/MySQLi/Connection.php:215
Stack trace:
#0 /home/dnzwygdo/djuragancom/vendor/codeigniter4/framework/system/Database/BaseConnection.php(382): CodeIgniter\Database\MySQLi\Connection->connect()
#1 /home/dnzwygdo/djuragancom/vendor/codeigniter4/framework/system/Database/BaseConnection.php(588): CodeIgniter\Database\BaseConnection->initialize()
#2 /home/dnzwygdo/djuragancom/vendor/codeigniter4/framework/system/Database/BaseBuilder.php(1669): CodeIgniter\Database\BaseConnection->query()
#3 /home/dnzwygdo/djuragancom/app/Controllers/Api/Notifikasi.php(37): CodeIgniter\Database\BaseBuilder->countAllResults()
#4 /home/dnzwygdo/djuragancom/vendor/codeigniter4/framework/system/CodeIgniter.php(898): App\Controllers\Api\Notifikasi->get()
#5 /home/dnzwygdo/djuragancom/vendor/codeigniter4/framework/system/CodeIgniter.php(457): CodeIgniter\CodeIgniter->runController()
#6 /home/dnzwygdo/djuragancom/vendor/codeigniter4/framework/system/CodeIgniter.php(340): CodeIgniter\CodeIgniter->handleRequest()
#7 /home/dnzwygdo/public_html/index.php(67): CodeIgniter\CodeIgniter->run()
#8 {main}
CRITICAL - 2023-08-17 17:11:49 --> Unable to connect to the database.
Main connection [MySQLi]: Too many connections
in SYSTEMPATH/Database/BaseConnection.php on line 418.
 1 SYSTEMPATH/Database/BaseConnection.php(588): CodeIgniter\Database\BaseConnection->initialize()
 2 SYSTEMPATH/Database/BaseBuilder.php(1669): CodeIgniter\Database\BaseConnection->query()
 3 APPPATH/Controllers/Api/Notifikasi.php(37): CodeIgniter\Database\BaseBuilder->countAllResults()
 4 SYSTEMPATH/CodeIgniter.php(898): App\Controllers\Api\Notifikasi->get()
 5 SYSTEMPATH/CodeIgniter.php(457): CodeIgniter\CodeIgniter->runController()
 6 SYSTEMPATH/CodeIgniter.php(340): CodeIgniter\CodeIgniter->handleRequest()
 7 FCPATH/index.php(67): CodeIgniter\CodeIgniter->run()
ERROR - 2023-08-17 17:12:01 --> Error connecting to the database: mysqli_sql_exception: Too many connections in /home/dnzwygdo/djuragancom/vendor/codeigniter4/framework/system/Database/MySQLi/Connection.php:171
Stack trace:
#0 /home/dnzwygdo/djuragancom/vendor/codeigniter4/framework/system/Database/MySQLi/Connection.php(171): mysqli->real_connect()
#1 /home/dnzwygdo/djuragancom/vendor/codeigniter4/framework/system/Database/BaseConnection.php(382): CodeIgniter\Database\MySQLi\Connection->connect()
#2 /home/dnzwygdo/djuragancom/vendor/codeigniter4/framework/system/Database/BaseConnection.php(588): CodeIgniter\Database\BaseConnection->initialize()
#3 /home/dnzwygdo/djuragancom/vendor/codeigniter4/framework/system/Database/BaseBuilder.php(1669): CodeIgniter\Database\BaseConnection->query()
#4 /home/dnzwygdo/djuragancom/app/Controllers/Api/Notifikasi.php(37): CodeIgniter\Database\BaseBuilder->countAllResults()
#5 /home/dnzwygdo/djuragancom/vendor/codeigniter4/framework/system/CodeIgniter.php(898): App\Controllers\Api\Notifikasi->get()
#6 /home/dnzwygdo/djuragancom/vendor/codeigniter4/framework/system/CodeIgniter.php(457): CodeIgniter\CodeIgniter->runController()
#7 /home/dnzwygdo/djuragancom/vendor/codeigniter4/framework/system/CodeIgniter.php(340): CodeIgniter\CodeIgniter->handleRequest()
#8 /home/dnzwygdo/public_html/index.php(67): CodeIgniter\CodeIgniter->run()
#9 {main}

Next CodeIgniter\Database\Exceptions\DatabaseException: Too many connections in /home/dnzwygdo/djuragancom/vendor/codeigniter4/framework/system/Database/MySQLi/Connection.php:215
Stack trace:
#0 /home/dnzwygdo/djuragancom/vendor/codeigniter4/framework/system/Database/BaseConnection.php(382): CodeIgniter\Database\MySQLi\Connection->connect()
#1 /home/dnzwygdo/djuragancom/vendor/codeigniter4/framework/system/Database/BaseConnection.php(588): CodeIgniter\Database\BaseConnection->initialize()
#2 /home/dnzwygdo/djuragancom/vendor/codeigniter4/framework/system/Database/BaseBuilder.php(1669): CodeIgniter\Database\BaseConnection->query()
#3 /home/dnzwygdo/djuragancom/app/Controllers/Api/Notifikasi.php(37): CodeIgniter\Database\BaseBuilder->countAllResults()
#4 /home/dnzwygdo/djuragancom/vendor/codeigniter4/framework/system/CodeIgniter.php(898): App\Controllers\Api\Notifikasi->get()
#5 /home/dnzwygdo/djuragancom/vendor/codeigniter4/framework/system/CodeIgniter.php(457): CodeIgniter\CodeIgniter->runController()
#6 /home/dnzwygdo/djuragancom/vendor/codeigniter4/framework/system/CodeIgniter.php(340): CodeIgniter\CodeIgniter->handleRequest()
#7 /home/dnzwygdo/public_html/index.php(67): CodeIgniter\CodeIgniter->run()
#8 {main}
CRITICAL - 2023-08-17 17:12:01 --> Unable to connect to the database.
Main connection [MySQLi]: Too many connections
in SYSTEMPATH/Database/BaseConnection.php on line 418.
 1 SYSTEMPATH/Database/BaseConnection.php(588): CodeIgniter\Database\BaseConnection->initialize()
 2 SYSTEMPATH/Database/BaseBuilder.php(1669): CodeIgniter\Database\BaseConnection->query()
 3 APPPATH/Controllers/Api/Notifikasi.php(37): CodeIgniter\Database\BaseBuilder->countAllResults()
 4 SYSTEMPATH/CodeIgniter.php(898): App\Controllers\Api\Notifikasi->get()
 5 SYSTEMPATH/CodeIgniter.php(457): CodeIgniter\CodeIgniter->runController()
 6 SYSTEMPATH/CodeIgniter.php(340): CodeIgniter\CodeIgniter->handleRequest()
 7 FCPATH/index.php(67): CodeIgniter\CodeIgniter->run()
ERROR - 2023-08-17 17:13:01 --> Error connecting to the database: mysqli_sql_exception: No such file or directory in /home/dnzwygdo/djuragancom/vendor/codeigniter4/framework/system/Database/MySQLi/Connection.php:171
Stack trace:
#0 /home/dnzwygdo/djuragancom/vendor/codeigniter4/framework/system/Database/MySQLi/Connection.php(171): mysqli->real_connect()
#1 /home/dnzwygdo/djuragancom/vendor/codeigniter4/framework/system/Database/BaseConnection.php(382): CodeIgniter\Database\MySQLi\Connection->connect()
#2 /home/dnzwygdo/djuragancom/vendor/codeigniter4/framework/system/Database/BaseConnection.php(588): CodeIgniter\Database\BaseConnection->initialize()
#3 /home/dnzwygdo/djuragancom/vendor/codeigniter4/framework/system/Database/BaseBuilder.php(1669): CodeIgniter\Database\BaseConnection->query()
#4 /home/dnzwygdo/djuragancom/app/Controllers/Api/Notifikasi.php(37): CodeIgniter\Database\BaseBuilder->countAllResults()
#5 /home/dnzwygdo/djuragancom/vendor/codeigniter4/framework/system/CodeIgniter.php(898): App\Controllers\Api\Notifikasi->get()
#6 /home/dnzwygdo/djuragancom/vendor/codeigniter4/framework/system/CodeIgniter.php(457): CodeIgniter\CodeIgniter->runController()
#7 /home/dnzwygdo/djuragancom/vendor/codeigniter4/framework/system/CodeIgniter.php(340): CodeIgniter\CodeIgniter->handleRequest()
#8 /home/dnzwygdo/public_html/index.php(67): CodeIgniter\CodeIgniter->run()
#9 {main}

Next CodeIgniter\Database\Exceptions\DatabaseException: No such file or directory in /home/dnzwygdo/djuragancom/vendor/codeigniter4/framework/system/Database/MySQLi/Connection.php:215
Stack trace:
#0 /home/dnzwygdo/djuragancom/vendor/codeigniter4/framework/system/Database/BaseConnection.php(382): CodeIgniter\Database\MySQLi\Connection->connect()
#1 /home/dnzwygdo/djuragancom/vendor/codeigniter4/framework/system/Database/BaseConnection.php(588): CodeIgniter\Database\BaseConnection->initialize()
#2 /home/dnzwygdo/djuragancom/vendor/codeigniter4/framework/system/Database/BaseBuilder.php(1669): CodeIgniter\Database\BaseConnection->query()
#3 /home/dnzwygdo/djuragancom/app/Controllers/Api/Notifikasi.php(37): CodeIgniter\Database\BaseBuilder->countAllResults()
#4 /home/dnzwygdo/djuragancom/vendor/codeigniter4/framework/system/CodeIgniter.php(898): App\Controllers\Api\Notifikasi->get()
#5 /home/dnzwygdo/djuragancom/vendor/codeigniter4/framework/system/CodeIgniter.php(457): CodeIgniter\CodeIgniter->runController()
#6 /home/dnzwygdo/djuragancom/vendor/codeigniter4/framework/system/CodeIgniter.php(340): CodeIgniter\CodeIgniter->handleRequest()
#7 /home/dnzwygdo/public_html/index.php(67): CodeIgniter\CodeIgniter->run()
#8 {main}
CRITICAL - 2023-08-17 17:13:01 --> Unable to connect to the database.
Main connection [MySQLi]: No such file or directory
in SYSTEMPATH/Database/BaseConnection.php on line 418.
 1 SYSTEMPATH/Database/BaseConnection.php(588): CodeIgniter\Database\BaseConnection->initialize()
 2 SYSTEMPATH/Database/BaseBuilder.php(1669): CodeIgniter\Database\BaseConnection->query()
 3 APPPATH/Controllers/Api/Notifikasi.php(37): CodeIgniter\Database\BaseBuilder->countAllResults()
 4 SYSTEMPATH/CodeIgniter.php(898): App\Controllers\Api\Notifikasi->get()
 5 SYSTEMPATH/CodeIgniter.php(457): CodeIgniter\CodeIgniter->runController()
 6 SYSTEMPATH/CodeIgniter.php(340): CodeIgniter\CodeIgniter->handleRequest()
 7 FCPATH/index.php(67): CodeIgniter\CodeIgniter->run()
