WARNING - 2026-09-27 09:24:45 --> [DEPRECATED] Passing lowercase HTTP method "get" is deprecated. Use uppercase HTTP method like "GET". in SYSTEMPATH\Router\RouteCollection.php on line 1026.
 1 SYSTEMPATH\Router\RouteCollection.php(1026): trigger_error('Passing lowercase HTTP method "get" is deprecated. Use uppercase HTTP method like "GET".', 16384)
 2 APPPATH\Config\Routes.php(41): CodeIgniter\Router\RouteCollection->match([...], 'index', 'Auth::index', [...])
 3 SYSTEMPATH\Router\RouteCollection.php(799): CodeIgniter\Router\RouteCollection::{closure:D:\Magang\Coding\djuragan\djuragancom\djuragancom\app\Config\Routes.php:40}(Object(CodeIgniter\Router\RouteCollection))
 4 APPPATH\Config\Routes.php(40): CodeIgniter\Router\RouteCollection->group('auth', [...], Object(Closure))
 5 SYSTEMPATH\Router\RouteCollection.php(339): require('D:\\Magang\\Coding\\djuragan\\djuragancom\\djuragancom\\app\\Config\\Routes.php')
 6 SYSTEMPATH\CLI\Console.php(41): CodeIgniter\Router\RouteCollection->loadRoutes()
 7 SYSTEMPATH\Boot.php(444): CodeIgniter\CLI\Console->run()
 8 SYSTEMPATH\Boot.php(166): CodeIgniter\Boot::runCommand(Object(CodeIgniter\CLI\Console))
 9 ROOTPATH\spark(87): CodeIgniter\Boot::bootSpark(Object(Config\Paths))
WARNING - 2026-09-27 09:24:45 --> [DEPRECATED] Passing lowercase HTTP method "post" is deprecated. Use uppercase HTTP method like "POST". in SYSTEMPATH\Router\RouteCollection.php on line 1026.
 1 SYSTEMPATH\Router\RouteCollection.php(1026): trigger_error('Passing lowercase HTTP method "post" is deprecated. Use uppercase HTTP method like "POST".', 16384)
 2 APPPATH\Config\Routes.php(41): CodeIgniter\Router\RouteCollection->match([...], 'index', 'Auth::index', [...])
 3 SYSTEMPATH\Router\RouteCollection.php(799): CodeIgniter\Router\RouteCollection::{closure:D:\Magang\Coding\djuragan\djuragancom\djuragancom\app\Config\Routes.php:40}(Object(CodeIgniter\Router\RouteCollection))
 4 APPPATH\Config\Routes.php(40): CodeIgniter\Router\RouteCollection->group('auth', [...], Object(Closure))
 5 SYSTEMPATH\Router\RouteCollection.php(339): require('D:\\Magang\\Coding\\djuragan\\djuragancom\\djuragancom\\app\\Config\\Routes.php')
 6 SYSTEMPATH\CLI\Console.php(41): CodeIgniter\Router\RouteCollection->loadRoutes()
 7 SYSTEMPATH\Boot.php(444): CodeIgniter\CLI\Console->run()
 8 SYSTEMPATH\Boot.php(166): CodeIgniter\Boot::runCommand(Object(CodeIgniter\CLI\Console))
 9 ROOTPATH\spark(87): CodeIgniter\Boot::bootSpark(Object(Config\Paths))
WARNING - 2026-09-27 09:24:45 --> [DEPRECATED] Passing lowercase HTTP method "get" is deprecated. Use uppercase HTTP method like "GET". in SYSTEMPATH\Router\RouteCollection.php on line 1026.
 1 SYSTEMPATH\Router\RouteCollection.php(1026): trigger_error('Passing lowercase HTTP method "get" is deprecated. Use uppercase HTTP method like "GET".', 16384)
 2 APPPATH\Config\Routes.php(42): CodeIgniter\Router\RouteCollection->match([...], 'daftar', 'Auth::daftar')
 3 SYSTEMPATH\Router\RouteCollection.php(799): CodeIgniter\Router\RouteCollection::{closure:D:\Magang\Coding\djuragan\djuragancom\djuragancom\app\Config\Routes.php:40}(Object(CodeIgniter\Router\RouteCollection))
 4 APPPATH\Config\Routes.php(40): CodeIgniter\Router\RouteCollection->group('auth', [...], Object(Closure))
 5 SYSTEMPATH\Router\RouteCollection.php(339): require('D:\\Magang\\Coding\\djuragan\\djuragancom\\djuragancom\\app\\Config\\Routes.php')
 6 SYSTEMPATH\CLI\Console.php(41): CodeIgniter\Router\RouteCollection->loadRoutes()
 7 SYSTEMPATH\Boot.php(444): CodeIgniter\CLI\Console->run()
 8 SYSTEMPATH\Boot.php(166): CodeIgniter\Boot::runCommand(Object(CodeIgniter\CLI\Console))
 9 ROOTPATH\spark(87): CodeIgniter\Boot::bootSpark(Object(Config\Paths))
WARNING - 2026-09-27 09:24:45 --> [DEPRECATED] Passing lowercase HTTP method "post" is deprecated. Use uppercase HTTP method like "POST". in SYSTEMPATH\Router\RouteCollection.php on line 1026.
 1 SYSTEMPATH\Router\RouteCollection.php(1026): trigger_error('Passing lowercase HTTP method "post" is deprecated. Use uppercase HTTP method like "POST".', 16384)
 2 APPPATH\Config\Routes.php(42): CodeIgniter\Router\RouteCollection->match([...], 'daftar', 'Auth::daftar')
 3 SYSTEMPATH\Router\RouteCollection.php(799): CodeIgniter\Router\RouteCollection::{closure:D:\Magang\Coding\djuragan\djuragancom\djuragancom\app\Config\Routes.php:40}(Object(CodeIgniter\Router\RouteCollection))
 4 APPPATH\Config\Routes.php(40): CodeIgniter\Router\RouteCollection->group('auth', [...], Object(Closure))
 5 SYSTEMPATH\Router\RouteCollection.php(339): require('D:\\Magang\\Coding\\djuragan\\djuragancom\\djuragancom\\app\\Config\\Routes.php')
 6 SYSTEMPATH\CLI\Console.php(41): CodeIgniter\Router\RouteCollection->loadRoutes()
 7 SYSTEMPATH\Boot.php(444): CodeIgniter\CLI\Console->run()
 8 SYSTEMPATH\Boot.php(166): CodeIgniter\Boot::runCommand(Object(CodeIgniter\CLI\Console))
 9 ROOTPATH\spark(87): CodeIgniter\Boot::bootSpark(Object(Config\Paths))
WARNING - 2026-09-27 09:24:45 --> [DEPRECATED] Passing lowercase HTTP method "get" is deprecated. Use uppercase HTTP method like "GET". in SYSTEMPATH\Router\RouteCollection.php on line 1026.
 1 SYSTEMPATH\Router\RouteCollection.php(1026): trigger_error('Passing lowercase HTTP method "get" is deprecated. Use uppercase HTTP method like "GET".', 16384)
 2 APPPATH\Config\Routes.php(43): CodeIgniter\Router\RouteCollection->match([...], 'lupa', 'Auth::lupa')
 3 SYSTEMPATH\Router\RouteCollection.php(799): CodeIgniter\Router\RouteCollection::{closure:D:\Magang\Coding\djuragan\djuragancom\djuragancom\app\Config\Routes.php:40}(Object(CodeIgniter\Router\RouteCollection))
 4 APPPATH\Config\Routes.php(40): CodeIgniter\Router\RouteCollection->group('auth', [...], Object(Closure))
 5 SYSTEMPATH\Router\RouteCollection.php(339): require('D:\\Magang\\Coding\\djuragan\\djuragancom\\djuragancom\\app\\Config\\Routes.php')
 6 SYSTEMPATH\CLI\Console.php(41): CodeIgniter\Router\RouteCollection->loadRoutes()
 7 SYSTEMPATH\Boot.php(444): CodeIgniter\CLI\Console->run()
 8 SYSTEMPATH\Boot.php(166): CodeIgniter\Boot::runCommand(Object(CodeIgniter\CLI\Console))
 9 ROOTPATH\spark(87): CodeIgniter\Boot::bootSpark(Object(Config\Paths))
WARNING - 2026-09-27 09:24:45 --> [DEPRECATED] Passing lowercase HTTP method "post" is deprecated. Use uppercase HTTP method like "POST". in SYSTEMPATH\Router\RouteCollection.php on line 1026.
 1 SYSTEMPATH\Router\RouteCollection.php(1026): trigger_error('Passing lowercase HTTP method "post" is deprecated. Use uppercase HTTP method like "POST".', 16384)
 2 APPPATH\Config\Routes.php(43): CodeIgniter\Router\RouteCollection->match([...], 'lupa', 'Auth::lupa')
 3 SYSTEMPATH\Router\RouteCollection.php(799): CodeIgniter\Router\RouteCollection::{closure:D:\Magang\Coding\djuragan\djuragancom\djuragancom\app\Config\Routes.php:40}(Object(CodeIgniter\Router\RouteCollection))
 4 APPPATH\Config\Routes.php(40): CodeIgniter\Router\RouteCollection->group('auth', [...], Object(Closure))
 5 SYSTEMPATH\Router\RouteCollection.php(339): require('D:\\Magang\\Coding\\djuragan\\djuragancom\\djuragancom\\app\\Config\\Routes.php')
 6 SYSTEMPATH\CLI\Console.php(41): CodeIgniter\Router\RouteCollection->loadRoutes()
 7 SYSTEMPATH\Boot.php(444): CodeIgniter\CLI\Console->run()
 8 SYSTEMPATH\Boot.php(166): CodeIgniter\Boot::runCommand(Object(CodeIgniter\CLI\Console))
 9 ROOTPATH\spark(87): CodeIgniter\Boot::bootSpark(Object(Config\Paths))
WARNING - 2026-09-27 09:26:06 --> [DEPRECATED] Passing lowercase HTTP method "get" is deprecated. Use uppercase HTTP method like "GET". in SYSTEMPATH\Router\RouteCollection.php on line 1026.
 1 SYSTEMPATH\Router\RouteCollection.php(1026): trigger_error('Passing lowercase HTTP method "get" is deprecated. Use uppercase HTTP method like "GET".', 16384)
 2 APPPATH\Config\Routes.php(41): CodeIgniter\Router\RouteCollection->match([...], 'index', 'Auth::index', [...])
 3 SYSTEMPATH\Router\RouteCollection.php(799): CodeIgniter\Router\RouteCollection::{closure:D:\Magang\Coding\djuragan\djuragancom\djuragancom\app\Config\Routes.php:40}(Object(CodeIgniter\Router\RouteCollection))
 4 APPPATH\Config\Routes.php(40): CodeIgniter\Router\RouteCollection->group('auth', [...], Object(Closure))
 5 SYSTEMPATH\Router\RouteCollection.php(339): require('D:\\Magang\\Coding\\djuragan\\djuragancom\\djuragancom\\app\\Config\\Routes.php')
 6 SYSTEMPATH\CodeIgniter.php(841): CodeIgniter\Router\RouteCollection->loadRoutes()
 7 SYSTEMPATH\CodeIgniter.php(464): CodeIgniter\CodeIgniter->tryToRouteIt(null)
 8 SYSTEMPATH\CodeIgniter.php(363): CodeIgniter\CodeIgniter->handleRequest(null, Object(Config\Cache), false)
 9 SYSTEMPATH\Boot.php(417): CodeIgniter\CodeIgniter->run()
10 SYSTEMPATH\Boot.php(68): CodeIgniter\Boot::runCodeIgniter(Object(CodeIgniter\CodeIgniter))
11 FCPATH\index.php(59): CodeIgniter\Boot::bootWeb(Object(Config\Paths))
12 SYSTEMPATH\rewrite.php(44): require_once('D:\\Magang\\Coding\\djuragan\\djuragancom\\djuragancom\\public\\index.php')
WARNING - 2026-09-27 09:26:06 --> [DEPRECATED] Passing lowercase HTTP method "post" is deprecated. Use uppercase HTTP method like "POST". in SYSTEMPATH\Router\RouteCollection.php on line 1026.
 1 SYSTEMPATH\Router\RouteCollection.php(1026): trigger_error('Passing lowercase HTTP method "post" is deprecated. Use uppercase HTTP method like "POST".', 16384)
 2 APPPATH\Config\Routes.php(41): CodeIgniter\Router\RouteCollection->match([...], 'index', 'Auth::index', [...])
 3 SYSTEMPATH\Router\RouteCollection.php(799): CodeIgniter\Router\RouteCollection::{closure:D:\Magang\Coding\djuragan\djuragancom\djuragancom\app\Config\Routes.php:40}(Object(CodeIgniter\Router\RouteCollection))
 4 APPPATH\Config\Routes.php(40): CodeIgniter\Router\RouteCollection->group('auth', [...], Object(Closure))
 5 SYSTEMPATH\Router\RouteCollection.php(339): require('D:\\Magang\\Coding\\djuragan\\djuragancom\\djuragancom\\app\\Config\\Routes.php')
 6 SYSTEMPATH\CodeIgniter.php(841): CodeIgniter\Router\RouteCollection->loadRoutes()
 7 SYSTEMPATH\CodeIgniter.php(464): CodeIgniter\CodeIgniter->tryToRouteIt(null)
 8 SYSTEMPATH\CodeIgniter.php(363): CodeIgniter\CodeIgniter->handleRequest(null, Object(Config\Cache), false)
 9 SYSTEMPATH\Boot.php(417): CodeIgniter\CodeIgniter->run()
10 SYSTEMPATH\Boot.php(68): CodeIgniter\Boot::runCodeIgniter(Object(CodeIgniter\CodeIgniter))
11 FCPATH\index.php(59): CodeIgniter\Boot::bootWeb(Object(Config\Paths))
12 SYSTEMPATH\rewrite.php(44): require_once('D:\\Magang\\Coding\\djuragan\\djuragancom\\djuragancom\\public\\index.php')
WARNING - 2026-09-27 09:26:06 --> [DEPRECATED] Passing lowercase HTTP method "get" is deprecated. Use uppercase HTTP method like "GET". in SYSTEMPATH\Router\RouteCollection.php on line 1026.
 1 SYSTEMPATH\Router\RouteCollection.php(1026): trigger_error('Passing lowercase HTTP method "get" is deprecated. Use uppercase HTTP method like "GET".', 16384)
 2 APPPATH\Config\Routes.php(42): CodeIgniter\Router\RouteCollection->match([...], 'daftar', 'Auth::daftar')
 3 SYSTEMPATH\Router\RouteCollection.php(799): CodeIgniter\Router\RouteCollection::{closure:D:\Magang\Coding\djuragan\djuragancom\djuragancom\app\Config\Routes.php:40}(Object(CodeIgniter\Router\RouteCollection))
 4 APPPATH\Config\Routes.php(40): CodeIgniter\Router\RouteCollection->group('auth', [...], Object(Closure))
 5 SYSTEMPATH\Router\RouteCollection.php(339): require('D:\\Magang\\Coding\\djuragan\\djuragancom\\djuragancom\\app\\Config\\Routes.php')
 6 SYSTEMPATH\CodeIgniter.php(841): CodeIgniter\Router\RouteCollection->loadRoutes()
 7 SYSTEMPATH\CodeIgniter.php(464): CodeIgniter\CodeIgniter->tryToRouteIt(null)
 8 SYSTEMPATH\CodeIgniter.php(363): CodeIgniter\CodeIgniter->handleRequest(null, Object(Config\Cache), false)
 9 SYSTEMPATH\Boot.php(417): CodeIgniter\CodeIgniter->run()
10 SYSTEMPATH\Boot.php(68): CodeIgniter\Boot::runCodeIgniter(Object(CodeIgniter\CodeIgniter))
11 FCPATH\index.php(59): CodeIgniter\Boot::bootWeb(Object(Config\Paths))
12 SYSTEMPATH\rewrite.php(44): require_once('D:\\Magang\\Coding\\djuragan\\djuragancom\\djuragancom\\public\\index.php')
WARNING - 2026-09-27 09:26:06 --> [DEPRECATED] Passing lowercase HTTP method "post" is deprecated. Use uppercase HTTP method like "POST". in SYSTEMPATH\Router\RouteCollection.php on line 1026.
 1 SYSTEMPATH\Router\RouteCollection.php(1026): trigger_error('Passing lowercase HTTP method "post" is deprecated. Use uppercase HTTP method like "POST".', 16384)
 2 APPPATH\Config\Routes.php(42): CodeIgniter\Router\RouteCollection->match([...], 'daftar', 'Auth::daftar')
 3 SYSTEMPATH\Router\RouteCollection.php(799): CodeIgniter\Router\RouteCollection::{closure:D:\Magang\Coding\djuragan\djuragancom\djuragancom\app\Config\Routes.php:40}(Object(CodeIgniter\Router\RouteCollection))
 4 APPPATH\Config\Routes.php(40): CodeIgniter\Router\RouteCollection->group('auth', [...], Object(Closure))
 5 SYSTEMPATH\Router\RouteCollection.php(339): require('D:\\Magang\\Coding\\djuragan\\djuragancom\\djuragancom\\app\\Config\\Routes.php')
 6 SYSTEMPATH\CodeIgniter.php(841): CodeIgniter\Router\RouteCollection->loadRoutes()
 7 SYSTEMPATH\CodeIgniter.php(464): CodeIgniter\CodeIgniter->tryToRouteIt(null)
 8 SYSTEMPATH\CodeIgniter.php(363): CodeIgniter\CodeIgniter->handleRequest(null, Object(Config\Cache), false)
 9 SYSTEMPATH\Boot.php(417): CodeIgniter\CodeIgniter->run()
10 SYSTEMPATH\Boot.php(68): CodeIgniter\Boot::runCodeIgniter(Object(CodeIgniter\CodeIgniter))
11 FCPATH\index.php(59): CodeIgniter\Boot::bootWeb(Object(Config\Paths))
12 SYSTEMPATH\rewrite.php(44): require_once('D:\\Magang\\Coding\\djuragan\\djuragancom\\djuragancom\\public\\index.php')
WARNING - 2026-09-27 09:26:06 --> [DEPRECATED] Passing lowercase HTTP method "get" is deprecated. Use uppercase HTTP method like "GET". in SYSTEMPATH\Router\RouteCollection.php on line 1026.
 1 SYSTEMPATH\Router\RouteCollection.php(1026): trigger_error('Passing lowercase HTTP method "get" is deprecated. Use uppercase HTTP method like "GET".', 16384)
 2 APPPATH\Config\Routes.php(43): CodeIgniter\Router\RouteCollection->match([...], 'lupa', 'Auth::lupa')
 3 SYSTEMPATH\Router\RouteCollection.php(799): CodeIgniter\Router\RouteCollection::{closure:D:\Magang\Coding\djuragan\djuragancom\djuragancom\app\Config\Routes.php:40}(Object(CodeIgniter\Router\RouteCollection))
 4 APPPATH\Config\Routes.php(40): CodeIgniter\Router\RouteCollection->group('auth', [...], Object(Closure))
 5 SYSTEMPATH\Router\RouteCollection.php(339): require('D:\\Magang\\Coding\\djuragan\\djuragancom\\djuragancom\\app\\Config\\Routes.php')
 6 SYSTEMPATH\CodeIgniter.php(841): CodeIgniter\Router\RouteCollection->loadRoutes()
 7 SYSTEMPATH\CodeIgniter.php(464): CodeIgniter\CodeIgniter->tryToRouteIt(null)
 8 SYSTEMPATH\CodeIgniter.php(363): CodeIgniter\CodeIgniter->handleRequest(null, Object(Config\Cache), false)
 9 SYSTEMPATH\Boot.php(417): CodeIgniter\CodeIgniter->run()
10 SYSTEMPATH\Boot.php(68): CodeIgniter\Boot::runCodeIgniter(Object(CodeIgniter\CodeIgniter))
11 FCPATH\index.php(59): CodeIgniter\Boot::bootWeb(Object(Config\Paths))
12 SYSTEMPATH\rewrite.php(44): require_once('D:\\Magang\\Coding\\djuragan\\djuragancom\\djuragancom\\public\\index.php')
WARNING - 2026-09-27 09:26:06 --> [DEPRECATED] Passing lowercase HTTP method "post" is deprecated. Use uppercase HTTP method like "POST". in SYSTEMPATH\Router\RouteCollection.php on line 1026.
 1 SYSTEMPATH\Router\RouteCollection.php(1026): trigger_error('Passing lowercase HTTP method "post" is deprecated. Use uppercase HTTP method like "POST".', 16384)
 2 APPPATH\Config\Routes.php(43): CodeIgniter\Router\RouteCollection->match([...], 'lupa', 'Auth::lupa')
 3 SYSTEMPATH\Router\RouteCollection.php(799): CodeIgniter\Router\RouteCollection::{closure:D:\Magang\Coding\djuragan\djuragancom\djuragancom\app\Config\Routes.php:40}(Object(CodeIgniter\Router\RouteCollection))
 4 APPPATH\Config\Routes.php(40): CodeIgniter\Router\RouteCollection->group('auth', [...], Object(Closure))
 5 SYSTEMPATH\Router\RouteCollection.php(339): require('D:\\Magang\\Coding\\djuragan\\djuragancom\\djuragancom\\app\\Config\\Routes.php')
 6 SYSTEMPATH\CodeIgniter.php(841): CodeIgniter\Router\RouteCollection->loadRoutes()
 7 SYSTEMPATH\CodeIgniter.php(464): CodeIgniter\CodeIgniter->tryToRouteIt(null)
 8 SYSTEMPATH\CodeIgniter.php(363): CodeIgniter\CodeIgniter->handleRequest(null, Object(Config\Cache), false)
 9 SYSTEMPATH\Boot.php(417): CodeIgniter\CodeIgniter->run()
10 SYSTEMPATH\Boot.php(68): CodeIgniter\Boot::runCodeIgniter(Object(CodeIgniter\CodeIgniter))
11 FCPATH\index.php(59): CodeIgniter\Boot::bootWeb(Object(Config\Paths))
12 SYSTEMPATH\rewrite.php(44): require_once('D:\\Magang\\Coding\\djuragan\\djuragancom\\djuragancom\\public\\index.php')
INFO - 2026-09-27 09:26:06 --> REDIRECTED ROUTE at http://localhost:8080/auth/index
WARNING - 2026-09-27 09:26:08 --> [DEPRECATED] Passing lowercase HTTP method "get" is deprecated. Use uppercase HTTP method like "GET". in SYSTEMPATH\Router\RouteCollection.php on line 1026.
 1 SYSTEMPATH\Router\RouteCollection.php(1026): trigger_error('Passing lowercase HTTP method "get" is deprecated. Use uppercase HTTP method like "GET".', 16384)
 2 APPPATH\Config\Routes.php(41): CodeIgniter\Router\RouteCollection->match([...], 'index', 'Auth::index', [...])
 3 SYSTEMPATH\Router\RouteCollection.php(799): CodeIgniter\Router\RouteCollection::{closure:D:\Magang\Coding\djuragan\djuragancom\djuragancom\app\Config\Routes.php:40}(Object(CodeIgniter\Router\RouteCollection))
 4 APPPATH\Config\Routes.php(40): CodeIgniter\Router\RouteCollection->group('auth', [...], Object(Closure))
 5 SYSTEMPATH\Router\RouteCollection.php(339): require('D:\\Magang\\Coding\\djuragan\\djuragancom\\djuragancom\\app\\Config\\Routes.php')
 6 SYSTEMPATH\CodeIgniter.php(841): CodeIgniter\Router\RouteCollection->loadRoutes()
 7 SYSTEMPATH\CodeIgniter.php(464): CodeIgniter\CodeIgniter->tryToRouteIt(null)
 8 SYSTEMPATH\CodeIgniter.php(363): CodeIgniter\CodeIgniter->handleRequest(null, Object(Config\Cache), false)
 9 SYSTEMPATH\Boot.php(417): CodeIgniter\CodeIgniter->run()
10 SYSTEMPATH\Boot.php(68): CodeIgniter\Boot::runCodeIgniter(Object(CodeIgniter\CodeIgniter))
11 FCPATH\index.php(59): CodeIgniter\Boot::bootWeb(Object(Config\Paths))
12 SYSTEMPATH\rewrite.php(44): require_once('D:\\Magang\\Coding\\djuragan\\djuragancom\\djuragancom\\public\\index.php')
WARNING - 2026-09-27 09:26:08 --> [DEPRECATED] Passing lowercase HTTP method "post" is deprecated. Use uppercase HTTP method like "POST". in SYSTEMPATH\Router\RouteCollection.php on line 1026.
 1 SYSTEMPATH\Router\RouteCollection.php(1026): trigger_error('Passing lowercase HTTP method "post" is deprecated. Use uppercase HTTP method like "POST".', 16384)
 2 APPPATH\Config\Routes.php(41): CodeIgniter\Router\RouteCollection->match([...], 'index', 'Auth::index', [...])
 3 SYSTEMPATH\Router\RouteCollection.php(799): CodeIgniter\Router\RouteCollection::{closure:D:\Magang\Coding\djuragan\djuragancom\djuragancom\app\Config\Routes.php:40}(Object(CodeIgniter\Router\RouteCollection))
 4 APPPATH\Config\Routes.php(40): CodeIgniter\Router\RouteCollection->group('auth', [...], Object(Closure))
 5 SYSTEMPATH\Router\RouteCollection.php(339): require('D:\\Magang\\Coding\\djuragan\\djuragancom\\djuragancom\\app\\Config\\Routes.php')
 6 SYSTEMPATH\CodeIgniter.php(841): CodeIgniter\Router\RouteCollection->loadRoutes()
 7 SYSTEMPATH\CodeIgniter.php(464): CodeIgniter\CodeIgniter->tryToRouteIt(null)
 8 SYSTEMPATH\CodeIgniter.php(363): CodeIgniter\CodeIgniter->handleRequest(null, Object(Config\Cache), false)
 9 SYSTEMPATH\Boot.php(417): CodeIgniter\CodeIgniter->run()
10 SYSTEMPATH\Boot.php(68): CodeIgniter\Boot::runCodeIgniter(Object(CodeIgniter\CodeIgniter))
11 FCPATH\index.php(59): CodeIgniter\Boot::bootWeb(Object(Config\Paths))
12 SYSTEMPATH\rewrite.php(44): require_once('D:\\Magang\\Coding\\djuragan\\djuragancom\\djuragancom\\public\\index.php')
WARNING - 2026-09-27 09:26:08 --> [DEPRECATED] Passing lowercase HTTP method "get" is deprecated. Use uppercase HTTP method like "GET". in SYSTEMPATH\Router\RouteCollection.php on line 1026.
 1 SYSTEMPATH\Router\RouteCollection.php(1026): trigger_error('Passing lowercase HTTP method "get" is deprecated. Use uppercase HTTP method like "GET".', 16384)
 2 APPPATH\Config\Routes.php(42): CodeIgniter\Router\RouteCollection->match([...], 'daftar', 'Auth::daftar')
 3 SYSTEMPATH\Router\RouteCollection.php(799): CodeIgniter\Router\RouteCollection::{closure:D:\Magang\Coding\djuragan\djuragancom\djuragancom\app\Config\Routes.php:40}(Object(CodeIgniter\Router\RouteCollection))
 4 APPPATH\Config\Routes.php(40): CodeIgniter\Router\RouteCollection->group('auth', [...], Object(Closure))
 5 SYSTEMPATH\Router\RouteCollection.php(339): require('D:\\Magang\\Coding\\djuragan\\djuragancom\\djuragancom\\app\\Config\\Routes.php')
 6 SYSTEMPATH\CodeIgniter.php(841): CodeIgniter\Router\RouteCollection->loadRoutes()
 7 SYSTEMPATH\CodeIgniter.php(464): CodeIgniter\CodeIgniter->tryToRouteIt(null)
 8 SYSTEMPATH\CodeIgniter.php(363): CodeIgniter\CodeIgniter->handleRequest(null, Object(Config\Cache), false)
 9 SYSTEMPATH\Boot.php(417): CodeIgniter\CodeIgniter->run()
10 SYSTEMPATH\Boot.php(68): CodeIgniter\Boot::runCodeIgniter(Object(CodeIgniter\CodeIgniter))
11 FCPATH\index.php(59): CodeIgniter\Boot::bootWeb(Object(Config\Paths))
12 SYSTEMPATH\rewrite.php(44): require_once('D:\\Magang\\Coding\\djuragan\\djuragancom\\djuragancom\\public\\index.php')
WARNING - 2026-09-27 09:26:08 --> [DEPRECATED] Passing lowercase HTTP method "post" is deprecated. Use uppercase HTTP method like "POST". in SYSTEMPATH\Router\RouteCollection.php on line 1026.
 1 SYSTEMPATH\Router\RouteCollection.php(1026): trigger_error('Passing lowercase HTTP method "post" is deprecated. Use uppercase HTTP method like "POST".', 16384)
 2 APPPATH\Config\Routes.php(42): CodeIgniter\Router\RouteCollection->match([...], 'daftar', 'Auth::daftar')
 3 SYSTEMPATH\Router\RouteCollection.php(799): CodeIgniter\Router\RouteCollection::{closure:D:\Magang\Coding\djuragan\djuragancom\djuragancom\app\Config\Routes.php:40}(Object(CodeIgniter\Router\RouteCollection))
 4 APPPATH\Config\Routes.php(40): CodeIgniter\Router\RouteCollection->group('auth', [...], Object(Closure))
 5 SYSTEMPATH\Router\RouteCollection.php(339): require('D:\\Magang\\Coding\\djuragan\\djuragancom\\djuragancom\\app\\Config\\Routes.php')
 6 SYSTEMPATH\CodeIgniter.php(841): CodeIgniter\Router\RouteCollection->loadRoutes()
 7 SYSTEMPATH\CodeIgniter.php(464): CodeIgniter\CodeIgniter->tryToRouteIt(null)
 8 SYSTEMPATH\CodeIgniter.php(363): CodeIgniter\CodeIgniter->handleRequest(null, Object(Config\Cache), false)
 9 SYSTEMPATH\Boot.php(417): CodeIgniter\CodeIgniter->run()
10 SYSTEMPATH\Boot.php(68): CodeIgniter\Boot::runCodeIgniter(Object(CodeIgniter\CodeIgniter))
11 FCPATH\index.php(59): CodeIgniter\Boot::bootWeb(Object(Config\Paths))
12 SYSTEMPATH\rewrite.php(44): require_once('D:\\Magang\\Coding\\djuragan\\djuragancom\\djuragancom\\public\\index.php')
WARNING - 2026-09-27 09:26:08 --> [DEPRECATED] Passing lowercase HTTP method "get" is deprecated. Use uppercase HTTP method like "GET". in SYSTEMPATH\Router\RouteCollection.php on line 1026.
 1 SYSTEMPATH\Router\RouteCollection.php(1026): trigger_error('Passing lowercase HTTP method "get" is deprecated. Use uppercase HTTP method like "GET".', 16384)
 2 APPPATH\Config\Routes.php(43): CodeIgniter\Router\RouteCollection->match([...], 'lupa', 'Auth::lupa')
 3 SYSTEMPATH\Router\RouteCollection.php(799): CodeIgniter\Router\RouteCollection::{closure:D:\Magang\Coding\djuragan\djuragancom\djuragancom\app\Config\Routes.php:40}(Object(CodeIgniter\Router\RouteCollection))
 4 APPPATH\Config\Routes.php(40): CodeIgniter\Router\RouteCollection->group('auth', [...], Object(Closure))
 5 SYSTEMPATH\Router\RouteCollection.php(339): require('D:\\Magang\\Coding\\djuragan\\djuragancom\\djuragancom\\app\\Config\\Routes.php')
 6 SYSTEMPATH\CodeIgniter.php(841): CodeIgniter\Router\RouteCollection->loadRoutes()
 7 SYSTEMPATH\CodeIgniter.php(464): CodeIgniter\CodeIgniter->tryToRouteIt(null)
 8 SYSTEMPATH\CodeIgniter.php(363): CodeIgniter\CodeIgniter->handleRequest(null, Object(Config\Cache), false)
 9 SYSTEMPATH\Boot.php(417): CodeIgniter\CodeIgniter->run()
10 SYSTEMPATH\Boot.php(68): CodeIgniter\Boot::runCodeIgniter(Object(CodeIgniter\CodeIgniter))
11 FCPATH\index.php(59): CodeIgniter\Boot::bootWeb(Object(Config\Paths))
12 SYSTEMPATH\rewrite.php(44): require_once('D:\\Magang\\Coding\\djuragan\\djuragancom\\djuragancom\\public\\index.php')
WARNING - 2026-09-27 09:26:08 --> [DEPRECATED] Passing lowercase HTTP method "post" is deprecated. Use uppercase HTTP method like "POST". in SYSTEMPATH\Router\RouteCollection.php on line 1026.
 1 SYSTEMPATH\Router\RouteCollection.php(1026): trigger_error('Passing lowercase HTTP method "post" is deprecated. Use uppercase HTTP method like "POST".', 16384)
 2 APPPATH\Config\Routes.php(43): CodeIgniter\Router\RouteCollection->match([...], 'lupa', 'Auth::lupa')
 3 SYSTEMPATH\Router\RouteCollection.php(799): CodeIgniter\Router\RouteCollection::{closure:D:\Magang\Coding\djuragan\djuragancom\djuragancom\app\Config\Routes.php:40}(Object(CodeIgniter\Router\RouteCollection))
 4 APPPATH\Config\Routes.php(40): CodeIgniter\Router\RouteCollection->group('auth', [...], Object(Closure))
 5 SYSTEMPATH\Router\RouteCollection.php(339): require('D:\\Magang\\Coding\\djuragan\\djuragancom\\djuragancom\\app\\Config\\Routes.php')
 6 SYSTEMPATH\CodeIgniter.php(841): CodeIgniter\Router\RouteCollection->loadRoutes()
 7 SYSTEMPATH\CodeIgniter.php(464): CodeIgniter\CodeIgniter->tryToRouteIt(null)
 8 SYSTEMPATH\CodeIgniter.php(363): CodeIgniter\CodeIgniter->handleRequest(null, Object(Config\Cache), false)
 9 SYSTEMPATH\Boot.php(417): CodeIgniter\CodeIgniter->run()
10 SYSTEMPATH\Boot.php(68): CodeIgniter\Boot::runCodeIgniter(Object(CodeIgniter\CodeIgniter))
11 FCPATH\index.php(59): CodeIgniter\Boot::bootWeb(Object(Config\Paths))
12 SYSTEMPATH\rewrite.php(44): require_once('D:\\Magang\\Coding\\djuragan\\djuragancom\\djuragancom\\public\\index.php')
DEBUG - 2026-09-27 09:26:08 --> Session: Class initialized using 'CodeIgniter\Session\Handlers\FileHandler' driver.
WARNING - 2026-09-27 09:26:13 --> [DEPRECATED] Passing lowercase HTTP method "get" is deprecated. Use uppercase HTTP method like "GET". in SYSTEMPATH\Router\RouteCollection.php on line 1026.
 1 SYSTEMPATH\Router\RouteCollection.php(1026): trigger_error('Passing lowercase HTTP method "get" is deprecated. Use uppercase HTTP method like "GET".', 16384)
 2 APPPATH\Config\Routes.php(41): CodeIgniter\Router\RouteCollection->match([...], 'index', 'Auth::index', [...])
 3 SYSTEMPATH\Router\RouteCollection.php(799): CodeIgniter\Router\RouteCollection::{closure:D:\Magang\Coding\djuragan\djuragancom\djuragancom\app\Config\Routes.php:40}(Object(CodeIgniter\Router\RouteCollection))
 4 APPPATH\Config\Routes.php(40): CodeIgniter\Router\RouteCollection->group('auth', [...], Object(Closure))
 5 SYSTEMPATH\Router\RouteCollection.php(339): require('D:\\Magang\\Coding\\djuragan\\djuragancom\\djuragancom\\app\\Config\\Routes.php')
 6 SYSTEMPATH\CodeIgniter.php(841): CodeIgniter\Router\RouteCollection->loadRoutes()
 7 SYSTEMPATH\CodeIgniter.php(464): CodeIgniter\CodeIgniter->tryToRouteIt(null)
 8 SYSTEMPATH\CodeIgniter.php(363): CodeIgniter\CodeIgniter->handleRequest(null, Object(Config\Cache), false)
 9 SYSTEMPATH\Boot.php(417): CodeIgniter\CodeIgniter->run()
10 SYSTEMPATH\Boot.php(68): CodeIgniter\Boot::runCodeIgniter(Object(CodeIgniter\CodeIgniter))
11 FCPATH\index.php(59): CodeIgniter\Boot::bootWeb(Object(Config\Paths))
12 SYSTEMPATH\rewrite.php(44): require_once('D:\\Magang\\Coding\\djuragan\\djuragancom\\djuragancom\\public\\index.php')
WARNING - 2026-09-27 09:26:13 --> [DEPRECATED] Passing lowercase HTTP method "post" is deprecated. Use uppercase HTTP method like "POST". in SYSTEMPATH\Router\RouteCollection.php on line 1026.
 1 SYSTEMPATH\Router\RouteCollection.php(1026): trigger_error('Passing lowercase HTTP method "post" is deprecated. Use uppercase HTTP method like "POST".', 16384)
 2 APPPATH\Config\Routes.php(41): CodeIgniter\Router\RouteCollection->match([...], 'index', 'Auth::index', [...])
 3 SYSTEMPATH\Router\RouteCollection.php(799): CodeIgniter\Router\RouteCollection::{closure:D:\Magang\Coding\djuragan\djuragancom\djuragancom\app\Config\Routes.php:40}(Object(CodeIgniter\Router\RouteCollection))
 4 APPPATH\Config\Routes.php(40): CodeIgniter\Router\RouteCollection->group('auth', [...], Object(Closure))
 5 SYSTEMPATH\Router\RouteCollection.php(339): require('D:\\Magang\\Coding\\djuragan\\djuragancom\\djuragancom\\app\\Config\\Routes.php')
 6 SYSTEMPATH\CodeIgniter.php(841): CodeIgniter\Router\RouteCollection->loadRoutes()
 7 SYSTEMPATH\CodeIgniter.php(464): CodeIgniter\CodeIgniter->tryToRouteIt(null)
 8 SYSTEMPATH\CodeIgniter.php(363): CodeIgniter\CodeIgniter->handleRequest(null, Object(Config\Cache), false)
 9 SYSTEMPATH\Boot.php(417): CodeIgniter\CodeIgniter->run()
10 SYSTEMPATH\Boot.php(68): CodeIgniter\Boot::runCodeIgniter(Object(CodeIgniter\CodeIgniter))
11 FCPATH\index.php(59): CodeIgniter\Boot::bootWeb(Object(Config\Paths))
12 SYSTEMPATH\rewrite.php(44): require_once('D:\\Magang\\Coding\\djuragan\\djuragancom\\djuragancom\\public\\index.php')
WARNING - 2026-09-27 09:26:13 --> [DEPRECATED] Passing lowercase HTTP method "get" is deprecated. Use uppercase HTTP method like "GET". in SYSTEMPATH\Router\RouteCollection.php on line 1026.
 1 SYSTEMPATH\Router\RouteCollection.php(1026): trigger_error('Passing lowercase HTTP method "get" is deprecated. Use uppercase HTTP method like "GET".', 16384)
 2 APPPATH\Config\Routes.php(42): CodeIgniter\Router\RouteCollection->match([...], 'daftar', 'Auth::daftar')
 3 SYSTEMPATH\Router\RouteCollection.php(799): CodeIgniter\Router\RouteCollection::{closure:D:\Magang\Coding\djuragan\djuragancom\djuragancom\app\Config\Routes.php:40}(Object(CodeIgniter\Router\RouteCollection))
 4 APPPATH\Config\Routes.php(40): CodeIgniter\Router\RouteCollection->group('auth', [...], Object(Closure))
 5 SYSTEMPATH\Router\RouteCollection.php(339): require('D:\\Magang\\Coding\\djuragan\\djuragancom\\djuragancom\\app\\Config\\Routes.php')
 6 SYSTEMPATH\CodeIgniter.php(841): CodeIgniter\Router\RouteCollection->loadRoutes()
 7 SYSTEMPATH\CodeIgniter.php(464): CodeIgniter\CodeIgniter->tryToRouteIt(null)
 8 SYSTEMPATH\CodeIgniter.php(363): CodeIgniter\CodeIgniter->handleRequest(null, Object(Config\Cache), false)
 9 SYSTEMPATH\Boot.php(417): CodeIgniter\CodeIgniter->run()
10 SYSTEMPATH\Boot.php(68): CodeIgniter\Boot::runCodeIgniter(Object(CodeIgniter\CodeIgniter))
11 FCPATH\index.php(59): CodeIgniter\Boot::bootWeb(Object(Config\Paths))
12 SYSTEMPATH\rewrite.php(44): require_once('D:\\Magang\\Coding\\djuragan\\djuragancom\\djuragancom\\public\\index.php')
WARNING - 2026-09-27 09:26:13 --> [DEPRECATED] Passing lowercase HTTP method "post" is deprecated. Use uppercase HTTP method like "POST". in SYSTEMPATH\Router\RouteCollection.php on line 1026.
 1 SYSTEMPATH\Router\RouteCollection.php(1026): trigger_error('Passing lowercase HTTP method "post" is deprecated. Use uppercase HTTP method like "POST".', 16384)
 2 APPPATH\Config\Routes.php(42): CodeIgniter\Router\RouteCollection->match([...], 'daftar', 'Auth::daftar')
 3 SYSTEMPATH\Router\RouteCollection.php(799): CodeIgniter\Router\RouteCollection::{closure:D:\Magang\Coding\djuragan\djuragancom\djuragancom\app\Config\Routes.php:40}(Object(CodeIgniter\Router\RouteCollection))
 4 APPPATH\Config\Routes.php(40): CodeIgniter\Router\RouteCollection->group('auth', [...], Object(Closure))
 5 SYSTEMPATH\Router\RouteCollection.php(339): require('D:\\Magang\\Coding\\djuragan\\djuragancom\\djuragancom\\app\\Config\\Routes.php')
 6 SYSTEMPATH\CodeIgniter.php(841): CodeIgniter\Router\RouteCollection->loadRoutes()
 7 SYSTEMPATH\CodeIgniter.php(464): CodeIgniter\CodeIgniter->tryToRouteIt(null)
 8 SYSTEMPATH\CodeIgniter.php(363): CodeIgniter\CodeIgniter->handleRequest(null, Object(Config\Cache), false)
 9 SYSTEMPATH\Boot.php(417): CodeIgniter\CodeIgniter->run()
10 SYSTEMPATH\Boot.php(68): CodeIgniter\Boot::runCodeIgniter(Object(CodeIgniter\CodeIgniter))
11 FCPATH\index.php(59): CodeIgniter\Boot::bootWeb(Object(Config\Paths))
12 SYSTEMPATH\rewrite.php(44): require_once('D:\\Magang\\Coding\\djuragan\\djuragancom\\djuragancom\\public\\index.php')
WARNING - 2026-09-27 09:26:13 --> [DEPRECATED] Passing lowercase HTTP method "get" is deprecated. Use uppercase HTTP method like "GET". in SYSTEMPATH\Router\RouteCollection.php on line 1026.
 1 SYSTEMPATH\Router\RouteCollection.php(1026): trigger_error('Passing lowercase HTTP method "get" is deprecated. Use uppercase HTTP method like "GET".', 16384)
 2 APPPATH\Config\Routes.php(43): CodeIgniter\Router\RouteCollection->match([...], 'lupa', 'Auth::lupa')
 3 SYSTEMPATH\Router\RouteCollection.php(799): CodeIgniter\Router\RouteCollection::{closure:D:\Magang\Coding\djuragan\djuragancom\djuragancom\app\Config\Routes.php:40}(Object(CodeIgniter\Router\RouteCollection))
 4 APPPATH\Config\Routes.php(40): CodeIgniter\Router\RouteCollection->group('auth', [...], Object(Closure))
 5 SYSTEMPATH\Router\RouteCollection.php(339): require('D:\\Magang\\Coding\\djuragan\\djuragancom\\djuragancom\\app\\Config\\Routes.php')
 6 SYSTEMPATH\CodeIgniter.php(841): CodeIgniter\Router\RouteCollection->loadRoutes()
 7 SYSTEMPATH\CodeIgniter.php(464): CodeIgniter\CodeIgniter->tryToRouteIt(null)
 8 SYSTEMPATH\CodeIgniter.php(363): CodeIgniter\CodeIgniter->handleRequest(null, Object(Config\Cache), false)
 9 SYSTEMPATH\Boot.php(417): CodeIgniter\CodeIgniter->run()
10 SYSTEMPATH\Boot.php(68): CodeIgniter\Boot::runCodeIgniter(Object(CodeIgniter\CodeIgniter))
11 FCPATH\index.php(59): CodeIgniter\Boot::bootWeb(Object(Config\Paths))
12 SYSTEMPATH\rewrite.php(44): require_once('D:\\Magang\\Coding\\djuragan\\djuragancom\\djuragancom\\public\\index.php')
WARNING - 2026-09-27 09:26:13 --> [DEPRECATED] Passing lowercase HTTP method "post" is deprecated. Use uppercase HTTP method like "POST". in SYSTEMPATH\Router\RouteCollection.php on line 1026.
 1 SYSTEMPATH\Router\RouteCollection.php(1026): trigger_error('Passing lowercase HTTP method "post" is deprecated. Use uppercase HTTP method like "POST".', 16384)
 2 APPPATH\Config\Routes.php(43): CodeIgniter\Router\RouteCollection->match([...], 'lupa', 'Auth::lupa')
 3 SYSTEMPATH\Router\RouteCollection.php(799): CodeIgniter\Router\RouteCollection::{closure:D:\Magang\Coding\djuragan\djuragancom\djuragancom\app\Config\Routes.php:40}(Object(CodeIgniter\Router\RouteCollection))
 4 APPPATH\Config\Routes.php(40): CodeIgniter\Router\RouteCollection->group('auth', [...], Object(Closure))
 5 SYSTEMPATH\Router\RouteCollection.php(339): require('D:\\Magang\\Coding\\djuragan\\djuragancom\\djuragancom\\app\\Config\\Routes.php')
 6 SYSTEMPATH\CodeIgniter.php(841): CodeIgniter\Router\RouteCollection->loadRoutes()
 7 SYSTEMPATH\CodeIgniter.php(464): CodeIgniter\CodeIgniter->tryToRouteIt(null)
 8 SYSTEMPATH\CodeIgniter.php(363): CodeIgniter\CodeIgniter->handleRequest(null, Object(Config\Cache), false)
 9 SYSTEMPATH\Boot.php(417): CodeIgniter\CodeIgniter->run()
10 SYSTEMPATH\Boot.php(68): CodeIgniter\Boot::runCodeIgniter(Object(CodeIgniter\CodeIgniter))
11 FCPATH\index.php(59): CodeIgniter\Boot::bootWeb(Object(Config\Paths))
12 SYSTEMPATH\rewrite.php(44): require_once('D:\\Magang\\Coding\\djuragan\\djuragancom\\djuragancom\\public\\index.php')
DEBUG - 2026-09-27 09:26:13 --> Session: Class initialized using 'CodeIgniter\Session\Handlers\FileHandler' driver.
WARNING - 2026-09-27 09:26:14 --> [DEPRECATED] Passing lowercase HTTP method "get" is deprecated. Use uppercase HTTP method like "GET". in SYSTEMPATH\Router\RouteCollection.php on line 1026.
 1 SYSTEMPATH\Router\RouteCollection.php(1026): trigger_error('Passing lowercase HTTP method "get" is deprecated. Use uppercase HTTP method like "GET".', 16384)
 2 APPPATH\Config\Routes.php(41): CodeIgniter\Router\RouteCollection->match([...], 'index', 'Auth::index', [...])
 3 SYSTEMPATH\Router\RouteCollection.php(799): CodeIgniter\Router\RouteCollection::{closure:D:\Magang\Coding\djuragan\djuragancom\djuragancom\app\Config\Routes.php:40}(Object(CodeIgniter\Router\RouteCollection))
 4 APPPATH\Config\Routes.php(40): CodeIgniter\Router\RouteCollection->group('auth', [...], Object(Closure))
 5 SYSTEMPATH\Router\RouteCollection.php(339): require('D:\\Magang\\Coding\\djuragan\\djuragancom\\djuragancom\\app\\Config\\Routes.php')
 6 SYSTEMPATH\CodeIgniter.php(841): CodeIgniter\Router\RouteCollection->loadRoutes()
 7 SYSTEMPATH\CodeIgniter.php(464): CodeIgniter\CodeIgniter->tryToRouteIt(null)
 8 SYSTEMPATH\CodeIgniter.php(363): CodeIgniter\CodeIgniter->handleRequest(null, Object(Config\Cache), false)
 9 SYSTEMPATH\Boot.php(417): CodeIgniter\CodeIgniter->run()
10 SYSTEMPATH\Boot.php(68): CodeIgniter\Boot::runCodeIgniter(Object(CodeIgniter\CodeIgniter))
11 FCPATH\index.php(59): CodeIgniter\Boot::bootWeb(Object(Config\Paths))
12 SYSTEMPATH\rewrite.php(44): require_once('D:\\Magang\\Coding\\djuragan\\djuragancom\\djuragancom\\public\\index.php')
WARNING - 2026-09-27 09:26:14 --> [DEPRECATED] Passing lowercase HTTP method "post" is deprecated. Use uppercase HTTP method like "POST". in SYSTEMPATH\Router\RouteCollection.php on line 1026.
 1 SYSTEMPATH\Router\RouteCollection.php(1026): trigger_error('Passing lowercase HTTP method "post" is deprecated. Use uppercase HTTP method like "POST".', 16384)
 2 APPPATH\Config\Routes.php(41): CodeIgniter\Router\RouteCollection->match([...], 'index', 'Auth::index', [...])
 3 SYSTEMPATH\Router\RouteCollection.php(799): CodeIgniter\Router\RouteCollection::{closure:D:\Magang\Coding\djuragan\djuragancom\djuragancom\app\Config\Routes.php:40}(Object(CodeIgniter\Router\RouteCollection))
 4 APPPATH\Config\Routes.php(40): CodeIgniter\Router\RouteCollection->group('auth', [...], Object(Closure))
 5 SYSTEMPATH\Router\RouteCollection.php(339): require('D:\\Magang\\Coding\\djuragan\\djuragancom\\djuragancom\\app\\Config\\Routes.php')
 6 SYSTEMPATH\CodeIgniter.php(841): CodeIgniter\Router\RouteCollection->loadRoutes()
 7 SYSTEMPATH\CodeIgniter.php(464): CodeIgniter\CodeIgniter->tryToRouteIt(null)
 8 SYSTEMPATH\CodeIgniter.php(363): CodeIgniter\CodeIgniter->handleRequest(null, Object(Config\Cache), false)
 9 SYSTEMPATH\Boot.php(417): CodeIgniter\CodeIgniter->run()
10 SYSTEMPATH\Boot.php(68): CodeIgniter\Boot::runCodeIgniter(Object(CodeIgniter\CodeIgniter))
11 FCPATH\index.php(59): CodeIgniter\Boot::bootWeb(Object(Config\Paths))
12 SYSTEMPATH\rewrite.php(44): require_once('D:\\Magang\\Coding\\djuragan\\djuragancom\\djuragancom\\public\\index.php')
WARNING - 2026-09-27 09:26:14 --> [DEPRECATED] Passing lowercase HTTP method "get" is deprecated. Use uppercase HTTP method like "GET". in SYSTEMPATH\Router\RouteCollection.php on line 1026.
 1 SYSTEMPATH\Router\RouteCollection.php(1026): trigger_error('Passing lowercase HTTP method "get" is deprecated. Use uppercase HTTP method like "GET".', 16384)
 2 APPPATH\Config\Routes.php(42): CodeIgniter\Router\RouteCollection->match([...], 'daftar', 'Auth::daftar')
 3 SYSTEMPATH\Router\RouteCollection.php(799): CodeIgniter\Router\RouteCollection::{closure:D:\Magang\Coding\djuragan\djuragancom\djuragancom\app\Config\Routes.php:40}(Object(CodeIgniter\Router\RouteCollection))
 4 APPPATH\Config\Routes.php(40): CodeIgniter\Router\RouteCollection->group('auth', [...], Object(Closure))
 5 SYSTEMPATH\Router\RouteCollection.php(339): require('D:\\Magang\\Coding\\djuragan\\djuragancom\\djuragancom\\app\\Config\\Routes.php')
 6 SYSTEMPATH\CodeIgniter.php(841): CodeIgniter\Router\RouteCollection->loadRoutes()
 7 SYSTEMPATH\CodeIgniter.php(464): CodeIgniter\CodeIgniter->tryToRouteIt(null)
 8 SYSTEMPATH\CodeIgniter.php(363): CodeIgniter\CodeIgniter->handleRequest(null, Object(Config\Cache), false)
 9 SYSTEMPATH\Boot.php(417): CodeIgniter\CodeIgniter->run()
10 SYSTEMPATH\Boot.php(68): CodeIgniter\Boot::runCodeIgniter(Object(CodeIgniter\CodeIgniter))
11 FCPATH\index.php(59): CodeIgniter\Boot::bootWeb(Object(Config\Paths))
12 SYSTEMPATH\rewrite.php(44): require_once('D:\\Magang\\Coding\\djuragan\\djuragancom\\djuragancom\\public\\index.php')
WARNING - 2026-09-27 09:26:14 --> [DEPRECATED] Passing lowercase HTTP method "post" is deprecated. Use uppercase HTTP method like "POST". in SYSTEMPATH\Router\RouteCollection.php on line 1026.
 1 SYSTEMPATH\Router\RouteCollection.php(1026): trigger_error('Passing lowercase HTTP method "post" is deprecated. Use uppercase HTTP method like "POST".', 16384)
 2 APPPATH\Config\Routes.php(42): CodeIgniter\Router\RouteCollection->match([...], 'daftar', 'Auth::daftar')
 3 SYSTEMPATH\Router\RouteCollection.php(799): CodeIgniter\Router\RouteCollection::{closure:D:\Magang\Coding\djuragan\djuragancom\djuragancom\app\Config\Routes.php:40}(Object(CodeIgniter\Router\RouteCollection))
 4 APPPATH\Config\Routes.php(40): CodeIgniter\Router\RouteCollection->group('auth', [...], Object(Closure))
 5 SYSTEMPATH\Router\RouteCollection.php(339): require('D:\\Magang\\Coding\\djuragan\\djuragancom\\djuragancom\\app\\Config\\Routes.php')
 6 SYSTEMPATH\CodeIgniter.php(841): CodeIgniter\Router\RouteCollection->loadRoutes()
 7 SYSTEMPATH\CodeIgniter.php(464): CodeIgniter\CodeIgniter->tryToRouteIt(null)
 8 SYSTEMPATH\CodeIgniter.php(363): CodeIgniter\CodeIgniter->handleRequest(null, Object(Config\Cache), false)
 9 SYSTEMPATH\Boot.php(417): CodeIgniter\CodeIgniter->run()
10 SYSTEMPATH\Boot.php(68): CodeIgniter\Boot::runCodeIgniter(Object(CodeIgniter\CodeIgniter))
11 FCPATH\index.php(59): CodeIgniter\Boot::bootWeb(Object(Config\Paths))
12 SYSTEMPATH\rewrite.php(44): require_once('D:\\Magang\\Coding\\djuragan\\djuragancom\\djuragancom\\public\\index.php')
WARNING - 2026-09-27 09:26:14 --> [DEPRECATED] Passing lowercase HTTP method "get" is deprecated. Use uppercase HTTP method like "GET". in SYSTEMPATH\Router\RouteCollection.php on line 1026.
 1 SYSTEMPATH\Router\RouteCollection.php(1026): trigger_error('Passing lowercase HTTP method "get" is deprecated. Use uppercase HTTP method like "GET".', 16384)
 2 APPPATH\Config\Routes.php(43): CodeIgniter\Router\RouteCollection->match([...], 'lupa', 'Auth::lupa')
 3 SYSTEMPATH\Router\RouteCollection.php(799): CodeIgniter\Router\RouteCollection::{closure:D:\Magang\Coding\djuragan\djuragancom\djuragancom\app\Config\Routes.php:40}(Object(CodeIgniter\Router\RouteCollection))
 4 APPPATH\Config\Routes.php(40): CodeIgniter\Router\RouteCollection->group('auth', [...], Object(Closure))
 5 SYSTEMPATH\Router\RouteCollection.php(339): require('D:\\Magang\\Coding\\djuragan\\djuragancom\\djuragancom\\app\\Config\\Routes.php')
 6 SYSTEMPATH\CodeIgniter.php(841): CodeIgniter\Router\RouteCollection->loadRoutes()
 7 SYSTEMPATH\CodeIgniter.php(464): CodeIgniter\CodeIgniter->tryToRouteIt(null)
 8 SYSTEMPATH\CodeIgniter.php(363): CodeIgniter\CodeIgniter->handleRequest(null, Object(Config\Cache), false)
 9 SYSTEMPATH\Boot.php(417): CodeIgniter\CodeIgniter->run()
10 SYSTEMPATH\Boot.php(68): CodeIgniter\Boot::runCodeIgniter(Object(CodeIgniter\CodeIgniter))
11 FCPATH\index.php(59): CodeIgniter\Boot::bootWeb(Object(Config\Paths))
12 SYSTEMPATH\rewrite.php(44): require_once('D:\\Magang\\Coding\\djuragan\\djuragancom\\djuragancom\\public\\index.php')
WARNING - 2026-09-27 09:26:14 --> [DEPRECATED] Passing lowercase HTTP method "post" is deprecated. Use uppercase HTTP method like "POST". in SYSTEMPATH\Router\RouteCollection.php on line 1026.
 1 SYSTEMPATH\Router\RouteCollection.php(1026): trigger_error('Passing lowercase HTTP method "post" is deprecated. Use uppercase HTTP method like "POST".', 16384)
 2 APPPATH\Config\Routes.php(43): CodeIgniter\Router\RouteCollection->match([...], 'lupa', 'Auth::lupa')
 3 SYSTEMPATH\Router\RouteCollection.php(799): CodeIgniter\Router\RouteCollection::{closure:D:\Magang\Coding\djuragan\djuragancom\djuragancom\app\Config\Routes.php:40}(Object(CodeIgniter\Router\RouteCollection))
 4 APPPATH\Config\Routes.php(40): CodeIgniter\Router\RouteCollection->group('auth', [...], Object(Closure))
 5 SYSTEMPATH\Router\RouteCollection.php(339): require('D:\\Magang\\Coding\\djuragan\\djuragancom\\djuragancom\\app\\Config\\Routes.php')
 6 SYSTEMPATH\CodeIgniter.php(841): CodeIgniter\Router\RouteCollection->loadRoutes()
 7 SYSTEMPATH\CodeIgniter.php(464): CodeIgniter\CodeIgniter->tryToRouteIt(null)
 8 SYSTEMPATH\CodeIgniter.php(363): CodeIgniter\CodeIgniter->handleRequest(null, Object(Config\Cache), false)
 9 SYSTEMPATH\Boot.php(417): CodeIgniter\CodeIgniter->run()
10 SYSTEMPATH\Boot.php(68): CodeIgniter\Boot::runCodeIgniter(Object(CodeIgniter\CodeIgniter))
11 FCPATH\index.php(59): CodeIgniter\Boot::bootWeb(Object(Config\Paths))
12 SYSTEMPATH\rewrite.php(44): require_once('D:\\Magang\\Coding\\djuragan\\djuragancom\\djuragancom\\public\\index.php')
INFO - 2026-09-27 09:26:14 --> REDIRECTED ROUTE at http://localhost:8080/admin/invoices
WARNING - 2026-09-27 09:26:14 --> [DEPRECATED] Passing lowercase HTTP method "get" is deprecated. Use uppercase HTTP method like "GET". in SYSTEMPATH\Router\RouteCollection.php on line 1026.
 1 SYSTEMPATH\Router\RouteCollection.php(1026): trigger_error('Passing lowercase HTTP method "get" is deprecated. Use uppercase HTTP method like "GET".', 16384)
 2 APPPATH\Config\Routes.php(41): CodeIgniter\Router\RouteCollection->match([...], 'index', 'Auth::index', [...])
 3 SYSTEMPATH\Router\RouteCollection.php(799): CodeIgniter\Router\RouteCollection::{closure:D:\Magang\Coding\djuragan\djuragancom\djuragancom\app\Config\Routes.php:40}(Object(CodeIgniter\Router\RouteCollection))
 4 APPPATH\Config\Routes.php(40): CodeIgniter\Router\RouteCollection->group('auth', [...], Object(Closure))
 5 SYSTEMPATH\Router\RouteCollection.php(339): require('D:\\Magang\\Coding\\djuragan\\djuragancom\\djuragancom\\app\\Config\\Routes.php')
 6 SYSTEMPATH\CodeIgniter.php(841): CodeIgniter\Router\RouteCollection->loadRoutes()
 7 SYSTEMPATH\CodeIgniter.php(464): CodeIgniter\CodeIgniter->tryToRouteIt(null)
 8 SYSTEMPATH\CodeIgniter.php(363): CodeIgniter\CodeIgniter->handleRequest(null, Object(Config\Cache), false)
 9 SYSTEMPATH\Boot.php(417): CodeIgniter\CodeIgniter->run()
10 SYSTEMPATH\Boot.php(68): CodeIgniter\Boot::runCodeIgniter(Object(CodeIgniter\CodeIgniter))
11 FCPATH\index.php(59): CodeIgniter\Boot::bootWeb(Object(Config\Paths))
12 SYSTEMPATH\rewrite.php(44): require_once('D:\\Magang\\Coding\\djuragan\\djuragancom\\djuragancom\\public\\index.php')
WARNING - 2026-09-27 09:26:14 --> [DEPRECATED] Passing lowercase HTTP method "post" is deprecated. Use uppercase HTTP method like "POST". in SYSTEMPATH\Router\RouteCollection.php on line 1026.
 1 SYSTEMPATH\Router\RouteCollection.php(1026): trigger_error('Passing lowercase HTTP method "post" is deprecated. Use uppercase HTTP method like "POST".', 16384)
 2 APPPATH\Config\Routes.php(41): CodeIgniter\Router\RouteCollection->match([...], 'index', 'Auth::index', [...])
 3 SYSTEMPATH\Router\RouteCollection.php(799): CodeIgniter\Router\RouteCollection::{closure:D:\Magang\Coding\djuragan\djuragancom\djuragancom\app\Config\Routes.php:40}(Object(CodeIgniter\Router\RouteCollection))
 4 APPPATH\Config\Routes.php(40): CodeIgniter\Router\RouteCollection->group('auth', [...], Object(Closure))
 5 SYSTEMPATH\Router\RouteCollection.php(339): require('D:\\Magang\\Coding\\djuragan\\djuragancom\\djuragancom\\app\\Config\\Routes.php')
 6 SYSTEMPATH\CodeIgniter.php(841): CodeIgniter\Router\RouteCollection->loadRoutes()
 7 SYSTEMPATH\CodeIgniter.php(464): CodeIgniter\CodeIgniter->tryToRouteIt(null)
 8 SYSTEMPATH\CodeIgniter.php(363): CodeIgniter\CodeIgniter->handleRequest(null, Object(Config\Cache), false)
 9 SYSTEMPATH\Boot.php(417): CodeIgniter\CodeIgniter->run()
10 SYSTEMPATH\Boot.php(68): CodeIgniter\Boot::runCodeIgniter(Object(CodeIgniter\CodeIgniter))
11 FCPATH\index.php(59): CodeIgniter\Boot::bootWeb(Object(Config\Paths))
12 SYSTEMPATH\rewrite.php(44): require_once('D:\\Magang\\Coding\\djuragan\\djuragancom\\djuragancom\\public\\index.php')
WARNING - 2026-09-27 09:26:14 --> [DEPRECATED] Passing lowercase HTTP method "get" is deprecated. Use uppercase HTTP method like "GET". in SYSTEMPATH\Router\RouteCollection.php on line 1026.
 1 SYSTEMPATH\Router\RouteCollection.php(1026): trigger_error('Passing lowercase HTTP method "get" is deprecated. Use uppercase HTTP method like "GET".', 16384)
 2 APPPATH\Config\Routes.php(42): CodeIgniter\Router\RouteCollection->match([...], 'daftar', 'Auth::daftar')
 3 SYSTEMPATH\Router\RouteCollection.php(799): CodeIgniter\Router\RouteCollection::{closure:D:\Magang\Coding\djuragan\djuragancom\djuragancom\app\Config\Routes.php:40}(Object(CodeIgniter\Router\RouteCollection))
 4 APPPATH\Config\Routes.php(40): CodeIgniter\Router\RouteCollection->group('auth', [...], Object(Closure))
 5 SYSTEMPATH\Router\RouteCollection.php(339): require('D:\\Magang\\Coding\\djuragan\\djuragancom\\djuragancom\\app\\Config\\Routes.php')
 6 SYSTEMPATH\CodeIgniter.php(841): CodeIgniter\Router\RouteCollection->loadRoutes()
 7 SYSTEMPATH\CodeIgniter.php(464): CodeIgniter\CodeIgniter->tryToRouteIt(null)
 8 SYSTEMPATH\CodeIgniter.php(363): CodeIgniter\CodeIgniter->handleRequest(null, Object(Config\Cache), false)
 9 SYSTEMPATH\Boot.php(417): CodeIgniter\CodeIgniter->run()
10 SYSTEMPATH\Boot.php(68): CodeIgniter\Boot::runCodeIgniter(Object(CodeIgniter\CodeIgniter))
11 FCPATH\index.php(59): CodeIgniter\Boot::bootWeb(Object(Config\Paths))
12 SYSTEMPATH\rewrite.php(44): require_once('D:\\Magang\\Coding\\djuragan\\djuragancom\\djuragancom\\public\\index.php')
WARNING - 2026-09-27 09:26:14 --> [DEPRECATED] Passing lowercase HTTP method "post" is deprecated. Use uppercase HTTP method like "POST". in SYSTEMPATH\Router\RouteCollection.php on line 1026.
 1 SYSTEMPATH\Router\RouteCollection.php(1026): trigger_error('Passing lowercase HTTP method "post" is deprecated. Use uppercase HTTP method like "POST".', 16384)
 2 APPPATH\Config\Routes.php(42): CodeIgniter\Router\RouteCollection->match([...], 'daftar', 'Auth::daftar')
 3 SYSTEMPATH\Router\RouteCollection.php(799): CodeIgniter\Router\RouteCollection::{closure:D:\Magang\Coding\djuragan\djuragancom\djuragancom\app\Config\Routes.php:40}(Object(CodeIgniter\Router\RouteCollection))
 4 APPPATH\Config\Routes.php(40): CodeIgniter\Router\RouteCollection->group('auth', [...], Object(Closure))
 5 SYSTEMPATH\Router\RouteCollection.php(339): require('D:\\Magang\\Coding\\djuragan\\djuragancom\\djuragancom\\app\\Config\\Routes.php')
 6 SYSTEMPATH\CodeIgniter.php(841): CodeIgniter\Router\RouteCollection->loadRoutes()
 7 SYSTEMPATH\CodeIgniter.php(464): CodeIgniter\CodeIgniter->tryToRouteIt(null)
 8 SYSTEMPATH\CodeIgniter.php(363): CodeIgniter\CodeIgniter->handleRequest(null, Object(Config\Cache), false)
 9 SYSTEMPATH\Boot.php(417): CodeIgniter\CodeIgniter->run()
10 SYSTEMPATH\Boot.php(68): CodeIgniter\Boot::runCodeIgniter(Object(CodeIgniter\CodeIgniter))
11 FCPATH\index.php(59): CodeIgniter\Boot::bootWeb(Object(Config\Paths))
12 SYSTEMPATH\rewrite.php(44): require_once('D:\\Magang\\Coding\\djuragan\\djuragancom\\djuragancom\\public\\index.php')
WARNING - 2026-09-27 09:26:14 --> [DEPRECATED] Passing lowercase HTTP method "get" is deprecated. Use uppercase HTTP method like "GET". in SYSTEMPATH\Router\RouteCollection.php on line 1026.
 1 SYSTEMPATH\Router\RouteCollection.php(1026): trigger_error('Passing lowercase HTTP method "get" is deprecated. Use uppercase HTTP method like "GET".', 16384)
 2 APPPATH\Config\Routes.php(43): CodeIgniter\Router\RouteCollection->match([...], 'lupa', 'Auth::lupa')
 3 SYSTEMPATH\Router\RouteCollection.php(799): CodeIgniter\Router\RouteCollection::{closure:D:\Magang\Coding\djuragan\djuragancom\djuragancom\app\Config\Routes.php:40}(Object(CodeIgniter\Router\RouteCollection))
 4 APPPATH\Config\Routes.php(40): CodeIgniter\Router\RouteCollection->group('auth', [...], Object(Closure))
 5 SYSTEMPATH\Router\RouteCollection.php(339): require('D:\\Magang\\Coding\\djuragan\\djuragancom\\djuragancom\\app\\Config\\Routes.php')
 6 SYSTEMPATH\CodeIgniter.php(841): CodeIgniter\Router\RouteCollection->loadRoutes()
 7 SYSTEMPATH\CodeIgniter.php(464): CodeIgniter\CodeIgniter->tryToRouteIt(null)
 8 SYSTEMPATH\CodeIgniter.php(363): CodeIgniter\CodeIgniter->handleRequest(null, Object(Config\Cache), false)
 9 SYSTEMPATH\Boot.php(417): CodeIgniter\CodeIgniter->run()
10 SYSTEMPATH\Boot.php(68): CodeIgniter\Boot::runCodeIgniter(Object(CodeIgniter\CodeIgniter))
11 FCPATH\index.php(59): CodeIgniter\Boot::bootWeb(Object(Config\Paths))
12 SYSTEMPATH\rewrite.php(44): require_once('D:\\Magang\\Coding\\djuragan\\djuragancom\\djuragancom\\public\\index.php')
WARNING - 2026-09-27 09:26:14 --> [DEPRECATED] Passing lowercase HTTP method "post" is deprecated. Use uppercase HTTP method like "POST". in SYSTEMPATH\Router\RouteCollection.php on line 1026.
 1 SYSTEMPATH\Router\RouteCollection.php(1026): trigger_error('Passing lowercase HTTP method "post" is deprecated. Use uppercase HTTP method like "POST".', 16384)
 2 APPPATH\Config\Routes.php(43): CodeIgniter\Router\RouteCollection->match([...], 'lupa', 'Auth::lupa')
 3 SYSTEMPATH\Router\RouteCollection.php(799): CodeIgniter\Router\RouteCollection::{closure:D:\Magang\Coding\djuragan\djuragancom\djuragancom\app\Config\Routes.php:40}(Object(CodeIgniter\Router\RouteCollection))
 4 APPPATH\Config\Routes.php(40): CodeIgniter\Router\RouteCollection->group('auth', [...], Object(Closure))
 5 SYSTEMPATH\Router\RouteCollection.php(339): require('D:\\Magang\\Coding\\djuragan\\djuragancom\\djuragancom\\app\\Config\\Routes.php')
 6 SYSTEMPATH\CodeIgniter.php(841): CodeIgniter\Router\RouteCollection->loadRoutes()
 7 SYSTEMPATH\CodeIgniter.php(464): CodeIgniter\CodeIgniter->tryToRouteIt(null)
 8 SYSTEMPATH\CodeIgniter.php(363): CodeIgniter\CodeIgniter->handleRequest(null, Object(Config\Cache), false)
 9 SYSTEMPATH\Boot.php(417): CodeIgniter\CodeIgniter->run()
10 SYSTEMPATH\Boot.php(68): CodeIgniter\Boot::runCodeIgniter(Object(CodeIgniter\CodeIgniter))
11 FCPATH\index.php(59): CodeIgniter\Boot::bootWeb(Object(Config\Paths))
12 SYSTEMPATH\rewrite.php(44): require_once('D:\\Magang\\Coding\\djuragan\\djuragancom\\djuragancom\\public\\index.php')
DEBUG - 2026-09-27 09:26:14 --> Session: Class initialized using 'CodeIgniter\Session\Handlers\FileHandler' driver.
WARNING - 2026-09-27 09:26:17 --> [DEPRECATED] Passing lowercase HTTP method "get" is deprecated. Use uppercase HTTP method like "GET". in SYSTEMPATH\Router\RouteCollection.php on line 1026.
 1 SYSTEMPATH\Router\RouteCollection.php(1026): trigger_error('Passing lowercase HTTP method "get" is deprecated. Use uppercase HTTP method like "GET".', 16384)
 2 APPPATH\Config\Routes.php(41): CodeIgniter\Router\RouteCollection->match([...], 'index', 'Auth::index', [...])
 3 SYSTEMPATH\Router\RouteCollection.php(799): CodeIgniter\Router\RouteCollection::{closure:D:\Magang\Coding\djuragan\djuragancom\djuragancom\app\Config\Routes.php:40}(Object(CodeIgniter\Router\RouteCollection))
 4 APPPATH\Config\Routes.php(40): CodeIgniter\Router\RouteCollection->group('auth', [...], Object(Closure))
 5 SYSTEMPATH\Router\RouteCollection.php(339): require('D:\\Magang\\Coding\\djuragan\\djuragancom\\djuragancom\\app\\Config\\Routes.php')
 6 SYSTEMPATH\CodeIgniter.php(841): CodeIgniter\Router\RouteCollection->loadRoutes()
 7 SYSTEMPATH\CodeIgniter.php(464): CodeIgniter\CodeIgniter->tryToRouteIt(null)
 8 SYSTEMPATH\CodeIgniter.php(363): CodeIgniter\CodeIgniter->handleRequest(null, Object(Config\Cache), false)
 9 SYSTEMPATH\Boot.php(417): CodeIgniter\CodeIgniter->run()
10 SYSTEMPATH\Boot.php(68): CodeIgniter\Boot::runCodeIgniter(Object(CodeIgniter\CodeIgniter))
11 FCPATH\index.php(59): CodeIgniter\Boot::bootWeb(Object(Config\Paths))
12 SYSTEMPATH\rewrite.php(44): require_once('D:\\Magang\\Coding\\djuragan\\djuragancom\\djuragancom\\public\\index.php')
WARNING - 2026-09-27 09:26:17 --> [DEPRECATED] Passing lowercase HTTP method "post" is deprecated. Use uppercase HTTP method like "POST". in SYSTEMPATH\Router\RouteCollection.php on line 1026.
 1 SYSTEMPATH\Router\RouteCollection.php(1026): trigger_error('Passing lowercase HTTP method "post" is deprecated. Use uppercase HTTP method like "POST".', 16384)
 2 APPPATH\Config\Routes.php(41): CodeIgniter\Router\RouteCollection->match([...], 'index', 'Auth::index', [...])
 3 SYSTEMPATH\Router\RouteCollection.php(799): CodeIgniter\Router\RouteCollection::{closure:D:\Magang\Coding\djuragan\djuragancom\djuragancom\app\Config\Routes.php:40}(Object(CodeIgniter\Router\RouteCollection))
 4 APPPATH\Config\Routes.php(40): CodeIgniter\Router\RouteCollection->group('auth', [...], Object(Closure))
 5 SYSTEMPATH\Router\RouteCollection.php(339): require('D:\\Magang\\Coding\\djuragan\\djuragancom\\djuragancom\\app\\Config\\Routes.php')
 6 SYSTEMPATH\CodeIgniter.php(841): CodeIgniter\Router\RouteCollection->loadRoutes()
 7 SYSTEMPATH\CodeIgniter.php(464): CodeIgniter\CodeIgniter->tryToRouteIt(null)
 8 SYSTEMPATH\CodeIgniter.php(363): CodeIgniter\CodeIgniter->handleRequest(null, Object(Config\Cache), false)
 9 SYSTEMPATH\Boot.php(417): CodeIgniter\CodeIgniter->run()
10 SYSTEMPATH\Boot.php(68): CodeIgniter\Boot::runCodeIgniter(Object(CodeIgniter\CodeIgniter))
11 FCPATH\index.php(59): CodeIgniter\Boot::bootWeb(Object(Config\Paths))
12 SYSTEMPATH\rewrite.php(44): require_once('D:\\Magang\\Coding\\djuragan\\djuragancom\\djuragancom\\public\\index.php')
WARNING - 2026-09-27 09:26:17 --> [DEPRECATED] Passing lowercase HTTP method "get" is deprecated. Use uppercase HTTP method like "GET". in SYSTEMPATH\Router\RouteCollection.php on line 1026.
 1 SYSTEMPATH\Router\RouteCollection.php(1026): trigger_error('Passing lowercase HTTP method "get" is deprecated. Use uppercase HTTP method like "GET".', 16384)
 2 APPPATH\Config\Routes.php(42): CodeIgniter\Router\RouteCollection->match([...], 'daftar', 'Auth::daftar')
 3 SYSTEMPATH\Router\RouteCollection.php(799): CodeIgniter\Router\RouteCollection::{closure:D:\Magang\Coding\djuragan\djuragancom\djuragancom\app\Config\Routes.php:40}(Object(CodeIgniter\Router\RouteCollection))
 4 APPPATH\Config\Routes.php(40): CodeIgniter\Router\RouteCollection->group('auth', [...], Object(Closure))
 5 SYSTEMPATH\Router\RouteCollection.php(339): require('D:\\Magang\\Coding\\djuragan\\djuragancom\\djuragancom\\app\\Config\\Routes.php')
 6 SYSTEMPATH\CodeIgniter.php(841): CodeIgniter\Router\RouteCollection->loadRoutes()
 7 SYSTEMPATH\CodeIgniter.php(464): CodeIgniter\CodeIgniter->tryToRouteIt(null)
 8 SYSTEMPATH\CodeIgniter.php(363): CodeIgniter\CodeIgniter->handleRequest(null, Object(Config\Cache), false)
 9 SYSTEMPATH\Boot.php(417): CodeIgniter\CodeIgniter->run()
10 SYSTEMPATH\Boot.php(68): CodeIgniter\Boot::runCodeIgniter(Object(CodeIgniter\CodeIgniter))
11 FCPATH\index.php(59): CodeIgniter\Boot::bootWeb(Object(Config\Paths))
12 SYSTEMPATH\rewrite.php(44): require_once('D:\\Magang\\Coding\\djuragan\\djuragancom\\djuragancom\\public\\index.php')
WARNING - 2026-09-27 09:26:17 --> [DEPRECATED] Passing lowercase HTTP method "post" is deprecated. Use uppercase HTTP method like "POST". in SYSTEMPATH\Router\RouteCollection.php on line 1026.
 1 SYSTEMPATH\Router\RouteCollection.php(1026): trigger_error('Passing lowercase HTTP method "post" is deprecated. Use uppercase HTTP method like "POST".', 16384)
 2 APPPATH\Config\Routes.php(42): CodeIgniter\Router\RouteCollection->match([...], 'daftar', 'Auth::daftar')
 3 SYSTEMPATH\Router\RouteCollection.php(799): CodeIgniter\Router\RouteCollection::{closure:D:\Magang\Coding\djuragan\djuragancom\djuragancom\app\Config\Routes.php:40}(Object(CodeIgniter\Router\RouteCollection))
 4 APPPATH\Config\Routes.php(40): CodeIgniter\Router\RouteCollection->group('auth', [...], Object(Closure))
 5 SYSTEMPATH\Router\RouteCollection.php(339): require('D:\\Magang\\Coding\\djuragan\\djuragancom\\djuragancom\\app\\Config\\Routes.php')
 6 SYSTEMPATH\CodeIgniter.php(841): CodeIgniter\Router\RouteCollection->loadRoutes()
 7 SYSTEMPATH\CodeIgniter.php(464): CodeIgniter\CodeIgniter->tryToRouteIt(null)
 8 SYSTEMPATH\CodeIgniter.php(363): CodeIgniter\CodeIgniter->handleRequest(null, Object(Config\Cache), false)
 9 SYSTEMPATH\Boot.php(417): CodeIgniter\CodeIgniter->run()
10 SYSTEMPATH\Boot.php(68): CodeIgniter\Boot::runCodeIgniter(Object(CodeIgniter\CodeIgniter))
11 FCPATH\index.php(59): CodeIgniter\Boot::bootWeb(Object(Config\Paths))
12 SYSTEMPATH\rewrite.php(44): require_once('D:\\Magang\\Coding\\djuragan\\djuragancom\\djuragancom\\public\\index.php')
WARNING - 2026-09-27 09:26:17 --> [DEPRECATED] Passing lowercase HTTP method "get" is deprecated. Use uppercase HTTP method like "GET". in SYSTEMPATH\Router\RouteCollection.php on line 1026.
 1 SYSTEMPATH\Router\RouteCollection.php(1026): trigger_error('Passing lowercase HTTP method "get" is deprecated. Use uppercase HTTP method like "GET".', 16384)
 2 APPPATH\Config\Routes.php(43): CodeIgniter\Router\RouteCollection->match([...], 'lupa', 'Auth::lupa')
 3 SYSTEMPATH\Router\RouteCollection.php(799): CodeIgniter\Router\RouteCollection::{closure:D:\Magang\Coding\djuragan\djuragancom\djuragancom\app\Config\Routes.php:40}(Object(CodeIgniter\Router\RouteCollection))
 4 APPPATH\Config\Routes.php(40): CodeIgniter\Router\RouteCollection->group('auth', [...], Object(Closure))
 5 SYSTEMPATH\Router\RouteCollection.php(339): require('D:\\Magang\\Coding\\djuragan\\djuragancom\\djuragancom\\app\\Config\\Routes.php')
 6 SYSTEMPATH\CodeIgniter.php(841): CodeIgniter\Router\RouteCollection->loadRoutes()
 7 SYSTEMPATH\CodeIgniter.php(464): CodeIgniter\CodeIgniter->tryToRouteIt(null)
 8 SYSTEMPATH\CodeIgniter.php(363): CodeIgniter\CodeIgniter->handleRequest(null, Object(Config\Cache), false)
 9 SYSTEMPATH\Boot.php(417): CodeIgniter\CodeIgniter->run()
10 SYSTEMPATH\Boot.php(68): CodeIgniter\Boot::runCodeIgniter(Object(CodeIgniter\CodeIgniter))
11 FCPATH\index.php(59): CodeIgniter\Boot::bootWeb(Object(Config\Paths))
12 SYSTEMPATH\rewrite.php(44): require_once('D:\\Magang\\Coding\\djuragan\\djuragancom\\djuragancom\\public\\index.php')
WARNING - 2026-09-27 09:26:17 --> [DEPRECATED] Passing lowercase HTTP method "post" is deprecated. Use uppercase HTTP method like "POST". in SYSTEMPATH\Router\RouteCollection.php on line 1026.
 1 SYSTEMPATH\Router\RouteCollection.php(1026): trigger_error('Passing lowercase HTTP method "post" is deprecated. Use uppercase HTTP method like "POST".', 16384)
 2 APPPATH\Config\Routes.php(43): CodeIgniter\Router\RouteCollection->match([...], 'lupa', 'Auth::lupa')
 3 SYSTEMPATH\Router\RouteCollection.php(799): CodeIgniter\Router\RouteCollection::{closure:D:\Magang\Coding\djuragan\djuragancom\djuragancom\app\Config\Routes.php:40}(Object(CodeIgniter\Router\RouteCollection))
 4 APPPATH\Config\Routes.php(40): CodeIgniter\Router\RouteCollection->group('auth', [...], Object(Closure))
 5 SYSTEMPATH\Router\RouteCollection.php(339): require('D:\\Magang\\Coding\\djuragan\\djuragancom\\djuragancom\\app\\Config\\Routes.php')
 6 SYSTEMPATH\CodeIgniter.php(841): CodeIgniter\Router\RouteCollection->loadRoutes()
 7 SYSTEMPATH\CodeIgniter.php(464): CodeIgniter\CodeIgniter->tryToRouteIt(null)
 8 SYSTEMPATH\CodeIgniter.php(363): CodeIgniter\CodeIgniter->handleRequest(null, Object(Config\Cache), false)
 9 SYSTEMPATH\Boot.php(417): CodeIgniter\CodeIgniter->run()
10 SYSTEMPATH\Boot.php(68): CodeIgniter\Boot::runCodeIgniter(Object(CodeIgniter\CodeIgniter))
11 FCPATH\index.php(59): CodeIgniter\Boot::bootWeb(Object(Config\Paths))
12 SYSTEMPATH\rewrite.php(44): require_once('D:\\Magang\\Coding\\djuragan\\djuragancom\\djuragancom\\public\\index.php')
WARNING - 2026-09-27 09:26:17 --> [DEPRECATED] Passing lowercase HTTP method "get" is deprecated. Use uppercase HTTP method like "GET". in SYSTEMPATH\Router\RouteCollection.php on line 1026.
 1 SYSTEMPATH\Router\RouteCollection.php(1026): trigger_error('Passing lowercase HTTP method "get" is deprecated. Use uppercase HTTP method like "GET".', 16384)
 2 APPPATH\Config\Routes.php(41): CodeIgniter\Router\RouteCollection->match([...], 'index', 'Auth::index', [...])
 3 SYSTEMPATH\Router\RouteCollection.php(799): CodeIgniter\Router\RouteCollection::{closure:D:\Magang\Coding\djuragan\djuragancom\djuragancom\app\Config\Routes.php:40}(Object(CodeIgniter\Router\RouteCollection))
 4 APPPATH\Config\Routes.php(40): CodeIgniter\Router\RouteCollection->group('auth', [...], Object(Closure))
 5 SYSTEMPATH\Router\RouteCollection.php(339): require('D:\\Magang\\Coding\\djuragan\\djuragancom\\djuragancom\\app\\Config\\Routes.php')
 6 SYSTEMPATH\CodeIgniter.php(841): CodeIgniter\Router\RouteCollection->loadRoutes()
 7 SYSTEMPATH\CodeIgniter.php(464): CodeIgniter\CodeIgniter->tryToRouteIt(null)
 8 SYSTEMPATH\CodeIgniter.php(363): CodeIgniter\CodeIgniter->handleRequest(null, Object(Config\Cache), false)
 9 SYSTEMPATH\Boot.php(417): CodeIgniter\CodeIgniter->run()
10 SYSTEMPATH\Boot.php(68): CodeIgniter\Boot::runCodeIgniter(Object(CodeIgniter\CodeIgniter))
11 FCPATH\index.php(59): CodeIgniter\Boot::bootWeb(Object(Config\Paths))
12 SYSTEMPATH\rewrite.php(44): require_once('D:\\Magang\\Coding\\djuragan\\djuragancom\\djuragancom\\public\\index.php')
WARNING - 2026-09-27 09:26:17 --> [DEPRECATED] Passing lowercase HTTP method "post" is deprecated. Use uppercase HTTP method like "POST". in SYSTEMPATH\Router\RouteCollection.php on line 1026.
 1 SYSTEMPATH\Router\RouteCollection.php(1026): trigger_error('Passing lowercase HTTP method "post" is deprecated. Use uppercase HTTP method like "POST".', 16384)
 2 APPPATH\Config\Routes.php(41): CodeIgniter\Router\RouteCollection->match([...], 'index', 'Auth::index', [...])
 3 SYSTEMPATH\Router\RouteCollection.php(799): CodeIgniter\Router\RouteCollection::{closure:D:\Magang\Coding\djuragan\djuragancom\djuragancom\app\Config\Routes.php:40}(Object(CodeIgniter\Router\RouteCollection))
 4 APPPATH\Config\Routes.php(40): CodeIgniter\Router\RouteCollection->group('auth', [...], Object(Closure))
 5 SYSTEMPATH\Router\RouteCollection.php(339): require('D:\\Magang\\Coding\\djuragan\\djuragancom\\djuragancom\\app\\Config\\Routes.php')
 6 SYSTEMPATH\CodeIgniter.php(841): CodeIgniter\Router\RouteCollection->loadRoutes()
 7 SYSTEMPATH\CodeIgniter.php(464): CodeIgniter\CodeIgniter->tryToRouteIt(null)
 8 SYSTEMPATH\CodeIgniter.php(363): CodeIgniter\CodeIgniter->handleRequest(null, Object(Config\Cache), false)
 9 SYSTEMPATH\Boot.php(417): CodeIgniter\CodeIgniter->run()
10 SYSTEMPATH\Boot.php(68): CodeIgniter\Boot::runCodeIgniter(Object(CodeIgniter\CodeIgniter))
11 FCPATH\index.php(59): CodeIgniter\Boot::bootWeb(Object(Config\Paths))
12 SYSTEMPATH\rewrite.php(44): require_once('D:\\Magang\\Coding\\djuragan\\djuragancom\\djuragancom\\public\\index.php')
WARNING - 2026-09-27 09:26:17 --> [DEPRECATED] Passing lowercase HTTP method "get" is deprecated. Use uppercase HTTP method like "GET". in SYSTEMPATH\Router\RouteCollection.php on line 1026.
 1 SYSTEMPATH\Router\RouteCollection.php(1026): trigger_error('Passing lowercase HTTP method "get" is deprecated. Use uppercase HTTP method like "GET".', 16384)
 2 APPPATH\Config\Routes.php(42): CodeIgniter\Router\RouteCollection->match([...], 'daftar', 'Auth::daftar')
 3 SYSTEMPATH\Router\RouteCollection.php(799): CodeIgniter\Router\RouteCollection::{closure:D:\Magang\Coding\djuragan\djuragancom\djuragancom\app\Config\Routes.php:40}(Object(CodeIgniter\Router\RouteCollection))
 4 APPPATH\Config\Routes.php(40): CodeIgniter\Router\RouteCollection->group('auth', [...], Object(Closure))
 5 SYSTEMPATH\Router\RouteCollection.php(339): require('D:\\Magang\\Coding\\djuragan\\djuragancom\\djuragancom\\app\\Config\\Routes.php')
 6 SYSTEMPATH\CodeIgniter.php(841): CodeIgniter\Router\RouteCollection->loadRoutes()
 7 SYSTEMPATH\CodeIgniter.php(464): CodeIgniter\CodeIgniter->tryToRouteIt(null)
 8 SYSTEMPATH\CodeIgniter.php(363): CodeIgniter\CodeIgniter->handleRequest(null, Object(Config\Cache), false)
 9 SYSTEMPATH\Boot.php(417): CodeIgniter\CodeIgniter->run()
10 SYSTEMPATH\Boot.php(68): CodeIgniter\Boot::runCodeIgniter(Object(CodeIgniter\CodeIgniter))
11 FCPATH\index.php(59): CodeIgniter\Boot::bootWeb(Object(Config\Paths))
12 SYSTEMPATH\rewrite.php(44): require_once('D:\\Magang\\Coding\\djuragan\\djuragancom\\djuragancom\\public\\index.php')
WARNING - 2026-09-27 09:26:17 --> [DEPRECATED] Passing lowercase HTTP method "post" is deprecated. Use uppercase HTTP method like "POST". in SYSTEMPATH\Router\RouteCollection.php on line 1026.
 1 SYSTEMPATH\Router\RouteCollection.php(1026): trigger_error('Passing lowercase HTTP method "post" is deprecated. Use uppercase HTTP method like "POST".', 16384)
 2 APPPATH\Config\Routes.php(42): CodeIgniter\Router\RouteCollection->match([...], 'daftar', 'Auth::daftar')
 3 SYSTEMPATH\Router\RouteCollection.php(799): CodeIgniter\Router\RouteCollection::{closure:D:\Magang\Coding\djuragan\djuragancom\djuragancom\app\Config\Routes.php:40}(Object(CodeIgniter\Router\RouteCollection))
 4 APPPATH\Config\Routes.php(40): CodeIgniter\Router\RouteCollection->group('auth', [...], Object(Closure))
 5 SYSTEMPATH\Router\RouteCollection.php(339): require('D:\\Magang\\Coding\\djuragan\\djuragancom\\djuragancom\\app\\Config\\Routes.php')
 6 SYSTEMPATH\CodeIgniter.php(841): CodeIgniter\Router\RouteCollection->loadRoutes()
 7 SYSTEMPATH\CodeIgniter.php(464): CodeIgniter\CodeIgniter->tryToRouteIt(null)
 8 SYSTEMPATH\CodeIgniter.php(363): CodeIgniter\CodeIgniter->handleRequest(null, Object(Config\Cache), false)
 9 SYSTEMPATH\Boot.php(417): CodeIgniter\CodeIgniter->run()
10 SYSTEMPATH\Boot.php(68): CodeIgniter\Boot::runCodeIgniter(Object(CodeIgniter\CodeIgniter))
11 FCPATH\index.php(59): CodeIgniter\Boot::bootWeb(Object(Config\Paths))
12 SYSTEMPATH\rewrite.php(44): require_once('D:\\Magang\\Coding\\djuragan\\djuragancom\\djuragancom\\public\\index.php')
WARNING - 2026-09-27 09:26:17 --> [DEPRECATED] Passing lowercase HTTP method "get" is deprecated. Use uppercase HTTP method like "GET". in SYSTEMPATH\Router\RouteCollection.php on line 1026.
 1 SYSTEMPATH\Router\RouteCollection.php(1026): trigger_error('Passing lowercase HTTP method "get" is deprecated. Use uppercase HTTP method like "GET".', 16384)
 2 APPPATH\Config\Routes.php(43): CodeIgniter\Router\RouteCollection->match([...], 'lupa', 'Auth::lupa')
 3 SYSTEMPATH\Router\RouteCollection.php(799): CodeIgniter\Router\RouteCollection::{closure:D:\Magang\Coding\djuragan\djuragancom\djuragancom\app\Config\Routes.php:40}(Object(CodeIgniter\Router\RouteCollection))
 4 APPPATH\Config\Routes.php(40): CodeIgniter\Router\RouteCollection->group('auth', [...], Object(Closure))
 5 SYSTEMPATH\Router\RouteCollection.php(339): require('D:\\Magang\\Coding\\djuragan\\djuragancom\\djuragancom\\app\\Config\\Routes.php')
 6 SYSTEMPATH\CodeIgniter.php(841): CodeIgniter\Router\RouteCollection->loadRoutes()
 7 SYSTEMPATH\CodeIgniter.php(464): CodeIgniter\CodeIgniter->tryToRouteIt(null)
 8 SYSTEMPATH\CodeIgniter.php(363): CodeIgniter\CodeIgniter->handleRequest(null, Object(Config\Cache), false)
 9 SYSTEMPATH\Boot.php(417): CodeIgniter\CodeIgniter->run()
10 SYSTEMPATH\Boot.php(68): CodeIgniter\Boot::runCodeIgniter(Object(CodeIgniter\CodeIgniter))
11 FCPATH\index.php(59): CodeIgniter\Boot::bootWeb(Object(Config\Paths))
12 SYSTEMPATH\rewrite.php(44): require_once('D:\\Magang\\Coding\\djuragan\\djuragancom\\djuragancom\\public\\index.php')
WARNING - 2026-09-27 09:26:17 --> [DEPRECATED] Passing lowercase HTTP method "post" is deprecated. Use uppercase HTTP method like "POST". in SYSTEMPATH\Router\RouteCollection.php on line 1026.
 1 SYSTEMPATH\Router\RouteCollection.php(1026): trigger_error('Passing lowercase HTTP method "post" is deprecated. Use uppercase HTTP method like "POST".', 16384)
 2 APPPATH\Config\Routes.php(43): CodeIgniter\Router\RouteCollection->match([...], 'lupa', 'Auth::lupa')
 3 SYSTEMPATH\Router\RouteCollection.php(799): CodeIgniter\Router\RouteCollection::{closure:D:\Magang\Coding\djuragan\djuragancom\djuragancom\app\Config\Routes.php:40}(Object(CodeIgniter\Router\RouteCollection))
 4 APPPATH\Config\Routes.php(40): CodeIgniter\Router\RouteCollection->group('auth', [...], Object(Closure))
 5 SYSTEMPATH\Router\RouteCollection.php(339): require('D:\\Magang\\Coding\\djuragan\\djuragancom\\djuragancom\\app\\Config\\Routes.php')
 6 SYSTEMPATH\CodeIgniter.php(841): CodeIgniter\Router\RouteCollection->loadRoutes()
 7 SYSTEMPATH\CodeIgniter.php(464): CodeIgniter\CodeIgniter->tryToRouteIt(null)
 8 SYSTEMPATH\CodeIgniter.php(363): CodeIgniter\CodeIgniter->handleRequest(null, Object(Config\Cache), false)
 9 SYSTEMPATH\Boot.php(417): CodeIgniter\CodeIgniter->run()
10 SYSTEMPATH\Boot.php(68): CodeIgniter\Boot::runCodeIgniter(Object(CodeIgniter\CodeIgniter))
11 FCPATH\index.php(59): CodeIgniter\Boot::bootWeb(Object(Config\Paths))
12 SYSTEMPATH\rewrite.php(44): require_once('D:\\Magang\\Coding\\djuragan\\djuragancom\\djuragancom\\public\\index.php')
WARNING - 2026-09-27 09:26:26 --> [DEPRECATED] Passing lowercase HTTP method "get" is deprecated. Use uppercase HTTP method like "GET". in SYSTEMPATH\Router\RouteCollection.php on line 1026.
 1 SYSTEMPATH\Router\RouteCollection.php(1026): trigger_error('Passing lowercase HTTP method "get" is deprecated. Use uppercase HTTP method like "GET".', 16384)
 2 APPPATH\Config\Routes.php(41): CodeIgniter\Router\RouteCollection->match([...], 'index', 'Auth::index', [...])
 3 SYSTEMPATH\Router\RouteCollection.php(799): CodeIgniter\Router\RouteCollection::{closure:D:\Magang\Coding\djuragan\djuragancom\djuragancom\app\Config\Routes.php:40}(Object(CodeIgniter\Router\RouteCollection))
 4 APPPATH\Config\Routes.php(40): CodeIgniter\Router\RouteCollection->group('auth', [...], Object(Closure))
 5 SYSTEMPATH\Router\RouteCollection.php(339): require('D:\\Magang\\Coding\\djuragan\\djuragancom\\djuragancom\\app\\Config\\Routes.php')
 6 SYSTEMPATH\CodeIgniter.php(841): CodeIgniter\Router\RouteCollection->loadRoutes()
 7 SYSTEMPATH\CodeIgniter.php(464): CodeIgniter\CodeIgniter->tryToRouteIt(null)
 8 SYSTEMPATH\CodeIgniter.php(363): CodeIgniter\CodeIgniter->handleRequest(null, Object(Config\Cache), false)
 9 SYSTEMPATH\Boot.php(417): CodeIgniter\CodeIgniter->run()
10 SYSTEMPATH\Boot.php(68): CodeIgniter\Boot::runCodeIgniter(Object(CodeIgniter\CodeIgniter))
11 FCPATH\index.php(59): CodeIgniter\Boot::bootWeb(Object(Config\Paths))
12 SYSTEMPATH\rewrite.php(44): require_once('D:\\Magang\\Coding\\djuragan\\djuragancom\\djuragancom\\public\\index.php')
WARNING - 2026-09-27 09:26:26 --> [DEPRECATED] Passing lowercase HTTP method "post" is deprecated. Use uppercase HTTP method like "POST". in SYSTEMPATH\Router\RouteCollection.php on line 1026.
 1 SYSTEMPATH\Router\RouteCollection.php(1026): trigger_error('Passing lowercase HTTP method "post" is deprecated. Use uppercase HTTP method like "POST".', 16384)
 2 APPPATH\Config\Routes.php(41): CodeIgniter\Router\RouteCollection->match([...], 'index', 'Auth::index', [...])
 3 SYSTEMPATH\Router\RouteCollection.php(799): CodeIgniter\Router\RouteCollection::{closure:D:\Magang\Coding\djuragan\djuragancom\djuragancom\app\Config\Routes.php:40}(Object(CodeIgniter\Router\RouteCollection))
 4 APPPATH\Config\Routes.php(40): CodeIgniter\Router\RouteCollection->group('auth', [...], Object(Closure))
 5 SYSTEMPATH\Router\RouteCollection.php(339): require('D:\\Magang\\Coding\\djuragan\\djuragancom\\djuragancom\\app\\Config\\Routes.php')
 6 SYSTEMPATH\CodeIgniter.php(841): CodeIgniter\Router\RouteCollection->loadRoutes()
 7 SYSTEMPATH\CodeIgniter.php(464): CodeIgniter\CodeIgniter->tryToRouteIt(null)
 8 SYSTEMPATH\CodeIgniter.php(363): CodeIgniter\CodeIgniter->handleRequest(null, Object(Config\Cache), false)
 9 SYSTEMPATH\Boot.php(417): CodeIgniter\CodeIgniter->run()
10 SYSTEMPATH\Boot.php(68): CodeIgniter\Boot::runCodeIgniter(Object(CodeIgniter\CodeIgniter))
11 FCPATH\index.php(59): CodeIgniter\Boot::bootWeb(Object(Config\Paths))
12 SYSTEMPATH\rewrite.php(44): require_once('D:\\Magang\\Coding\\djuragan\\djuragancom\\djuragancom\\public\\index.php')
WARNING - 2026-09-27 09:26:26 --> [DEPRECATED] Passing lowercase HTTP method "get" is deprecated. Use uppercase HTTP method like "GET". in SYSTEMPATH\Router\RouteCollection.php on line 1026.
 1 SYSTEMPATH\Router\RouteCollection.php(1026): trigger_error('Passing lowercase HTTP method "get" is deprecated. Use uppercase HTTP method like "GET".', 16384)
 2 APPPATH\Config\Routes.php(42): CodeIgniter\Router\RouteCollection->match([...], 'daftar', 'Auth::daftar')
 3 SYSTEMPATH\Router\RouteCollection.php(799): CodeIgniter\Router\RouteCollection::{closure:D:\Magang\Coding\djuragan\djuragancom\djuragancom\app\Config\Routes.php:40}(Object(CodeIgniter\Router\RouteCollection))
 4 APPPATH\Config\Routes.php(40): CodeIgniter\Router\RouteCollection->group('auth', [...], Object(Closure))
 5 SYSTEMPATH\Router\RouteCollection.php(339): require('D:\\Magang\\Coding\\djuragan\\djuragancom\\djuragancom\\app\\Config\\Routes.php')
 6 SYSTEMPATH\CodeIgniter.php(841): CodeIgniter\Router\RouteCollection->loadRoutes()
 7 SYSTEMPATH\CodeIgniter.php(464): CodeIgniter\CodeIgniter->tryToRouteIt(null)
 8 SYSTEMPATH\CodeIgniter.php(363): CodeIgniter\CodeIgniter->handleRequest(null, Object(Config\Cache), false)
 9 SYSTEMPATH\Boot.php(417): CodeIgniter\CodeIgniter->run()
10 SYSTEMPATH\Boot.php(68): CodeIgniter\Boot::runCodeIgniter(Object(CodeIgniter\CodeIgniter))
11 FCPATH\index.php(59): CodeIgniter\Boot::bootWeb(Object(Config\Paths))
12 SYSTEMPATH\rewrite.php(44): require_once('D:\\Magang\\Coding\\djuragan\\djuragancom\\djuragancom\\public\\index.php')
WARNING - 2026-09-27 09:26:26 --> [DEPRECATED] Passing lowercase HTTP method "post" is deprecated. Use uppercase HTTP method like "POST". in SYSTEMPATH\Router\RouteCollection.php on line 1026.
 1 SYSTEMPATH\Router\RouteCollection.php(1026): trigger_error('Passing lowercase HTTP method "post" is deprecated. Use uppercase HTTP method like "POST".', 16384)
 2 APPPATH\Config\Routes.php(42): CodeIgniter\Router\RouteCollection->match([...], 'daftar', 'Auth::daftar')
 3 SYSTEMPATH\Router\RouteCollection.php(799): CodeIgniter\Router\RouteCollection::{closure:D:\Magang\Coding\djuragan\djuragancom\djuragancom\app\Config\Routes.php:40}(Object(CodeIgniter\Router\RouteCollection))
 4 APPPATH\Config\Routes.php(40): CodeIgniter\Router\RouteCollection->group('auth', [...], Object(Closure))
 5 SYSTEMPATH\Router\RouteCollection.php(339): require('D:\\Magang\\Coding\\djuragan\\djuragancom\\djuragancom\\app\\Config\\Routes.php')
 6 SYSTEMPATH\CodeIgniter.php(841): CodeIgniter\Router\RouteCollection->loadRoutes()
 7 SYSTEMPATH\CodeIgniter.php(464): CodeIgniter\CodeIgniter->tryToRouteIt(null)
 8 SYSTEMPATH\CodeIgniter.php(363): CodeIgniter\CodeIgniter->handleRequest(null, Object(Config\Cache), false)
 9 SYSTEMPATH\Boot.php(417): CodeIgniter\CodeIgniter->run()
10 SYSTEMPATH\Boot.php(68): CodeIgniter\Boot::runCodeIgniter(Object(CodeIgniter\CodeIgniter))
11 FCPATH\index.php(59): CodeIgniter\Boot::bootWeb(Object(Config\Paths))
12 SYSTEMPATH\rewrite.php(44): require_once('D:\\Magang\\Coding\\djuragan\\djuragancom\\djuragancom\\public\\index.php')
WARNING - 2026-09-27 09:26:26 --> [DEPRECATED] Passing lowercase HTTP method "get" is deprecated. Use uppercase HTTP method like "GET". in SYSTEMPATH\Router\RouteCollection.php on line 1026.
 1 SYSTEMPATH\Router\RouteCollection.php(1026): trigger_error('Passing lowercase HTTP method "get" is deprecated. Use uppercase HTTP method like "GET".', 16384)
 2 APPPATH\Config\Routes.php(43): CodeIgniter\Router\RouteCollection->match([...], 'lupa', 'Auth::lupa')
 3 SYSTEMPATH\Router\RouteCollection.php(799): CodeIgniter\Router\RouteCollection::{closure:D:\Magang\Coding\djuragan\djuragancom\djuragancom\app\Config\Routes.php:40}(Object(CodeIgniter\Router\RouteCollection))
 4 APPPATH\Config\Routes.php(40): CodeIgniter\Router\RouteCollection->group('auth', [...], Object(Closure))
 5 SYSTEMPATH\Router\RouteCollection.php(339): require('D:\\Magang\\Coding\\djuragan\\djuragancom\\djuragancom\\app\\Config\\Routes.php')
 6 SYSTEMPATH\CodeIgniter.php(841): CodeIgniter\Router\RouteCollection->loadRoutes()
 7 SYSTEMPATH\CodeIgniter.php(464): CodeIgniter\CodeIgniter->tryToRouteIt(null)
 8 SYSTEMPATH\CodeIgniter.php(363): CodeIgniter\CodeIgniter->handleRequest(null, Object(Config\Cache), false)
 9 SYSTEMPATH\Boot.php(417): CodeIgniter\CodeIgniter->run()
10 SYSTEMPATH\Boot.php(68): CodeIgniter\Boot::runCodeIgniter(Object(CodeIgniter\CodeIgniter))
11 FCPATH\index.php(59): CodeIgniter\Boot::bootWeb(Object(Config\Paths))
12 SYSTEMPATH\rewrite.php(44): require_once('D:\\Magang\\Coding\\djuragan\\djuragancom\\djuragancom\\public\\index.php')
WARNING - 2026-09-27 09:26:26 --> [DEPRECATED] Passing lowercase HTTP method "post" is deprecated. Use uppercase HTTP method like "POST". in SYSTEMPATH\Router\RouteCollection.php on line 1026.
 1 SYSTEMPATH\Router\RouteCollection.php(1026): trigger_error('Passing lowercase HTTP method "post" is deprecated. Use uppercase HTTP method like "POST".', 16384)
 2 APPPATH\Config\Routes.php(43): CodeIgniter\Router\RouteCollection->match([...], 'lupa', 'Auth::lupa')
 3 SYSTEMPATH\Router\RouteCollection.php(799): CodeIgniter\Router\RouteCollection::{closure:D:\Magang\Coding\djuragan\djuragancom\djuragancom\app\Config\Routes.php:40}(Object(CodeIgniter\Router\RouteCollection))
 4 APPPATH\Config\Routes.php(40): CodeIgniter\Router\RouteCollection->group('auth', [...], Object(Closure))
 5 SYSTEMPATH\Router\RouteCollection.php(339): require('D:\\Magang\\Coding\\djuragan\\djuragancom\\djuragancom\\app\\Config\\Routes.php')
 6 SYSTEMPATH\CodeIgniter.php(841): CodeIgniter\Router\RouteCollection->loadRoutes()
 7 SYSTEMPATH\CodeIgniter.php(464): CodeIgniter\CodeIgniter->tryToRouteIt(null)
 8 SYSTEMPATH\CodeIgniter.php(363): CodeIgniter\CodeIgniter->handleRequest(null, Object(Config\Cache), false)
 9 SYSTEMPATH\Boot.php(417): CodeIgniter\CodeIgniter->run()
10 SYSTEMPATH\Boot.php(68): CodeIgniter\Boot::runCodeIgniter(Object(CodeIgniter\CodeIgniter))
11 FCPATH\index.php(59): CodeIgniter\Boot::bootWeb(Object(Config\Paths))
12 SYSTEMPATH\rewrite.php(44): require_once('D:\\Magang\\Coding\\djuragan\\djuragancom\\djuragancom\\public\\index.php')
WARNING - 2026-09-27 09:26:36 --> [DEPRECATED] Passing lowercase HTTP method "get" is deprecated. Use uppercase HTTP method like "GET". in SYSTEMPATH\Router\RouteCollection.php on line 1026.
 1 SYSTEMPATH\Router\RouteCollection.php(1026): trigger_error('Passing lowercase HTTP method "get" is deprecated. Use uppercase HTTP method like "GET".', 16384)
 2 APPPATH\Config\Routes.php(41): CodeIgniter\Router\RouteCollection->match([...], 'index', 'Auth::index', [...])
 3 SYSTEMPATH\Router\RouteCollection.php(799): CodeIgniter\Router\RouteCollection::{closure:D:\Magang\Coding\djuragan\djuragancom\djuragancom\app\Config\Routes.php:40}(Object(CodeIgniter\Router\RouteCollection))
 4 APPPATH\Config\Routes.php(40): CodeIgniter\Router\RouteCollection->group('auth', [...], Object(Closure))
 5 SYSTEMPATH\Router\RouteCollection.php(339): require('D:\\Magang\\Coding\\djuragan\\djuragancom\\djuragancom\\app\\Config\\Routes.php')
 6 SYSTEMPATH\CodeIgniter.php(841): CodeIgniter\Router\RouteCollection->loadRoutes()
 7 SYSTEMPATH\CodeIgniter.php(464): CodeIgniter\CodeIgniter->tryToRouteIt(null)
 8 SYSTEMPATH\CodeIgniter.php(363): CodeIgniter\CodeIgniter->handleRequest(null, Object(Config\Cache), false)
 9 SYSTEMPATH\Boot.php(417): CodeIgniter\CodeIgniter->run()
10 SYSTEMPATH\Boot.php(68): CodeIgniter\Boot::runCodeIgniter(Object(CodeIgniter\CodeIgniter))
11 FCPATH\index.php(59): CodeIgniter\Boot::bootWeb(Object(Config\Paths))
12 SYSTEMPATH\rewrite.php(44): require_once('D:\\Magang\\Coding\\djuragan\\djuragancom\\djuragancom\\public\\index.php')
WARNING - 2026-09-27 09:26:36 --> [DEPRECATED] Passing lowercase HTTP method "post" is deprecated. Use uppercase HTTP method like "POST". in SYSTEMPATH\Router\RouteCollection.php on line 1026.
 1 SYSTEMPATH\Router\RouteCollection.php(1026): trigger_error('Passing lowercase HTTP method "post" is deprecated. Use uppercase HTTP method like "POST".', 16384)
 2 APPPATH\Config\Routes.php(41): CodeIgniter\Router\RouteCollection->match([...], 'index', 'Auth::index', [...])
 3 SYSTEMPATH\Router\RouteCollection.php(799): CodeIgniter\Router\RouteCollection::{closure:D:\Magang\Coding\djuragan\djuragancom\djuragancom\app\Config\Routes.php:40}(Object(CodeIgniter\Router\RouteCollection))
 4 APPPATH\Config\Routes.php(40): CodeIgniter\Router\RouteCollection->group('auth', [...], Object(Closure))
 5 SYSTEMPATH\Router\RouteCollection.php(339): require('D:\\Magang\\Coding\\djuragan\\djuragancom\\djuragancom\\app\\Config\\Routes.php')
 6 SYSTEMPATH\CodeIgniter.php(841): CodeIgniter\Router\RouteCollection->loadRoutes()
 7 SYSTEMPATH\CodeIgniter.php(464): CodeIgniter\CodeIgniter->tryToRouteIt(null)
 8 SYSTEMPATH\CodeIgniter.php(363): CodeIgniter\CodeIgniter->handleRequest(null, Object(Config\Cache), false)
 9 SYSTEMPATH\Boot.php(417): CodeIgniter\CodeIgniter->run()
10 SYSTEMPATH\Boot.php(68): CodeIgniter\Boot::runCodeIgniter(Object(CodeIgniter\CodeIgniter))
11 FCPATH\index.php(59): CodeIgniter\Boot::bootWeb(Object(Config\Paths))
12 SYSTEMPATH\rewrite.php(44): require_once('D:\\Magang\\Coding\\djuragan\\djuragancom\\djuragancom\\public\\index.php')
WARNING - 2026-09-27 09:26:36 --> [DEPRECATED] Passing lowercase HTTP method "get" is deprecated. Use uppercase HTTP method like "GET". in SYSTEMPATH\Router\RouteCollection.php on line 1026.
 1 SYSTEMPATH\Router\RouteCollection.php(1026): trigger_error('Passing lowercase HTTP method "get" is deprecated. Use uppercase HTTP method like "GET".', 16384)
 2 APPPATH\Config\Routes.php(42): CodeIgniter\Router\RouteCollection->match([...], 'daftar', 'Auth::daftar')
 3 SYSTEMPATH\Router\RouteCollection.php(799): CodeIgniter\Router\RouteCollection::{closure:D:\Magang\Coding\djuragan\djuragancom\djuragancom\app\Config\Routes.php:40}(Object(CodeIgniter\Router\RouteCollection))
 4 APPPATH\Config\Routes.php(40): CodeIgniter\Router\RouteCollection->group('auth', [...], Object(Closure))
 5 SYSTEMPATH\Router\RouteCollection.php(339): require('D:\\Magang\\Coding\\djuragan\\djuragancom\\djuragancom\\app\\Config\\Routes.php')
 6 SYSTEMPATH\CodeIgniter.php(841): CodeIgniter\Router\RouteCollection->loadRoutes()
 7 SYSTEMPATH\CodeIgniter.php(464): CodeIgniter\CodeIgniter->tryToRouteIt(null)
 8 SYSTEMPATH\CodeIgniter.php(363): CodeIgniter\CodeIgniter->handleRequest(null, Object(Config\Cache), false)
 9 SYSTEMPATH\Boot.php(417): CodeIgniter\CodeIgniter->run()
10 SYSTEMPATH\Boot.php(68): CodeIgniter\Boot::runCodeIgniter(Object(CodeIgniter\CodeIgniter))
11 FCPATH\index.php(59): CodeIgniter\Boot::bootWeb(Object(Config\Paths))
12 SYSTEMPATH\rewrite.php(44): require_once('D:\\Magang\\Coding\\djuragan\\djuragancom\\djuragancom\\public\\index.php')
WARNING - 2026-09-27 09:26:36 --> [DEPRECATED] Passing lowercase HTTP method "post" is deprecated. Use uppercase HTTP method like "POST". in SYSTEMPATH\Router\RouteCollection.php on line 1026.
 1 SYSTEMPATH\Router\RouteCollection.php(1026): trigger_error('Passing lowercase HTTP method "post" is deprecated. Use uppercase HTTP method like "POST".', 16384)
 2 APPPATH\Config\Routes.php(42): CodeIgniter\Router\RouteCollection->match([...], 'daftar', 'Auth::daftar')
 3 SYSTEMPATH\Router\RouteCollection.php(799): CodeIgniter\Router\RouteCollection::{closure:D:\Magang\Coding\djuragan\djuragancom\djuragancom\app\Config\Routes.php:40}(Object(CodeIgniter\Router\RouteCollection))
 4 APPPATH\Config\Routes.php(40): CodeIgniter\Router\RouteCollection->group('auth', [...], Object(Closure))
 5 SYSTEMPATH\Router\RouteCollection.php(339): require('D:\\Magang\\Coding\\djuragan\\djuragancom\\djuragancom\\app\\Config\\Routes.php')
 6 SYSTEMPATH\CodeIgniter.php(841): CodeIgniter\Router\RouteCollection->loadRoutes()
 7 SYSTEMPATH\CodeIgniter.php(464): CodeIgniter\CodeIgniter->tryToRouteIt(null)
 8 SYSTEMPATH\CodeIgniter.php(363): CodeIgniter\CodeIgniter->handleRequest(null, Object(Config\Cache), false)
 9 SYSTEMPATH\Boot.php(417): CodeIgniter\CodeIgniter->run()
10 SYSTEMPATH\Boot.php(68): CodeIgniter\Boot::runCodeIgniter(Object(CodeIgniter\CodeIgniter))
11 FCPATH\index.php(59): CodeIgniter\Boot::bootWeb(Object(Config\Paths))
12 SYSTEMPATH\rewrite.php(44): require_once('D:\\Magang\\Coding\\djuragan\\djuragancom\\djuragancom\\public\\index.php')
WARNING - 2026-09-27 09:26:36 --> [DEPRECATED] Passing lowercase HTTP method "get" is deprecated. Use uppercase HTTP method like "GET". in SYSTEMPATH\Router\RouteCollection.php on line 1026.
 1 SYSTEMPATH\Router\RouteCollection.php(1026): trigger_error('Passing lowercase HTTP method "get" is deprecated. Use uppercase HTTP method like "GET".', 16384)
 2 APPPATH\Config\Routes.php(43): CodeIgniter\Router\RouteCollection->match([...], 'lupa', 'Auth::lupa')
 3 SYSTEMPATH\Router\RouteCollection.php(799): CodeIgniter\Router\RouteCollection::{closure:D:\Magang\Coding\djuragan\djuragancom\djuragancom\app\Config\Routes.php:40}(Object(CodeIgniter\Router\RouteCollection))
 4 APPPATH\Config\Routes.php(40): CodeIgniter\Router\RouteCollection->group('auth', [...], Object(Closure))
 5 SYSTEMPATH\Router\RouteCollection.php(339): require('D:\\Magang\\Coding\\djuragan\\djuragancom\\djuragancom\\app\\Config\\Routes.php')
 6 SYSTEMPATH\CodeIgniter.php(841): CodeIgniter\Router\RouteCollection->loadRoutes()
 7 SYSTEMPATH\CodeIgniter.php(464): CodeIgniter\CodeIgniter->tryToRouteIt(null)
 8 SYSTEMPATH\CodeIgniter.php(363): CodeIgniter\CodeIgniter->handleRequest(null, Object(Config\Cache), false)
 9 SYSTEMPATH\Boot.php(417): CodeIgniter\CodeIgniter->run()
10 SYSTEMPATH\Boot.php(68): CodeIgniter\Boot::runCodeIgniter(Object(CodeIgniter\CodeIgniter))
11 FCPATH\index.php(59): CodeIgniter\Boot::bootWeb(Object(Config\Paths))
12 SYSTEMPATH\rewrite.php(44): require_once('D:\\Magang\\Coding\\djuragan\\djuragancom\\djuragancom\\public\\index.php')
WARNING - 2026-09-27 09:26:36 --> [DEPRECATED] Passing lowercase HTTP method "post" is deprecated. Use uppercase HTTP method like "POST". in SYSTEMPATH\Router\RouteCollection.php on line 1026.
 1 SYSTEMPATH\Router\RouteCollection.php(1026): trigger_error('Passing lowercase HTTP method "post" is deprecated. Use uppercase HTTP method like "POST".', 16384)
 2 APPPATH\Config\Routes.php(43): CodeIgniter\Router\RouteCollection->match([...], 'lupa', 'Auth::lupa')
 3 SYSTEMPATH\Router\RouteCollection.php(799): CodeIgniter\Router\RouteCollection::{closure:D:\Magang\Coding\djuragan\djuragancom\djuragancom\app\Config\Routes.php:40}(Object(CodeIgniter\Router\RouteCollection))
 4 APPPATH\Config\Routes.php(40): CodeIgniter\Router\RouteCollection->group('auth', [...], Object(Closure))
 5 SYSTEMPATH\Router\RouteCollection.php(339): require('D:\\Magang\\Coding\\djuragan\\djuragancom\\djuragancom\\app\\Config\\Routes.php')
 6 SYSTEMPATH\CodeIgniter.php(841): CodeIgniter\Router\RouteCollection->loadRoutes()
 7 SYSTEMPATH\CodeIgniter.php(464): CodeIgniter\CodeIgniter->tryToRouteIt(null)
 8 SYSTEMPATH\CodeIgniter.php(363): CodeIgniter\CodeIgniter->handleRequest(null, Object(Config\Cache), false)
 9 SYSTEMPATH\Boot.php(417): CodeIgniter\CodeIgniter->run()
10 SYSTEMPATH\Boot.php(68): CodeIgniter\Boot::runCodeIgniter(Object(CodeIgniter\CodeIgniter))
11 FCPATH\index.php(59): CodeIgniter\Boot::bootWeb(Object(Config\Paths))
12 SYSTEMPATH\rewrite.php(44): require_once('D:\\Magang\\Coding\\djuragan\\djuragancom\\djuragancom\\public\\index.php')
WARNING - 2026-09-27 09:26:47 --> [DEPRECATED] Passing lowercase HTTP method "get" is deprecated. Use uppercase HTTP method like "GET". in SYSTEMPATH\Router\RouteCollection.php on line 1026.
 1 SYSTEMPATH\Router\RouteCollection.php(1026): trigger_error('Passing lowercase HTTP method "get" is deprecated. Use uppercase HTTP method like "GET".', 16384)
 2 APPPATH\Config\Routes.php(41): CodeIgniter\Router\RouteCollection->match([...], 'index', 'Auth::index', [...])
 3 SYSTEMPATH\Router\RouteCollection.php(799): CodeIgniter\Router\RouteCollection::{closure:D:\Magang\Coding\djuragan\djuragancom\djuragancom\app\Config\Routes.php:40}(Object(CodeIgniter\Router\RouteCollection))
 4 APPPATH\Config\Routes.php(40): CodeIgniter\Router\RouteCollection->group('auth', [...], Object(Closure))
 5 SYSTEMPATH\Router\RouteCollection.php(339): require('D:\\Magang\\Coding\\djuragan\\djuragancom\\djuragancom\\app\\Config\\Routes.php')
 6 SYSTEMPATH\CodeIgniter.php(841): CodeIgniter\Router\RouteCollection->loadRoutes()
 7 SYSTEMPATH\CodeIgniter.php(464): CodeIgniter\CodeIgniter->tryToRouteIt(null)
 8 SYSTEMPATH\CodeIgniter.php(363): CodeIgniter\CodeIgniter->handleRequest(null, Object(Config\Cache), false)
 9 SYSTEMPATH\Boot.php(417): CodeIgniter\CodeIgniter->run()
10 SYSTEMPATH\Boot.php(68): CodeIgniter\Boot::runCodeIgniter(Object(CodeIgniter\CodeIgniter))
11 FCPATH\index.php(59): CodeIgniter\Boot::bootWeb(Object(Config\Paths))
12 SYSTEMPATH\rewrite.php(44): require_once('D:\\Magang\\Coding\\djuragan\\djuragancom\\djuragancom\\public\\index.php')
WARNING - 2026-09-27 09:26:47 --> [DEPRECATED] Passing lowercase HTTP method "post" is deprecated. Use uppercase HTTP method like "POST". in SYSTEMPATH\Router\RouteCollection.php on line 1026.
 1 SYSTEMPATH\Router\RouteCollection.php(1026): trigger_error('Passing lowercase HTTP method "post" is deprecated. Use uppercase HTTP method like "POST".', 16384)
 2 APPPATH\Config\Routes.php(41): CodeIgniter\Router\RouteCollection->match([...], 'index', 'Auth::index', [...])
 3 SYSTEMPATH\Router\RouteCollection.php(799): CodeIgniter\Router\RouteCollection::{closure:D:\Magang\Coding\djuragan\djuragancom\djuragancom\app\Config\Routes.php:40}(Object(CodeIgniter\Router\RouteCollection))
 4 APPPATH\Config\Routes.php(40): CodeIgniter\Router\RouteCollection->group('auth', [...], Object(Closure))
 5 SYSTEMPATH\Router\RouteCollection.php(339): require('D:\\Magang\\Coding\\djuragan\\djuragancom\\djuragancom\\app\\Config\\Routes.php')
 6 SYSTEMPATH\CodeIgniter.php(841): CodeIgniter\Router\RouteCollection->loadRoutes()
 7 SYSTEMPATH\CodeIgniter.php(464): CodeIgniter\CodeIgniter->tryToRouteIt(null)
 8 SYSTEMPATH\CodeIgniter.php(363): CodeIgniter\CodeIgniter->handleRequest(null, Object(Config\Cache), false)
 9 SYSTEMPATH\Boot.php(417): CodeIgniter\CodeIgniter->run()
10 SYSTEMPATH\Boot.php(68): CodeIgniter\Boot::runCodeIgniter(Object(CodeIgniter\CodeIgniter))
11 FCPATH\index.php(59): CodeIgniter\Boot::bootWeb(Object(Config\Paths))
12 SYSTEMPATH\rewrite.php(44): require_once('D:\\Magang\\Coding\\djuragan\\djuragancom\\djuragancom\\public\\index.php')
WARNING - 2026-09-27 09:26:47 --> [DEPRECATED] Passing lowercase HTTP method "get" is deprecated. Use uppercase HTTP method like "GET". in SYSTEMPATH\Router\RouteCollection.php on line 1026.
 1 SYSTEMPATH\Router\RouteCollection.php(1026): trigger_error('Passing lowercase HTTP method "get" is deprecated. Use uppercase HTTP method like "GET".', 16384)
 2 APPPATH\Config\Routes.php(42): CodeIgniter\Router\RouteCollection->match([...], 'daftar', 'Auth::daftar')
 3 SYSTEMPATH\Router\RouteCollection.php(799): CodeIgniter\Router\RouteCollection::{closure:D:\Magang\Coding\djuragan\djuragancom\djuragancom\app\Config\Routes.php:40}(Object(CodeIgniter\Router\RouteCollection))
 4 APPPATH\Config\Routes.php(40): CodeIgniter\Router\RouteCollection->group('auth', [...], Object(Closure))
 5 SYSTEMPATH\Router\RouteCollection.php(339): require('D:\\Magang\\Coding\\djuragan\\djuragancom\\djuragancom\\app\\Config\\Routes.php')
 6 SYSTEMPATH\CodeIgniter.php(841): CodeIgniter\Router\RouteCollection->loadRoutes()
 7 SYSTEMPATH\CodeIgniter.php(464): CodeIgniter\CodeIgniter->tryToRouteIt(null)
 8 SYSTEMPATH\CodeIgniter.php(363): CodeIgniter\CodeIgniter->handleRequest(null, Object(Config\Cache), false)
 9 SYSTEMPATH\Boot.php(417): CodeIgniter\CodeIgniter->run()
10 SYSTEMPATH\Boot.php(68): CodeIgniter\Boot::runCodeIgniter(Object(CodeIgniter\CodeIgniter))
11 FCPATH\index.php(59): CodeIgniter\Boot::bootWeb(Object(Config\Paths))
12 SYSTEMPATH\rewrite.php(44): require_once('D:\\Magang\\Coding\\djuragan\\djuragancom\\djuragancom\\public\\index.php')
WARNING - 2026-09-27 09:26:47 --> [DEPRECATED] Passing lowercase HTTP method "post" is deprecated. Use uppercase HTTP method like "POST". in SYSTEMPATH\Router\RouteCollection.php on line 1026.
 1 SYSTEMPATH\Router\RouteCollection.php(1026): trigger_error('Passing lowercase HTTP method "post" is deprecated. Use uppercase HTTP method like "POST".', 16384)
 2 APPPATH\Config\Routes.php(42): CodeIgniter\Router\RouteCollection->match([...], 'daftar', 'Auth::daftar')
 3 SYSTEMPATH\Router\RouteCollection.php(799): CodeIgniter\Router\RouteCollection::{closure:D:\Magang\Coding\djuragan\djuragancom\djuragancom\app\Config\Routes.php:40}(Object(CodeIgniter\Router\RouteCollection))
 4 APPPATH\Config\Routes.php(40): CodeIgniter\Router\RouteCollection->group('auth', [...], Object(Closure))
 5 SYSTEMPATH\Router\RouteCollection.php(339): require('D:\\Magang\\Coding\\djuragan\\djuragancom\\djuragancom\\app\\Config\\Routes.php')
 6 SYSTEMPATH\CodeIgniter.php(841): CodeIgniter\Router\RouteCollection->loadRoutes()
 7 SYSTEMPATH\CodeIgniter.php(464): CodeIgniter\CodeIgniter->tryToRouteIt(null)
 8 SYSTEMPATH\CodeIgniter.php(363): CodeIgniter\CodeIgniter->handleRequest(null, Object(Config\Cache), false)
 9 SYSTEMPATH\Boot.php(417): CodeIgniter\CodeIgniter->run()
10 SYSTEMPATH\Boot.php(68): CodeIgniter\Boot::runCodeIgniter(Object(CodeIgniter\CodeIgniter))
11 FCPATH\index.php(59): CodeIgniter\Boot::bootWeb(Object(Config\Paths))
12 SYSTEMPATH\rewrite.php(44): require_once('D:\\Magang\\Coding\\djuragan\\djuragancom\\djuragancom\\public\\index.php')
WARNING - 2026-09-27 09:26:47 --> [DEPRECATED] Passing lowercase HTTP method "get" is deprecated. Use uppercase HTTP method like "GET". in SYSTEMPATH\Router\RouteCollection.php on line 1026.
 1 SYSTEMPATH\Router\RouteCollection.php(1026): trigger_error('Passing lowercase HTTP method "get" is deprecated. Use uppercase HTTP method like "GET".', 16384)
 2 APPPATH\Config\Routes.php(43): CodeIgniter\Router\RouteCollection->match([...], 'lupa', 'Auth::lupa')
 3 SYSTEMPATH\Router\RouteCollection.php(799): CodeIgniter\Router\RouteCollection::{closure:D:\Magang\Coding\djuragan\djuragancom\djuragancom\app\Config\Routes.php:40}(Object(CodeIgniter\Router\RouteCollection))
 4 APPPATH\Config\Routes.php(40): CodeIgniter\Router\RouteCollection->group('auth', [...], Object(Closure))
 5 SYSTEMPATH\Router\RouteCollection.php(339): require('D:\\Magang\\Coding\\djuragan\\djuragancom\\djuragancom\\app\\Config\\Routes.php')
 6 SYSTEMPATH\CodeIgniter.php(841): CodeIgniter\Router\RouteCollection->loadRoutes()
 7 SYSTEMPATH\CodeIgniter.php(464): CodeIgniter\CodeIgniter->tryToRouteIt(null)
 8 SYSTEMPATH\CodeIgniter.php(363): CodeIgniter\CodeIgniter->handleRequest(null, Object(Config\Cache), false)
 9 SYSTEMPATH\Boot.php(417): CodeIgniter\CodeIgniter->run()
10 SYSTEMPATH\Boot.php(68): CodeIgniter\Boot::runCodeIgniter(Object(CodeIgniter\CodeIgniter))
11 FCPATH\index.php(59): CodeIgniter\Boot::bootWeb(Object(Config\Paths))
12 SYSTEMPATH\rewrite.php(44): require_once('D:\\Magang\\Coding\\djuragan\\djuragancom\\djuragancom\\public\\index.php')
WARNING - 2026-09-27 09:26:47 --> [DEPRECATED] Passing lowercase HTTP method "post" is deprecated. Use uppercase HTTP method like "POST". in SYSTEMPATH\Router\RouteCollection.php on line 1026.
 1 SYSTEMPATH\Router\RouteCollection.php(1026): trigger_error('Passing lowercase HTTP method "post" is deprecated. Use uppercase HTTP method like "POST".', 16384)
 2 APPPATH\Config\Routes.php(43): CodeIgniter\Router\RouteCollection->match([...], 'lupa', 'Auth::lupa')
 3 SYSTEMPATH\Router\RouteCollection.php(799): CodeIgniter\Router\RouteCollection::{closure:D:\Magang\Coding\djuragan\djuragancom\djuragancom\app\Config\Routes.php:40}(Object(CodeIgniter\Router\RouteCollection))
 4 APPPATH\Config\Routes.php(40): CodeIgniter\Router\RouteCollection->group('auth', [...], Object(Closure))
 5 SYSTEMPATH\Router\RouteCollection.php(339): require('D:\\Magang\\Coding\\djuragan\\djuragancom\\djuragancom\\app\\Config\\Routes.php')
 6 SYSTEMPATH\CodeIgniter.php(841): CodeIgniter\Router\RouteCollection->loadRoutes()
 7 SYSTEMPATH\CodeIgniter.php(464): CodeIgniter\CodeIgniter->tryToRouteIt(null)
 8 SYSTEMPATH\CodeIgniter.php(363): CodeIgniter\CodeIgniter->handleRequest(null, Object(Config\Cache), false)
 9 SYSTEMPATH\Boot.php(417): CodeIgniter\CodeIgniter->run()
10 SYSTEMPATH\Boot.php(68): CodeIgniter\Boot::runCodeIgniter(Object(CodeIgniter\CodeIgniter))
11 FCPATH\index.php(59): CodeIgniter\Boot::bootWeb(Object(Config\Paths))
12 SYSTEMPATH\rewrite.php(44): require_once('D:\\Magang\\Coding\\djuragan\\djuragancom\\djuragancom\\public\\index.php')
WARNING - 2026-09-27 09:26:48 --> [DEPRECATED] Passing lowercase HTTP method "get" is deprecated. Use uppercase HTTP method like "GET". in SYSTEMPATH\Router\RouteCollection.php on line 1026.
 1 SYSTEMPATH\Router\RouteCollection.php(1026): trigger_error('Passing lowercase HTTP method "get" is deprecated. Use uppercase HTTP method like "GET".', 16384)
 2 APPPATH\Config\Routes.php(41): CodeIgniter\Router\RouteCollection->match([...], 'index', 'Auth::index', [...])
 3 SYSTEMPATH\Router\RouteCollection.php(799): CodeIgniter\Router\RouteCollection::{closure:D:\Magang\Coding\djuragan\djuragancom\djuragancom\app\Config\Routes.php:40}(Object(CodeIgniter\Router\RouteCollection))
 4 APPPATH\Config\Routes.php(40): CodeIgniter\Router\RouteCollection->group('auth', [...], Object(Closure))
 5 SYSTEMPATH\Router\RouteCollection.php(339): require('D:\\Magang\\Coding\\djuragan\\djuragancom\\djuragancom\\app\\Config\\Routes.php')
 6 SYSTEMPATH\CodeIgniter.php(841): CodeIgniter\Router\RouteCollection->loadRoutes()
 7 SYSTEMPATH\CodeIgniter.php(464): CodeIgniter\CodeIgniter->tryToRouteIt(null)
 8 SYSTEMPATH\CodeIgniter.php(363): CodeIgniter\CodeIgniter->handleRequest(null, Object(Config\Cache), false)
 9 SYSTEMPATH\Boot.php(417): CodeIgniter\CodeIgniter->run()
10 SYSTEMPATH\Boot.php(68): CodeIgniter\Boot::runCodeIgniter(Object(CodeIgniter\CodeIgniter))
11 FCPATH\index.php(59): CodeIgniter\Boot::bootWeb(Object(Config\Paths))
12 SYSTEMPATH\rewrite.php(44): require_once('D:\\Magang\\Coding\\djuragan\\djuragancom\\djuragancom\\public\\index.php')
WARNING - 2026-09-27 09:26:48 --> [DEPRECATED] Passing lowercase HTTP method "post" is deprecated. Use uppercase HTTP method like "POST". in SYSTEMPATH\Router\RouteCollection.php on line 1026.
 1 SYSTEMPATH\Router\RouteCollection.php(1026): trigger_error('Passing lowercase HTTP method "post" is deprecated. Use uppercase HTTP method like "POST".', 16384)
 2 APPPATH\Config\Routes.php(41): CodeIgniter\Router\RouteCollection->match([...], 'index', 'Auth::index', [...])
 3 SYSTEMPATH\Router\RouteCollection.php(799): CodeIgniter\Router\RouteCollection::{closure:D:\Magang\Coding\djuragan\djuragancom\djuragancom\app\Config\Routes.php:40}(Object(CodeIgniter\Router\RouteCollection))
 4 APPPATH\Config\Routes.php(40): CodeIgniter\Router\RouteCollection->group('auth', [...], Object(Closure))
 5 SYSTEMPATH\Router\RouteCollection.php(339): require('D:\\Magang\\Coding\\djuragan\\djuragancom\\djuragancom\\app\\Config\\Routes.php')
 6 SYSTEMPATH\CodeIgniter.php(841): CodeIgniter\Router\RouteCollection->loadRoutes()
 7 SYSTEMPATH\CodeIgniter.php(464): CodeIgniter\CodeIgniter->tryToRouteIt(null)
 8 SYSTEMPATH\CodeIgniter.php(363): CodeIgniter\CodeIgniter->handleRequest(null, Object(Config\Cache), false)
 9 SYSTEMPATH\Boot.php(417): CodeIgniter\CodeIgniter->run()
10 SYSTEMPATH\Boot.php(68): CodeIgniter\Boot::runCodeIgniter(Object(CodeIgniter\CodeIgniter))
11 FCPATH\index.php(59): CodeIgniter\Boot::bootWeb(Object(Config\Paths))
12 SYSTEMPATH\rewrite.php(44): require_once('D:\\Magang\\Coding\\djuragan\\djuragancom\\djuragancom\\public\\index.php')
WARNING - 2026-09-27 09:26:48 --> [DEPRECATED] Passing lowercase HTTP method "get" is deprecated. Use uppercase HTTP method like "GET". in SYSTEMPATH\Router\RouteCollection.php on line 1026.
 1 SYSTEMPATH\Router\RouteCollection.php(1026): trigger_error('Passing lowercase HTTP method "get" is deprecated. Use uppercase HTTP method like "GET".', 16384)
 2 APPPATH\Config\Routes.php(42): CodeIgniter\Router\RouteCollection->match([...], 'daftar', 'Auth::daftar')
 3 SYSTEMPATH\Router\RouteCollection.php(799): CodeIgniter\Router\RouteCollection::{closure:D:\Magang\Coding\djuragan\djuragancom\djuragancom\app\Config\Routes.php:40}(Object(CodeIgniter\Router\RouteCollection))
 4 APPPATH\Config\Routes.php(40): CodeIgniter\Router\RouteCollection->group('auth', [...], Object(Closure))
 5 SYSTEMPATH\Router\RouteCollection.php(339): require('D:\\Magang\\Coding\\djuragan\\djuragancom\\djuragancom\\app\\Config\\Routes.php')
 6 SYSTEMPATH\CodeIgniter.php(841): CodeIgniter\Router\RouteCollection->loadRoutes()
 7 SYSTEMPATH\CodeIgniter.php(464): CodeIgniter\CodeIgniter->tryToRouteIt(null)
 8 SYSTEMPATH\CodeIgniter.php(363): CodeIgniter\CodeIgniter->handleRequest(null, Object(Config\Cache), false)
 9 SYSTEMPATH\Boot.php(417): CodeIgniter\CodeIgniter->run()
10 SYSTEMPATH\Boot.php(68): CodeIgniter\Boot::runCodeIgniter(Object(CodeIgniter\CodeIgniter))
11 FCPATH\index.php(59): CodeIgniter\Boot::bootWeb(Object(Config\Paths))
12 SYSTEMPATH\rewrite.php(44): require_once('D:\\Magang\\Coding\\djuragan\\djuragancom\\djuragancom\\public\\index.php')
WARNING - 2026-09-27 09:26:48 --> [DEPRECATED] Passing lowercase HTTP method "post" is deprecated. Use uppercase HTTP method like "POST". in SYSTEMPATH\Router\RouteCollection.php on line 1026.
 1 SYSTEMPATH\Router\RouteCollection.php(1026): trigger_error('Passing lowercase HTTP method "post" is deprecated. Use uppercase HTTP method like "POST".', 16384)
 2 APPPATH\Config\Routes.php(42): CodeIgniter\Router\RouteCollection->match([...], 'daftar', 'Auth::daftar')
 3 SYSTEMPATH\Router\RouteCollection.php(799): CodeIgniter\Router\RouteCollection::{closure:D:\Magang\Coding\djuragan\djuragancom\djuragancom\app\Config\Routes.php:40}(Object(CodeIgniter\Router\RouteCollection))
 4 APPPATH\Config\Routes.php(40): CodeIgniter\Router\RouteCollection->group('auth', [...], Object(Closure))
 5 SYSTEMPATH\Router\RouteCollection.php(339): require('D:\\Magang\\Coding\\djuragan\\djuragancom\\djuragancom\\app\\Config\\Routes.php')
 6 SYSTEMPATH\CodeIgniter.php(841): CodeIgniter\Router\RouteCollection->loadRoutes()
 7 SYSTEMPATH\CodeIgniter.php(464): CodeIgniter\CodeIgniter->tryToRouteIt(null)
 8 SYSTEMPATH\CodeIgniter.php(363): CodeIgniter\CodeIgniter->handleRequest(null, Object(Config\Cache), false)
 9 SYSTEMPATH\Boot.php(417): CodeIgniter\CodeIgniter->run()
10 SYSTEMPATH\Boot.php(68): CodeIgniter\Boot::runCodeIgniter(Object(CodeIgniter\CodeIgniter))
11 FCPATH\index.php(59): CodeIgniter\Boot::bootWeb(Object(Config\Paths))
12 SYSTEMPATH\rewrite.php(44): require_once('D:\\Magang\\Coding\\djuragan\\djuragancom\\djuragancom\\public\\index.php')
WARNING - 2026-09-27 09:26:48 --> [DEPRECATED] Passing lowercase HTTP method "get" is deprecated. Use uppercase HTTP method like "GET". in SYSTEMPATH\Router\RouteCollection.php on line 1026.
 1 SYSTEMPATH\Router\RouteCollection.php(1026): trigger_error('Passing lowercase HTTP method "get" is deprecated. Use uppercase HTTP method like "GET".', 16384)
 2 APPPATH\Config\Routes.php(43): CodeIgniter\Router\RouteCollection->match([...], 'lupa', 'Auth::lupa')
 3 SYSTEMPATH\Router\RouteCollection.php(799): CodeIgniter\Router\RouteCollection::{closure:D:\Magang\Coding\djuragan\djuragancom\djuragancom\app\Config\Routes.php:40}(Object(CodeIgniter\Router\RouteCollection))
 4 APPPATH\Config\Routes.php(40): CodeIgniter\Router\RouteCollection->group('auth', [...], Object(Closure))
 5 SYSTEMPATH\Router\RouteCollection.php(339): require('D:\\Magang\\Coding\\djuragan\\djuragancom\\djuragancom\\app\\Config\\Routes.php')
 6 SYSTEMPATH\CodeIgniter.php(841): CodeIgniter\Router\RouteCollection->loadRoutes()
 7 SYSTEMPATH\CodeIgniter.php(464): CodeIgniter\CodeIgniter->tryToRouteIt(null)
 8 SYSTEMPATH\CodeIgniter.php(363): CodeIgniter\CodeIgniter->handleRequest(null, Object(Config\Cache), false)
 9 SYSTEMPATH\Boot.php(417): CodeIgniter\CodeIgniter->run()
10 SYSTEMPATH\Boot.php(68): CodeIgniter\Boot::runCodeIgniter(Object(CodeIgniter\CodeIgniter))
11 FCPATH\index.php(59): CodeIgniter\Boot::bootWeb(Object(Config\Paths))
12 SYSTEMPATH\rewrite.php(44): require_once('D:\\Magang\\Coding\\djuragan\\djuragancom\\djuragancom\\public\\index.php')
WARNING - 2026-09-27 09:26:48 --> [DEPRECATED] Passing lowercase HTTP method "post" is deprecated. Use uppercase HTTP method like "POST". in SYSTEMPATH\Router\RouteCollection.php on line 1026.
 1 SYSTEMPATH\Router\RouteCollection.php(1026): trigger_error('Passing lowercase HTTP method "post" is deprecated. Use uppercase HTTP method like "POST".', 16384)
 2 APPPATH\Config\Routes.php(43): CodeIgniter\Router\RouteCollection->match([...], 'lupa', 'Auth::lupa')
 3 SYSTEMPATH\Router\RouteCollection.php(799): CodeIgniter\Router\RouteCollection::{closure:D:\Magang\Coding\djuragan\djuragancom\djuragancom\app\Config\Routes.php:40}(Object(CodeIgniter\Router\RouteCollection))
 4 APPPATH\Config\Routes.php(40): CodeIgniter\Router\RouteCollection->group('auth', [...], Object(Closure))
 5 SYSTEMPATH\Router\RouteCollection.php(339): require('D:\\Magang\\Coding\\djuragan\\djuragancom\\djuragancom\\app\\Config\\Routes.php')
 6 SYSTEMPATH\CodeIgniter.php(841): CodeIgniter\Router\RouteCollection->loadRoutes()
 7 SYSTEMPATH\CodeIgniter.php(464): CodeIgniter\CodeIgniter->tryToRouteIt(null)
 8 SYSTEMPATH\CodeIgniter.php(363): CodeIgniter\CodeIgniter->handleRequest(null, Object(Config\Cache), false)
 9 SYSTEMPATH\Boot.php(417): CodeIgniter\CodeIgniter->run()
10 SYSTEMPATH\Boot.php(68): CodeIgniter\Boot::runCodeIgniter(Object(CodeIgniter\CodeIgniter))
11 FCPATH\index.php(59): CodeIgniter\Boot::bootWeb(Object(Config\Paths))
12 SYSTEMPATH\rewrite.php(44): require_once('D:\\Magang\\Coding\\djuragan\\djuragancom\\djuragancom\\public\\index.php')
DEBUG - 2026-09-27 09:26:48 --> Session: Class initialized using 'CodeIgniter\Session\Handlers\FileHandler' driver.
WARNING - 2026-09-27 09:26:51 --> [DEPRECATED] Passing lowercase HTTP method "get" is deprecated. Use uppercase HTTP method like "GET". in SYSTEMPATH\Router\RouteCollection.php on line 1026.
 1 SYSTEMPATH\Router\RouteCollection.php(1026): trigger_error('Passing lowercase HTTP method "get" is deprecated. Use uppercase HTTP method like "GET".', 16384)
 2 APPPATH\Config\Routes.php(41): CodeIgniter\Router\RouteCollection->match([...], 'index', 'Auth::index', [...])
 3 SYSTEMPATH\Router\RouteCollection.php(799): CodeIgniter\Router\RouteCollection::{closure:D:\Magang\Coding\djuragan\djuragancom\djuragancom\app\Config\Routes.php:40}(Object(CodeIgniter\Router\RouteCollection))
 4 APPPATH\Config\Routes.php(40): CodeIgniter\Router\RouteCollection->group('auth', [...], Object(Closure))
 5 SYSTEMPATH\Router\RouteCollection.php(339): require('D:\\Magang\\Coding\\djuragan\\djuragancom\\djuragancom\\app\\Config\\Routes.php')
 6 SYSTEMPATH\CodeIgniter.php(841): CodeIgniter\Router\RouteCollection->loadRoutes()
 7 SYSTEMPATH\CodeIgniter.php(464): CodeIgniter\CodeIgniter->tryToRouteIt(null)
 8 SYSTEMPATH\CodeIgniter.php(363): CodeIgniter\CodeIgniter->handleRequest(null, Object(Config\Cache), false)
 9 SYSTEMPATH\Boot.php(417): CodeIgniter\CodeIgniter->run()
10 SYSTEMPATH\Boot.php(68): CodeIgniter\Boot::runCodeIgniter(Object(CodeIgniter\CodeIgniter))
11 FCPATH\index.php(59): CodeIgniter\Boot::bootWeb(Object(Config\Paths))
12 SYSTEMPATH\rewrite.php(44): require_once('D:\\Magang\\Coding\\djuragan\\djuragancom\\djuragancom\\public\\index.php')
WARNING - 2026-09-27 09:26:51 --> [DEPRECATED] Passing lowercase HTTP method "post" is deprecated. Use uppercase HTTP method like "POST". in SYSTEMPATH\Router\RouteCollection.php on line 1026.
 1 SYSTEMPATH\Router\RouteCollection.php(1026): trigger_error('Passing lowercase HTTP method "post" is deprecated. Use uppercase HTTP method like "POST".', 16384)
 2 APPPATH\Config\Routes.php(41): CodeIgniter\Router\RouteCollection->match([...], 'index', 'Auth::index', [...])
 3 SYSTEMPATH\Router\RouteCollection.php(799): CodeIgniter\Router\RouteCollection::{closure:D:\Magang\Coding\djuragan\djuragancom\djuragancom\app\Config\Routes.php:40}(Object(CodeIgniter\Router\RouteCollection))
 4 APPPATH\Config\Routes.php(40): CodeIgniter\Router\RouteCollection->group('auth', [...], Object(Closure))
 5 SYSTEMPATH\Router\RouteCollection.php(339): require('D:\\Magang\\Coding\\djuragan\\djuragancom\\djuragancom\\app\\Config\\Routes.php')
 6 SYSTEMPATH\CodeIgniter.php(841): CodeIgniter\Router\RouteCollection->loadRoutes()
 7 SYSTEMPATH\CodeIgniter.php(464): CodeIgniter\CodeIgniter->tryToRouteIt(null)
 8 SYSTEMPATH\CodeIgniter.php(363): CodeIgniter\CodeIgniter->handleRequest(null, Object(Config\Cache), false)
 9 SYSTEMPATH\Boot.php(417): CodeIgniter\CodeIgniter->run()
10 SYSTEMPATH\Boot.php(68): CodeIgniter\Boot::runCodeIgniter(Object(CodeIgniter\CodeIgniter))
11 FCPATH\index.php(59): CodeIgniter\Boot::bootWeb(Object(Config\Paths))
12 SYSTEMPATH\rewrite.php(44): require_once('D:\\Magang\\Coding\\djuragan\\djuragancom\\djuragancom\\public\\index.php')
WARNING - 2026-09-27 09:26:51 --> [DEPRECATED] Passing lowercase HTTP method "get" is deprecated. Use uppercase HTTP method like "GET". in SYSTEMPATH\Router\RouteCollection.php on line 1026.
 1 SYSTEMPATH\Router\RouteCollection.php(1026): trigger_error('Passing lowercase HTTP method "get" is deprecated. Use uppercase HTTP method like "GET".', 16384)
 2 APPPATH\Config\Routes.php(42): CodeIgniter\Router\RouteCollection->match([...], 'daftar', 'Auth::daftar')
 3 SYSTEMPATH\Router\RouteCollection.php(799): CodeIgniter\Router\RouteCollection::{closure:D:\Magang\Coding\djuragan\djuragancom\djuragancom\app\Config\Routes.php:40}(Object(CodeIgniter\Router\RouteCollection))
 4 APPPATH\Config\Routes.php(40): CodeIgniter\Router\RouteCollection->group('auth', [...], Object(Closure))
 5 SYSTEMPATH\Router\RouteCollection.php(339): require('D:\\Magang\\Coding\\djuragan\\djuragancom\\djuragancom\\app\\Config\\Routes.php')
 6 SYSTEMPATH\CodeIgniter.php(841): CodeIgniter\Router\RouteCollection->loadRoutes()
 7 SYSTEMPATH\CodeIgniter.php(464): CodeIgniter\CodeIgniter->tryToRouteIt(null)
 8 SYSTEMPATH\CodeIgniter.php(363): CodeIgniter\CodeIgniter->handleRequest(null, Object(Config\Cache), false)
 9 SYSTEMPATH\Boot.php(417): CodeIgniter\CodeIgniter->run()
10 SYSTEMPATH\Boot.php(68): CodeIgniter\Boot::runCodeIgniter(Object(CodeIgniter\CodeIgniter))
11 FCPATH\index.php(59): CodeIgniter\Boot::bootWeb(Object(Config\Paths))
12 SYSTEMPATH\rewrite.php(44): require_once('D:\\Magang\\Coding\\djuragan\\djuragancom\\djuragancom\\public\\index.php')
WARNING - 2026-09-27 09:26:51 --> [DEPRECATED] Passing lowercase HTTP method "post" is deprecated. Use uppercase HTTP method like "POST". in SYSTEMPATH\Router\RouteCollection.php on line 1026.
 1 SYSTEMPATH\Router\RouteCollection.php(1026): trigger_error('Passing lowercase HTTP method "post" is deprecated. Use uppercase HTTP method like "POST".', 16384)
 2 APPPATH\Config\Routes.php(42): CodeIgniter\Router\RouteCollection->match([...], 'daftar', 'Auth::daftar')
 3 SYSTEMPATH\Router\RouteCollection.php(799): CodeIgniter\Router\RouteCollection::{closure:D:\Magang\Coding\djuragan\djuragancom\djuragancom\app\Config\Routes.php:40}(Object(CodeIgniter\Router\RouteCollection))
 4 APPPATH\Config\Routes.php(40): CodeIgniter\Router\RouteCollection->group('auth', [...], Object(Closure))
 5 SYSTEMPATH\Router\RouteCollection.php(339): require('D:\\Magang\\Coding\\djuragan\\djuragancom\\djuragancom\\app\\Config\\Routes.php')
 6 SYSTEMPATH\CodeIgniter.php(841): CodeIgniter\Router\RouteCollection->loadRoutes()
 7 SYSTEMPATH\CodeIgniter.php(464): CodeIgniter\CodeIgniter->tryToRouteIt(null)
 8 SYSTEMPATH\CodeIgniter.php(363): CodeIgniter\CodeIgniter->handleRequest(null, Object(Config\Cache), false)
 9 SYSTEMPATH\Boot.php(417): CodeIgniter\CodeIgniter->run()
10 SYSTEMPATH\Boot.php(68): CodeIgniter\Boot::runCodeIgniter(Object(CodeIgniter\CodeIgniter))
11 FCPATH\index.php(59): CodeIgniter\Boot::bootWeb(Object(Config\Paths))
12 SYSTEMPATH\rewrite.php(44): require_once('D:\\Magang\\Coding\\djuragan\\djuragancom\\djuragancom\\public\\index.php')
WARNING - 2026-09-27 09:26:51 --> [DEPRECATED] Passing lowercase HTTP method "get" is deprecated. Use uppercase HTTP method like "GET". in SYSTEMPATH\Router\RouteCollection.php on line 1026.
 1 SYSTEMPATH\Router\RouteCollection.php(1026): trigger_error('Passing lowercase HTTP method "get" is deprecated. Use uppercase HTTP method like "GET".', 16384)
 2 APPPATH\Config\Routes.php(43): CodeIgniter\Router\RouteCollection->match([...], 'lupa', 'Auth::lupa')
 3 SYSTEMPATH\Router\RouteCollection.php(799): CodeIgniter\Router\RouteCollection::{closure:D:\Magang\Coding\djuragan\djuragancom\djuragancom\app\Config\Routes.php:40}(Object(CodeIgniter\Router\RouteCollection))
 4 APPPATH\Config\Routes.php(40): CodeIgniter\Router\RouteCollection->group('auth', [...], Object(Closure))
 5 SYSTEMPATH\Router\RouteCollection.php(339): require('D:\\Magang\\Coding\\djuragan\\djuragancom\\djuragancom\\app\\Config\\Routes.php')
 6 SYSTEMPATH\CodeIgniter.php(841): CodeIgniter\Router\RouteCollection->loadRoutes()
 7 SYSTEMPATH\CodeIgniter.php(464): CodeIgniter\CodeIgniter->tryToRouteIt(null)
 8 SYSTEMPATH\CodeIgniter.php(363): CodeIgniter\CodeIgniter->handleRequest(null, Object(Config\Cache), false)
 9 SYSTEMPATH\Boot.php(417): CodeIgniter\CodeIgniter->run()
10 SYSTEMPATH\Boot.php(68): CodeIgniter\Boot::runCodeIgniter(Object(CodeIgniter\CodeIgniter))
11 FCPATH\index.php(59): CodeIgniter\Boot::bootWeb(Object(Config\Paths))
12 SYSTEMPATH\rewrite.php(44): require_once('D:\\Magang\\Coding\\djuragan\\djuragancom\\djuragancom\\public\\index.php')
WARNING - 2026-09-27 09:26:51 --> [DEPRECATED] Passing lowercase HTTP method "post" is deprecated. Use uppercase HTTP method like "POST". in SYSTEMPATH\Router\RouteCollection.php on line 1026.
 1 SYSTEMPATH\Router\RouteCollection.php(1026): trigger_error('Passing lowercase HTTP method "post" is deprecated. Use uppercase HTTP method like "POST".', 16384)
 2 APPPATH\Config\Routes.php(43): CodeIgniter\Router\RouteCollection->match([...], 'lupa', 'Auth::lupa')
 3 SYSTEMPATH\Router\RouteCollection.php(799): CodeIgniter\Router\RouteCollection::{closure:D:\Magang\Coding\djuragan\djuragancom\djuragancom\app\Config\Routes.php:40}(Object(CodeIgniter\Router\RouteCollection))
 4 APPPATH\Config\Routes.php(40): CodeIgniter\Router\RouteCollection->group('auth', [...], Object(Closure))
 5 SYSTEMPATH\Router\RouteCollection.php(339): require('D:\\Magang\\Coding\\djuragan\\djuragancom\\djuragancom\\app\\Config\\Routes.php')
 6 SYSTEMPATH\CodeIgniter.php(841): CodeIgniter\Router\RouteCollection->loadRoutes()
 7 SYSTEMPATH\CodeIgniter.php(464): CodeIgniter\CodeIgniter->tryToRouteIt(null)
 8 SYSTEMPATH\CodeIgniter.php(363): CodeIgniter\CodeIgniter->handleRequest(null, Object(Config\Cache), false)
 9 SYSTEMPATH\Boot.php(417): CodeIgniter\CodeIgniter->run()
10 SYSTEMPATH\Boot.php(68): CodeIgniter\Boot::runCodeIgniter(Object(CodeIgniter\CodeIgniter))
11 FCPATH\index.php(59): CodeIgniter\Boot::bootWeb(Object(Config\Paths))
12 SYSTEMPATH\rewrite.php(44): require_once('D:\\Magang\\Coding\\djuragan\\djuragancom\\djuragancom\\public\\index.php')
WARNING - 2026-09-27 09:26:51 --> [DEPRECATED] Passing lowercase HTTP method "get" is deprecated. Use uppercase HTTP method like "GET". in SYSTEMPATH\Router\RouteCollection.php on line 1026.
 1 SYSTEMPATH\Router\RouteCollection.php(1026): trigger_error('Passing lowercase HTTP method "get" is deprecated. Use uppercase HTTP method like "GET".', 16384)
 2 APPPATH\Config\Routes.php(41): CodeIgniter\Router\RouteCollection->match([...], 'index', 'Auth::index', [...])
 3 SYSTEMPATH\Router\RouteCollection.php(799): CodeIgniter\Router\RouteCollection::{closure:D:\Magang\Coding\djuragan\djuragancom\djuragancom\app\Config\Routes.php:40}(Object(CodeIgniter\Router\RouteCollection))
 4 APPPATH\Config\Routes.php(40): CodeIgniter\Router\RouteCollection->group('auth', [...], Object(Closure))
 5 SYSTEMPATH\Router\RouteCollection.php(339): require('D:\\Magang\\Coding\\djuragan\\djuragancom\\djuragancom\\app\\Config\\Routes.php')
 6 SYSTEMPATH\CodeIgniter.php(841): CodeIgniter\Router\RouteCollection->loadRoutes()
 7 SYSTEMPATH\CodeIgniter.php(464): CodeIgniter\CodeIgniter->tryToRouteIt(null)
 8 SYSTEMPATH\CodeIgniter.php(363): CodeIgniter\CodeIgniter->handleRequest(null, Object(Config\Cache), false)
 9 SYSTEMPATH\Boot.php(417): CodeIgniter\CodeIgniter->run()
10 SYSTEMPATH\Boot.php(68): CodeIgniter\Boot::runCodeIgniter(Object(CodeIgniter\CodeIgniter))
11 FCPATH\index.php(59): CodeIgniter\Boot::bootWeb(Object(Config\Paths))
12 SYSTEMPATH\rewrite.php(44): require_once('D:\\Magang\\Coding\\djuragan\\djuragancom\\djuragancom\\public\\index.php')
WARNING - 2026-09-27 09:26:51 --> [DEPRECATED] Passing lowercase HTTP method "post" is deprecated. Use uppercase HTTP method like "POST". in SYSTEMPATH\Router\RouteCollection.php on line 1026.
 1 SYSTEMPATH\Router\RouteCollection.php(1026): trigger_error('Passing lowercase HTTP method "post" is deprecated. Use uppercase HTTP method like "POST".', 16384)
 2 APPPATH\Config\Routes.php(41): CodeIgniter\Router\RouteCollection->match([...], 'index', 'Auth::index', [...])
 3 SYSTEMPATH\Router\RouteCollection.php(799): CodeIgniter\Router\RouteCollection::{closure:D:\Magang\Coding\djuragan\djuragancom\djuragancom\app\Config\Routes.php:40}(Object(CodeIgniter\Router\RouteCollection))
 4 APPPATH\Config\Routes.php(40): CodeIgniter\Router\RouteCollection->group('auth', [...], Object(Closure))
 5 SYSTEMPATH\Router\RouteCollection.php(339): require('D:\\Magang\\Coding\\djuragan\\djuragancom\\djuragancom\\app\\Config\\Routes.php')
 6 SYSTEMPATH\CodeIgniter.php(841): CodeIgniter\Router\RouteCollection->loadRoutes()
 7 SYSTEMPATH\CodeIgniter.php(464): CodeIgniter\CodeIgniter->tryToRouteIt(null)
 8 SYSTEMPATH\CodeIgniter.php(363): CodeIgniter\CodeIgniter->handleRequest(null, Object(Config\Cache), false)
 9 SYSTEMPATH\Boot.php(417): CodeIgniter\CodeIgniter->run()
10 SYSTEMPATH\Boot.php(68): CodeIgniter\Boot::runCodeIgniter(Object(CodeIgniter\CodeIgniter))
11 FCPATH\index.php(59): CodeIgniter\Boot::bootWeb(Object(Config\Paths))
12 SYSTEMPATH\rewrite.php(44): require_once('D:\\Magang\\Coding\\djuragan\\djuragancom\\djuragancom\\public\\index.php')
WARNING - 2026-09-27 09:26:51 --> [DEPRECATED] Passing lowercase HTTP method "get" is deprecated. Use uppercase HTTP method like "GET". in SYSTEMPATH\Router\RouteCollection.php on line 1026.
 1 SYSTEMPATH\Router\RouteCollection.php(1026): trigger_error('Passing lowercase HTTP method "get" is deprecated. Use uppercase HTTP method like "GET".', 16384)
 2 APPPATH\Config\Routes.php(42): CodeIgniter\Router\RouteCollection->match([...], 'daftar', 'Auth::daftar')
 3 SYSTEMPATH\Router\RouteCollection.php(799): CodeIgniter\Router\RouteCollection::{closure:D:\Magang\Coding\djuragan\djuragancom\djuragancom\app\Config\Routes.php:40}(Object(CodeIgniter\Router\RouteCollection))
 4 APPPATH\Config\Routes.php(40): CodeIgniter\Router\RouteCollection->group('auth', [...], Object(Closure))
 5 SYSTEMPATH\Router\RouteCollection.php(339): require('D:\\Magang\\Coding\\djuragan\\djuragancom\\djuragancom\\app\\Config\\Routes.php')
 6 SYSTEMPATH\CodeIgniter.php(841): CodeIgniter\Router\RouteCollection->loadRoutes()
 7 SYSTEMPATH\CodeIgniter.php(464): CodeIgniter\CodeIgniter->tryToRouteIt(null)
 8 SYSTEMPATH\CodeIgniter.php(363): CodeIgniter\CodeIgniter->handleRequest(null, Object(Config\Cache), false)
 9 SYSTEMPATH\Boot.php(417): CodeIgniter\CodeIgniter->run()
10 SYSTEMPATH\Boot.php(68): CodeIgniter\Boot::runCodeIgniter(Object(CodeIgniter\CodeIgniter))
11 FCPATH\index.php(59): CodeIgniter\Boot::bootWeb(Object(Config\Paths))
12 SYSTEMPATH\rewrite.php(44): require_once('D:\\Magang\\Coding\\djuragan\\djuragancom\\djuragancom\\public\\index.php')
WARNING - 2026-09-27 09:26:51 --> [DEPRECATED] Passing lowercase HTTP method "post" is deprecated. Use uppercase HTTP method like "POST". in SYSTEMPATH\Router\RouteCollection.php on line 1026.
 1 SYSTEMPATH\Router\RouteCollection.php(1026): trigger_error('Passing lowercase HTTP method "post" is deprecated. Use uppercase HTTP method like "POST".', 16384)
 2 APPPATH\Config\Routes.php(42): CodeIgniter\Router\RouteCollection->match([...], 'daftar', 'Auth::daftar')
 3 SYSTEMPATH\Router\RouteCollection.php(799): CodeIgniter\Router\RouteCollection::{closure:D:\Magang\Coding\djuragan\djuragancom\djuragancom\app\Config\Routes.php:40}(Object(CodeIgniter\Router\RouteCollection))
 4 APPPATH\Config\Routes.php(40): CodeIgniter\Router\RouteCollection->group('auth', [...], Object(Closure))
 5 SYSTEMPATH\Router\RouteCollection.php(339): require('D:\\Magang\\Coding\\djuragan\\djuragancom\\djuragancom\\app\\Config\\Routes.php')
 6 SYSTEMPATH\CodeIgniter.php(841): CodeIgniter\Router\RouteCollection->loadRoutes()
 7 SYSTEMPATH\CodeIgniter.php(464): CodeIgniter\CodeIgniter->tryToRouteIt(null)
 8 SYSTEMPATH\CodeIgniter.php(363): CodeIgniter\CodeIgniter->handleRequest(null, Object(Config\Cache), false)
 9 SYSTEMPATH\Boot.php(417): CodeIgniter\CodeIgniter->run()
10 SYSTEMPATH\Boot.php(68): CodeIgniter\Boot::runCodeIgniter(Object(CodeIgniter\CodeIgniter))
11 FCPATH\index.php(59): CodeIgniter\Boot::bootWeb(Object(Config\Paths))
12 SYSTEMPATH\rewrite.php(44): require_once('D:\\Magang\\Coding\\djuragan\\djuragancom\\djuragancom\\public\\index.php')
WARNING - 2026-09-27 09:26:51 --> [DEPRECATED] Passing lowercase HTTP method "get" is deprecated. Use uppercase HTTP method like "GET". in SYSTEMPATH\Router\RouteCollection.php on line 1026.
 1 SYSTEMPATH\Router\RouteCollection.php(1026): trigger_error('Passing lowercase HTTP method "get" is deprecated. Use uppercase HTTP method like "GET".', 16384)
 2 APPPATH\Config\Routes.php(43): CodeIgniter\Router\RouteCollection->match([...], 'lupa', 'Auth::lupa')
 3 SYSTEMPATH\Router\RouteCollection.php(799): CodeIgniter\Router\RouteCollection::{closure:D:\Magang\Coding\djuragan\djuragancom\djuragancom\app\Config\Routes.php:40}(Object(CodeIgniter\Router\RouteCollection))
 4 APPPATH\Config\Routes.php(40): CodeIgniter\Router\RouteCollection->group('auth', [...], Object(Closure))
 5 SYSTEMPATH\Router\RouteCollection.php(339): require('D:\\Magang\\Coding\\djuragan\\djuragancom\\djuragancom\\app\\Config\\Routes.php')
 6 SYSTEMPATH\CodeIgniter.php(841): CodeIgniter\Router\RouteCollection->loadRoutes()
 7 SYSTEMPATH\CodeIgniter.php(464): CodeIgniter\CodeIgniter->tryToRouteIt(null)
 8 SYSTEMPATH\CodeIgniter.php(363): CodeIgniter\CodeIgniter->handleRequest(null, Object(Config\Cache), false)
 9 SYSTEMPATH\Boot.php(417): CodeIgniter\CodeIgniter->run()
10 SYSTEMPATH\Boot.php(68): CodeIgniter\Boot::runCodeIgniter(Object(CodeIgniter\CodeIgniter))
11 FCPATH\index.php(59): CodeIgniter\Boot::bootWeb(Object(Config\Paths))
12 SYSTEMPATH\rewrite.php(44): require_once('D:\\Magang\\Coding\\djuragan\\djuragancom\\djuragancom\\public\\index.php')
WARNING - 2026-09-27 09:26:51 --> [DEPRECATED] Passing lowercase HTTP method "post" is deprecated. Use uppercase HTTP method like "POST". in SYSTEMPATH\Router\RouteCollection.php on line 1026.
 1 SYSTEMPATH\Router\RouteCollection.php(1026): trigger_error('Passing lowercase HTTP method "post" is deprecated. Use uppercase HTTP method like "POST".', 16384)
 2 APPPATH\Config\Routes.php(43): CodeIgniter\Router\RouteCollection->match([...], 'lupa', 'Auth::lupa')
 3 SYSTEMPATH\Router\RouteCollection.php(799): CodeIgniter\Router\RouteCollection::{closure:D:\Magang\Coding\djuragan\djuragancom\djuragancom\app\Config\Routes.php:40}(Object(CodeIgniter\Router\RouteCollection))
 4 APPPATH\Config\Routes.php(40): CodeIgniter\Router\RouteCollection->group('auth', [...], Object(Closure))
 5 SYSTEMPATH\Router\RouteCollection.php(339): require('D:\\Magang\\Coding\\djuragan\\djuragancom\\djuragancom\\app\\Config\\Routes.php')
 6 SYSTEMPATH\CodeIgniter.php(841): CodeIgniter\Router\RouteCollection->loadRoutes()
 7 SYSTEMPATH\CodeIgniter.php(464): CodeIgniter\CodeIgniter->tryToRouteIt(null)
 8 SYSTEMPATH\CodeIgniter.php(363): CodeIgniter\CodeIgniter->handleRequest(null, Object(Config\Cache), false)
 9 SYSTEMPATH\Boot.php(417): CodeIgniter\CodeIgniter->run()
10 SYSTEMPATH\Boot.php(68): CodeIgniter\Boot::runCodeIgniter(Object(CodeIgniter\CodeIgniter))
11 FCPATH\index.php(59): CodeIgniter\Boot::bootWeb(Object(Config\Paths))
12 SYSTEMPATH\rewrite.php(44): require_once('D:\\Magang\\Coding\\djuragan\\djuragancom\\djuragancom\\public\\index.php')
WARNING - 2026-09-27 09:27:01 --> [DEPRECATED] Passing lowercase HTTP method "get" is deprecated. Use uppercase HTTP method like "GET". in SYSTEMPATH\Router\RouteCollection.php on line 1026.
 1 SYSTEMPATH\Router\RouteCollection.php(1026): trigger_error('Passing lowercase HTTP method "get" is deprecated. Use uppercase HTTP method like "GET".', 16384)
 2 APPPATH\Config\Routes.php(41): CodeIgniter\Router\RouteCollection->match([...], 'index', 'Auth::index', [...])
 3 SYSTEMPATH\Router\RouteCollection.php(799): CodeIgniter\Router\RouteCollection::{closure:D:\Magang\Coding\djuragan\djuragancom\djuragancom\app\Config\Routes.php:40}(Object(CodeIgniter\Router\RouteCollection))
 4 APPPATH\Config\Routes.php(40): CodeIgniter\Router\RouteCollection->group('auth', [...], Object(Closure))
 5 SYSTEMPATH\Router\RouteCollection.php(339): require('D:\\Magang\\Coding\\djuragan\\djuragancom\\djuragancom\\app\\Config\\Routes.php')
 6 SYSTEMPATH\CodeIgniter.php(841): CodeIgniter\Router\RouteCollection->loadRoutes()
 7 SYSTEMPATH\CodeIgniter.php(464): CodeIgniter\CodeIgniter->tryToRouteIt(null)
 8 SYSTEMPATH\CodeIgniter.php(363): CodeIgniter\CodeIgniter->handleRequest(null, Object(Config\Cache), false)
 9 SYSTEMPATH\Boot.php(417): CodeIgniter\CodeIgniter->run()
10 SYSTEMPATH\Boot.php(68): CodeIgniter\Boot::runCodeIgniter(Object(CodeIgniter\CodeIgniter))
11 FCPATH\index.php(59): CodeIgniter\Boot::bootWeb(Object(Config\Paths))
12 SYSTEMPATH\rewrite.php(44): require_once('D:\\Magang\\Coding\\djuragan\\djuragancom\\djuragancom\\public\\index.php')
WARNING - 2026-09-27 09:27:01 --> [DEPRECATED] Passing lowercase HTTP method "post" is deprecated. Use uppercase HTTP method like "POST". in SYSTEMPATH\Router\RouteCollection.php on line 1026.
 1 SYSTEMPATH\Router\RouteCollection.php(1026): trigger_error('Passing lowercase HTTP method "post" is deprecated. Use uppercase HTTP method like "POST".', 16384)
 2 APPPATH\Config\Routes.php(41): CodeIgniter\Router\RouteCollection->match([...], 'index', 'Auth::index', [...])
 3 SYSTEMPATH\Router\RouteCollection.php(799): CodeIgniter\Router\RouteCollection::{closure:D:\Magang\Coding\djuragan\djuragancom\djuragancom\app\Config\Routes.php:40}(Object(CodeIgniter\Router\RouteCollection))
 4 APPPATH\Config\Routes.php(40): CodeIgniter\Router\RouteCollection->group('auth', [...], Object(Closure))
 5 SYSTEMPATH\Router\RouteCollection.php(339): require('D:\\Magang\\Coding\\djuragan\\djuragancom\\djuragancom\\app\\Config\\Routes.php')
 6 SYSTEMPATH\CodeIgniter.php(841): CodeIgniter\Router\RouteCollection->loadRoutes()
 7 SYSTEMPATH\CodeIgniter.php(464): CodeIgniter\CodeIgniter->tryToRouteIt(null)
 8 SYSTEMPATH\CodeIgniter.php(363): CodeIgniter\CodeIgniter->handleRequest(null, Object(Config\Cache), false)
 9 SYSTEMPATH\Boot.php(417): CodeIgniter\CodeIgniter->run()
10 SYSTEMPATH\Boot.php(68): CodeIgniter\Boot::runCodeIgniter(Object(CodeIgniter\CodeIgniter))
11 FCPATH\index.php(59): CodeIgniter\Boot::bootWeb(Object(Config\Paths))
12 SYSTEMPATH\rewrite.php(44): require_once('D:\\Magang\\Coding\\djuragan\\djuragancom\\djuragancom\\public\\index.php')
WARNING - 2026-09-27 09:27:01 --> [DEPRECATED] Passing lowercase HTTP method "get" is deprecated. Use uppercase HTTP method like "GET". in SYSTEMPATH\Router\RouteCollection.php on line 1026.
 1 SYSTEMPATH\Router\RouteCollection.php(1026): trigger_error('Passing lowercase HTTP method "get" is deprecated. Use uppercase HTTP method like "GET".', 16384)
 2 APPPATH\Config\Routes.php(42): CodeIgniter\Router\RouteCollection->match([...], 'daftar', 'Auth::daftar')
 3 SYSTEMPATH\Router\RouteCollection.php(799): CodeIgniter\Router\RouteCollection::{closure:D:\Magang\Coding\djuragan\djuragancom\djuragancom\app\Config\Routes.php:40}(Object(CodeIgniter\Router\RouteCollection))
 4 APPPATH\Config\Routes.php(40): CodeIgniter\Router\RouteCollection->group('auth', [...], Object(Closure))
 5 SYSTEMPATH\Router\RouteCollection.php(339): require('D:\\Magang\\Coding\\djuragan\\djuragancom\\djuragancom\\app\\Config\\Routes.php')
 6 SYSTEMPATH\CodeIgniter.php(841): CodeIgniter\Router\RouteCollection->loadRoutes()
 7 SYSTEMPATH\CodeIgniter.php(464): CodeIgniter\CodeIgniter->tryToRouteIt(null)
 8 SYSTEMPATH\CodeIgniter.php(363): CodeIgniter\CodeIgniter->handleRequest(null, Object(Config\Cache), false)
 9 SYSTEMPATH\Boot.php(417): CodeIgniter\CodeIgniter->run()
10 SYSTEMPATH\Boot.php(68): CodeIgniter\Boot::runCodeIgniter(Object(CodeIgniter\CodeIgniter))
11 FCPATH\index.php(59): CodeIgniter\Boot::bootWeb(Object(Config\Paths))
12 SYSTEMPATH\rewrite.php(44): require_once('D:\\Magang\\Coding\\djuragan\\djuragancom\\djuragancom\\public\\index.php')
WARNING - 2026-09-27 09:27:01 --> [DEPRECATED] Passing lowercase HTTP method "post" is deprecated. Use uppercase HTTP method like "POST". in SYSTEMPATH\Router\RouteCollection.php on line 1026.
 1 SYSTEMPATH\Router\RouteCollection.php(1026): trigger_error('Passing lowercase HTTP method "post" is deprecated. Use uppercase HTTP method like "POST".', 16384)
 2 APPPATH\Config\Routes.php(42): CodeIgniter\Router\RouteCollection->match([...], 'daftar', 'Auth::daftar')
 3 SYSTEMPATH\Router\RouteCollection.php(799): CodeIgniter\Router\RouteCollection::{closure:D:\Magang\Coding\djuragan\djuragancom\djuragancom\app\Config\Routes.php:40}(Object(CodeIgniter\Router\RouteCollection))
 4 APPPATH\Config\Routes.php(40): CodeIgniter\Router\RouteCollection->group('auth', [...], Object(Closure))
 5 SYSTEMPATH\Router\RouteCollection.php(339): require('D:\\Magang\\Coding\\djuragan\\djuragancom\\djuragancom\\app\\Config\\Routes.php')
 6 SYSTEMPATH\CodeIgniter.php(841): CodeIgniter\Router\RouteCollection->loadRoutes()
 7 SYSTEMPATH\CodeIgniter.php(464): CodeIgniter\CodeIgniter->tryToRouteIt(null)
 8 SYSTEMPATH\CodeIgniter.php(363): CodeIgniter\CodeIgniter->handleRequest(null, Object(Config\Cache), false)
 9 SYSTEMPATH\Boot.php(417): CodeIgniter\CodeIgniter->run()
10 SYSTEMPATH\Boot.php(68): CodeIgniter\Boot::runCodeIgniter(Object(CodeIgniter\CodeIgniter))
11 FCPATH\index.php(59): CodeIgniter\Boot::bootWeb(Object(Config\Paths))
12 SYSTEMPATH\rewrite.php(44): require_once('D:\\Magang\\Coding\\djuragan\\djuragancom\\djuragancom\\public\\index.php')
WARNING - 2026-09-27 09:27:01 --> [DEPRECATED] Passing lowercase HTTP method "get" is deprecated. Use uppercase HTTP method like "GET". in SYSTEMPATH\Router\RouteCollection.php on line 1026.
 1 SYSTEMPATH\Router\RouteCollection.php(1026): trigger_error('Passing lowercase HTTP method "get" is deprecated. Use uppercase HTTP method like "GET".', 16384)
 2 APPPATH\Config\Routes.php(43): CodeIgniter\Router\RouteCollection->match([...], 'lupa', 'Auth::lupa')
 3 SYSTEMPATH\Router\RouteCollection.php(799): CodeIgniter\Router\RouteCollection::{closure:D:\Magang\Coding\djuragan\djuragancom\djuragancom\app\Config\Routes.php:40}(Object(CodeIgniter\Router\RouteCollection))
 4 APPPATH\Config\Routes.php(40): CodeIgniter\Router\RouteCollection->group('auth', [...], Object(Closure))
 5 SYSTEMPATH\Router\RouteCollection.php(339): require('D:\\Magang\\Coding\\djuragan\\djuragancom\\djuragancom\\app\\Config\\Routes.php')
 6 SYSTEMPATH\CodeIgniter.php(841): CodeIgniter\Router\RouteCollection->loadRoutes()
 7 SYSTEMPATH\CodeIgniter.php(464): CodeIgniter\CodeIgniter->tryToRouteIt(null)
 8 SYSTEMPATH\CodeIgniter.php(363): CodeIgniter\CodeIgniter->handleRequest(null, Object(Config\Cache), false)
 9 SYSTEMPATH\Boot.php(417): CodeIgniter\CodeIgniter->run()
10 SYSTEMPATH\Boot.php(68): CodeIgniter\Boot::runCodeIgniter(Object(CodeIgniter\CodeIgniter))
11 FCPATH\index.php(59): CodeIgniter\Boot::bootWeb(Object(Config\Paths))
12 SYSTEMPATH\rewrite.php(44): require_once('D:\\Magang\\Coding\\djuragan\\djuragancom\\djuragancom\\public\\index.php')
WARNING - 2026-09-27 09:27:01 --> [DEPRECATED] Passing lowercase HTTP method "post" is deprecated. Use uppercase HTTP method like "POST". in SYSTEMPATH\Router\RouteCollection.php on line 1026.
 1 SYSTEMPATH\Router\RouteCollection.php(1026): trigger_error('Passing lowercase HTTP method "post" is deprecated. Use uppercase HTTP method like "POST".', 16384)
 2 APPPATH\Config\Routes.php(43): CodeIgniter\Router\RouteCollection->match([...], 'lupa', 'Auth::lupa')
 3 SYSTEMPATH\Router\RouteCollection.php(799): CodeIgniter\Router\RouteCollection::{closure:D:\Magang\Coding\djuragan\djuragancom\djuragancom\app\Config\Routes.php:40}(Object(CodeIgniter\Router\RouteCollection))
 4 APPPATH\Config\Routes.php(40): CodeIgniter\Router\RouteCollection->group('auth', [...], Object(Closure))
 5 SYSTEMPATH\Router\RouteCollection.php(339): require('D:\\Magang\\Coding\\djuragan\\djuragancom\\djuragancom\\app\\Config\\Routes.php')
 6 SYSTEMPATH\CodeIgniter.php(841): CodeIgniter\Router\RouteCollection->loadRoutes()
 7 SYSTEMPATH\CodeIgniter.php(464): CodeIgniter\CodeIgniter->tryToRouteIt(null)
 8 SYSTEMPATH\CodeIgniter.php(363): CodeIgniter\CodeIgniter->handleRequest(null, Object(Config\Cache), false)
 9 SYSTEMPATH\Boot.php(417): CodeIgniter\CodeIgniter->run()
10 SYSTEMPATH\Boot.php(68): CodeIgniter\Boot::runCodeIgniter(Object(CodeIgniter\CodeIgniter))
11 FCPATH\index.php(59): CodeIgniter\Boot::bootWeb(Object(Config\Paths))
12 SYSTEMPATH\rewrite.php(44): require_once('D:\\Magang\\Coding\\djuragan\\djuragancom\\djuragancom\\public\\index.php')
WARNING - 2026-09-27 09:27:06 --> [DEPRECATED] Passing lowercase HTTP method "get" is deprecated. Use uppercase HTTP method like "GET". in SYSTEMPATH\Router\RouteCollection.php on line 1026.
 1 SYSTEMPATH\Router\RouteCollection.php(1026): trigger_error('Passing lowercase HTTP method "get" is deprecated. Use uppercase HTTP method like "GET".', 16384)
 2 APPPATH\Config\Routes.php(41): CodeIgniter\Router\RouteCollection->match([...], 'index', 'Auth::index', [...])
 3 SYSTEMPATH\Router\RouteCollection.php(799): CodeIgniter\Router\RouteCollection::{closure:D:\Magang\Coding\djuragan\djuragancom\djuragancom\app\Config\Routes.php:40}(Object(CodeIgniter\Router\RouteCollection))
 4 APPPATH\Config\Routes.php(40): CodeIgniter\Router\RouteCollection->group('auth', [...], Object(Closure))
 5 SYSTEMPATH\Router\RouteCollection.php(339): require('D:\\Magang\\Coding\\djuragan\\djuragancom\\djuragancom\\app\\Config\\Routes.php')
 6 SYSTEMPATH\CodeIgniter.php(841): CodeIgniter\Router\RouteCollection->loadRoutes()
 7 SYSTEMPATH\CodeIgniter.php(464): CodeIgniter\CodeIgniter->tryToRouteIt(null)
 8 SYSTEMPATH\CodeIgniter.php(363): CodeIgniter\CodeIgniter->handleRequest(null, Object(Config\Cache), false)
 9 SYSTEMPATH\Boot.php(417): CodeIgniter\CodeIgniter->run()
10 SYSTEMPATH\Boot.php(68): CodeIgniter\Boot::runCodeIgniter(Object(CodeIgniter\CodeIgniter))
11 FCPATH\index.php(59): CodeIgniter\Boot::bootWeb(Object(Config\Paths))
12 SYSTEMPATH\rewrite.php(44): require_once('D:\\Magang\\Coding\\djuragan\\djuragancom\\djuragancom\\public\\index.php')
WARNING - 2026-09-27 09:27:06 --> [DEPRECATED] Passing lowercase HTTP method "post" is deprecated. Use uppercase HTTP method like "POST". in SYSTEMPATH\Router\RouteCollection.php on line 1026.
 1 SYSTEMPATH\Router\RouteCollection.php(1026): trigger_error('Passing lowercase HTTP method "post" is deprecated. Use uppercase HTTP method like "POST".', 16384)
 2 APPPATH\Config\Routes.php(41): CodeIgniter\Router\RouteCollection->match([...], 'index', 'Auth::index', [...])
 3 SYSTEMPATH\Router\RouteCollection.php(799): CodeIgniter\Router\RouteCollection::{closure:D:\Magang\Coding\djuragan\djuragancom\djuragancom\app\Config\Routes.php:40}(Object(CodeIgniter\Router\RouteCollection))
 4 APPPATH\Config\Routes.php(40): CodeIgniter\Router\RouteCollection->group('auth', [...], Object(Closure))
 5 SYSTEMPATH\Router\RouteCollection.php(339): require('D:\\Magang\\Coding\\djuragan\\djuragancom\\djuragancom\\app\\Config\\Routes.php')
 6 SYSTEMPATH\CodeIgniter.php(841): CodeIgniter\Router\RouteCollection->loadRoutes()
 7 SYSTEMPATH\CodeIgniter.php(464): CodeIgniter\CodeIgniter->tryToRouteIt(null)
 8 SYSTEMPATH\CodeIgniter.php(363): CodeIgniter\CodeIgniter->handleRequest(null, Object(Config\Cache), false)
 9 SYSTEMPATH\Boot.php(417): CodeIgniter\CodeIgniter->run()
10 SYSTEMPATH\Boot.php(68): CodeIgniter\Boot::runCodeIgniter(Object(CodeIgniter\CodeIgniter))
11 FCPATH\index.php(59): CodeIgniter\Boot::bootWeb(Object(Config\Paths))
12 SYSTEMPATH\rewrite.php(44): require_once('D:\\Magang\\Coding\\djuragan\\djuragancom\\djuragancom\\public\\index.php')
WARNING - 2026-09-27 09:27:06 --> [DEPRECATED] Passing lowercase HTTP method "get" is deprecated. Use uppercase HTTP method like "GET". in SYSTEMPATH\Router\RouteCollection.php on line 1026.
 1 SYSTEMPATH\Router\RouteCollection.php(1026): trigger_error('Passing lowercase HTTP method "get" is deprecated. Use uppercase HTTP method like "GET".', 16384)
 2 APPPATH\Config\Routes.php(42): CodeIgniter\Router\RouteCollection->match([...], 'daftar', 'Auth::daftar')
 3 SYSTEMPATH\Router\RouteCollection.php(799): CodeIgniter\Router\RouteCollection::{closure:D:\Magang\Coding\djuragan\djuragancom\djuragancom\app\Config\Routes.php:40}(Object(CodeIgniter\Router\RouteCollection))
 4 APPPATH\Config\Routes.php(40): CodeIgniter\Router\RouteCollection->group('auth', [...], Object(Closure))
 5 SYSTEMPATH\Router\RouteCollection.php(339): require('D:\\Magang\\Coding\\djuragan\\djuragancom\\djuragancom\\app\\Config\\Routes.php')
 6 SYSTEMPATH\CodeIgniter.php(841): CodeIgniter\Router\RouteCollection->loadRoutes()
 7 SYSTEMPATH\CodeIgniter.php(464): CodeIgniter\CodeIgniter->tryToRouteIt(null)
 8 SYSTEMPATH\CodeIgniter.php(363): CodeIgniter\CodeIgniter->handleRequest(null, Object(Config\Cache), false)
 9 SYSTEMPATH\Boot.php(417): CodeIgniter\CodeIgniter->run()
10 SYSTEMPATH\Boot.php(68): CodeIgniter\Boot::runCodeIgniter(Object(CodeIgniter\CodeIgniter))
11 FCPATH\index.php(59): CodeIgniter\Boot::bootWeb(Object(Config\Paths))
12 SYSTEMPATH\rewrite.php(44): require_once('D:\\Magang\\Coding\\djuragan\\djuragancom\\djuragancom\\public\\index.php')
WARNING - 2026-09-27 09:27:06 --> [DEPRECATED] Passing lowercase HTTP method "post" is deprecated. Use uppercase HTTP method like "POST". in SYSTEMPATH\Router\RouteCollection.php on line 1026.
 1 SYSTEMPATH\Router\RouteCollection.php(1026): trigger_error('Passing lowercase HTTP method "post" is deprecated. Use uppercase HTTP method like "POST".', 16384)
 2 APPPATH\Config\Routes.php(42): CodeIgniter\Router\RouteCollection->match([...], 'daftar', 'Auth::daftar')
 3 SYSTEMPATH\Router\RouteCollection.php(799): CodeIgniter\Router\RouteCollection::{closure:D:\Magang\Coding\djuragan\djuragancom\djuragancom\app\Config\Routes.php:40}(Object(CodeIgniter\Router\RouteCollection))
 4 APPPATH\Config\Routes.php(40): CodeIgniter\Router\RouteCollection->group('auth', [...], Object(Closure))
 5 SYSTEMPATH\Router\RouteCollection.php(339): require('D:\\Magang\\Coding\\djuragan\\djuragancom\\djuragancom\\app\\Config\\Routes.php')
 6 SYSTEMPATH\CodeIgniter.php(841): CodeIgniter\Router\RouteCollection->loadRoutes()
 7 SYSTEMPATH\CodeIgniter.php(464): CodeIgniter\CodeIgniter->tryToRouteIt(null)
 8 SYSTEMPATH\CodeIgniter.php(363): CodeIgniter\CodeIgniter->handleRequest(null, Object(Config\Cache), false)
 9 SYSTEMPATH\Boot.php(417): CodeIgniter\CodeIgniter->run()
10 SYSTEMPATH\Boot.php(68): CodeIgniter\Boot::runCodeIgniter(Object(CodeIgniter\CodeIgniter))
11 FCPATH\index.php(59): CodeIgniter\Boot::bootWeb(Object(Config\Paths))
12 SYSTEMPATH\rewrite.php(44): require_once('D:\\Magang\\Coding\\djuragan\\djuragancom\\djuragancom\\public\\index.php')
WARNING - 2026-09-27 09:27:06 --> [DEPRECATED] Passing lowercase HTTP method "get" is deprecated. Use uppercase HTTP method like "GET". in SYSTEMPATH\Router\RouteCollection.php on line 1026.
 1 SYSTEMPATH\Router\RouteCollection.php(1026): trigger_error('Passing lowercase HTTP method "get" is deprecated. Use uppercase HTTP method like "GET".', 16384)
 2 APPPATH\Config\Routes.php(43): CodeIgniter\Router\RouteCollection->match([...], 'lupa', 'Auth::lupa')
 3 SYSTEMPATH\Router\RouteCollection.php(799): CodeIgniter\Router\RouteCollection::{closure:D:\Magang\Coding\djuragan\djuragancom\djuragancom\app\Config\Routes.php:40}(Object(CodeIgniter\Router\RouteCollection))
 4 APPPATH\Config\Routes.php(40): CodeIgniter\Router\RouteCollection->group('auth', [...], Object(Closure))
 5 SYSTEMPATH\Router\RouteCollection.php(339): require('D:\\Magang\\Coding\\djuragan\\djuragancom\\djuragancom\\app\\Config\\Routes.php')
 6 SYSTEMPATH\CodeIgniter.php(841): CodeIgniter\Router\RouteCollection->loadRoutes()
 7 SYSTEMPATH\CodeIgniter.php(464): CodeIgniter\CodeIgniter->tryToRouteIt(null)
 8 SYSTEMPATH\CodeIgniter.php(363): CodeIgniter\CodeIgniter->handleRequest(null, Object(Config\Cache), false)
 9 SYSTEMPATH\Boot.php(417): CodeIgniter\CodeIgniter->run()
10 SYSTEMPATH\Boot.php(68): CodeIgniter\Boot::runCodeIgniter(Object(CodeIgniter\CodeIgniter))
11 FCPATH\index.php(59): CodeIgniter\Boot::bootWeb(Object(Config\Paths))
12 SYSTEMPATH\rewrite.php(44): require_once('D:\\Magang\\Coding\\djuragan\\djuragancom\\djuragancom\\public\\index.php')
WARNING - 2026-09-27 09:27:06 --> [DEPRECATED] Passing lowercase HTTP method "post" is deprecated. Use uppercase HTTP method like "POST". in SYSTEMPATH\Router\RouteCollection.php on line 1026.
 1 SYSTEMPATH\Router\RouteCollection.php(1026): trigger_error('Passing lowercase HTTP method "post" is deprecated. Use uppercase HTTP method like "POST".', 16384)
 2 APPPATH\Config\Routes.php(43): CodeIgniter\Router\RouteCollection->match([...], 'lupa', 'Auth::lupa')
 3 SYSTEMPATH\Router\RouteCollection.php(799): CodeIgniter\Router\RouteCollection::{closure:D:\Magang\Coding\djuragan\djuragancom\djuragancom\app\Config\Routes.php:40}(Object(CodeIgniter\Router\RouteCollection))
 4 APPPATH\Config\Routes.php(40): CodeIgniter\Router\RouteCollection->group('auth', [...], Object(Closure))
 5 SYSTEMPATH\Router\RouteCollection.php(339): require('D:\\Magang\\Coding\\djuragan\\djuragancom\\djuragancom\\app\\Config\\Routes.php')
 6 SYSTEMPATH\CodeIgniter.php(841): CodeIgniter\Router\RouteCollection->loadRoutes()
 7 SYSTEMPATH\CodeIgniter.php(464): CodeIgniter\CodeIgniter->tryToRouteIt(null)
 8 SYSTEMPATH\CodeIgniter.php(363): CodeIgniter\CodeIgniter->handleRequest(null, Object(Config\Cache), false)
 9 SYSTEMPATH\Boot.php(417): CodeIgniter\CodeIgniter->run()
10 SYSTEMPATH\Boot.php(68): CodeIgniter\Boot::runCodeIgniter(Object(CodeIgniter\CodeIgniter))
11 FCPATH\index.php(59): CodeIgniter\Boot::bootWeb(Object(Config\Paths))
12 SYSTEMPATH\rewrite.php(44): require_once('D:\\Magang\\Coding\\djuragan\\djuragancom\\djuragancom\\public\\index.php')
DEBUG - 2026-09-27 09:27:06 --> Session: Class initialized using 'CodeIgniter\Session\Handlers\FileHandler' driver.
WARNING - 2026-09-27 09:27:08 --> [DEPRECATED] Passing lowercase HTTP method "get" is deprecated. Use uppercase HTTP method like "GET". in SYSTEMPATH\Router\RouteCollection.php on line 1026.
 1 SYSTEMPATH\Router\RouteCollection.php(1026): trigger_error('Passing lowercase HTTP method "get" is deprecated. Use uppercase HTTP method like "GET".', 16384)
 2 APPPATH\Config\Routes.php(41): CodeIgniter\Router\RouteCollection->match([...], 'index', 'Auth::index', [...])
 3 SYSTEMPATH\Router\RouteCollection.php(799): CodeIgniter\Router\RouteCollection::{closure:D:\Magang\Coding\djuragan\djuragancom\djuragancom\app\Config\Routes.php:40}(Object(CodeIgniter\Router\RouteCollection))
 4 APPPATH\Config\Routes.php(40): CodeIgniter\Router\RouteCollection->group('auth', [...], Object(Closure))
 5 SYSTEMPATH\Router\RouteCollection.php(339): require('D:\\Magang\\Coding\\djuragan\\djuragancom\\djuragancom\\app\\Config\\Routes.php')
 6 SYSTEMPATH\CodeIgniter.php(841): CodeIgniter\Router\RouteCollection->loadRoutes()
 7 SYSTEMPATH\CodeIgniter.php(464): CodeIgniter\CodeIgniter->tryToRouteIt(null)
 8 SYSTEMPATH\CodeIgniter.php(363): CodeIgniter\CodeIgniter->handleRequest(null, Object(Config\Cache), false)
 9 SYSTEMPATH\Boot.php(417): CodeIgniter\CodeIgniter->run()
10 SYSTEMPATH\Boot.php(68): CodeIgniter\Boot::runCodeIgniter(Object(CodeIgniter\CodeIgniter))
11 FCPATH\index.php(59): CodeIgniter\Boot::bootWeb(Object(Config\Paths))
12 SYSTEMPATH\rewrite.php(44): require_once('D:\\Magang\\Coding\\djuragan\\djuragancom\\djuragancom\\public\\index.php')
WARNING - 2026-09-27 09:27:08 --> [DEPRECATED] Passing lowercase HTTP method "post" is deprecated. Use uppercase HTTP method like "POST". in SYSTEMPATH\Router\RouteCollection.php on line 1026.
 1 SYSTEMPATH\Router\RouteCollection.php(1026): trigger_error('Passing lowercase HTTP method "post" is deprecated. Use uppercase HTTP method like "POST".', 16384)
 2 APPPATH\Config\Routes.php(41): CodeIgniter\Router\RouteCollection->match([...], 'index', 'Auth::index', [...])
 3 SYSTEMPATH\Router\RouteCollection.php(799): CodeIgniter\Router\RouteCollection::{closure:D:\Magang\Coding\djuragan\djuragancom\djuragancom\app\Config\Routes.php:40}(Object(CodeIgniter\Router\RouteCollection))
 4 APPPATH\Config\Routes.php(40): CodeIgniter\Router\RouteCollection->group('auth', [...], Object(Closure))
 5 SYSTEMPATH\Router\RouteCollection.php(339): require('D:\\Magang\\Coding\\djuragan\\djuragancom\\djuragancom\\app\\Config\\Routes.php')
 6 SYSTEMPATH\CodeIgniter.php(841): CodeIgniter\Router\RouteCollection->loadRoutes()
 7 SYSTEMPATH\CodeIgniter.php(464): CodeIgniter\CodeIgniter->tryToRouteIt(null)
 8 SYSTEMPATH\CodeIgniter.php(363): CodeIgniter\CodeIgniter->handleRequest(null, Object(Config\Cache), false)
 9 SYSTEMPATH\Boot.php(417): CodeIgniter\CodeIgniter->run()
10 SYSTEMPATH\Boot.php(68): CodeIgniter\Boot::runCodeIgniter(Object(CodeIgniter\CodeIgniter))
11 FCPATH\index.php(59): CodeIgniter\Boot::bootWeb(Object(Config\Paths))
12 SYSTEMPATH\rewrite.php(44): require_once('D:\\Magang\\Coding\\djuragan\\djuragancom\\djuragancom\\public\\index.php')
WARNING - 2026-09-27 09:27:08 --> [DEPRECATED] Passing lowercase HTTP method "get" is deprecated. Use uppercase HTTP method like "GET". in SYSTEMPATH\Router\RouteCollection.php on line 1026.
 1 SYSTEMPATH\Router\RouteCollection.php(1026): trigger_error('Passing lowercase HTTP method "get" is deprecated. Use uppercase HTTP method like "GET".', 16384)
 2 APPPATH\Config\Routes.php(42): CodeIgniter\Router\RouteCollection->match([...], 'daftar', 'Auth::daftar')
 3 SYSTEMPATH\Router\RouteCollection.php(799): CodeIgniter\Router\RouteCollection::{closure:D:\Magang\Coding\djuragan\djuragancom\djuragancom\app\Config\Routes.php:40}(Object(CodeIgniter\Router\RouteCollection))
 4 APPPATH\Config\Routes.php(40): CodeIgniter\Router\RouteCollection->group('auth', [...], Object(Closure))
 5 SYSTEMPATH\Router\RouteCollection.php(339): require('D:\\Magang\\Coding\\djuragan\\djuragancom\\djuragancom\\app\\Config\\Routes.php')
 6 SYSTEMPATH\CodeIgniter.php(841): CodeIgniter\Router\RouteCollection->loadRoutes()
 7 SYSTEMPATH\CodeIgniter.php(464): CodeIgniter\CodeIgniter->tryToRouteIt(null)
 8 SYSTEMPATH\CodeIgniter.php(363): CodeIgniter\CodeIgniter->handleRequest(null, Object(Config\Cache), false)
 9 SYSTEMPATH\Boot.php(417): CodeIgniter\CodeIgniter->run()
10 SYSTEMPATH\Boot.php(68): CodeIgniter\Boot::runCodeIgniter(Object(CodeIgniter\CodeIgniter))
11 FCPATH\index.php(59): CodeIgniter\Boot::bootWeb(Object(Config\Paths))
12 SYSTEMPATH\rewrite.php(44): require_once('D:\\Magang\\Coding\\djuragan\\djuragancom\\djuragancom\\public\\index.php')
WARNING - 2026-09-27 09:27:08 --> [DEPRECATED] Passing lowercase HTTP method "post" is deprecated. Use uppercase HTTP method like "POST". in SYSTEMPATH\Router\RouteCollection.php on line 1026.
 1 SYSTEMPATH\Router\RouteCollection.php(1026): trigger_error('Passing lowercase HTTP method "post" is deprecated. Use uppercase HTTP method like "POST".', 16384)
 2 APPPATH\Config\Routes.php(42): CodeIgniter\Router\RouteCollection->match([...], 'daftar', 'Auth::daftar')
 3 SYSTEMPATH\Router\RouteCollection.php(799): CodeIgniter\Router\RouteCollection::{closure:D:\Magang\Coding\djuragan\djuragancom\djuragancom\app\Config\Routes.php:40}(Object(CodeIgniter\Router\RouteCollection))
 4 APPPATH\Config\Routes.php(40): CodeIgniter\Router\RouteCollection->group('auth', [...], Object(Closure))
 5 SYSTEMPATH\Router\RouteCollection.php(339): require('D:\\Magang\\Coding\\djuragan\\djuragancom\\djuragancom\\app\\Config\\Routes.php')
 6 SYSTEMPATH\CodeIgniter.php(841): CodeIgniter\Router\RouteCollection->loadRoutes()
 7 SYSTEMPATH\CodeIgniter.php(464): CodeIgniter\CodeIgniter->tryToRouteIt(null)
 8 SYSTEMPATH\CodeIgniter.php(363): CodeIgniter\CodeIgniter->handleRequest(null, Object(Config\Cache), false)
 9 SYSTEMPATH\Boot.php(417): CodeIgniter\CodeIgniter->run()
10 SYSTEMPATH\Boot.php(68): CodeIgniter\Boot::runCodeIgniter(Object(CodeIgniter\CodeIgniter))
11 FCPATH\index.php(59): CodeIgniter\Boot::bootWeb(Object(Config\Paths))
12 SYSTEMPATH\rewrite.php(44): require_once('D:\\Magang\\Coding\\djuragan\\djuragancom\\djuragancom\\public\\index.php')
WARNING - 2026-09-27 09:27:08 --> [DEPRECATED] Passing lowercase HTTP method "get" is deprecated. Use uppercase HTTP method like "GET". in SYSTEMPATH\Router\RouteCollection.php on line 1026.
 1 SYSTEMPATH\Router\RouteCollection.php(1026): trigger_error('Passing lowercase HTTP method "get" is deprecated. Use uppercase HTTP method like "GET".', 16384)
 2 APPPATH\Config\Routes.php(43): CodeIgniter\Router\RouteCollection->match([...], 'lupa', 'Auth::lupa')
 3 SYSTEMPATH\Router\RouteCollection.php(799): CodeIgniter\Router\RouteCollection::{closure:D:\Magang\Coding\djuragan\djuragancom\djuragancom\app\Config\Routes.php:40}(Object(CodeIgniter\Router\RouteCollection))
 4 APPPATH\Config\Routes.php(40): CodeIgniter\Router\RouteCollection->group('auth', [...], Object(Closure))
 5 SYSTEMPATH\Router\RouteCollection.php(339): require('D:\\Magang\\Coding\\djuragan\\djuragancom\\djuragancom\\app\\Config\\Routes.php')
 6 SYSTEMPATH\CodeIgniter.php(841): CodeIgniter\Router\RouteCollection->loadRoutes()
 7 SYSTEMPATH\CodeIgniter.php(464): CodeIgniter\CodeIgniter->tryToRouteIt(null)
 8 SYSTEMPATH\CodeIgniter.php(363): CodeIgniter\CodeIgniter->handleRequest(null, Object(Config\Cache), false)
 9 SYSTEMPATH\Boot.php(417): CodeIgniter\CodeIgniter->run()
10 SYSTEMPATH\Boot.php(68): CodeIgniter\Boot::runCodeIgniter(Object(CodeIgniter\CodeIgniter))
11 FCPATH\index.php(59): CodeIgniter\Boot::bootWeb(Object(Config\Paths))
12 SYSTEMPATH\rewrite.php(44): require_once('D:\\Magang\\Coding\\djuragan\\djuragancom\\djuragancom\\public\\index.php')
WARNING - 2026-09-27 09:27:08 --> [DEPRECATED] Passing lowercase HTTP method "post" is deprecated. Use uppercase HTTP method like "POST". in SYSTEMPATH\Router\RouteCollection.php on line 1026.
 1 SYSTEMPATH\Router\RouteCollection.php(1026): trigger_error('Passing lowercase HTTP method "post" is deprecated. Use uppercase HTTP method like "POST".', 16384)
 2 APPPATH\Config\Routes.php(43): CodeIgniter\Router\RouteCollection->match([...], 'lupa', 'Auth::lupa')
 3 SYSTEMPATH\Router\RouteCollection.php(799): CodeIgniter\Router\RouteCollection::{closure:D:\Magang\Coding\djuragan\djuragancom\djuragancom\app\Config\Routes.php:40}(Object(CodeIgniter\Router\RouteCollection))
 4 APPPATH\Config\Routes.php(40): CodeIgniter\Router\RouteCollection->group('auth', [...], Object(Closure))
 5 SYSTEMPATH\Router\RouteCollection.php(339): require('D:\\Magang\\Coding\\djuragan\\djuragancom\\djuragancom\\app\\Config\\Routes.php')
 6 SYSTEMPATH\CodeIgniter.php(841): CodeIgniter\Router\RouteCollection->loadRoutes()
 7 SYSTEMPATH\CodeIgniter.php(464): CodeIgniter\CodeIgniter->tryToRouteIt(null)
 8 SYSTEMPATH\CodeIgniter.php(363): CodeIgniter\CodeIgniter->handleRequest(null, Object(Config\Cache), false)
 9 SYSTEMPATH\Boot.php(417): CodeIgniter\CodeIgniter->run()
10 SYSTEMPATH\Boot.php(68): CodeIgniter\Boot::runCodeIgniter(Object(CodeIgniter\CodeIgniter))
11 FCPATH\index.php(59): CodeIgniter\Boot::bootWeb(Object(Config\Paths))
12 SYSTEMPATH\rewrite.php(44): require_once('D:\\Magang\\Coding\\djuragan\\djuragancom\\djuragancom\\public\\index.php')
WARNING - 2026-09-27 09:27:08 --> [DEPRECATED] Passing lowercase HTTP method "get" is deprecated. Use uppercase HTTP method like "GET". in SYSTEMPATH\Router\RouteCollection.php on line 1026.
 1 SYSTEMPATH\Router\RouteCollection.php(1026): trigger_error('Passing lowercase HTTP method "get" is deprecated. Use uppercase HTTP method like "GET".', 16384)
 2 APPPATH\Config\Routes.php(41): CodeIgniter\Router\RouteCollection->match([...], 'index', 'Auth::index', [...])
 3 SYSTEMPATH\Router\RouteCollection.php(799): CodeIgniter\Router\RouteCollection::{closure:D:\Magang\Coding\djuragan\djuragancom\djuragancom\app\Config\Routes.php:40}(Object(CodeIgniter\Router\RouteCollection))
 4 APPPATH\Config\Routes.php(40): CodeIgniter\Router\RouteCollection->group('auth', [...], Object(Closure))
 5 SYSTEMPATH\Router\RouteCollection.php(339): require('D:\\Magang\\Coding\\djuragan\\djuragancom\\djuragancom\\app\\Config\\Routes.php')
 6 SYSTEMPATH\CodeIgniter.php(841): CodeIgniter\Router\RouteCollection->loadRoutes()
 7 SYSTEMPATH\CodeIgniter.php(464): CodeIgniter\CodeIgniter->tryToRouteIt(null)
 8 SYSTEMPATH\CodeIgniter.php(363): CodeIgniter\CodeIgniter->handleRequest(null, Object(Config\Cache), false)
 9 SYSTEMPATH\Boot.php(417): CodeIgniter\CodeIgniter->run()
10 SYSTEMPATH\Boot.php(68): CodeIgniter\Boot::runCodeIgniter(Object(CodeIgniter\CodeIgniter))
11 FCPATH\index.php(59): CodeIgniter\Boot::bootWeb(Object(Config\Paths))
12 SYSTEMPATH\rewrite.php(44): require_once('D:\\Magang\\Coding\\djuragan\\djuragancom\\djuragancom\\public\\index.php')
WARNING - 2026-09-27 09:27:08 --> [DEPRECATED] Passing lowercase HTTP method "post" is deprecated. Use uppercase HTTP method like "POST". in SYSTEMPATH\Router\RouteCollection.php on line 1026.
 1 SYSTEMPATH\Router\RouteCollection.php(1026): trigger_error('Passing lowercase HTTP method "post" is deprecated. Use uppercase HTTP method like "POST".', 16384)
 2 APPPATH\Config\Routes.php(41): CodeIgniter\Router\RouteCollection->match([...], 'index', 'Auth::index', [...])
 3 SYSTEMPATH\Router\RouteCollection.php(799): CodeIgniter\Router\RouteCollection::{closure:D:\Magang\Coding\djuragan\djuragancom\djuragancom\app\Config\Routes.php:40}(Object(CodeIgniter\Router\RouteCollection))
 4 APPPATH\Config\Routes.php(40): CodeIgniter\Router\RouteCollection->group('auth', [...], Object(Closure))
 5 SYSTEMPATH\Router\RouteCollection.php(339): require('D:\\Magang\\Coding\\djuragan\\djuragancom\\djuragancom\\app\\Config\\Routes.php')
 6 SYSTEMPATH\CodeIgniter.php(841): CodeIgniter\Router\RouteCollection->loadRoutes()
 7 SYSTEMPATH\CodeIgniter.php(464): CodeIgniter\CodeIgniter->tryToRouteIt(null)
 8 SYSTEMPATH\CodeIgniter.php(363): CodeIgniter\CodeIgniter->handleRequest(null, Object(Config\Cache), false)
 9 SYSTEMPATH\Boot.php(417): CodeIgniter\CodeIgniter->run()
10 SYSTEMPATH\Boot.php(68): CodeIgniter\Boot::runCodeIgniter(Object(CodeIgniter\CodeIgniter))
11 FCPATH\index.php(59): CodeIgniter\Boot::bootWeb(Object(Config\Paths))
12 SYSTEMPATH\rewrite.php(44): require_once('D:\\Magang\\Coding\\djuragan\\djuragancom\\djuragancom\\public\\index.php')
WARNING - 2026-09-27 09:27:08 --> [DEPRECATED] Passing lowercase HTTP method "get" is deprecated. Use uppercase HTTP method like "GET". in SYSTEMPATH\Router\RouteCollection.php on line 1026.
 1 SYSTEMPATH\Router\RouteCollection.php(1026): trigger_error('Passing lowercase HTTP method "get" is deprecated. Use uppercase HTTP method like "GET".', 16384)
 2 APPPATH\Config\Routes.php(42): CodeIgniter\Router\RouteCollection->match([...], 'daftar', 'Auth::daftar')
 3 SYSTEMPATH\Router\RouteCollection.php(799): CodeIgniter\Router\RouteCollection::{closure:D:\Magang\Coding\djuragan\djuragancom\djuragancom\app\Config\Routes.php:40}(Object(CodeIgniter\Router\RouteCollection))
 4 APPPATH\Config\Routes.php(40): CodeIgniter\Router\RouteCollection->group('auth', [...], Object(Closure))
 5 SYSTEMPATH\Router\RouteCollection.php(339): require('D:\\Magang\\Coding\\djuragan\\djuragancom\\djuragancom\\app\\Config\\Routes.php')
 6 SYSTEMPATH\CodeIgniter.php(841): CodeIgniter\Router\RouteCollection->loadRoutes()
 7 SYSTEMPATH\CodeIgniter.php(464): CodeIgniter\CodeIgniter->tryToRouteIt(null)
 8 SYSTEMPATH\CodeIgniter.php(363): CodeIgniter\CodeIgniter->handleRequest(null, Object(Config\Cache), false)
 9 SYSTEMPATH\Boot.php(417): CodeIgniter\CodeIgniter->run()
10 SYSTEMPATH\Boot.php(68): CodeIgniter\Boot::runCodeIgniter(Object(CodeIgniter\CodeIgniter))
11 FCPATH\index.php(59): CodeIgniter\Boot::bootWeb(Object(Config\Paths))
12 SYSTEMPATH\rewrite.php(44): require_once('D:\\Magang\\Coding\\djuragan\\djuragancom\\djuragancom\\public\\index.php')
WARNING - 2026-09-27 09:27:08 --> [DEPRECATED] Passing lowercase HTTP method "post" is deprecated. Use uppercase HTTP method like "POST". in SYSTEMPATH\Router\RouteCollection.php on line 1026.
 1 SYSTEMPATH\Router\RouteCollection.php(1026): trigger_error('Passing lowercase HTTP method "post" is deprecated. Use uppercase HTTP method like "POST".', 16384)
 2 APPPATH\Config\Routes.php(42): CodeIgniter\Router\RouteCollection->match([...], 'daftar', 'Auth::daftar')
 3 SYSTEMPATH\Router\RouteCollection.php(799): CodeIgniter\Router\RouteCollection::{closure:D:\Magang\Coding\djuragan\djuragancom\djuragancom\app\Config\Routes.php:40}(Object(CodeIgniter\Router\RouteCollection))
 4 APPPATH\Config\Routes.php(40): CodeIgniter\Router\RouteCollection->group('auth', [...], Object(Closure))
 5 SYSTEMPATH\Router\RouteCollection.php(339): require('D:\\Magang\\Coding\\djuragan\\djuragancom\\djuragancom\\app\\Config\\Routes.php')
 6 SYSTEMPATH\CodeIgniter.php(841): CodeIgniter\Router\RouteCollection->loadRoutes()
 7 SYSTEMPATH\CodeIgniter.php(464): CodeIgniter\CodeIgniter->tryToRouteIt(null)
 8 SYSTEMPATH\CodeIgniter.php(363): CodeIgniter\CodeIgniter->handleRequest(null, Object(Config\Cache), false)
 9 SYSTEMPATH\Boot.php(417): CodeIgniter\CodeIgniter->run()
10 SYSTEMPATH\Boot.php(68): CodeIgniter\Boot::runCodeIgniter(Object(CodeIgniter\CodeIgniter))
11 FCPATH\index.php(59): CodeIgniter\Boot::bootWeb(Object(Config\Paths))
12 SYSTEMPATH\rewrite.php(44): require_once('D:\\Magang\\Coding\\djuragan\\djuragancom\\djuragancom\\public\\index.php')
WARNING - 2026-09-27 09:27:08 --> [DEPRECATED] Passing lowercase HTTP method "get" is deprecated. Use uppercase HTTP method like "GET". in SYSTEMPATH\Router\RouteCollection.php on line 1026.
 1 SYSTEMPATH\Router\RouteCollection.php(1026): trigger_error('Passing lowercase HTTP method "get" is deprecated. Use uppercase HTTP method like "GET".', 16384)
 2 APPPATH\Config\Routes.php(43): CodeIgniter\Router\RouteCollection->match([...], 'lupa', 'Auth::lupa')
 3 SYSTEMPATH\Router\RouteCollection.php(799): CodeIgniter\Router\RouteCollection::{closure:D:\Magang\Coding\djuragan\djuragancom\djuragancom\app\Config\Routes.php:40}(Object(CodeIgniter\Router\RouteCollection))
 4 APPPATH\Config\Routes.php(40): CodeIgniter\Router\RouteCollection->group('auth', [...], Object(Closure))
 5 SYSTEMPATH\Router\RouteCollection.php(339): require('D:\\Magang\\Coding\\djuragan\\djuragancom\\djuragancom\\app\\Config\\Routes.php')
 6 SYSTEMPATH\CodeIgniter.php(841): CodeIgniter\Router\RouteCollection->loadRoutes()
 7 SYSTEMPATH\CodeIgniter.php(464): CodeIgniter\CodeIgniter->tryToRouteIt(null)
 8 SYSTEMPATH\CodeIgniter.php(363): CodeIgniter\CodeIgniter->handleRequest(null, Object(Config\Cache), false)
 9 SYSTEMPATH\Boot.php(417): CodeIgniter\CodeIgniter->run()
10 SYSTEMPATH\Boot.php(68): CodeIgniter\Boot::runCodeIgniter(Object(CodeIgniter\CodeIgniter))
11 FCPATH\index.php(59): CodeIgniter\Boot::bootWeb(Object(Config\Paths))
12 SYSTEMPATH\rewrite.php(44): require_once('D:\\Magang\\Coding\\djuragan\\djuragancom\\djuragancom\\public\\index.php')
WARNING - 2026-09-27 09:27:08 --> [DEPRECATED] Passing lowercase HTTP method "post" is deprecated. Use uppercase HTTP method like "POST". in SYSTEMPATH\Router\RouteCollection.php on line 1026.
 1 SYSTEMPATH\Router\RouteCollection.php(1026): trigger_error('Passing lowercase HTTP method "post" is deprecated. Use uppercase HTTP method like "POST".', 16384)
 2 APPPATH\Config\Routes.php(43): CodeIgniter\Router\RouteCollection->match([...], 'lupa', 'Auth::lupa')
 3 SYSTEMPATH\Router\RouteCollection.php(799): CodeIgniter\Router\RouteCollection::{closure:D:\Magang\Coding\djuragan\djuragancom\djuragancom\app\Config\Routes.php:40}(Object(CodeIgniter\Router\RouteCollection))
 4 APPPATH\Config\Routes.php(40): CodeIgniter\Router\RouteCollection->group('auth', [...], Object(Closure))
 5 SYSTEMPATH\Router\RouteCollection.php(339): require('D:\\Magang\\Coding\\djuragan\\djuragancom\\djuragancom\\app\\Config\\Routes.php')
 6 SYSTEMPATH\CodeIgniter.php(841): CodeIgniter\Router\RouteCollection->loadRoutes()
 7 SYSTEMPATH\CodeIgniter.php(464): CodeIgniter\CodeIgniter->tryToRouteIt(null)
 8 SYSTEMPATH\CodeIgniter.php(363): CodeIgniter\CodeIgniter->handleRequest(null, Object(Config\Cache), false)
 9 SYSTEMPATH\Boot.php(417): CodeIgniter\CodeIgniter->run()
10 SYSTEMPATH\Boot.php(68): CodeIgniter\Boot::runCodeIgniter(Object(CodeIgniter\CodeIgniter))
11 FCPATH\index.php(59): CodeIgniter\Boot::bootWeb(Object(Config\Paths))
12 SYSTEMPATH\rewrite.php(44): require_once('D:\\Magang\\Coding\\djuragan\\djuragancom\\djuragancom\\public\\index.php')
WARNING - 2026-09-27 09:27:18 --> [DEPRECATED] Passing lowercase HTTP method "get" is deprecated. Use uppercase HTTP method like "GET". in SYSTEMPATH\Router\RouteCollection.php on line 1026.
 1 SYSTEMPATH\Router\RouteCollection.php(1026): trigger_error('Passing lowercase HTTP method "get" is deprecated. Use uppercase HTTP method like "GET".', 16384)
 2 APPPATH\Config\Routes.php(41): CodeIgniter\Router\RouteCollection->match([...], 'index', 'Auth::index', [...])
 3 SYSTEMPATH\Router\RouteCollection.php(799): CodeIgniter\Router\RouteCollection::{closure:D:\Magang\Coding\djuragan\djuragancom\djuragancom\app\Config\Routes.php:40}(Object(CodeIgniter\Router\RouteCollection))
 4 APPPATH\Config\Routes.php(40): CodeIgniter\Router\RouteCollection->group('auth', [...], Object(Closure))
 5 SYSTEMPATH\Router\RouteCollection.php(339): require('D:\\Magang\\Coding\\djuragan\\djuragancom\\djuragancom\\app\\Config\\Routes.php')
 6 SYSTEMPATH\CodeIgniter.php(841): CodeIgniter\Router\RouteCollection->loadRoutes()
 7 SYSTEMPATH\CodeIgniter.php(464): CodeIgniter\CodeIgniter->tryToRouteIt(null)
 8 SYSTEMPATH\CodeIgniter.php(363): CodeIgniter\CodeIgniter->handleRequest(null, Object(Config\Cache), false)
 9 SYSTEMPATH\Boot.php(417): CodeIgniter\CodeIgniter->run()
10 SYSTEMPATH\Boot.php(68): CodeIgniter\Boot::runCodeIgniter(Object(CodeIgniter\CodeIgniter))
11 FCPATH\index.php(59): CodeIgniter\Boot::bootWeb(Object(Config\Paths))
12 SYSTEMPATH\rewrite.php(44): require_once('D:\\Magang\\Coding\\djuragan\\djuragancom\\djuragancom\\public\\index.php')
WARNING - 2026-09-27 09:27:18 --> [DEPRECATED] Passing lowercase HTTP method "post" is deprecated. Use uppercase HTTP method like "POST". in SYSTEMPATH\Router\RouteCollection.php on line 1026.
 1 SYSTEMPATH\Router\RouteCollection.php(1026): trigger_error('Passing lowercase HTTP method "post" is deprecated. Use uppercase HTTP method like "POST".', 16384)
 2 APPPATH\Config\Routes.php(41): CodeIgniter\Router\RouteCollection->match([...], 'index', 'Auth::index', [...])
 3 SYSTEMPATH\Router\RouteCollection.php(799): CodeIgniter\Router\RouteCollection::{closure:D:\Magang\Coding\djuragan\djuragancom\djuragancom\app\Config\Routes.php:40}(Object(CodeIgniter\Router\RouteCollection))
 4 APPPATH\Config\Routes.php(40): CodeIgniter\Router\RouteCollection->group('auth', [...], Object(Closure))
 5 SYSTEMPATH\Router\RouteCollection.php(339): require('D:\\Magang\\Coding\\djuragan\\djuragancom\\djuragancom\\app\\Config\\Routes.php')
 6 SYSTEMPATH\CodeIgniter.php(841): CodeIgniter\Router\RouteCollection->loadRoutes()
 7 SYSTEMPATH\CodeIgniter.php(464): CodeIgniter\CodeIgniter->tryToRouteIt(null)
 8 SYSTEMPATH\CodeIgniter.php(363): CodeIgniter\CodeIgniter->handleRequest(null, Object(Config\Cache), false)
 9 SYSTEMPATH\Boot.php(417): CodeIgniter\CodeIgniter->run()
10 SYSTEMPATH\Boot.php(68): CodeIgniter\Boot::runCodeIgniter(Object(CodeIgniter\CodeIgniter))
11 FCPATH\index.php(59): CodeIgniter\Boot::bootWeb(Object(Config\Paths))
12 SYSTEMPATH\rewrite.php(44): require_once('D:\\Magang\\Coding\\djuragan\\djuragancom\\djuragancom\\public\\index.php')
WARNING - 2026-09-27 09:27:18 --> [DEPRECATED] Passing lowercase HTTP method "get" is deprecated. Use uppercase HTTP method like "GET". in SYSTEMPATH\Router\RouteCollection.php on line 1026.
 1 SYSTEMPATH\Router\RouteCollection.php(1026): trigger_error('Passing lowercase HTTP method "get" is deprecated. Use uppercase HTTP method like "GET".', 16384)
 2 APPPATH\Config\Routes.php(42): CodeIgniter\Router\RouteCollection->match([...], 'daftar', 'Auth::daftar')
 3 SYSTEMPATH\Router\RouteCollection.php(799): CodeIgniter\Router\RouteCollection::{closure:D:\Magang\Coding\djuragan\djuragancom\djuragancom\app\Config\Routes.php:40}(Object(CodeIgniter\Router\RouteCollection))
 4 APPPATH\Config\Routes.php(40): CodeIgniter\Router\RouteCollection->group('auth', [...], Object(Closure))
 5 SYSTEMPATH\Router\RouteCollection.php(339): require('D:\\Magang\\Coding\\djuragan\\djuragancom\\djuragancom\\app\\Config\\Routes.php')
 6 SYSTEMPATH\CodeIgniter.php(841): CodeIgniter\Router\RouteCollection->loadRoutes()
 7 SYSTEMPATH\CodeIgniter.php(464): CodeIgniter\CodeIgniter->tryToRouteIt(null)
 8 SYSTEMPATH\CodeIgniter.php(363): CodeIgniter\CodeIgniter->handleRequest(null, Object(Config\Cache), false)
 9 SYSTEMPATH\Boot.php(417): CodeIgniter\CodeIgniter->run()
10 SYSTEMPATH\Boot.php(68): CodeIgniter\Boot::runCodeIgniter(Object(CodeIgniter\CodeIgniter))
11 FCPATH\index.php(59): CodeIgniter\Boot::bootWeb(Object(Config\Paths))
12 SYSTEMPATH\rewrite.php(44): require_once('D:\\Magang\\Coding\\djuragan\\djuragancom\\djuragancom\\public\\index.php')
WARNING - 2026-09-27 09:27:18 --> [DEPRECATED] Passing lowercase HTTP method "post" is deprecated. Use uppercase HTTP method like "POST". in SYSTEMPATH\Router\RouteCollection.php on line 1026.
 1 SYSTEMPATH\Router\RouteCollection.php(1026): trigger_error('Passing lowercase HTTP method "post" is deprecated. Use uppercase HTTP method like "POST".', 16384)
 2 APPPATH\Config\Routes.php(42): CodeIgniter\Router\RouteCollection->match([...], 'daftar', 'Auth::daftar')
 3 SYSTEMPATH\Router\RouteCollection.php(799): CodeIgniter\Router\RouteCollection::{closure:D:\Magang\Coding\djuragan\djuragancom\djuragancom\app\Config\Routes.php:40}(Object(CodeIgniter\Router\RouteCollection))
 4 APPPATH\Config\Routes.php(40): CodeIgniter\Router\RouteCollection->group('auth', [...], Object(Closure))
 5 SYSTEMPATH\Router\RouteCollection.php(339): require('D:\\Magang\\Coding\\djuragan\\djuragancom\\djuragancom\\app\\Config\\Routes.php')
 6 SYSTEMPATH\CodeIgniter.php(841): CodeIgniter\Router\RouteCollection->loadRoutes()
 7 SYSTEMPATH\CodeIgniter.php(464): CodeIgniter\CodeIgniter->tryToRouteIt(null)
 8 SYSTEMPATH\CodeIgniter.php(363): CodeIgniter\CodeIgniter->handleRequest(null, Object(Config\Cache), false)
 9 SYSTEMPATH\Boot.php(417): CodeIgniter\CodeIgniter->run()
10 SYSTEMPATH\Boot.php(68): CodeIgniter\Boot::runCodeIgniter(Object(CodeIgniter\CodeIgniter))
11 FCPATH\index.php(59): CodeIgniter\Boot::bootWeb(Object(Config\Paths))
12 SYSTEMPATH\rewrite.php(44): require_once('D:\\Magang\\Coding\\djuragan\\djuragancom\\djuragancom\\public\\index.php')
WARNING - 2026-09-27 09:27:18 --> [DEPRECATED] Passing lowercase HTTP method "get" is deprecated. Use uppercase HTTP method like "GET". in SYSTEMPATH\Router\RouteCollection.php on line 1026.
 1 SYSTEMPATH\Router\RouteCollection.php(1026): trigger_error('Passing lowercase HTTP method "get" is deprecated. Use uppercase HTTP method like "GET".', 16384)
 2 APPPATH\Config\Routes.php(43): CodeIgniter\Router\RouteCollection->match([...], 'lupa', 'Auth::lupa')
 3 SYSTEMPATH\Router\RouteCollection.php(799): CodeIgniter\Router\RouteCollection::{closure:D:\Magang\Coding\djuragan\djuragancom\djuragancom\app\Config\Routes.php:40}(Object(CodeIgniter\Router\RouteCollection))
 4 APPPATH\Config\Routes.php(40): CodeIgniter\Router\RouteCollection->group('auth', [...], Object(Closure))
 5 SYSTEMPATH\Router\RouteCollection.php(339): require('D:\\Magang\\Coding\\djuragan\\djuragancom\\djuragancom\\app\\Config\\Routes.php')
 6 SYSTEMPATH\CodeIgniter.php(841): CodeIgniter\Router\RouteCollection->loadRoutes()
 7 SYSTEMPATH\CodeIgniter.php(464): CodeIgniter\CodeIgniter->tryToRouteIt(null)
 8 SYSTEMPATH\CodeIgniter.php(363): CodeIgniter\CodeIgniter->handleRequest(null, Object(Config\Cache), false)
 9 SYSTEMPATH\Boot.php(417): CodeIgniter\CodeIgniter->run()
10 SYSTEMPATH\Boot.php(68): CodeIgniter\Boot::runCodeIgniter(Object(CodeIgniter\CodeIgniter))
11 FCPATH\index.php(59): CodeIgniter\Boot::bootWeb(Object(Config\Paths))
12 SYSTEMPATH\rewrite.php(44): require_once('D:\\Magang\\Coding\\djuragan\\djuragancom\\djuragancom\\public\\index.php')
WARNING - 2026-09-27 09:27:18 --> [DEPRECATED] Passing lowercase HTTP method "post" is deprecated. Use uppercase HTTP method like "POST". in SYSTEMPATH\Router\RouteCollection.php on line 1026.
 1 SYSTEMPATH\Router\RouteCollection.php(1026): trigger_error('Passing lowercase HTTP method "post" is deprecated. Use uppercase HTTP method like "POST".', 16384)
 2 APPPATH\Config\Routes.php(43): CodeIgniter\Router\RouteCollection->match([...], 'lupa', 'Auth::lupa')
 3 SYSTEMPATH\Router\RouteCollection.php(799): CodeIgniter\Router\RouteCollection::{closure:D:\Magang\Coding\djuragan\djuragancom\djuragancom\app\Config\Routes.php:40}(Object(CodeIgniter\Router\RouteCollection))
 4 APPPATH\Config\Routes.php(40): CodeIgniter\Router\RouteCollection->group('auth', [...], Object(Closure))
 5 SYSTEMPATH\Router\RouteCollection.php(339): require('D:\\Magang\\Coding\\djuragan\\djuragancom\\djuragancom\\app\\Config\\Routes.php')
 6 SYSTEMPATH\CodeIgniter.php(841): CodeIgniter\Router\RouteCollection->loadRoutes()
 7 SYSTEMPATH\CodeIgniter.php(464): CodeIgniter\CodeIgniter->tryToRouteIt(null)
 8 SYSTEMPATH\CodeIgniter.php(363): CodeIgniter\CodeIgniter->handleRequest(null, Object(Config\Cache), false)
 9 SYSTEMPATH\Boot.php(417): CodeIgniter\CodeIgniter->run()
10 SYSTEMPATH\Boot.php(68): CodeIgniter\Boot::runCodeIgniter(Object(CodeIgniter\CodeIgniter))
11 FCPATH\index.php(59): CodeIgniter\Boot::bootWeb(Object(Config\Paths))
12 SYSTEMPATH\rewrite.php(44): require_once('D:\\Magang\\Coding\\djuragan\\djuragancom\\djuragancom\\public\\index.php')
WARNING - 2026-09-27 09:27:28 --> [DEPRECATED] Passing lowercase HTTP method "get" is deprecated. Use uppercase HTTP method like "GET". in SYSTEMPATH\Router\RouteCollection.php on line 1026.
 1 SYSTEMPATH\Router\RouteCollection.php(1026): trigger_error('Passing lowercase HTTP method "get" is deprecated. Use uppercase HTTP method like "GET".', 16384)
 2 APPPATH\Config\Routes.php(41): CodeIgniter\Router\RouteCollection->match([...], 'index', 'Auth::index', [...])
 3 SYSTEMPATH\Router\RouteCollection.php(799): CodeIgniter\Router\RouteCollection::{closure:D:\Magang\Coding\djuragan\djuragancom\djuragancom\app\Config\Routes.php:40}(Object(CodeIgniter\Router\RouteCollection))
 4 APPPATH\Config\Routes.php(40): CodeIgniter\Router\RouteCollection->group('auth', [...], Object(Closure))
 5 SYSTEMPATH\Router\RouteCollection.php(339): require('D:\\Magang\\Coding\\djuragan\\djuragancom\\djuragancom\\app\\Config\\Routes.php')
 6 SYSTEMPATH\CodeIgniter.php(841): CodeIgniter\Router\RouteCollection->loadRoutes()
 7 SYSTEMPATH\CodeIgniter.php(464): CodeIgniter\CodeIgniter->tryToRouteIt(null)
 8 SYSTEMPATH\CodeIgniter.php(363): CodeIgniter\CodeIgniter->handleRequest(null, Object(Config\Cache), false)
 9 SYSTEMPATH\Boot.php(417): CodeIgniter\CodeIgniter->run()
10 SYSTEMPATH\Boot.php(68): CodeIgniter\Boot::runCodeIgniter(Object(CodeIgniter\CodeIgniter))
11 FCPATH\index.php(59): CodeIgniter\Boot::bootWeb(Object(Config\Paths))
12 SYSTEMPATH\rewrite.php(44): require_once('D:\\Magang\\Coding\\djuragan\\djuragancom\\djuragancom\\public\\index.php')
WARNING - 2026-09-27 09:27:28 --> [DEPRECATED] Passing lowercase HTTP method "post" is deprecated. Use uppercase HTTP method like "POST". in SYSTEMPATH\Router\RouteCollection.php on line 1026.
 1 SYSTEMPATH\Router\RouteCollection.php(1026): trigger_error('Passing lowercase HTTP method "post" is deprecated. Use uppercase HTTP method like "POST".', 16384)
 2 APPPATH\Config\Routes.php(41): CodeIgniter\Router\RouteCollection->match([...], 'index', 'Auth::index', [...])
 3 SYSTEMPATH\Router\RouteCollection.php(799): CodeIgniter\Router\RouteCollection::{closure:D:\Magang\Coding\djuragan\djuragancom\djuragancom\app\Config\Routes.php:40}(Object(CodeIgniter\Router\RouteCollection))
 4 APPPATH\Config\Routes.php(40): CodeIgniter\Router\RouteCollection->group('auth', [...], Object(Closure))
 5 SYSTEMPATH\Router\RouteCollection.php(339): require('D:\\Magang\\Coding\\djuragan\\djuragancom\\djuragancom\\app\\Config\\Routes.php')
 6 SYSTEMPATH\CodeIgniter.php(841): CodeIgniter\Router\RouteCollection->loadRoutes()
 7 SYSTEMPATH\CodeIgniter.php(464): CodeIgniter\CodeIgniter->tryToRouteIt(null)
 8 SYSTEMPATH\CodeIgniter.php(363): CodeIgniter\CodeIgniter->handleRequest(null, Object(Config\Cache), false)
 9 SYSTEMPATH\Boot.php(417): CodeIgniter\CodeIgniter->run()
10 SYSTEMPATH\Boot.php(68): CodeIgniter\Boot::runCodeIgniter(Object(CodeIgniter\CodeIgniter))
11 FCPATH\index.php(59): CodeIgniter\Boot::bootWeb(Object(Config\Paths))
12 SYSTEMPATH\rewrite.php(44): require_once('D:\\Magang\\Coding\\djuragan\\djuragancom\\djuragancom\\public\\index.php')
WARNING - 2026-09-27 09:27:28 --> [DEPRECATED] Passing lowercase HTTP method "get" is deprecated. Use uppercase HTTP method like "GET". in SYSTEMPATH\Router\RouteCollection.php on line 1026.
 1 SYSTEMPATH\Router\RouteCollection.php(1026): trigger_error('Passing lowercase HTTP method "get" is deprecated. Use uppercase HTTP method like "GET".', 16384)
 2 APPPATH\Config\Routes.php(42): CodeIgniter\Router\RouteCollection->match([...], 'daftar', 'Auth::daftar')
 3 SYSTEMPATH\Router\RouteCollection.php(799): CodeIgniter\Router\RouteCollection::{closure:D:\Magang\Coding\djuragan\djuragancom\djuragancom\app\Config\Routes.php:40}(Object(CodeIgniter\Router\RouteCollection))
 4 APPPATH\Config\Routes.php(40): CodeIgniter\Router\RouteCollection->group('auth', [...], Object(Closure))
 5 SYSTEMPATH\Router\RouteCollection.php(339): require('D:\\Magang\\Coding\\djuragan\\djuragancom\\djuragancom\\app\\Config\\Routes.php')
 6 SYSTEMPATH\CodeIgniter.php(841): CodeIgniter\Router\RouteCollection->loadRoutes()
 7 SYSTEMPATH\CodeIgniter.php(464): CodeIgniter\CodeIgniter->tryToRouteIt(null)
 8 SYSTEMPATH\CodeIgniter.php(363): CodeIgniter\CodeIgniter->handleRequest(null, Object(Config\Cache), false)
 9 SYSTEMPATH\Boot.php(417): CodeIgniter\CodeIgniter->run()
10 SYSTEMPATH\Boot.php(68): CodeIgniter\Boot::runCodeIgniter(Object(CodeIgniter\CodeIgniter))
11 FCPATH\index.php(59): CodeIgniter\Boot::bootWeb(Object(Config\Paths))
12 SYSTEMPATH\rewrite.php(44): require_once('D:\\Magang\\Coding\\djuragan\\djuragancom\\djuragancom\\public\\index.php')
WARNING - 2026-09-27 09:27:28 --> [DEPRECATED] Passing lowercase HTTP method "post" is deprecated. Use uppercase HTTP method like "POST". in SYSTEMPATH\Router\RouteCollection.php on line 1026.
 1 SYSTEMPATH\Router\RouteCollection.php(1026): trigger_error('Passing lowercase HTTP method "post" is deprecated. Use uppercase HTTP method like "POST".', 16384)
 2 APPPATH\Config\Routes.php(42): CodeIgniter\Router\RouteCollection->match([...], 'daftar', 'Auth::daftar')
 3 SYSTEMPATH\Router\RouteCollection.php(799): CodeIgniter\Router\RouteCollection::{closure:D:\Magang\Coding\djuragan\djuragancom\djuragancom\app\Config\Routes.php:40}(Object(CodeIgniter\Router\RouteCollection))
 4 APPPATH\Config\Routes.php(40): CodeIgniter\Router\RouteCollection->group('auth', [...], Object(Closure))
 5 SYSTEMPATH\Router\RouteCollection.php(339): require('D:\\Magang\\Coding\\djuragan\\djuragancom\\djuragancom\\app\\Config\\Routes.php')
 6 SYSTEMPATH\CodeIgniter.php(841): CodeIgniter\Router\RouteCollection->loadRoutes()
 7 SYSTEMPATH\CodeIgniter.php(464): CodeIgniter\CodeIgniter->tryToRouteIt(null)
 8 SYSTEMPATH\CodeIgniter.php(363): CodeIgniter\CodeIgniter->handleRequest(null, Object(Config\Cache), false)
 9 SYSTEMPATH\Boot.php(417): CodeIgniter\CodeIgniter->run()
10 SYSTEMPATH\Boot.php(68): CodeIgniter\Boot::runCodeIgniter(Object(CodeIgniter\CodeIgniter))
11 FCPATH\index.php(59): CodeIgniter\Boot::bootWeb(Object(Config\Paths))
12 SYSTEMPATH\rewrite.php(44): require_once('D:\\Magang\\Coding\\djuragan\\djuragancom\\djuragancom\\public\\index.php')
WARNING - 2026-09-27 09:27:28 --> [DEPRECATED] Passing lowercase HTTP method "get" is deprecated. Use uppercase HTTP method like "GET". in SYSTEMPATH\Router\RouteCollection.php on line 1026.
 1 SYSTEMPATH\Router\RouteCollection.php(1026): trigger_error('Passing lowercase HTTP method "get" is deprecated. Use uppercase HTTP method like "GET".', 16384)
 2 APPPATH\Config\Routes.php(43): CodeIgniter\Router\RouteCollection->match([...], 'lupa', 'Auth::lupa')
 3 SYSTEMPATH\Router\RouteCollection.php(799): CodeIgniter\Router\RouteCollection::{closure:D:\Magang\Coding\djuragan\djuragancom\djuragancom\app\Config\Routes.php:40}(Object(CodeIgniter\Router\RouteCollection))
 4 APPPATH\Config\Routes.php(40): CodeIgniter\Router\RouteCollection->group('auth', [...], Object(Closure))
 5 SYSTEMPATH\Router\RouteCollection.php(339): require('D:\\Magang\\Coding\\djuragan\\djuragancom\\djuragancom\\app\\Config\\Routes.php')
 6 SYSTEMPATH\CodeIgniter.php(841): CodeIgniter\Router\RouteCollection->loadRoutes()
 7 SYSTEMPATH\CodeIgniter.php(464): CodeIgniter\CodeIgniter->tryToRouteIt(null)
 8 SYSTEMPATH\CodeIgniter.php(363): CodeIgniter\CodeIgniter->handleRequest(null, Object(Config\Cache), false)
 9 SYSTEMPATH\Boot.php(417): CodeIgniter\CodeIgniter->run()
10 SYSTEMPATH\Boot.php(68): CodeIgniter\Boot::runCodeIgniter(Object(CodeIgniter\CodeIgniter))
11 FCPATH\index.php(59): CodeIgniter\Boot::bootWeb(Object(Config\Paths))
12 SYSTEMPATH\rewrite.php(44): require_once('D:\\Magang\\Coding\\djuragan\\djuragancom\\djuragancom\\public\\index.php')
WARNING - 2026-09-27 09:27:28 --> [DEPRECATED] Passing lowercase HTTP method "post" is deprecated. Use uppercase HTTP method like "POST". in SYSTEMPATH\Router\RouteCollection.php on line 1026.
 1 SYSTEMPATH\Router\RouteCollection.php(1026): trigger_error('Passing lowercase HTTP method "post" is deprecated. Use uppercase HTTP method like "POST".', 16384)
 2 APPPATH\Config\Routes.php(43): CodeIgniter\Router\RouteCollection->match([...], 'lupa', 'Auth::lupa')
 3 SYSTEMPATH\Router\RouteCollection.php(799): CodeIgniter\Router\RouteCollection::{closure:D:\Magang\Coding\djuragan\djuragancom\djuragancom\app\Config\Routes.php:40}(Object(CodeIgniter\Router\RouteCollection))
 4 APPPATH\Config\Routes.php(40): CodeIgniter\Router\RouteCollection->group('auth', [...], Object(Closure))
 5 SYSTEMPATH\Router\RouteCollection.php(339): require('D:\\Magang\\Coding\\djuragan\\djuragancom\\djuragancom\\app\\Config\\Routes.php')
 6 SYSTEMPATH\CodeIgniter.php(841): CodeIgniter\Router\RouteCollection->loadRoutes()
 7 SYSTEMPATH\CodeIgniter.php(464): CodeIgniter\CodeIgniter->tryToRouteIt(null)
 8 SYSTEMPATH\CodeIgniter.php(363): CodeIgniter\CodeIgniter->handleRequest(null, Object(Config\Cache), false)
 9 SYSTEMPATH\Boot.php(417): CodeIgniter\CodeIgniter->run()
10 SYSTEMPATH\Boot.php(68): CodeIgniter\Boot::runCodeIgniter(Object(CodeIgniter\CodeIgniter))
11 FCPATH\index.php(59): CodeIgniter\Boot::bootWeb(Object(Config\Paths))
12 SYSTEMPATH\rewrite.php(44): require_once('D:\\Magang\\Coding\\djuragan\\djuragancom\\djuragancom\\public\\index.php')
WARNING - 2026-09-27 09:27:39 --> [DEPRECATED] Passing lowercase HTTP method "get" is deprecated. Use uppercase HTTP method like "GET". in SYSTEMPATH\Router\RouteCollection.php on line 1026.
 1 SYSTEMPATH\Router\RouteCollection.php(1026): trigger_error('Passing lowercase HTTP method "get" is deprecated. Use uppercase HTTP method like "GET".', 16384)
 2 APPPATH\Config\Routes.php(41): CodeIgniter\Router\RouteCollection->match([...], 'index', 'Auth::index', [...])
 3 SYSTEMPATH\Router\RouteCollection.php(799): CodeIgniter\Router\RouteCollection::{closure:D:\Magang\Coding\djuragan\djuragancom\djuragancom\app\Config\Routes.php:40}(Object(CodeIgniter\Router\RouteCollection))
 4 APPPATH\Config\Routes.php(40): CodeIgniter\Router\RouteCollection->group('auth', [...], Object(Closure))
 5 SYSTEMPATH\Router\RouteCollection.php(339): require('D:\\Magang\\Coding\\djuragan\\djuragancom\\djuragancom\\app\\Config\\Routes.php')
 6 SYSTEMPATH\CodeIgniter.php(841): CodeIgniter\Router\RouteCollection->loadRoutes()
 7 SYSTEMPATH\CodeIgniter.php(464): CodeIgniter\CodeIgniter->tryToRouteIt(null)
 8 SYSTEMPATH\CodeIgniter.php(363): CodeIgniter\CodeIgniter->handleRequest(null, Object(Config\Cache), false)
 9 SYSTEMPATH\Boot.php(417): CodeIgniter\CodeIgniter->run()
10 SYSTEMPATH\Boot.php(68): CodeIgniter\Boot::runCodeIgniter(Object(CodeIgniter\CodeIgniter))
11 FCPATH\index.php(59): CodeIgniter\Boot::bootWeb(Object(Config\Paths))
12 SYSTEMPATH\rewrite.php(44): require_once('D:\\Magang\\Coding\\djuragan\\djuragancom\\djuragancom\\public\\index.php')
WARNING - 2026-09-27 09:27:39 --> [DEPRECATED] Passing lowercase HTTP method "post" is deprecated. Use uppercase HTTP method like "POST". in SYSTEMPATH\Router\RouteCollection.php on line 1026.
 1 SYSTEMPATH\Router\RouteCollection.php(1026): trigger_error('Passing lowercase HTTP method "post" is deprecated. Use uppercase HTTP method like "POST".', 16384)
 2 APPPATH\Config\Routes.php(41): CodeIgniter\Router\RouteCollection->match([...], 'index', 'Auth::index', [...])
 3 SYSTEMPATH\Router\RouteCollection.php(799): CodeIgniter\Router\RouteCollection::{closure:D:\Magang\Coding\djuragan\djuragancom\djuragancom\app\Config\Routes.php:40}(Object(CodeIgniter\Router\RouteCollection))
 4 APPPATH\Config\Routes.php(40): CodeIgniter\Router\RouteCollection->group('auth', [...], Object(Closure))
 5 SYSTEMPATH\Router\RouteCollection.php(339): require('D:\\Magang\\Coding\\djuragan\\djuragancom\\djuragancom\\app\\Config\\Routes.php')
 6 SYSTEMPATH\CodeIgniter.php(841): CodeIgniter\Router\RouteCollection->loadRoutes()
 7 SYSTEMPATH\CodeIgniter.php(464): CodeIgniter\CodeIgniter->tryToRouteIt(null)
 8 SYSTEMPATH\CodeIgniter.php(363): CodeIgniter\CodeIgniter->handleRequest(null, Object(Config\Cache), false)
 9 SYSTEMPATH\Boot.php(417): CodeIgniter\CodeIgniter->run()
10 SYSTEMPATH\Boot.php(68): CodeIgniter\Boot::runCodeIgniter(Object(CodeIgniter\CodeIgniter))
11 FCPATH\index.php(59): CodeIgniter\Boot::bootWeb(Object(Config\Paths))
12 SYSTEMPATH\rewrite.php(44): require_once('D:\\Magang\\Coding\\djuragan\\djuragancom\\djuragancom\\public\\index.php')
WARNING - 2026-09-27 09:27:39 --> [DEPRECATED] Passing lowercase HTTP method "get" is deprecated. Use uppercase HTTP method like "GET". in SYSTEMPATH\Router\RouteCollection.php on line 1026.
 1 SYSTEMPATH\Router\RouteCollection.php(1026): trigger_error('Passing lowercase HTTP method "get" is deprecated. Use uppercase HTTP method like "GET".', 16384)
 2 APPPATH\Config\Routes.php(42): CodeIgniter\Router\RouteCollection->match([...], 'daftar', 'Auth::daftar')
 3 SYSTEMPATH\Router\RouteCollection.php(799): CodeIgniter\Router\RouteCollection::{closure:D:\Magang\Coding\djuragan\djuragancom\djuragancom\app\Config\Routes.php:40}(Object(CodeIgniter\Router\RouteCollection))
 4 APPPATH\Config\Routes.php(40): CodeIgniter\Router\RouteCollection->group('auth', [...], Object(Closure))
 5 SYSTEMPATH\Router\RouteCollection.php(339): require('D:\\Magang\\Coding\\djuragan\\djuragancom\\djuragancom\\app\\Config\\Routes.php')
 6 SYSTEMPATH\CodeIgniter.php(841): CodeIgniter\Router\RouteCollection->loadRoutes()
 7 SYSTEMPATH\CodeIgniter.php(464): CodeIgniter\CodeIgniter->tryToRouteIt(null)
 8 SYSTEMPATH\CodeIgniter.php(363): CodeIgniter\CodeIgniter->handleRequest(null, Object(Config\Cache), false)
 9 SYSTEMPATH\Boot.php(417): CodeIgniter\CodeIgniter->run()
10 SYSTEMPATH\Boot.php(68): CodeIgniter\Boot::runCodeIgniter(Object(CodeIgniter\CodeIgniter))
11 FCPATH\index.php(59): CodeIgniter\Boot::bootWeb(Object(Config\Paths))
12 SYSTEMPATH\rewrite.php(44): require_once('D:\\Magang\\Coding\\djuragan\\djuragancom\\djuragancom\\public\\index.php')
WARNING - 2026-09-27 09:27:39 --> [DEPRECATED] Passing lowercase HTTP method "post" is deprecated. Use uppercase HTTP method like "POST". in SYSTEMPATH\Router\RouteCollection.php on line 1026.
 1 SYSTEMPATH\Router\RouteCollection.php(1026): trigger_error('Passing lowercase HTTP method "post" is deprecated. Use uppercase HTTP method like "POST".', 16384)
 2 APPPATH\Config\Routes.php(42): CodeIgniter\Router\RouteCollection->match([...], 'daftar', 'Auth::daftar')
 3 SYSTEMPATH\Router\RouteCollection.php(799): CodeIgniter\Router\RouteCollection::{closure:D:\Magang\Coding\djuragan\djuragancom\djuragancom\app\Config\Routes.php:40}(Object(CodeIgniter\Router\RouteCollection))
 4 APPPATH\Config\Routes.php(40): CodeIgniter\Router\RouteCollection->group('auth', [...], Object(Closure))
 5 SYSTEMPATH\Router\RouteCollection.php(339): require('D:\\Magang\\Coding\\djuragan\\djuragancom\\djuragancom\\app\\Config\\Routes.php')
 6 SYSTEMPATH\CodeIgniter.php(841): CodeIgniter\Router\RouteCollection->loadRoutes()
 7 SYSTEMPATH\CodeIgniter.php(464): CodeIgniter\CodeIgniter->tryToRouteIt(null)
 8 SYSTEMPATH\CodeIgniter.php(363): CodeIgniter\CodeIgniter->handleRequest(null, Object(Config\Cache), false)
 9 SYSTEMPATH\Boot.php(417): CodeIgniter\CodeIgniter->run()
10 SYSTEMPATH\Boot.php(68): CodeIgniter\Boot::runCodeIgniter(Object(CodeIgniter\CodeIgniter))
11 FCPATH\index.php(59): CodeIgniter\Boot::bootWeb(Object(Config\Paths))
12 SYSTEMPATH\rewrite.php(44): require_once('D:\\Magang\\Coding\\djuragan\\djuragancom\\djuragancom\\public\\index.php')
WARNING - 2026-09-27 09:27:39 --> [DEPRECATED] Passing lowercase HTTP method "get" is deprecated. Use uppercase HTTP method like "GET". in SYSTEMPATH\Router\RouteCollection.php on line 1026.
 1 SYSTEMPATH\Router\RouteCollection.php(1026): trigger_error('Passing lowercase HTTP method "get" is deprecated. Use uppercase HTTP method like "GET".', 16384)
 2 APPPATH\Config\Routes.php(43): CodeIgniter\Router\RouteCollection->match([...], 'lupa', 'Auth::lupa')
 3 SYSTEMPATH\Router\RouteCollection.php(799): CodeIgniter\Router\RouteCollection::{closure:D:\Magang\Coding\djuragan\djuragancom\djuragancom\app\Config\Routes.php:40}(Object(CodeIgniter\Router\RouteCollection))
 4 APPPATH\Config\Routes.php(40): CodeIgniter\Router\RouteCollection->group('auth', [...], Object(Closure))
 5 SYSTEMPATH\Router\RouteCollection.php(339): require('D:\\Magang\\Coding\\djuragan\\djuragancom\\djuragancom\\app\\Config\\Routes.php')
 6 SYSTEMPATH\CodeIgniter.php(841): CodeIgniter\Router\RouteCollection->loadRoutes()
 7 SYSTEMPATH\CodeIgniter.php(464): CodeIgniter\CodeIgniter->tryToRouteIt(null)
 8 SYSTEMPATH\CodeIgniter.php(363): CodeIgniter\CodeIgniter->handleRequest(null, Object(Config\Cache), false)
 9 SYSTEMPATH\Boot.php(417): CodeIgniter\CodeIgniter->run()
10 SYSTEMPATH\Boot.php(68): CodeIgniter\Boot::runCodeIgniter(Object(CodeIgniter\CodeIgniter))
11 FCPATH\index.php(59): CodeIgniter\Boot::bootWeb(Object(Config\Paths))
12 SYSTEMPATH\rewrite.php(44): require_once('D:\\Magang\\Coding\\djuragan\\djuragancom\\djuragancom\\public\\index.php')
WARNING - 2026-09-27 09:27:39 --> [DEPRECATED] Passing lowercase HTTP method "post" is deprecated. Use uppercase HTTP method like "POST". in SYSTEMPATH\Router\RouteCollection.php on line 1026.
 1 SYSTEMPATH\Router\RouteCollection.php(1026): trigger_error('Passing lowercase HTTP method "post" is deprecated. Use uppercase HTTP method like "POST".', 16384)
 2 APPPATH\Config\Routes.php(43): CodeIgniter\Router\RouteCollection->match([...], 'lupa', 'Auth::lupa')
 3 SYSTEMPATH\Router\RouteCollection.php(799): CodeIgniter\Router\RouteCollection::{closure:D:\Magang\Coding\djuragan\djuragancom\djuragancom\app\Config\Routes.php:40}(Object(CodeIgniter\Router\RouteCollection))
 4 APPPATH\Config\Routes.php(40): CodeIgniter\Router\RouteCollection->group('auth', [...], Object(Closure))
 5 SYSTEMPATH\Router\RouteCollection.php(339): require('D:\\Magang\\Coding\\djuragan\\djuragancom\\djuragancom\\app\\Config\\Routes.php')
 6 SYSTEMPATH\CodeIgniter.php(841): CodeIgniter\Router\RouteCollection->loadRoutes()
 7 SYSTEMPATH\CodeIgniter.php(464): CodeIgniter\CodeIgniter->tryToRouteIt(null)
 8 SYSTEMPATH\CodeIgniter.php(363): CodeIgniter\CodeIgniter->handleRequest(null, Object(Config\Cache), false)
 9 SYSTEMPATH\Boot.php(417): CodeIgniter\CodeIgniter->run()
10 SYSTEMPATH\Boot.php(68): CodeIgniter\Boot::runCodeIgniter(Object(CodeIgniter\CodeIgniter))
11 FCPATH\index.php(59): CodeIgniter\Boot::bootWeb(Object(Config\Paths))
12 SYSTEMPATH\rewrite.php(44): require_once('D:\\Magang\\Coding\\djuragan\\djuragancom\\djuragancom\\public\\index.php')
