CRITICAL - 2022-12-13 08:00:10 --> Return value of App\Models\LabelInvoice::getSimple() must be an object, null returned
in APPPATH/Models/LabelInvoice.php on line 27.
 1 APPPATH/Models/InvoiceModel.php(85): App\Models\LabelInvoice->getSimple(8563)
 2 APPPATH/Controllers/Admin/Invoices.php(66): App\Models\InvoiceModel->getAll('cek-bayar', 0, '/home/dnzwygdo/public_html', 20, 0)
 3 SYSTEMPATH/CodeIgniter.php(898): App\Controllers\Admin\Invoices->lihat()
 4 SYSTEMPATH/CodeIgniter.php(457): CodeIgniter\CodeIgniter->runController(Object(App\Controllers\Admin\Invoices))
 5 SYSTEMPATH/CodeIgniter.php(340): CodeIgniter\CodeIgniter->handleRequest(null, Object(Config\Cache), false)
 6 FCPATH/index.php(67): CodeIgniter\CodeIgniter->run()
CRITICAL - 2022-12-13 08:00:13 --> Return value of App\Models\LabelInvoice::getSimple() must be an object, null returned
in APPPATH/Models/LabelInvoice.php on line 27.
 1 APPPATH/Models/InvoiceModel.php(85): App\Models\LabelInvoice->getSimple(8563)
 2 APPPATH/Controllers/Admin/Invoices.php(66): App\Models\InvoiceModel->getAll('cek-bayar', 0, '/home/dnzwygdo/public_html', 20, 0)
 3 SYSTEMPATH/CodeIgniter.php(898): App\Controllers\Admin\Invoices->lihat()
 4 SYSTEMPATH/CodeIgniter.php(457): CodeIgniter\CodeIgniter->runController(Object(App\Controllers\Admin\Invoices))
 5 SYSTEMPATH/CodeIgniter.php(340): CodeIgniter\CodeIgniter->handleRequest(null, Object(Config\Cache), false)
 6 FCPATH/index.php(67): CodeIgniter\CodeIgniter->run()
CRITICAL - 2022-12-13 08:03:13 --> Return value of App\Models\LabelInvoice::getSimple() must be an object, null returned
in APPPATH/Models/LabelInvoice.php on line 27.
 1 APPPATH/Models/InvoiceModel.php(85): App\Models\LabelInvoice->getSimple(8563)
 2 APPPATH/Controllers/Admin/Invoices.php(66): App\Models\InvoiceModel->getAll('cek-bayar', 0, '/home/dnzwygdo/public_html', 20, 0)
 3 SYSTEMPATH/CodeIgniter.php(898): App\Controllers\Admin\Invoices->lihat()
 4 SYSTEMPATH/CodeIgniter.php(457): CodeIgniter\CodeIgniter->runController(Object(App\Controllers\Admin\Invoices))
 5 SYSTEMPATH/CodeIgniter.php(340): CodeIgniter\CodeIgniter->handleRequest(null, Object(Config\Cache), false)
 6 FCPATH/index.php(67): CodeIgniter\CodeIgniter->run()
CRITICAL - 2022-12-13 08:52:55 --> Return value of App\Models\LabelInvoice::getSimple() must be an object, null returned
in APPPATH/Models/LabelInvoice.php on line 27.
 1 APPPATH/Models/InvoiceModel.php(85): App\Models\LabelInvoice->getSimple(8563)
 2 APPPATH/Controllers/Admin/Invoices.php(66): App\Models\InvoiceModel->getAll('cek-bayar', 0, '/home/dnzwygdo/public_html', 20, 0)
 3 SYSTEMPATH/CodeIgniter.php(898): App\Controllers\Admin\Invoices->lihat()
 4 SYSTEMPATH/CodeIgniter.php(457): CodeIgniter\CodeIgniter->runController(Object(App\Controllers\Admin\Invoices))
 5 SYSTEMPATH/CodeIgniter.php(340): CodeIgniter\CodeIgniter->handleRequest(null, Object(Config\Cache), false)
 6 FCPATH/index.php(67): CodeIgniter\CodeIgniter->run()
CRITICAL - 2022-12-13 08:52:55 --> Return value of App\Models\LabelInvoice::getSimple() must be an object, null returned
in APPPATH/Models/LabelInvoice.php on line 27.
 1 APPPATH/Models/InvoiceModel.php(85): App\Models\LabelInvoice->getSimple(8563)
 2 APPPATH/Controllers/Admin/Invoices.php(66): App\Models\InvoiceModel->getAll('cek-bayar', 0, '/home/dnzwygdo/public_html', 20, 0)
 3 SYSTEMPATH/CodeIgniter.php(898): App\Controllers\Admin\Invoices->lihat()
 4 SYSTEMPATH/CodeIgniter.php(457): CodeIgniter\CodeIgniter->runController(Object(App\Controllers\Admin\Invoices))
 5 SYSTEMPATH/CodeIgniter.php(340): CodeIgniter\CodeIgniter->handleRequest(null, Object(Config\Cache), false)
 6 FCPATH/index.php(67): CodeIgniter\CodeIgniter->run()
CRITICAL - 2022-12-13 08:56:49 --> Return value of App\Models\LabelInvoice::getSimple() must be an object, null returned
in APPPATH/Models/LabelInvoice.php on line 27.
 1 APPPATH/Models/InvoiceModel.php(85): App\Models\LabelInvoice->getSimple(8563)
 2 APPPATH/Controllers/Admin/Invoices.php(66): App\Models\InvoiceModel->getAll('cek-bayar', 0, '/home/dnzwygdo/public_html', 20, 0)
 3 SYSTEMPATH/CodeIgniter.php(898): App\Controllers\Admin\Invoices->lihat()
 4 SYSTEMPATH/CodeIgniter.php(457): CodeIgniter\CodeIgniter->runController(Object(App\Controllers\Admin\Invoices))
 5 SYSTEMPATH/CodeIgniter.php(340): CodeIgniter\CodeIgniter->handleRequest(null, Object(Config\Cache), false)
 6 FCPATH/index.php(67): CodeIgniter\CodeIgniter->run()
CRITICAL - 2022-12-13 08:57:58 --> Return value of App\Models\LabelInvoice::getSimple() must be an object, null returned
in APPPATH/Models/LabelInvoice.php on line 27.
 1 APPPATH/Models/InvoiceModel.php(85): App\Models\LabelInvoice->getSimple(8563)
 2 APPPATH/Controllers/Admin/Invoices.php(66): App\Models\InvoiceModel->getAll('cek-bayar', 0, '/home/dnzwygdo/public_html', 20, 0)
 3 SYSTEMPATH/CodeIgniter.php(898): App\Controllers\Admin\Invoices->lihat()
 4 SYSTEMPATH/CodeIgniter.php(457): CodeIgniter\CodeIgniter->runController(Object(App\Controllers\Admin\Invoices))
 5 SYSTEMPATH/CodeIgniter.php(340): CodeIgniter\CodeIgniter->handleRequest(null, Object(Config\Cache), false)
 6 FCPATH/index.php(67): CodeIgniter\CodeIgniter->run()
CRITICAL - 2022-12-13 08:57:58 --> Return value of App\Models\LabelInvoice::getSimple() must be an object, null returned
in APPPATH/Models/LabelInvoice.php on line 27.
 1 APPPATH/Models/InvoiceModel.php(85): App\Models\LabelInvoice->getSimple(8563)
 2 APPPATH/Controllers/Admin/Invoices.php(66): App\Models\InvoiceModel->getAll('cek-bayar', 0, '/home/dnzwygdo/public_html', 20, 0)
 3 SYSTEMPATH/CodeIgniter.php(898): App\Controllers\Admin\Invoices->lihat()
 4 SYSTEMPATH/CodeIgniter.php(457): CodeIgniter\CodeIgniter->runController(Object(App\Controllers\Admin\Invoices))
 5 SYSTEMPATH/CodeIgniter.php(340): CodeIgniter\CodeIgniter->handleRequest(null, Object(Config\Cache), false)
 6 FCPATH/index.php(67): CodeIgniter\CodeIgniter->run()
CRITICAL - 2022-12-13 08:59:54 --> Return value of App\Models\LabelInvoice::getSimple() must be an object, null returned
in APPPATH/Models/LabelInvoice.php on line 27.
 1 APPPATH/Models/InvoiceModel.php(85): App\Models\LabelInvoice->getSimple(8563)
 2 APPPATH/Controllers/Admin/Invoices.php(66): App\Models\InvoiceModel->getAll('cek-bayar', 0, '/home/dnzwygdo/public_html', 20, 0)
 3 SYSTEMPATH/CodeIgniter.php(898): App\Controllers\Admin\Invoices->lihat()
 4 SYSTEMPATH/CodeIgniter.php(457): CodeIgniter\CodeIgniter->runController(Object(App\Controllers\Admin\Invoices))
 5 SYSTEMPATH/CodeIgniter.php(340): CodeIgniter\CodeIgniter->handleRequest(null, Object(Config\Cache), false)
 6 FCPATH/index.php(67): CodeIgniter\CodeIgniter->run()
CRITICAL - 2022-12-13 08:59:57 --> Return value of App\Models\LabelInvoice::getSimple() must be an object, null returned
in APPPATH/Models/LabelInvoice.php on line 27.
 1 APPPATH/Models/InvoiceModel.php(85): App\Models\LabelInvoice->getSimple(8563)
 2 APPPATH/Controllers/Admin/Invoices.php(66): App\Models\InvoiceModel->getAll('cek-bayar', 0, '/home/dnzwygdo/public_html', 20, 0)
 3 SYSTEMPATH/CodeIgniter.php(898): App\Controllers\Admin\Invoices->lihat()
 4 SYSTEMPATH/CodeIgniter.php(457): CodeIgniter\CodeIgniter->runController(Object(App\Controllers\Admin\Invoices))
 5 SYSTEMPATH/CodeIgniter.php(340): CodeIgniter\CodeIgniter->handleRequest(null, Object(Config\Cache), false)
 6 FCPATH/index.php(67): CodeIgniter\CodeIgniter->run()
CRITICAL - 2022-12-13 08:59:59 --> Return value of App\Models\LabelInvoice::getSimple() must be an object, null returned
in APPPATH/Models/LabelInvoice.php on line 27.
 1 APPPATH/Models/InvoiceModel.php(85): App\Models\LabelInvoice->getSimple(8563)
 2 APPPATH/Controllers/Admin/Invoices.php(66): App\Models\InvoiceModel->getAll('cek-bayar', 0, '/home/dnzwygdo/public_html', 20, 0)
 3 SYSTEMPATH/CodeIgniter.php(898): App\Controllers\Admin\Invoices->lihat()
 4 SYSTEMPATH/CodeIgniter.php(457): CodeIgniter\CodeIgniter->runController(Object(App\Controllers\Admin\Invoices))
 5 SYSTEMPATH/CodeIgniter.php(340): CodeIgniter\CodeIgniter->handleRequest(null, Object(Config\Cache), false)
 6 FCPATH/index.php(67): CodeIgniter\CodeIgniter->run()
CRITICAL - 2022-12-13 09:00:03 --> Return value of App\Models\LabelInvoice::getSimple() must be an object, null returned
in APPPATH/Models/LabelInvoice.php on line 27.
 1 APPPATH/Models/InvoiceModel.php(85): App\Models\LabelInvoice->getSimple(8563)
 2 APPPATH/Controllers/Admin/Invoices.php(66): App\Models\InvoiceModel->getAll('cek-bayar', 0, '/home/dnzwygdo/public_html', 20, 0)
 3 SYSTEMPATH/CodeIgniter.php(898): App\Controllers\Admin\Invoices->lihat()
 4 SYSTEMPATH/CodeIgniter.php(457): CodeIgniter\CodeIgniter->runController(Object(App\Controllers\Admin\Invoices))
 5 SYSTEMPATH/CodeIgniter.php(340): CodeIgniter\CodeIgniter->handleRequest(null, Object(Config\Cache), false)
 6 FCPATH/index.php(67): CodeIgniter\CodeIgniter->run()
CRITICAL - 2022-12-13 09:00:11 --> Return value of App\Models\LabelInvoice::getSimple() must be an object, null returned
in APPPATH/Models/LabelInvoice.php on line 27.
 1 APPPATH/Models/InvoiceModel.php(85): App\Models\LabelInvoice->getSimple(8563)
 2 APPPATH/Controllers/Admin/Invoices.php(66): App\Models\InvoiceModel->getAll('cek-bayar', 0, '/home/dnzwygdo/public_html', 20, 0)
 3 SYSTEMPATH/CodeIgniter.php(898): App\Controllers\Admin\Invoices->lihat()
 4 SYSTEMPATH/CodeIgniter.php(457): CodeIgniter\CodeIgniter->runController(Object(App\Controllers\Admin\Invoices))
 5 SYSTEMPATH/CodeIgniter.php(340): CodeIgniter\CodeIgniter->handleRequest(null, Object(Config\Cache), false)
 6 FCPATH/index.php(67): CodeIgniter\CodeIgniter->run()
CRITICAL - 2022-12-13 09:00:14 --> Return value of App\Models\LabelInvoice::getSimple() must be an object, null returned
in APPPATH/Models/LabelInvoice.php on line 27.
 1 APPPATH/Models/InvoiceModel.php(85): App\Models\LabelInvoice->getSimple(8563)
 2 APPPATH/Controllers/Admin/Invoices.php(66): App\Models\InvoiceModel->getAll('cek-bayar', 0, '/home/dnzwygdo/public_html', 20, 0)
 3 SYSTEMPATH/CodeIgniter.php(898): App\Controllers\Admin\Invoices->lihat()
 4 SYSTEMPATH/CodeIgniter.php(457): CodeIgniter\CodeIgniter->runController(Object(App\Controllers\Admin\Invoices))
 5 SYSTEMPATH/CodeIgniter.php(340): CodeIgniter\CodeIgniter->handleRequest(null, Object(Config\Cache), false)
 6 FCPATH/index.php(67): CodeIgniter\CodeIgniter->run()
CRITICAL - 2022-12-13 09:00:16 --> Return value of App\Models\LabelInvoice::getSimple() must be an object, null returned
in APPPATH/Models/LabelInvoice.php on line 27.
 1 APPPATH/Models/InvoiceModel.php(85): App\Models\LabelInvoice->getSimple(8563)
 2 APPPATH/Controllers/Admin/Invoices.php(66): App\Models\InvoiceModel->getAll('cek-bayar', 0, '/home/dnzwygdo/public_html', 20, 0)
 3 SYSTEMPATH/CodeIgniter.php(898): App\Controllers\Admin\Invoices->lihat()
 4 SYSTEMPATH/CodeIgniter.php(457): CodeIgniter\CodeIgniter->runController(Object(App\Controllers\Admin\Invoices))
 5 SYSTEMPATH/CodeIgniter.php(340): CodeIgniter\CodeIgniter->handleRequest(null, Object(Config\Cache), false)
 6 FCPATH/index.php(67): CodeIgniter\CodeIgniter->run()
CRITICAL - 2022-12-13 09:00:20 --> Return value of App\Models\LabelInvoice::getSimple() must be an object, null returned
in APPPATH/Models/LabelInvoice.php on line 27.
 1 APPPATH/Models/InvoiceModel.php(85): App\Models\LabelInvoice->getSimple(8563)
 2 APPPATH/Controllers/Admin/Invoices.php(66): App\Models\InvoiceModel->getAll('cek-bayar', 0, '/home/dnzwygdo/public_html', 20, 0)
 3 SYSTEMPATH/CodeIgniter.php(898): App\Controllers\Admin\Invoices->lihat()
 4 SYSTEMPATH/CodeIgniter.php(457): CodeIgniter\CodeIgniter->runController(Object(App\Controllers\Admin\Invoices))
 5 SYSTEMPATH/CodeIgniter.php(340): CodeIgniter\CodeIgniter->handleRequest(null, Object(Config\Cache), false)
 6 FCPATH/index.php(67): CodeIgniter\CodeIgniter->run()
CRITICAL - 2022-12-13 09:00:22 --> Return value of App\Models\LabelInvoice::getSimple() must be an object, null returned
in APPPATH/Models/LabelInvoice.php on line 27.
 1 APPPATH/Models/InvoiceModel.php(85): App\Models\LabelInvoice->getSimple(8563)
 2 APPPATH/Controllers/Admin/Invoices.php(66): App\Models\InvoiceModel->getAll('cek-bayar', 0, '/home/dnzwygdo/public_html', 20, 0)
 3 SYSTEMPATH/CodeIgniter.php(898): App\Controllers\Admin\Invoices->lihat()
 4 SYSTEMPATH/CodeIgniter.php(457): CodeIgniter\CodeIgniter->runController(Object(App\Controllers\Admin\Invoices))
 5 SYSTEMPATH/CodeIgniter.php(340): CodeIgniter\CodeIgniter->handleRequest(null, Object(Config\Cache), false)
 6 FCPATH/index.php(67): CodeIgniter\CodeIgniter->run()
CRITICAL - 2022-12-13 09:00:24 --> Return value of App\Models\LabelInvoice::getSimple() must be an object, null returned
in APPPATH/Models/LabelInvoice.php on line 27.
 1 APPPATH/Models/InvoiceModel.php(85): App\Models\LabelInvoice->getSimple(8563)
 2 APPPATH/Controllers/Admin/Invoices.php(66): App\Models\InvoiceModel->getAll('cek-bayar', 0, '/home/dnzwygdo/public_html', 20, 0)
 3 SYSTEMPATH/CodeIgniter.php(898): App\Controllers\Admin\Invoices->lihat()
 4 SYSTEMPATH/CodeIgniter.php(457): CodeIgniter\CodeIgniter->runController(Object(App\Controllers\Admin\Invoices))
 5 SYSTEMPATH/CodeIgniter.php(340): CodeIgniter\CodeIgniter->handleRequest(null, Object(Config\Cache), false)
 6 FCPATH/index.php(67): CodeIgniter\CodeIgniter->run()
CRITICAL - 2022-12-13 09:00:32 --> Return value of App\Models\LabelInvoice::getSimple() must be an object, null returned
in APPPATH/Models/LabelInvoice.php on line 27.
 1 APPPATH/Models/InvoiceModel.php(85): App\Models\LabelInvoice->getSimple(8563)
 2 APPPATH/Controllers/Admin/Invoices.php(66): App\Models\InvoiceModel->getAll('cek-bayar', 0, '/home/dnzwygdo/public_html', 20, 0)
 3 SYSTEMPATH/CodeIgniter.php(898): App\Controllers\Admin\Invoices->lihat()
 4 SYSTEMPATH/CodeIgniter.php(457): CodeIgniter\CodeIgniter->runController(Object(App\Controllers\Admin\Invoices))
 5 SYSTEMPATH/CodeIgniter.php(340): CodeIgniter\CodeIgniter->handleRequest(null, Object(Config\Cache), false)
 6 FCPATH/index.php(67): CodeIgniter\CodeIgniter->run()
CRITICAL - 2022-12-13 09:00:40 --> Return value of App\Models\LabelInvoice::getSimple() must be an object, null returned
in APPPATH/Models/LabelInvoice.php on line 27.
 1 APPPATH/Models/InvoiceModel.php(85): App\Models\LabelInvoice->getSimple(8563)
 2 APPPATH/Controllers/Admin/Invoices.php(66): App\Models\InvoiceModel->getAll('cek-bayar', 0, '/home/dnzwygdo/public_html', 20, 0)
 3 SYSTEMPATH/CodeIgniter.php(898): App\Controllers\Admin\Invoices->lihat()
 4 SYSTEMPATH/CodeIgniter.php(457): CodeIgniter\CodeIgniter->runController(Object(App\Controllers\Admin\Invoices))
 5 SYSTEMPATH/CodeIgniter.php(340): CodeIgniter\CodeIgniter->handleRequest(null, Object(Config\Cache), false)
 6 FCPATH/index.php(67): CodeIgniter\CodeIgniter->run()
CRITICAL - 2022-12-13 09:00:48 --> Return value of App\Models\LabelInvoice::getSimple() must be an object, null returned
in APPPATH/Models/LabelInvoice.php on line 27.
 1 APPPATH/Models/InvoiceModel.php(85): App\Models\LabelInvoice->getSimple(8563)
 2 APPPATH/Controllers/Admin/Invoices.php(66): App\Models\InvoiceModel->getAll('cek-bayar', 0, '/home/dnzwygdo/public_html', 20, 0)
 3 SYSTEMPATH/CodeIgniter.php(898): App\Controllers\Admin\Invoices->lihat()
 4 SYSTEMPATH/CodeIgniter.php(457): CodeIgniter\CodeIgniter->runController(Object(App\Controllers\Admin\Invoices))
 5 SYSTEMPATH/CodeIgniter.php(340): CodeIgniter\CodeIgniter->handleRequest(null, Object(Config\Cache), false)
 6 FCPATH/index.php(67): CodeIgniter\CodeIgniter->run()
CRITICAL - 2022-12-13 09:00:56 --> Return value of App\Models\LabelInvoice::getSimple() must be an object, null returned
in APPPATH/Models/LabelInvoice.php on line 27.
 1 APPPATH/Models/InvoiceModel.php(85): App\Models\LabelInvoice->getSimple(8563)
 2 APPPATH/Controllers/Admin/Invoices.php(66): App\Models\InvoiceModel->getAll('cek-bayar', 0, '/home/dnzwygdo/public_html', 20, 0)
 3 SYSTEMPATH/CodeIgniter.php(898): App\Controllers\Admin\Invoices->lihat()
 4 SYSTEMPATH/CodeIgniter.php(457): CodeIgniter\CodeIgniter->runController(Object(App\Controllers\Admin\Invoices))
 5 SYSTEMPATH/CodeIgniter.php(340): CodeIgniter\CodeIgniter->handleRequest(null, Object(Config\Cache), false)
 6 FCPATH/index.php(67): CodeIgniter\CodeIgniter->run()
CRITICAL - 2022-12-13 09:01:15 --> Return value of App\Models\LabelInvoice::getSimple() must be an object, null returned
in APPPATH/Models/LabelInvoice.php on line 27.
 1 APPPATH/Models/InvoiceModel.php(85): App\Models\LabelInvoice->getSimple(8563)
 2 APPPATH/Controllers/Admin/Invoices.php(66): App\Models\InvoiceModel->getAll('cek-bayar', 0, '/home/dnzwygdo/public_html', 20, 0)
 3 SYSTEMPATH/CodeIgniter.php(898): App\Controllers\Admin\Invoices->lihat()
 4 SYSTEMPATH/CodeIgniter.php(457): CodeIgniter\CodeIgniter->runController(Object(App\Controllers\Admin\Invoices))
 5 SYSTEMPATH/CodeIgniter.php(340): CodeIgniter\CodeIgniter->handleRequest(null, Object(Config\Cache), false)
 6 FCPATH/index.php(67): CodeIgniter\CodeIgniter->run()
CRITICAL - 2022-12-13 09:04:05 --> Return value of App\Models\LabelInvoice::getSimple() must be an object, null returned
in APPPATH/Models/LabelInvoice.php on line 27.
 1 APPPATH/Models/InvoiceModel.php(85): App\Models\LabelInvoice->getSimple(8563)
 2 APPPATH/Controllers/Admin/Invoices.php(66): App\Models\InvoiceModel->getAll('cek-bayar', 0, '/home/dnzwygdo/public_html', 20, 0)
 3 SYSTEMPATH/CodeIgniter.php(898): App\Controllers\Admin\Invoices->lihat()
 4 SYSTEMPATH/CodeIgniter.php(457): CodeIgniter\CodeIgniter->runController(Object(App\Controllers\Admin\Invoices))
 5 SYSTEMPATH/CodeIgniter.php(340): CodeIgniter\CodeIgniter->handleRequest(null, Object(Config\Cache), false)
 6 FCPATH/index.php(67): CodeIgniter\CodeIgniter->run()
CRITICAL - 2022-12-13 09:08:14 --> Return value of App\Models\LabelInvoice::getSimple() must be an object, null returned
in APPPATH/Models/LabelInvoice.php on line 27.
 1 APPPATH/Models/InvoiceModel.php(85): App\Models\LabelInvoice->getSimple(8563)
 2 APPPATH/Controllers/Admin/Invoices.php(66): App\Models\InvoiceModel->getAll('cek-bayar', 0, '/home/dnzwygdo/public_html', 20, 0)
 3 SYSTEMPATH/CodeIgniter.php(898): App\Controllers\Admin\Invoices->lihat()
 4 SYSTEMPATH/CodeIgniter.php(457): CodeIgniter\CodeIgniter->runController(Object(App\Controllers\Admin\Invoices))
 5 SYSTEMPATH/CodeIgniter.php(340): CodeIgniter\CodeIgniter->handleRequest(null, Object(Config\Cache), false)
 6 FCPATH/index.php(67): CodeIgniter\CodeIgniter->run()
CRITICAL - 2022-12-13 09:08:18 --> Return value of App\Models\LabelInvoice::getSimple() must be an object, null returned
in APPPATH/Models/LabelInvoice.php on line 27.
 1 APPPATH/Models/InvoiceModel.php(85): App\Models\LabelInvoice->getSimple(8563)
 2 APPPATH/Controllers/Admin/Invoices.php(66): App\Models\InvoiceModel->getAll('cek-bayar', 0, '/home/dnzwygdo/public_html', 20, 0)
 3 SYSTEMPATH/CodeIgniter.php(898): App\Controllers\Admin\Invoices->lihat()
 4 SYSTEMPATH/CodeIgniter.php(457): CodeIgniter\CodeIgniter->runController(Object(App\Controllers\Admin\Invoices))
 5 SYSTEMPATH/CodeIgniter.php(340): CodeIgniter\CodeIgniter->handleRequest(null, Object(Config\Cache), false)
 6 FCPATH/index.php(67): CodeIgniter\CodeIgniter->run()
CRITICAL - 2022-12-13 09:08:25 --> Return value of App\Models\LabelInvoice::getSimple() must be an object, null returned
in APPPATH/Models/LabelInvoice.php on line 27.
 1 APPPATH/Models/InvoiceModel.php(85): App\Models\LabelInvoice->getSimple(8563)
 2 APPPATH/Controllers/Admin/Invoices.php(66): App\Models\InvoiceModel->getAll('cek-bayar', 0, '/home/dnzwygdo/public_html', 20, 0)
 3 SYSTEMPATH/CodeIgniter.php(898): App\Controllers\Admin\Invoices->lihat()
 4 SYSTEMPATH/CodeIgniter.php(457): CodeIgniter\CodeIgniter->runController(Object(App\Controllers\Admin\Invoices))
 5 SYSTEMPATH/CodeIgniter.php(340): CodeIgniter\CodeIgniter->handleRequest(null, Object(Config\Cache), false)
 6 FCPATH/index.php(67): CodeIgniter\CodeIgniter->run()
CRITICAL - 2022-12-13 09:08:34 --> Return value of App\Models\LabelInvoice::getSimple() must be an object, null returned
in APPPATH/Models/LabelInvoice.php on line 27.
 1 APPPATH/Models/InvoiceModel.php(85): App\Models\LabelInvoice->getSimple(8563)
 2 APPPATH/Controllers/Admin/Invoices.php(66): App\Models\InvoiceModel->getAll('cek-bayar', 0, '/home/dnzwygdo/public_html', 20, 0)
 3 SYSTEMPATH/CodeIgniter.php(898): App\Controllers\Admin\Invoices->lihat()
 4 SYSTEMPATH/CodeIgniter.php(457): CodeIgniter\CodeIgniter->runController(Object(App\Controllers\Admin\Invoices))
 5 SYSTEMPATH/CodeIgniter.php(340): CodeIgniter\CodeIgniter->handleRequest(null, Object(Config\Cache), false)
 6 FCPATH/index.php(67): CodeIgniter\CodeIgniter->run()
CRITICAL - 2022-12-13 09:08:39 --> Return value of App\Models\LabelInvoice::getSimple() must be an object, null returned
in APPPATH/Models/LabelInvoice.php on line 27.
 1 APPPATH/Models/InvoiceModel.php(85): App\Models\LabelInvoice->getSimple(8563)
 2 APPPATH/Controllers/Admin/Invoices.php(66): App\Models\InvoiceModel->getAll('cek-bayar', 0, '/home/dnzwygdo/public_html', 20, 0)
 3 SYSTEMPATH/CodeIgniter.php(898): App\Controllers\Admin\Invoices->lihat()
 4 SYSTEMPATH/CodeIgniter.php(457): CodeIgniter\CodeIgniter->runController(Object(App\Controllers\Admin\Invoices))
 5 SYSTEMPATH/CodeIgniter.php(340): CodeIgniter\CodeIgniter->handleRequest(null, Object(Config\Cache), false)
 6 FCPATH/index.php(67): CodeIgniter\CodeIgniter->run()
CRITICAL - 2022-12-13 09:14:43 --> Return value of App\Models\LabelInvoice::getSimple() must be an object, null returned
in APPPATH/Models/LabelInvoice.php on line 27.
 1 APPPATH/Models/InvoiceModel.php(85): App\Models\LabelInvoice->getSimple(8563)
 2 APPPATH/Controllers/Admin/Invoices.php(66): App\Models\InvoiceModel->getAll('cek-bayar', 0, '/home/dnzwygdo/public_html', 20, 0)
 3 SYSTEMPATH/CodeIgniter.php(898): App\Controllers\Admin\Invoices->lihat()
 4 SYSTEMPATH/CodeIgniter.php(457): CodeIgniter\CodeIgniter->runController(Object(App\Controllers\Admin\Invoices))
 5 SYSTEMPATH/CodeIgniter.php(340): CodeIgniter\CodeIgniter->handleRequest(null, Object(Config\Cache), false)
 6 FCPATH/index.php(67): CodeIgniter\CodeIgniter->run()
CRITICAL - 2022-12-13 09:16:33 --> Return value of App\Models\LabelInvoice::getSimple() must be an object, null returned
in APPPATH/Models/LabelInvoice.php on line 27.
 1 APPPATH/Models/InvoiceModel.php(85): App\Models\LabelInvoice->getSimple(8563)
 2 APPPATH/Controllers/User/Invoices.php(156): App\Models\InvoiceModel->getAll('belum-proses', 3, '/home/dnzwygdo/public_html', 20, 0)
 3 SYSTEMPATH/CodeIgniter.php(898): App\Controllers\User\Invoices->lihat('51e3988da1e21f4dd41ac864c601c3c55e9b556e', 'belum-proses')
 4 SYSTEMPATH/CodeIgniter.php(457): CodeIgniter\CodeIgniter->runController(Object(App\Controllers\User\Invoices))
 5 SYSTEMPATH/CodeIgniter.php(340): CodeIgniter\CodeIgniter->handleRequest(null, Object(Config\Cache), false)
 6 FCPATH/index.php(67): CodeIgniter\CodeIgniter->run()
CRITICAL - 2022-12-13 09:16:36 --> Return value of App\Models\LabelInvoice::getSimple() must be an object, null returned
in APPPATH/Models/LabelInvoice.php on line 27.
 1 APPPATH/Models/InvoiceModel.php(85): App\Models\LabelInvoice->getSimple(8563)
 2 APPPATH/Controllers/User/Invoices.php(156): App\Models\InvoiceModel->getAll('belum-proses', 3, '/home/dnzwygdo/public_html', 20, 0)
 3 SYSTEMPATH/CodeIgniter.php(898): App\Controllers\User\Invoices->lihat('51e3988da1e21f4dd41ac864c601c3c55e9b556e', 'belum-proses')
 4 SYSTEMPATH/CodeIgniter.php(457): CodeIgniter\CodeIgniter->runController(Object(App\Controllers\User\Invoices))
 5 SYSTEMPATH/CodeIgniter.php(340): CodeIgniter\CodeIgniter->handleRequest(null, Object(Config\Cache), false)
 6 FCPATH/index.php(67): CodeIgniter\CodeIgniter->run()
CRITICAL - 2022-12-13 09:22:10 --> Return value of App\Models\LabelInvoice::getSimple() must be an object, null returned
in APPPATH/Models/LabelInvoice.php on line 27.
 1 APPPATH/Models/InvoiceModel.php(85): App\Models\LabelInvoice->getSimple(8563)
 2 APPPATH/Controllers/Admin/Invoices.php(66): App\Models\InvoiceModel->getAll('cek-bayar', 0, '/home/dnzwygdo/public_html', 20, 0)
 3 SYSTEMPATH/CodeIgniter.php(898): App\Controllers\Admin\Invoices->lihat()
 4 SYSTEMPATH/CodeIgniter.php(457): CodeIgniter\CodeIgniter->runController(Object(App\Controllers\Admin\Invoices))
 5 SYSTEMPATH/CodeIgniter.php(340): CodeIgniter\CodeIgniter->handleRequest(null, Object(Config\Cache), false)
 6 FCPATH/index.php(67): CodeIgniter\CodeIgniter->run()
CRITICAL - 2022-12-13 09:22:23 --> Return value of App\Models\LabelInvoice::getSimple() must be an object, null returned
in APPPATH/Models/LabelInvoice.php on line 27.
 1 APPPATH/Models/InvoiceModel.php(85): App\Models\LabelInvoice->getSimple(8563)
 2 APPPATH/Controllers/Admin/Invoices.php(66): App\Models\InvoiceModel->getAll('cek-bayar', 0, '/home/dnzwygdo/public_html', 20, 0)
 3 SYSTEMPATH/CodeIgniter.php(898): App\Controllers\Admin\Invoices->lihat()
 4 SYSTEMPATH/CodeIgniter.php(457): CodeIgniter\CodeIgniter->runController(Object(App\Controllers\Admin\Invoices))
 5 SYSTEMPATH/CodeIgniter.php(340): CodeIgniter\CodeIgniter->handleRequest(null, Object(Config\Cache), false)
 6 FCPATH/index.php(67): CodeIgniter\CodeIgniter->run()
CRITICAL - 2022-12-13 09:22:32 --> Return value of App\Models\LabelInvoice::getSimple() must be an object, null returned
in APPPATH/Models/LabelInvoice.php on line 27.
 1 APPPATH/Models/InvoiceModel.php(85): App\Models\LabelInvoice->getSimple(8563)
 2 APPPATH/Controllers/Admin/Invoices.php(66): App\Models\InvoiceModel->getAll('cek-bayar', 0, '/home/dnzwygdo/public_html', 20, 0)
 3 SYSTEMPATH/CodeIgniter.php(898): App\Controllers\Admin\Invoices->lihat()
 4 SYSTEMPATH/CodeIgniter.php(457): CodeIgniter\CodeIgniter->runController(Object(App\Controllers\Admin\Invoices))
 5 SYSTEMPATH/CodeIgniter.php(340): CodeIgniter\CodeIgniter->handleRequest(null, Object(Config\Cache), false)
 6 FCPATH/index.php(67): CodeIgniter\CodeIgniter->run()
CRITICAL - 2022-12-13 09:24:10 --> Return value of App\Models\LabelInvoice::getSimple() must be an object, null returned
in APPPATH/Models/LabelInvoice.php on line 27.
 1 APPPATH/Models/InvoiceModel.php(85): App\Models\LabelInvoice->getSimple(8563)
 2 APPPATH/Controllers/Admin/Invoices.php(66): App\Models\InvoiceModel->getAll('cek-bayar', 0, '/home/dnzwygdo/public_html', 20, 0)
 3 SYSTEMPATH/CodeIgniter.php(898): App\Controllers\Admin\Invoices->lihat()
 4 SYSTEMPATH/CodeIgniter.php(457): CodeIgniter\CodeIgniter->runController(Object(App\Controllers\Admin\Invoices))
 5 SYSTEMPATH/CodeIgniter.php(340): CodeIgniter\CodeIgniter->handleRequest(null, Object(Config\Cache), false)
 6 FCPATH/index.php(67): CodeIgniter\CodeIgniter->run()
CRITICAL - 2022-12-13 09:24:17 --> Return value of App\Models\LabelInvoice::getSimple() must be an object, null returned
in APPPATH/Models/LabelInvoice.php on line 27.
 1 APPPATH/Models/InvoiceModel.php(85): App\Models\LabelInvoice->getSimple(8563)
 2 APPPATH/Controllers/Admin/Invoices.php(66): App\Models\InvoiceModel->getAll('cek-bayar', 0, '/home/dnzwygdo/public_html', 20, 0)
 3 SYSTEMPATH/CodeIgniter.php(898): App\Controllers\Admin\Invoices->lihat()
 4 SYSTEMPATH/CodeIgniter.php(457): CodeIgniter\CodeIgniter->runController(Object(App\Controllers\Admin\Invoices))
 5 SYSTEMPATH/CodeIgniter.php(340): CodeIgniter\CodeIgniter->handleRequest(null, Object(Config\Cache), false)
 6 FCPATH/index.php(67): CodeIgniter\CodeIgniter->run()
CRITICAL - 2022-12-13 09:25:02 --> Return value of App\Models\LabelInvoice::getSimple() must be an object, null returned
in APPPATH/Models/LabelInvoice.php on line 27.
 1 APPPATH/Models/InvoiceModel.php(85): App\Models\LabelInvoice->getSimple(8563)
 2 APPPATH/Controllers/Admin/Invoices.php(66): App\Models\InvoiceModel->getAll('cek-bayar', 0, '/home/dnzwygdo/public_html', 20, 0)
 3 SYSTEMPATH/CodeIgniter.php(898): App\Controllers\Admin\Invoices->lihat()
 4 SYSTEMPATH/CodeIgniter.php(457): CodeIgniter\CodeIgniter->runController(Object(App\Controllers\Admin\Invoices))
 5 SYSTEMPATH/CodeIgniter.php(340): CodeIgniter\CodeIgniter->handleRequest(null, Object(Config\Cache), false)
 6 FCPATH/index.php(67): CodeIgniter\CodeIgniter->run()
CRITICAL - 2022-12-13 09:25:50 --> Return value of App\Models\LabelInvoice::getSimple() must be an object, null returned
in APPPATH/Models/LabelInvoice.php on line 27.
 1 APPPATH/Models/InvoiceModel.php(85): App\Models\LabelInvoice->getSimple(8563)
 2 APPPATH/Controllers/Admin/Invoices.php(66): App\Models\InvoiceModel->getAll('cek-bayar', 0, '/home/dnzwygdo/public_html', 20, 0)
 3 SYSTEMPATH/CodeIgniter.php(898): App\Controllers\Admin\Invoices->lihat()
 4 SYSTEMPATH/CodeIgniter.php(457): CodeIgniter\CodeIgniter->runController(Object(App\Controllers\Admin\Invoices))
 5 SYSTEMPATH/CodeIgniter.php(340): CodeIgniter\CodeIgniter->handleRequest(null, Object(Config\Cache), false)
 6 FCPATH/index.php(67): CodeIgniter\CodeIgniter->run()
CRITICAL - 2022-12-13 09:25:59 --> Return value of App\Models\LabelInvoice::getSimple() must be an object, null returned
in APPPATH/Models/LabelInvoice.php on line 27.
 1 APPPATH/Models/InvoiceModel.php(85): App\Models\LabelInvoice->getSimple(8563)
 2 APPPATH/Controllers/Admin/Invoices.php(66): App\Models\InvoiceModel->getAll('cek-bayar', 0, '/home/dnzwygdo/public_html', 20, 0)
 3 SYSTEMPATH/CodeIgniter.php(898): App\Controllers\Admin\Invoices->lihat()
 4 SYSTEMPATH/CodeIgniter.php(457): CodeIgniter\CodeIgniter->runController(Object(App\Controllers\Admin\Invoices))
 5 SYSTEMPATH/CodeIgniter.php(340): CodeIgniter\CodeIgniter->handleRequest(null, Object(Config\Cache), false)
 6 FCPATH/index.php(67): CodeIgniter\CodeIgniter->run()
CRITICAL - 2022-12-13 09:26:23 --> Return value of App\Models\LabelInvoice::getSimple() must be an object, null returned
in APPPATH/Models/LabelInvoice.php on line 27.
 1 APPPATH/Models/InvoiceModel.php(85): App\Models\LabelInvoice->getSimple(8563)
 2 APPPATH/Controllers/Admin/Invoices.php(66): App\Models\InvoiceModel->getAll('cek-bayar', 0, '/home/dnzwygdo/public_html', 20, 0)
 3 SYSTEMPATH/CodeIgniter.php(898): App\Controllers\Admin\Invoices->lihat()
 4 SYSTEMPATH/CodeIgniter.php(457): CodeIgniter\CodeIgniter->runController(Object(App\Controllers\Admin\Invoices))
 5 SYSTEMPATH/CodeIgniter.php(340): CodeIgniter\CodeIgniter->handleRequest(null, Object(Config\Cache), false)
 6 FCPATH/index.php(67): CodeIgniter\CodeIgniter->run()
CRITICAL - 2022-12-13 09:36:44 --> Return value of App\Models\LabelInvoice::getSimple() must be an object, null returned
in APPPATH/Models/LabelInvoice.php on line 27.
 1 APPPATH/Models/InvoiceModel.php(85): App\Models\LabelInvoice->getSimple(8563)
 2 APPPATH/Controllers/Admin/Invoices.php(66): App\Models\InvoiceModel->getAll('cek-bayar', 0, '/home/dnzwygdo/public_html', 20, 0)
 3 SYSTEMPATH/CodeIgniter.php(898): App\Controllers\Admin\Invoices->lihat()
 4 SYSTEMPATH/CodeIgniter.php(457): CodeIgniter\CodeIgniter->runController(Object(App\Controllers\Admin\Invoices))
 5 SYSTEMPATH/CodeIgniter.php(340): CodeIgniter\CodeIgniter->handleRequest(null, Object(Config\Cache), false)
 6 FCPATH/index.php(67): CodeIgniter\CodeIgniter->run()
CRITICAL - 2022-12-13 09:40:12 --> Return value of App\Models\LabelInvoice::getSimple() must be an object, null returned
in APPPATH/Models/LabelInvoice.php on line 27.
 1 APPPATH/Models/InvoiceModel.php(85): App\Models\LabelInvoice->getSimple(8563)
 2 APPPATH/Controllers/Admin/Invoices.php(66): App\Models\InvoiceModel->getAll('cek-bayar', 0, '/home/dnzwygdo/public_html', 20, 0)
 3 SYSTEMPATH/CodeIgniter.php(898): App\Controllers\Admin\Invoices->lihat()
 4 SYSTEMPATH/CodeIgniter.php(457): CodeIgniter\CodeIgniter->runController(Object(App\Controllers\Admin\Invoices))
 5 SYSTEMPATH/CodeIgniter.php(340): CodeIgniter\CodeIgniter->handleRequest(null, Object(Config\Cache), false)
 6 FCPATH/index.php(67): CodeIgniter\CodeIgniter->run()
CRITICAL - 2022-12-13 09:43:07 --> Return value of App\Models\LabelInvoice::getSimple() must be an object, null returned
in APPPATH/Models/LabelInvoice.php on line 27.
 1 APPPATH/Models/InvoiceModel.php(85): App\Models\LabelInvoice->getSimple(8563)
 2 APPPATH/Controllers/Admin/Invoices.php(66): App\Models\InvoiceModel->getAll('cek-bayar', 0, '/home/dnzwygdo/public_html', 20, 0)
 3 SYSTEMPATH/CodeIgniter.php(898): App\Controllers\Admin\Invoices->lihat()
 4 SYSTEMPATH/CodeIgniter.php(457): CodeIgniter\CodeIgniter->runController(Object(App\Controllers\Admin\Invoices))
 5 SYSTEMPATH/CodeIgniter.php(340): CodeIgniter\CodeIgniter->handleRequest(null, Object(Config\Cache), false)
 6 FCPATH/index.php(67): CodeIgniter\CodeIgniter->run()
CRITICAL - 2022-12-13 09:43:08 --> Return value of App\Models\LabelInvoice::getSimple() must be an object, null returned
in APPPATH/Models/LabelInvoice.php on line 27.
 1 APPPATH/Models/InvoiceModel.php(85): App\Models\LabelInvoice->getSimple(8563)
 2 APPPATH/Controllers/Admin/Invoices.php(66): App\Models\InvoiceModel->getAll('cek-bayar', 0, '/home/dnzwygdo/public_html', 20, 0)
 3 SYSTEMPATH/CodeIgniter.php(898): App\Controllers\Admin\Invoices->lihat()
 4 SYSTEMPATH/CodeIgniter.php(457): CodeIgniter\CodeIgniter->runController(Object(App\Controllers\Admin\Invoices))
 5 SYSTEMPATH/CodeIgniter.php(340): CodeIgniter\CodeIgniter->handleRequest(null, Object(Config\Cache), false)
 6 FCPATH/index.php(67): CodeIgniter\CodeIgniter->run()
CRITICAL - 2022-12-13 09:43:09 --> Return value of App\Models\LabelInvoice::getSimple() must be an object, null returned
in APPPATH/Models/LabelInvoice.php on line 27.
 1 APPPATH/Models/InvoiceModel.php(85): App\Models\LabelInvoice->getSimple(8563)
 2 APPPATH/Controllers/Admin/Invoices.php(66): App\Models\InvoiceModel->getAll('cek-bayar', 0, '/home/dnzwygdo/public_html', 20, 0)
 3 SYSTEMPATH/CodeIgniter.php(898): App\Controllers\Admin\Invoices->lihat()
 4 SYSTEMPATH/CodeIgniter.php(457): CodeIgniter\CodeIgniter->runController(Object(App\Controllers\Admin\Invoices))
 5 SYSTEMPATH/CodeIgniter.php(340): CodeIgniter\CodeIgniter->handleRequest(null, Object(Config\Cache), false)
 6 FCPATH/index.php(67): CodeIgniter\CodeIgniter->run()
CRITICAL - 2022-12-13 09:43:10 --> Return value of App\Models\LabelInvoice::getSimple() must be an object, null returned
in APPPATH/Models/LabelInvoice.php on line 27.
 1 APPPATH/Models/InvoiceModel.php(85): App\Models\LabelInvoice->getSimple(8563)
 2 APPPATH/Controllers/Admin/Invoices.php(66): App\Models\InvoiceModel->getAll('cek-bayar', 0, '/home/dnzwygdo/public_html', 20, 0)
 3 SYSTEMPATH/CodeIgniter.php(898): App\Controllers\Admin\Invoices->lihat()
 4 SYSTEMPATH/CodeIgniter.php(457): CodeIgniter\CodeIgniter->runController(Object(App\Controllers\Admin\Invoices))
 5 SYSTEMPATH/CodeIgniter.php(340): CodeIgniter\CodeIgniter->handleRequest(null, Object(Config\Cache), false)
 6 FCPATH/index.php(67): CodeIgniter\CodeIgniter->run()
CRITICAL - 2022-12-13 09:43:10 --> Return value of App\Models\LabelInvoice::getSimple() must be an object, null returned
in APPPATH/Models/LabelInvoice.php on line 27.
 1 APPPATH/Models/InvoiceModel.php(85): App\Models\LabelInvoice->getSimple(8563)
 2 APPPATH/Controllers/Admin/Invoices.php(66): App\Models\InvoiceModel->getAll('cek-bayar', 0, '/home/dnzwygdo/public_html', 20, 0)
 3 SYSTEMPATH/CodeIgniter.php(898): App\Controllers\Admin\Invoices->lihat()
 4 SYSTEMPATH/CodeIgniter.php(457): CodeIgniter\CodeIgniter->runController(Object(App\Controllers\Admin\Invoices))
 5 SYSTEMPATH/CodeIgniter.php(340): CodeIgniter\CodeIgniter->handleRequest(null, Object(Config\Cache), false)
 6 FCPATH/index.php(67): CodeIgniter\CodeIgniter->run()
CRITICAL - 2022-12-13 09:43:11 --> Return value of App\Models\LabelInvoice::getSimple() must be an object, null returned
in APPPATH/Models/LabelInvoice.php on line 27.
 1 APPPATH/Models/InvoiceModel.php(85): App\Models\LabelInvoice->getSimple(8563)
 2 APPPATH/Controllers/Admin/Invoices.php(66): App\Models\InvoiceModel->getAll('cek-bayar', 0, '/home/dnzwygdo/public_html', 20, 0)
 3 SYSTEMPATH/CodeIgniter.php(898): App\Controllers\Admin\Invoices->lihat()
 4 SYSTEMPATH/CodeIgniter.php(457): CodeIgniter\CodeIgniter->runController(Object(App\Controllers\Admin\Invoices))
 5 SYSTEMPATH/CodeIgniter.php(340): CodeIgniter\CodeIgniter->handleRequest(null, Object(Config\Cache), false)
 6 FCPATH/index.php(67): CodeIgniter\CodeIgniter->run()
CRITICAL - 2022-12-13 09:43:17 --> Return value of App\Models\LabelInvoice::getSimple() must be an object, null returned
in APPPATH/Models/LabelInvoice.php on line 27.
 1 APPPATH/Models/InvoiceModel.php(85): App\Models\LabelInvoice->getSimple(8563)
 2 APPPATH/Controllers/Admin/Invoices.php(66): App\Models\InvoiceModel->getAll('cek-bayar', 0, '/home/dnzwygdo/public_html', 20, 0)
 3 SYSTEMPATH/CodeIgniter.php(898): App\Controllers\Admin\Invoices->lihat()
 4 SYSTEMPATH/CodeIgniter.php(457): CodeIgniter\CodeIgniter->runController(Object(App\Controllers\Admin\Invoices))
 5 SYSTEMPATH/CodeIgniter.php(340): CodeIgniter\CodeIgniter->handleRequest(null, Object(Config\Cache), false)
 6 FCPATH/index.php(67): CodeIgniter\CodeIgniter->run()
CRITICAL - 2022-12-13 09:45:40 --> Return value of App\Models\LabelInvoice::getSimple() must be an object, null returned
in APPPATH/Models/LabelInvoice.php on line 27.
 1 APPPATH/Models/InvoiceModel.php(85): App\Models\LabelInvoice->getSimple(8563)
 2 APPPATH/Controllers/Admin/Invoices.php(66): App\Models\InvoiceModel->getAll('cek-bayar', 0, '/home/dnzwygdo/public_html', 20, 0)
 3 SYSTEMPATH/CodeIgniter.php(898): App\Controllers\Admin\Invoices->lihat()
 4 SYSTEMPATH/CodeIgniter.php(457): CodeIgniter\CodeIgniter->runController(Object(App\Controllers\Admin\Invoices))
 5 SYSTEMPATH/CodeIgniter.php(340): CodeIgniter\CodeIgniter->handleRequest(null, Object(Config\Cache), false)
 6 FCPATH/index.php(67): CodeIgniter\CodeIgniter->run()
CRITICAL - 2022-12-13 09:45:41 --> Return value of App\Models\LabelInvoice::getSimple() must be an object, null returned
in APPPATH/Models/LabelInvoice.php on line 27.
 1 APPPATH/Models/InvoiceModel.php(85): App\Models\LabelInvoice->getSimple(8563)
 2 APPPATH/Controllers/Admin/Invoices.php(66): App\Models\InvoiceModel->getAll('cek-bayar', 0, '/home/dnzwygdo/public_html', 20, 0)
 3 SYSTEMPATH/CodeIgniter.php(898): App\Controllers\Admin\Invoices->lihat()
 4 SYSTEMPATH/CodeIgniter.php(457): CodeIgniter\CodeIgniter->runController(Object(App\Controllers\Admin\Invoices))
 5 SYSTEMPATH/CodeIgniter.php(340): CodeIgniter\CodeIgniter->handleRequest(null, Object(Config\Cache), false)
 6 FCPATH/index.php(67): CodeIgniter\CodeIgniter->run()
CRITICAL - 2022-12-13 09:45:44 --> Return value of App\Models\LabelInvoice::getSimple() must be an object, null returned
in APPPATH/Models/LabelInvoice.php on line 27.
 1 APPPATH/Models/InvoiceModel.php(85): App\Models\LabelInvoice->getSimple(8563)
 2 APPPATH/Controllers/Admin/Invoices.php(66): App\Models\InvoiceModel->getAll('cek-bayar', 0, '/home/dnzwygdo/public_html', 20, 0)
 3 SYSTEMPATH/CodeIgniter.php(898): App\Controllers\Admin\Invoices->lihat()
 4 SYSTEMPATH/CodeIgniter.php(457): CodeIgniter\CodeIgniter->runController(Object(App\Controllers\Admin\Invoices))
 5 SYSTEMPATH/CodeIgniter.php(340): CodeIgniter\CodeIgniter->handleRequest(null, Object(Config\Cache), false)
 6 FCPATH/index.php(67): CodeIgniter\CodeIgniter->run()
CRITICAL - 2022-12-13 09:45:51 --> Return value of App\Models\LabelInvoice::getSimple() must be an object, null returned
in APPPATH/Models/LabelInvoice.php on line 27.
 1 APPPATH/Models/InvoiceModel.php(85): App\Models\LabelInvoice->getSimple(8563)
 2 APPPATH/Controllers/Admin/Invoices.php(66): App\Models\InvoiceModel->getAll('cek-bayar', 0, '/home/dnzwygdo/public_html', 20, 0)
 3 SYSTEMPATH/CodeIgniter.php(898): App\Controllers\Admin\Invoices->lihat()
 4 SYSTEMPATH/CodeIgniter.php(457): CodeIgniter\CodeIgniter->runController(Object(App\Controllers\Admin\Invoices))
 5 SYSTEMPATH/CodeIgniter.php(340): CodeIgniter\CodeIgniter->handleRequest(null, Object(Config\Cache), false)
 6 FCPATH/index.php(67): CodeIgniter\CodeIgniter->run()
CRITICAL - 2022-12-13 09:47:24 --> Return value of App\Models\LabelInvoice::getSimple() must be an object, null returned
in APPPATH/Models/LabelInvoice.php on line 27.
 1 APPPATH/Models/InvoiceModel.php(85): App\Models\LabelInvoice->getSimple(8563)
 2 APPPATH/Controllers/Admin/Invoices.php(66): App\Models\InvoiceModel->getAll('cek-bayar', 0, '/home/dnzwygdo/public_html', 20, 0)
 3 SYSTEMPATH/CodeIgniter.php(898): App\Controllers\Admin\Invoices->lihat()
 4 SYSTEMPATH/CodeIgniter.php(457): CodeIgniter\CodeIgniter->runController(Object(App\Controllers\Admin\Invoices))
 5 SYSTEMPATH/CodeIgniter.php(340): CodeIgniter\CodeIgniter->handleRequest(null, Object(Config\Cache), false)
 6 FCPATH/index.php(67): CodeIgniter\CodeIgniter->run()
CRITICAL - 2022-12-13 09:47:29 --> Return value of App\Models\LabelInvoice::getSimple() must be an object, null returned
in APPPATH/Models/LabelInvoice.php on line 27.
 1 APPPATH/Models/InvoiceModel.php(85): App\Models\LabelInvoice->getSimple(8563)
 2 APPPATH/Controllers/Admin/Invoices.php(66): App\Models\InvoiceModel->getAll('cek-bayar', 0, '/home/dnzwygdo/public_html', 20, 0)
 3 SYSTEMPATH/CodeIgniter.php(898): App\Controllers\Admin\Invoices->lihat()
 4 SYSTEMPATH/CodeIgniter.php(457): CodeIgniter\CodeIgniter->runController(Object(App\Controllers\Admin\Invoices))
 5 SYSTEMPATH/CodeIgniter.php(340): CodeIgniter\CodeIgniter->handleRequest(null, Object(Config\Cache), false)
 6 FCPATH/index.php(67): CodeIgniter\CodeIgniter->run()
CRITICAL - 2022-12-13 09:47:30 --> Return value of App\Models\LabelInvoice::getSimple() must be an object, null returned
in APPPATH/Models/LabelInvoice.php on line 27.
 1 APPPATH/Models/InvoiceModel.php(85): App\Models\LabelInvoice->getSimple(8563)
 2 APPPATH/Controllers/Admin/Invoices.php(66): App\Models\InvoiceModel->getAll('cek-bayar', 0, '/home/dnzwygdo/public_html', 20, 0)
 3 SYSTEMPATH/CodeIgniter.php(898): App\Controllers\Admin\Invoices->lihat()
 4 SYSTEMPATH/CodeIgniter.php(457): CodeIgniter\CodeIgniter->runController(Object(App\Controllers\Admin\Invoices))
 5 SYSTEMPATH/CodeIgniter.php(340): CodeIgniter\CodeIgniter->handleRequest(null, Object(Config\Cache), false)
 6 FCPATH/index.php(67): CodeIgniter\CodeIgniter->run()
CRITICAL - 2022-12-13 09:47:36 --> Return value of App\Models\LabelInvoice::getSimple() must be an object, null returned
in APPPATH/Models/LabelInvoice.php on line 27.
 1 APPPATH/Models/InvoiceModel.php(85): App\Models\LabelInvoice->getSimple(8563)
 2 APPPATH/Controllers/Admin/Invoices.php(66): App\Models\InvoiceModel->getAll('cek-bayar', 0, '/home/dnzwygdo/public_html', 20, 0)
 3 SYSTEMPATH/CodeIgniter.php(898): App\Controllers\Admin\Invoices->lihat()
 4 SYSTEMPATH/CodeIgniter.php(457): CodeIgniter\CodeIgniter->runController(Object(App\Controllers\Admin\Invoices))
 5 SYSTEMPATH/CodeIgniter.php(340): CodeIgniter\CodeIgniter->handleRequest(null, Object(Config\Cache), false)
 6 FCPATH/index.php(67): CodeIgniter\CodeIgniter->run()
CRITICAL - 2022-12-13 09:49:18 --> Return value of App\Models\LabelInvoice::getSimple() must be an object, null returned
in APPPATH/Models/LabelInvoice.php on line 27.
 1 APPPATH/Models/InvoiceModel.php(85): App\Models\LabelInvoice->getSimple(8563)
 2 APPPATH/Controllers/Admin/Invoices.php(66): App\Models\InvoiceModel->getAll('cek-bayar', 0, '/home/dnzwygdo/public_html', 20, 0)
 3 SYSTEMPATH/CodeIgniter.php(898): App\Controllers\Admin\Invoices->lihat()
 4 SYSTEMPATH/CodeIgniter.php(457): CodeIgniter\CodeIgniter->runController(Object(App\Controllers\Admin\Invoices))
 5 SYSTEMPATH/CodeIgniter.php(340): CodeIgniter\CodeIgniter->handleRequest(null, Object(Config\Cache), false)
 6 FCPATH/index.php(67): CodeIgniter\CodeIgniter->run()
CRITICAL - 2022-12-13 09:49:19 --> Return value of App\Models\LabelInvoice::getSimple() must be an object, null returned
in APPPATH/Models/LabelInvoice.php on line 27.
 1 APPPATH/Models/InvoiceModel.php(85): App\Models\LabelInvoice->getSimple(8563)
 2 APPPATH/Controllers/Admin/Invoices.php(66): App\Models\InvoiceModel->getAll('cek-bayar', 0, '/home/dnzwygdo/public_html', 20, 0)
 3 SYSTEMPATH/CodeIgniter.php(898): App\Controllers\Admin\Invoices->lihat()
 4 SYSTEMPATH/CodeIgniter.php(457): CodeIgniter\CodeIgniter->runController(Object(App\Controllers\Admin\Invoices))
 5 SYSTEMPATH/CodeIgniter.php(340): CodeIgniter\CodeIgniter->handleRequest(null, Object(Config\Cache), false)
 6 FCPATH/index.php(67): CodeIgniter\CodeIgniter->run()
CRITICAL - 2022-12-13 09:49:55 --> Return value of App\Models\LabelInvoice::getSimple() must be an object, null returned
in APPPATH/Models/LabelInvoice.php on line 27.
 1 APPPATH/Models/InvoiceModel.php(85): App\Models\LabelInvoice->getSimple(8563)
 2 APPPATH/Controllers/Admin/Invoices.php(66): App\Models\InvoiceModel->getAll('cek-bayar', 0, '/home/dnzwygdo/public_html', 20, 0)
 3 SYSTEMPATH/CodeIgniter.php(898): App\Controllers\Admin\Invoices->lihat()
 4 SYSTEMPATH/CodeIgniter.php(457): CodeIgniter\CodeIgniter->runController(Object(App\Controllers\Admin\Invoices))
 5 SYSTEMPATH/CodeIgniter.php(340): CodeIgniter\CodeIgniter->handleRequest(null, Object(Config\Cache), false)
 6 FCPATH/index.php(67): CodeIgniter\CodeIgniter->run()
CRITICAL - 2022-12-13 09:50:32 --> Return value of App\Models\LabelInvoice::getSimple() must be an object, null returned
in APPPATH/Models/LabelInvoice.php on line 27.
 1 APPPATH/Models/InvoiceModel.php(85): App\Models\LabelInvoice->getSimple(8563)
 2 APPPATH/Controllers/Admin/Invoices.php(66): App\Models\InvoiceModel->getAll('cek-bayar', 0, '/home/dnzwygdo/public_html', 20, 0)
 3 SYSTEMPATH/CodeIgniter.php(898): App\Controllers\Admin\Invoices->lihat()
 4 SYSTEMPATH/CodeIgniter.php(457): CodeIgniter\CodeIgniter->runController(Object(App\Controllers\Admin\Invoices))
 5 SYSTEMPATH/CodeIgniter.php(340): CodeIgniter\CodeIgniter->handleRequest(null, Object(Config\Cache), false)
 6 FCPATH/index.php(67): CodeIgniter\CodeIgniter->run()
CRITICAL - 2022-12-13 09:51:26 --> Return value of App\Models\LabelInvoice::getSimple() must be an object, null returned
in APPPATH/Models/LabelInvoice.php on line 27.
 1 APPPATH/Models/InvoiceModel.php(85): App\Models\LabelInvoice->getSimple(8563)
 2 APPPATH/Controllers/Admin/Invoices.php(66): App\Models\InvoiceModel->getAll('cek-bayar', 0, '/home/dnzwygdo/public_html', 20, 0)
 3 SYSTEMPATH/CodeIgniter.php(898): App\Controllers\Admin\Invoices->lihat()
 4 SYSTEMPATH/CodeIgniter.php(457): CodeIgniter\CodeIgniter->runController(Object(App\Controllers\Admin\Invoices))
 5 SYSTEMPATH/CodeIgniter.php(340): CodeIgniter\CodeIgniter->handleRequest(null, Object(Config\Cache), false)
 6 FCPATH/index.php(67): CodeIgniter\CodeIgniter->run()
CRITICAL - 2022-12-13 09:53:37 --> Return value of App\Models\LabelInvoice::getSimple() must be an object, null returned
in APPPATH/Models/LabelInvoice.php on line 27.
 1 APPPATH/Models/InvoiceModel.php(85): App\Models\LabelInvoice->getSimple(8563)
 2 APPPATH/Controllers/Admin/Invoices.php(66): App\Models\InvoiceModel->getAll('cek-bayar', 0, '/home/dnzwygdo/public_html', 20, 0)
 3 SYSTEMPATH/CodeIgniter.php(898): App\Controllers\Admin\Invoices->lihat()
 4 SYSTEMPATH/CodeIgniter.php(457): CodeIgniter\CodeIgniter->runController(Object(App\Controllers\Admin\Invoices))
 5 SYSTEMPATH/CodeIgniter.php(340): CodeIgniter\CodeIgniter->handleRequest(null, Object(Config\Cache), false)
 6 FCPATH/index.php(67): CodeIgniter\CodeIgniter->run()
CRITICAL - 2022-12-13 09:54:38 --> Return value of App\Models\LabelInvoice::getSimple() must be an object, null returned
in APPPATH/Models/LabelInvoice.php on line 27.
 1 APPPATH/Models/InvoiceModel.php(85): App\Models\LabelInvoice->getSimple(8563)
 2 APPPATH/Controllers/Admin/Invoices.php(66): App\Models\InvoiceModel->getAll('cek-bayar', 0, '/home/dnzwygdo/public_html', 20, 0)
 3 SYSTEMPATH/CodeIgniter.php(898): App\Controllers\Admin\Invoices->lihat()
 4 SYSTEMPATH/CodeIgniter.php(457): CodeIgniter\CodeIgniter->runController(Object(App\Controllers\Admin\Invoices))
 5 SYSTEMPATH/CodeIgniter.php(340): CodeIgniter\CodeIgniter->handleRequest(null, Object(Config\Cache), false)
 6 FCPATH/index.php(67): CodeIgniter\CodeIgniter->run()
CRITICAL - 2022-12-13 09:56:25 --> Return value of App\Models\LabelInvoice::getSimple() must be an object, null returned
in APPPATH/Models/LabelInvoice.php on line 27.
 1 APPPATH/Models/InvoiceModel.php(85): App\Models\LabelInvoice->getSimple(8563)
 2 APPPATH/Controllers/Admin/Invoices.php(66): App\Models\InvoiceModel->getAll('cek-bayar', 0, '/home/dnzwygdo/public_html', 20, 0)
 3 SYSTEMPATH/CodeIgniter.php(898): App\Controllers\Admin\Invoices->lihat()
 4 SYSTEMPATH/CodeIgniter.php(457): CodeIgniter\CodeIgniter->runController(Object(App\Controllers\Admin\Invoices))
 5 SYSTEMPATH/CodeIgniter.php(340): CodeIgniter\CodeIgniter->handleRequest(null, Object(Config\Cache), false)
 6 FCPATH/index.php(67): CodeIgniter\CodeIgniter->run()
CRITICAL - 2022-12-13 10:02:58 --> Return value of App\Models\LabelInvoice::getSimple() must be an object, null returned
in APPPATH/Models/LabelInvoice.php on line 27.
 1 APPPATH/Models/InvoiceModel.php(85): App\Models\LabelInvoice->getSimple(8563)
 2 APPPATH/Controllers/Admin/Invoices.php(66): App\Models\InvoiceModel->getAll('cek-bayar', 0, '/home/dnzwygdo/public_html', 20, 0)
 3 SYSTEMPATH/CodeIgniter.php(898): App\Controllers\Admin\Invoices->lihat()
 4 SYSTEMPATH/CodeIgniter.php(457): CodeIgniter\CodeIgniter->runController(Object(App\Controllers\Admin\Invoices))
 5 SYSTEMPATH/CodeIgniter.php(340): CodeIgniter\CodeIgniter->handleRequest(null, Object(Config\Cache), false)
 6 FCPATH/index.php(67): CodeIgniter\CodeIgniter->run()
CRITICAL - 2022-12-13 10:03:09 --> Return value of App\Models\LabelInvoice::getSimple() must be an object, null returned
in APPPATH/Models/LabelInvoice.php on line 27.
 1 APPPATH/Models/InvoiceModel.php(85): App\Models\LabelInvoice->getSimple(8563)
 2 APPPATH/Controllers/Admin/Invoices.php(66): App\Models\InvoiceModel->getAll('cek-bayar', 0, '/home/dnzwygdo/public_html', 20, 0)
 3 SYSTEMPATH/CodeIgniter.php(898): App\Controllers\Admin\Invoices->lihat()
 4 SYSTEMPATH/CodeIgniter.php(457): CodeIgniter\CodeIgniter->runController(Object(App\Controllers\Admin\Invoices))
 5 SYSTEMPATH/CodeIgniter.php(340): CodeIgniter\CodeIgniter->handleRequest(null, Object(Config\Cache), false)
 6 FCPATH/index.php(67): CodeIgniter\CodeIgniter->run()
CRITICAL - 2022-12-13 10:03:09 --> Return value of App\Models\LabelInvoice::getSimple() must be an object, null returned
in APPPATH/Models/LabelInvoice.php on line 27.
 1 APPPATH/Models/InvoiceModel.php(85): App\Models\LabelInvoice->getSimple(8563)
 2 APPPATH/Controllers/Admin/Invoices.php(66): App\Models\InvoiceModel->getAll('cek-bayar', 0, '/home/dnzwygdo/public_html', 20, 0)
 3 SYSTEMPATH/CodeIgniter.php(898): App\Controllers\Admin\Invoices->lihat()
 4 SYSTEMPATH/CodeIgniter.php(457): CodeIgniter\CodeIgniter->runController(Object(App\Controllers\Admin\Invoices))
 5 SYSTEMPATH/CodeIgniter.php(340): CodeIgniter\CodeIgniter->handleRequest(null, Object(Config\Cache), false)
 6 FCPATH/index.php(67): CodeIgniter\CodeIgniter->run()
CRITICAL - 2022-12-13 10:06:58 --> Return value of App\Models\LabelInvoice::getSimple() must be an object, bool returned
in APPPATH/Models/LabelInvoice.php on line 32.
 1 APPPATH/Models/InvoiceModel.php(85): App\Models\LabelInvoice->getSimple(8563)
 2 APPPATH/Controllers/Admin/Invoices.php(66): App\Models\InvoiceModel->getAll('cek-bayar', 0, '/home/dnzwygdo/public_html', 20, 0)
 3 SYSTEMPATH/CodeIgniter.php(898): App\Controllers\Admin\Invoices->lihat()
 4 SYSTEMPATH/CodeIgniter.php(457): CodeIgniter\CodeIgniter->runController(Object(App\Controllers\Admin\Invoices))
 5 SYSTEMPATH/CodeIgniter.php(340): CodeIgniter\CodeIgniter->handleRequest(null, Object(Config\Cache), false)
 6 FCPATH/index.php(67): CodeIgniter\CodeIgniter->run()
CRITICAL - 2022-12-13 10:07:42 --> Return value of App\Models\LabelInvoice::getSimple() must be an object, null returned
in APPPATH/Models/LabelInvoice.php on line 27.
 1 APPPATH/Models/InvoiceModel.php(85): App\Models\LabelInvoice->getSimple(8563)
 2 APPPATH/Controllers/Admin/Invoices.php(66): App\Models\InvoiceModel->getAll('cek-bayar', 0, '/home/dnzwygdo/public_html', 20, 0)
 3 SYSTEMPATH/CodeIgniter.php(898): App\Controllers\Admin\Invoices->lihat()
 4 SYSTEMPATH/CodeIgniter.php(457): CodeIgniter\CodeIgniter->runController(Object(App\Controllers\Admin\Invoices))
 5 SYSTEMPATH/CodeIgniter.php(340): CodeIgniter\CodeIgniter->handleRequest(null, Object(Config\Cache), false)
 6 FCPATH/index.php(67): CodeIgniter\CodeIgniter->run()
CRITICAL - 2022-12-13 10:09:39 --> Return value of App\Models\LabelInvoice::getSimple() must be an object, null returned
in APPPATH/Models/LabelInvoice.php on line 27.
 1 APPPATH/Models/InvoiceModel.php(85): App\Models\LabelInvoice->getSimple(8563)
 2 APPPATH/Controllers/Admin/Invoices.php(66): App\Models\InvoiceModel->getAll('cek-bayar', 0, '/home/dnzwygdo/public_html', 20, 0)
 3 SYSTEMPATH/CodeIgniter.php(898): App\Controllers\Admin\Invoices->lihat()
 4 SYSTEMPATH/CodeIgniter.php(457): CodeIgniter\CodeIgniter->runController(Object(App\Controllers\Admin\Invoices))
 5 SYSTEMPATH/CodeIgniter.php(340): CodeIgniter\CodeIgniter->handleRequest(null, Object(Config\Cache), false)
 6 FCPATH/index.php(67): CodeIgniter\CodeIgniter->run()
CRITICAL - 2022-12-13 10:09:41 --> Return value of App\Models\LabelInvoice::getSimple() must be an object, null returned
in APPPATH/Models/LabelInvoice.php on line 27.
 1 APPPATH/Models/InvoiceModel.php(85): App\Models\LabelInvoice->getSimple(8563)
 2 APPPATH/Controllers/Admin/Invoices.php(66): App\Models\InvoiceModel->getAll('cek-bayar', 0, '/home/dnzwygdo/public_html', 20, 0)
 3 SYSTEMPATH/CodeIgniter.php(898): App\Controllers\Admin\Invoices->lihat()
 4 SYSTEMPATH/CodeIgniter.php(457): CodeIgniter\CodeIgniter->runController(Object(App\Controllers\Admin\Invoices))
 5 SYSTEMPATH/CodeIgniter.php(340): CodeIgniter\CodeIgniter->handleRequest(null, Object(Config\Cache), false)
 6 FCPATH/index.php(67): CodeIgniter\CodeIgniter->run()
CRITICAL - 2022-12-13 10:09:57 --> Return value of App\Models\LabelInvoice::getSimple() must be an object, null returned
in APPPATH/Models/LabelInvoice.php on line 27.
 1 APPPATH/Models/InvoiceModel.php(85): App\Models\LabelInvoice->getSimple(8563)
 2 APPPATH/Controllers/Admin/Invoices.php(66): App\Models\InvoiceModel->getAll('cek-bayar', 0, '/home/dnzwygdo/public_html', 20, 0)
 3 SYSTEMPATH/CodeIgniter.php(898): App\Controllers\Admin\Invoices->lihat()
 4 SYSTEMPATH/CodeIgniter.php(457): CodeIgniter\CodeIgniter->runController(Object(App\Controllers\Admin\Invoices))
 5 SYSTEMPATH/CodeIgniter.php(340): CodeIgniter\CodeIgniter->handleRequest(null, Object(Config\Cache), false)
 6 FCPATH/index.php(67): CodeIgniter\CodeIgniter->run()
CRITICAL - 2022-12-13 10:10:31 --> Return value of App\Models\LabelInvoice::getSimple() must be an object, null returned
in APPPATH/Models/LabelInvoice.php on line 27.
 1 APPPATH/Models/InvoiceModel.php(85): App\Models\LabelInvoice->getSimple(8563)
 2 APPPATH/Controllers/Admin/Invoices.php(66): App\Models\InvoiceModel->getAll('cek-bayar', 0, '/home/dnzwygdo/public_html', 20, 0)
 3 SYSTEMPATH/CodeIgniter.php(898): App\Controllers\Admin\Invoices->lihat()
 4 SYSTEMPATH/CodeIgniter.php(457): CodeIgniter\CodeIgniter->runController(Object(App\Controllers\Admin\Invoices))
 5 SYSTEMPATH/CodeIgniter.php(340): CodeIgniter\CodeIgniter->handleRequest(null, Object(Config\Cache), false)
 6 FCPATH/index.php(67): CodeIgniter\CodeIgniter->run()
CRITICAL - 2022-12-13 10:12:17 --> Return value of App\Models\LabelInvoice::getSimple() must be an object, null returned
in APPPATH/Models/LabelInvoice.php on line 27.
 1 APPPATH/Models/InvoiceModel.php(85): App\Models\LabelInvoice->getSimple(8563)
 2 APPPATH/Controllers/Admin/Invoices.php(66): App\Models\InvoiceModel->getAll('cek-bayar', 0, '/home/dnzwygdo/public_html', 20, 0)
 3 SYSTEMPATH/CodeIgniter.php(898): App\Controllers\Admin\Invoices->lihat()
 4 SYSTEMPATH/CodeIgniter.php(457): CodeIgniter\CodeIgniter->runController(Object(App\Controllers\Admin\Invoices))
 5 SYSTEMPATH/CodeIgniter.php(340): CodeIgniter\CodeIgniter->handleRequest(null, Object(Config\Cache), false)
 6 FCPATH/index.php(67): CodeIgniter\CodeIgniter->run()
CRITICAL - 2022-12-13 10:14:22 --> Return value of App\Models\LabelInvoice::getSimple() must be an object, null returned
in APPPATH/Models/LabelInvoice.php on line 27.
 1 APPPATH/Models/InvoiceModel.php(85): App\Models\LabelInvoice->getSimple(8563)
 2 APPPATH/Controllers/Admin/Invoices.php(66): App\Models\InvoiceModel->getAll('cek-bayar', 0, '/home/dnzwygdo/public_html', 20, 0)
 3 SYSTEMPATH/CodeIgniter.php(898): App\Controllers\Admin\Invoices->lihat()
 4 SYSTEMPATH/CodeIgniter.php(457): CodeIgniter\CodeIgniter->runController(Object(App\Controllers\Admin\Invoices))
 5 SYSTEMPATH/CodeIgniter.php(340): CodeIgniter\CodeIgniter->handleRequest(null, Object(Config\Cache), false)
 6 FCPATH/index.php(67): CodeIgniter\CodeIgniter->run()
CRITICAL - 2022-12-13 10:17:38 --> Return value of App\Models\LabelInvoice::getSimple() must be an object, null returned
in APPPATH/Models/LabelInvoice.php on line 27.
 1 APPPATH/Models/InvoiceModel.php(85): App\Models\LabelInvoice->getSimple(8563)
 2 APPPATH/Controllers/Admin/Invoices.php(66): App\Models\InvoiceModel->getAll('cek-bayar', 0, '/home/dnzwygdo/public_html', 20, 0)
 3 SYSTEMPATH/CodeIgniter.php(898): App\Controllers\Admin\Invoices->lihat()
 4 SYSTEMPATH/CodeIgniter.php(457): CodeIgniter\CodeIgniter->runController(Object(App\Controllers\Admin\Invoices))
 5 SYSTEMPATH/CodeIgniter.php(340): CodeIgniter\CodeIgniter->handleRequest(null, Object(Config\Cache), false)
 6 FCPATH/index.php(67): CodeIgniter\CodeIgniter->run()
CRITICAL - 2022-12-13 10:23:23 --> Return value of App\Models\LabelInvoice::getSimple() must be an object, null returned
in APPPATH/Models/LabelInvoice.php on line 27.
 1 APPPATH/Models/InvoiceModel.php(85): App\Models\LabelInvoice->getSimple(8563)
 2 APPPATH/Controllers/Admin/Invoices.php(66): App\Models\InvoiceModel->getAll('cek-bayar', 0, '/home/dnzwygdo/public_html', 20, 0)
 3 SYSTEMPATH/CodeIgniter.php(898): App\Controllers\Admin\Invoices->lihat()
 4 SYSTEMPATH/CodeIgniter.php(457): CodeIgniter\CodeIgniter->runController(Object(App\Controllers\Admin\Invoices))
 5 SYSTEMPATH/CodeIgniter.php(340): CodeIgniter\CodeIgniter->handleRequest(null, Object(Config\Cache), false)
 6 FCPATH/index.php(67): CodeIgniter\CodeIgniter->run()
CRITICAL - 2022-12-13 10:28:06 --> Argument 1 passed to label_asal() must be of the type int, null given, called in /home/dnzwygdo/djuragancom/app/Views/admin/invoice/lihat.php on line 216
in APPPATH/Helpers/fungsi_helper.php on line 74.
 1 APPPATH/Views/admin/invoice/lihat.php(216): label_asal(null, null)
 2 SYSTEMPATH/View/View.php(213): include('APPPATH/Views/admin/invoice/lihat.php')
 3 SYSTEMPATH/View/View.php(216): CodeIgniter\View\View->CodeIgniter\View\{closure}()
 4 SYSTEMPATH/Common.php(1137): CodeIgniter\View\View->render('admin/invoice/lihat', [], true)
 5 APPPATH/Controllers/Admin/Invoices.php(74): view('admin/invoice/lihat', [...])
 6 SYSTEMPATH/CodeIgniter.php(898): App\Controllers\Admin\Invoices->lihat()
 7 SYSTEMPATH/CodeIgniter.php(457): CodeIgniter\CodeIgniter->runController(Object(App\Controllers\Admin\Invoices))
 8 SYSTEMPATH/CodeIgniter.php(340): CodeIgniter\CodeIgniter->handleRequest(null, Object(Config\Cache), false)
 9 FCPATH/index.php(67): CodeIgniter\CodeIgniter->run()
CRITICAL - 2022-12-13 10:28:53 --> Return value of App\Models\LabelInvoice::getSimple() must be an object, null returned
in APPPATH/Models/LabelInvoice.php on line 27.
 1 APPPATH/Models/InvoiceModel.php(85): App\Models\LabelInvoice->getSimple(8563)
 2 APPPATH/Controllers/Admin/Invoices.php(66): App\Models\InvoiceModel->getAll('cek-bayar', 0, '/home/dnzwygdo/public_html', 20, 0)
 3 SYSTEMPATH/CodeIgniter.php(898): App\Controllers\Admin\Invoices->lihat()
 4 SYSTEMPATH/CodeIgniter.php(457): CodeIgniter\CodeIgniter->runController(Object(App\Controllers\Admin\Invoices))
 5 SYSTEMPATH/CodeIgniter.php(340): CodeIgniter\CodeIgniter->handleRequest(null, Object(Config\Cache), false)
 6 FCPATH/index.php(67): CodeIgniter\CodeIgniter->run()
CRITICAL - 2022-12-13 10:28:55 --> Return value of App\Models\LabelInvoice::getSimple() must be an object, null returned
in APPPATH/Models/LabelInvoice.php on line 27.
 1 APPPATH/Models/InvoiceModel.php(85): App\Models\LabelInvoice->getSimple(8563)
 2 APPPATH/Controllers/Admin/Invoices.php(66): App\Models\InvoiceModel->getAll('cek-bayar', 0, '/home/dnzwygdo/public_html', 20, 0)
 3 SYSTEMPATH/CodeIgniter.php(898): App\Controllers\Admin\Invoices->lihat()
 4 SYSTEMPATH/CodeIgniter.php(457): CodeIgniter\CodeIgniter->runController(Object(App\Controllers\Admin\Invoices))
 5 SYSTEMPATH/CodeIgniter.php(340): CodeIgniter\CodeIgniter->handleRequest(null, Object(Config\Cache), false)
 6 FCPATH/index.php(67): CodeIgniter\CodeIgniter->run()
CRITICAL - 2022-12-13 10:28:57 --> Return value of App\Models\LabelInvoice::getSimple() must be an object, null returned
in APPPATH/Models/LabelInvoice.php on line 27.
 1 APPPATH/Models/InvoiceModel.php(85): App\Models\LabelInvoice->getSimple(8563)
 2 APPPATH/Controllers/Admin/Invoices.php(66): App\Models\InvoiceModel->getAll('cek-bayar', 0, '/home/dnzwygdo/public_html', 20, 0)
 3 SYSTEMPATH/CodeIgniter.php(898): App\Controllers\Admin\Invoices->lihat()
 4 SYSTEMPATH/CodeIgniter.php(457): CodeIgniter\CodeIgniter->runController(Object(App\Controllers\Admin\Invoices))
 5 SYSTEMPATH/CodeIgniter.php(340): CodeIgniter\CodeIgniter->handleRequest(null, Object(Config\Cache), false)
 6 FCPATH/index.php(67): CodeIgniter\CodeIgniter->run()
CRITICAL - 2022-12-13 10:28:58 --> Return value of App\Models\LabelInvoice::getSimple() must be an object, null returned
in APPPATH/Models/LabelInvoice.php on line 27.
 1 APPPATH/Models/InvoiceModel.php(85): App\Models\LabelInvoice->getSimple(8563)
 2 APPPATH/Controllers/Admin/Invoices.php(66): App\Models\InvoiceModel->getAll('cek-bayar', 0, '/home/dnzwygdo/public_html', 20, 0)
 3 SYSTEMPATH/CodeIgniter.php(898): App\Controllers\Admin\Invoices->lihat()
 4 SYSTEMPATH/CodeIgniter.php(457): CodeIgniter\CodeIgniter->runController(Object(App\Controllers\Admin\Invoices))
 5 SYSTEMPATH/CodeIgniter.php(340): CodeIgniter\CodeIgniter->handleRequest(null, Object(Config\Cache), false)
 6 FCPATH/index.php(67): CodeIgniter\CodeIgniter->run()
CRITICAL - 2022-12-13 10:28:58 --> Return value of App\Models\LabelInvoice::getSimple() must be an object, null returned
in APPPATH/Models/LabelInvoice.php on line 27.
 1 APPPATH/Models/InvoiceModel.php(85): App\Models\LabelInvoice->getSimple(8563)
 2 APPPATH/Controllers/Admin/Invoices.php(66): App\Models\InvoiceModel->getAll('cek-bayar', 0, '/home/dnzwygdo/public_html', 20, 0)
 3 SYSTEMPATH/CodeIgniter.php(898): App\Controllers\Admin\Invoices->lihat()
 4 SYSTEMPATH/CodeIgniter.php(457): CodeIgniter\CodeIgniter->runController(Object(App\Controllers\Admin\Invoices))
 5 SYSTEMPATH/CodeIgniter.php(340): CodeIgniter\CodeIgniter->handleRequest(null, Object(Config\Cache), false)
 6 FCPATH/index.php(67): CodeIgniter\CodeIgniter->run()
CRITICAL - 2022-12-13 10:29:31 --> Return value of App\Models\LabelInvoice::getSimple() must be an object, null returned
in APPPATH/Models/LabelInvoice.php on line 27.
 1 APPPATH/Models/InvoiceModel.php(85): App\Models\LabelInvoice->getSimple(8563)
 2 APPPATH/Controllers/Admin/Invoices.php(66): App\Models\InvoiceModel->getAll('cek-bayar', 0, '/home/dnzwygdo/public_html', 20, 0)
 3 SYSTEMPATH/CodeIgniter.php(898): App\Controllers\Admin\Invoices->lihat()
 4 SYSTEMPATH/CodeIgniter.php(457): CodeIgniter\CodeIgniter->runController(Object(App\Controllers\Admin\Invoices))
 5 SYSTEMPATH/CodeIgniter.php(340): CodeIgniter\CodeIgniter->handleRequest(null, Object(Config\Cache), false)
 6 FCPATH/index.php(67): CodeIgniter\CodeIgniter->run()
CRITICAL - 2022-12-13 10:29:33 --> Return value of App\Models\LabelInvoice::getSimple() must be an object, null returned
in APPPATH/Models/LabelInvoice.php on line 27.
 1 APPPATH/Models/InvoiceModel.php(85): App\Models\LabelInvoice->getSimple(8563)
 2 APPPATH/Controllers/Admin/Invoices.php(66): App\Models\InvoiceModel->getAll('cek-bayar', 0, '/home/dnzwygdo/public_html', 20, 0)
 3 SYSTEMPATH/CodeIgniter.php(898): App\Controllers\Admin\Invoices->lihat()
 4 SYSTEMPATH/CodeIgniter.php(457): CodeIgniter\CodeIgniter->runController(Object(App\Controllers\Admin\Invoices))
 5 SYSTEMPATH/CodeIgniter.php(340): CodeIgniter\CodeIgniter->handleRequest(null, Object(Config\Cache), false)
 6 FCPATH/index.php(67): CodeIgniter\CodeIgniter->run()
CRITICAL - 2022-12-13 10:29:36 --> Return value of App\Models\LabelInvoice::getSimple() must be an object, null returned
in APPPATH/Models/LabelInvoice.php on line 27.
 1 APPPATH/Models/InvoiceModel.php(85): App\Models\LabelInvoice->getSimple(8563)
 2 APPPATH/Controllers/Admin/Invoices.php(66): App\Models\InvoiceModel->getAll('cek-bayar', 0, '/home/dnzwygdo/public_html', 20, 0)
 3 SYSTEMPATH/CodeIgniter.php(898): App\Controllers\Admin\Invoices->lihat()
 4 SYSTEMPATH/CodeIgniter.php(457): CodeIgniter\CodeIgniter->runController(Object(App\Controllers\Admin\Invoices))
 5 SYSTEMPATH/CodeIgniter.php(340): CodeIgniter\CodeIgniter->handleRequest(null, Object(Config\Cache), false)
 6 FCPATH/index.php(67): CodeIgniter\CodeIgniter->run()
CRITICAL - 2022-12-13 10:31:19 --> Return value of App\Models\LabelInvoice::getSimple() must be an object, null returned
in APPPATH/Models/LabelInvoice.php on line 27.
 1 APPPATH/Models/InvoiceModel.php(85): App\Models\LabelInvoice->getSimple(8563)
 2 APPPATH/Controllers/Admin/Invoices.php(66): App\Models\InvoiceModel->getAll('cek-bayar', 0, '/home/dnzwygdo/public_html', 20, 0)
 3 SYSTEMPATH/CodeIgniter.php(898): App\Controllers\Admin\Invoices->lihat()
 4 SYSTEMPATH/CodeIgniter.php(457): CodeIgniter\CodeIgniter->runController(Object(App\Controllers\Admin\Invoices))
 5 SYSTEMPATH/CodeIgniter.php(340): CodeIgniter\CodeIgniter->handleRequest(null, Object(Config\Cache), false)
 6 FCPATH/index.php(67): CodeIgniter\CodeIgniter->run()
CRITICAL - 2022-12-13 10:31:51 --> Return value of App\Models\LabelInvoice::getSimple() must be an object, null returned
in APPPATH/Models/LabelInvoice.php on line 27.
 1 APPPATH/Models/InvoiceModel.php(85): App\Models\LabelInvoice->getSimple(8563)
 2 APPPATH/Controllers/Admin/Invoices.php(66): App\Models\InvoiceModel->getAll('cek-bayar', 0, '/home/dnzwygdo/public_html', 20, 0)
 3 SYSTEMPATH/CodeIgniter.php(898): App\Controllers\Admin\Invoices->lihat()
 4 SYSTEMPATH/CodeIgniter.php(457): CodeIgniter\CodeIgniter->runController(Object(App\Controllers\Admin\Invoices))
 5 SYSTEMPATH/CodeIgniter.php(340): CodeIgniter\CodeIgniter->handleRequest(null, Object(Config\Cache), false)
 6 FCPATH/index.php(67): CodeIgniter\CodeIgniter->run()
CRITICAL - 2022-12-13 10:36:01 --> Return value of App\Models\LabelInvoice::getSimple() must be an object, null returned
in APPPATH/Models/LabelInvoice.php on line 27.
 1 APPPATH/Models/InvoiceModel.php(85): App\Models\LabelInvoice->getSimple(8563)
 2 APPPATH/Controllers/Admin/Invoices.php(66): App\Models\InvoiceModel->getAll('cek-bayar', 0, '/home/dnzwygdo/public_html', 20, 0)
 3 SYSTEMPATH/CodeIgniter.php(898): App\Controllers\Admin\Invoices->lihat()
 4 SYSTEMPATH/CodeIgniter.php(457): CodeIgniter\CodeIgniter->runController(Object(App\Controllers\Admin\Invoices))
 5 SYSTEMPATH/CodeIgniter.php(340): CodeIgniter\CodeIgniter->handleRequest(null, Object(Config\Cache), false)
 6 FCPATH/index.php(67): CodeIgniter\CodeIgniter->run()
CRITICAL - 2022-12-13 10:36:18 --> Return value of App\Models\LabelInvoice::getSimple() must be an object, null returned
in APPPATH/Models/LabelInvoice.php on line 27.
 1 APPPATH/Models/InvoiceModel.php(85): App\Models\LabelInvoice->getSimple(8563)
 2 APPPATH/Controllers/Admin/Invoices.php(66): App\Models\InvoiceModel->getAll('cek-bayar', 0, '/home/dnzwygdo/public_html', 20, 0)
 3 SYSTEMPATH/CodeIgniter.php(898): App\Controllers\Admin\Invoices->lihat()
 4 SYSTEMPATH/CodeIgniter.php(457): CodeIgniter\CodeIgniter->runController(Object(App\Controllers\Admin\Invoices))
 5 SYSTEMPATH/CodeIgniter.php(340): CodeIgniter\CodeIgniter->handleRequest(null, Object(Config\Cache), false)
 6 FCPATH/index.php(67): CodeIgniter\CodeIgniter->run()
CRITICAL - 2022-12-13 10:37:09 --> Return value of App\Models\LabelInvoice::getSimple() must be an object, null returned
in APPPATH/Models/LabelInvoice.php on line 27.
 1 APPPATH/Models/InvoiceModel.php(85): App\Models\LabelInvoice->getSimple(8563)
 2 APPPATH/Controllers/Admin/Invoices.php(66): App\Models\InvoiceModel->getAll('cek-bayar', 0, '/home/dnzwygdo/public_html', 20, 0)
 3 SYSTEMPATH/CodeIgniter.php(898): App\Controllers\Admin\Invoices->lihat()
 4 SYSTEMPATH/CodeIgniter.php(457): CodeIgniter\CodeIgniter->runController(Object(App\Controllers\Admin\Invoices))
 5 SYSTEMPATH/CodeIgniter.php(340): CodeIgniter\CodeIgniter->handleRequest(null, Object(Config\Cache), false)
 6 FCPATH/index.php(67): CodeIgniter\CodeIgniter->run()
CRITICAL - 2022-12-13 10:44:30 --> Return value of App\Models\LabelInvoice::getSimple() must be an object, null returned
in APPPATH/Models/LabelInvoice.php on line 27.
 1 APPPATH/Models/InvoiceModel.php(85): App\Models\LabelInvoice->getSimple(8563)
 2 APPPATH/Controllers/Admin/Invoices.php(66): App\Models\InvoiceModel->getAll('cek-bayar', 0, '/home/dnzwygdo/public_html', 20, 0)
 3 SYSTEMPATH/CodeIgniter.php(898): App\Controllers\Admin\Invoices->lihat()
 4 SYSTEMPATH/CodeIgniter.php(457): CodeIgniter\CodeIgniter->runController(Object(App\Controllers\Admin\Invoices))
 5 SYSTEMPATH/CodeIgniter.php(340): CodeIgniter\CodeIgniter->handleRequest(null, Object(Config\Cache), false)
 6 FCPATH/index.php(67): CodeIgniter\CodeIgniter->run()
CRITICAL - 2022-12-13 10:48:18 --> Return value of App\Models\LabelInvoice::getSimple() must be an object, null returned
in APPPATH/Models/LabelInvoice.php on line 27.
 1 APPPATH/Models/InvoiceModel.php(85): App\Models\LabelInvoice->getSimple(8563)
 2 APPPATH/Controllers/Admin/Invoices.php(66): App\Models\InvoiceModel->getAll('cek-bayar', 0, '/home/dnzwygdo/public_html', 20, 0)
 3 SYSTEMPATH/CodeIgniter.php(898): App\Controllers\Admin\Invoices->lihat()
 4 SYSTEMPATH/CodeIgniter.php(457): CodeIgniter\CodeIgniter->runController(Object(App\Controllers\Admin\Invoices))
 5 SYSTEMPATH/CodeIgniter.php(340): CodeIgniter\CodeIgniter->handleRequest(null, Object(Config\Cache), false)
 6 FCPATH/index.php(67): CodeIgniter\CodeIgniter->run()
CRITICAL - 2022-12-13 10:51:27 --> App\Models\LabelInvoice::getSimple(): Return value must be of type object, null returned
in APPPATH/Models/LabelInvoice.php on line 27.
 1 APPPATH/Models/InvoiceModel.php(85): App\Models\LabelInvoice->getSimple()
 2 APPPATH/Controllers/Admin/Invoices.php(66): App\Models\InvoiceModel->getAll()
 3 SYSTEMPATH/CodeIgniter.php(898): App\Controllers\Admin\Invoices->lihat()
 4 SYSTEMPATH/CodeIgniter.php(457): CodeIgniter\CodeIgniter->runController()
 5 SYSTEMPATH/CodeIgniter.php(340): CodeIgniter\CodeIgniter->handleRequest()
 6 FCPATH/index.php(67): CodeIgniter\CodeIgniter->run()
CRITICAL - 2022-12-13 10:54:24 --> Return value of App\Models\LabelInvoice::getSimple() must be an object, null returned
in APPPATH/Models/LabelInvoice.php on line 27.
 1 APPPATH/Models/InvoiceModel.php(85): App\Models\LabelInvoice->getSimple(8563)
 2 APPPATH/Controllers/Admin/Invoices.php(66): App\Models\InvoiceModel->getAll('cek-bayar', 0, '/home/dnzwygdo/public_html', 20, 0)
 3 SYSTEMPATH/CodeIgniter.php(898): App\Controllers\Admin\Invoices->lihat()
 4 SYSTEMPATH/CodeIgniter.php(457): CodeIgniter\CodeIgniter->runController(Object(App\Controllers\Admin\Invoices))
 5 SYSTEMPATH/CodeIgniter.php(340): CodeIgniter\CodeIgniter->handleRequest(null, Object(Config\Cache), false)
 6 FCPATH/index.php(67): CodeIgniter\CodeIgniter->run()
CRITICAL - 2022-12-13 11:03:05 --> Return value of App\Models\LabelInvoice::getSimple() must be an object, null returned
in APPPATH/Models/LabelInvoice.php on line 27.
 1 APPPATH/Models/InvoiceModel.php(85): App\Models\LabelInvoice->getSimple(8563)
 2 APPPATH/Controllers/Admin/Invoices.php(66): App\Models\InvoiceModel->getAll('cek-bayar', 0, '/home/dnzwygdo/public_html', 20, 0)
 3 SYSTEMPATH/CodeIgniter.php(898): App\Controllers\Admin\Invoices->lihat()
 4 SYSTEMPATH/CodeIgniter.php(457): CodeIgniter\CodeIgniter->runController(Object(App\Controllers\Admin\Invoices))
 5 SYSTEMPATH/CodeIgniter.php(340): CodeIgniter\CodeIgniter->handleRequest(null, Object(Config\Cache), false)
 6 FCPATH/index.php(67): CodeIgniter\CodeIgniter->run()
CRITICAL - 2022-12-13 11:07:43 --> Return value of App\Models\LabelInvoice::getSimple() must be an object, null returned
in APPPATH/Models/LabelInvoice.php on line 27.
 1 APPPATH/Models/InvoiceModel.php(85): App\Models\LabelInvoice->getSimple(8563)
 2 APPPATH/Controllers/Admin/Invoices.php(66): App\Models\InvoiceModel->getAll('cek-bayar', 0, '/home/dnzwygdo/public_html', 20, 0)
 3 SYSTEMPATH/CodeIgniter.php(898): App\Controllers\Admin\Invoices->lihat()
 4 SYSTEMPATH/CodeIgniter.php(457): CodeIgniter\CodeIgniter->runController(Object(App\Controllers\Admin\Invoices))
 5 SYSTEMPATH/CodeIgniter.php(340): CodeIgniter\CodeIgniter->handleRequest(null, Object(Config\Cache), false)
 6 FCPATH/index.php(67): CodeIgniter\CodeIgniter->run()
CRITICAL - 2022-12-13 11:07:49 --> Return value of App\Models\LabelInvoice::getSimple() must be an object, null returned
in APPPATH/Models/LabelInvoice.php on line 27.
 1 APPPATH/Models/InvoiceModel.php(85): App\Models\LabelInvoice->getSimple(8563)
 2 APPPATH/Controllers/Admin/Invoices.php(66): App\Models\InvoiceModel->getAll('cek-bayar', 0, '/home/dnzwygdo/public_html', 20, 0)
 3 SYSTEMPATH/CodeIgniter.php(898): App\Controllers\Admin\Invoices->lihat()
 4 SYSTEMPATH/CodeIgniter.php(457): CodeIgniter\CodeIgniter->runController(Object(App\Controllers\Admin\Invoices))
 5 SYSTEMPATH/CodeIgniter.php(340): CodeIgniter\CodeIgniter->handleRequest(null, Object(Config\Cache), false)
 6 FCPATH/index.php(67): CodeIgniter\CodeIgniter->run()
CRITICAL - 2022-12-13 11:07:50 --> Return value of App\Models\LabelInvoice::getSimple() must be an object, null returned
in APPPATH/Models/LabelInvoice.php on line 27.
 1 APPPATH/Models/InvoiceModel.php(85): App\Models\LabelInvoice->getSimple(8563)
 2 APPPATH/Controllers/Admin/Invoices.php(66): App\Models\InvoiceModel->getAll('cek-bayar', 0, '/home/dnzwygdo/public_html', 20, 0)
 3 SYSTEMPATH/CodeIgniter.php(898): App\Controllers\Admin\Invoices->lihat()
 4 SYSTEMPATH/CodeIgniter.php(457): CodeIgniter\CodeIgniter->runController(Object(App\Controllers\Admin\Invoices))
 5 SYSTEMPATH/CodeIgniter.php(340): CodeIgniter\CodeIgniter->handleRequest(null, Object(Config\Cache), false)
 6 FCPATH/index.php(67): CodeIgniter\CodeIgniter->run()
CRITICAL - 2022-12-13 11:07:50 --> Return value of App\Models\LabelInvoice::getSimple() must be an object, null returned
in APPPATH/Models/LabelInvoice.php on line 27.
 1 APPPATH/Models/InvoiceModel.php(85): App\Models\LabelInvoice->getSimple(8563)
 2 APPPATH/Controllers/Admin/Invoices.php(66): App\Models\InvoiceModel->getAll('cek-bayar', 0, '/home/dnzwygdo/public_html', 20, 0)
 3 SYSTEMPATH/CodeIgniter.php(898): App\Controllers\Admin\Invoices->lihat()
 4 SYSTEMPATH/CodeIgniter.php(457): CodeIgniter\CodeIgniter->runController(Object(App\Controllers\Admin\Invoices))
 5 SYSTEMPATH/CodeIgniter.php(340): CodeIgniter\CodeIgniter->handleRequest(null, Object(Config\Cache), false)
 6 FCPATH/index.php(67): CodeIgniter\CodeIgniter->run()
CRITICAL - 2022-12-13 11:09:01 --> Return value of App\Models\LabelInvoice::getSimple() must be an object, null returned
in APPPATH/Models/LabelInvoice.php on line 27.
 1 APPPATH/Models/InvoiceModel.php(85): App\Models\LabelInvoice->getSimple(8563)
 2 APPPATH/Controllers/Admin/Invoices.php(66): App\Models\InvoiceModel->getAll('cek-bayar', 0, '/home/dnzwygdo/public_html', 20, 0)
 3 SYSTEMPATH/CodeIgniter.php(898): App\Controllers\Admin\Invoices->lihat()
 4 SYSTEMPATH/CodeIgniter.php(457): CodeIgniter\CodeIgniter->runController(Object(App\Controllers\Admin\Invoices))
 5 SYSTEMPATH/CodeIgniter.php(340): CodeIgniter\CodeIgniter->handleRequest(null, Object(Config\Cache), false)
 6 FCPATH/index.php(67): CodeIgniter\CodeIgniter->run()
CRITICAL - 2022-12-13 11:09:09 --> Return value of App\Models\LabelInvoice::getSimple() must be an object, null returned
in APPPATH/Models/LabelInvoice.php on line 27.
 1 APPPATH/Models/InvoiceModel.php(85): App\Models\LabelInvoice->getSimple(8563)
 2 APPPATH/Controllers/Admin/Invoices.php(66): App\Models\InvoiceModel->getAll('cek-bayar', 0, '/home/dnzwygdo/public_html', 20, 0)
 3 SYSTEMPATH/CodeIgniter.php(898): App\Controllers\Admin\Invoices->lihat()
 4 SYSTEMPATH/CodeIgniter.php(457): CodeIgniter\CodeIgniter->runController(Object(App\Controllers\Admin\Invoices))
 5 SYSTEMPATH/CodeIgniter.php(340): CodeIgniter\CodeIgniter->handleRequest(null, Object(Config\Cache), false)
 6 FCPATH/index.php(67): CodeIgniter\CodeIgniter->run()
CRITICAL - 2022-12-13 11:09:14 --> Return value of App\Models\LabelInvoice::getSimple() must be an object, null returned
in APPPATH/Models/LabelInvoice.php on line 27.
 1 APPPATH/Models/InvoiceModel.php(85): App\Models\LabelInvoice->getSimple(8563)
 2 APPPATH/Controllers/Admin/Invoices.php(66): App\Models\InvoiceModel->getAll('cek-bayar', 0, '/home/dnzwygdo/public_html', 20, 0)
 3 SYSTEMPATH/CodeIgniter.php(898): App\Controllers\Admin\Invoices->lihat()
 4 SYSTEMPATH/CodeIgniter.php(457): CodeIgniter\CodeIgniter->runController(Object(App\Controllers\Admin\Invoices))
 5 SYSTEMPATH/CodeIgniter.php(340): CodeIgniter\CodeIgniter->handleRequest(null, Object(Config\Cache), false)
 6 FCPATH/index.php(67): CodeIgniter\CodeIgniter->run()
CRITICAL - 2022-12-13 11:10:20 --> Invalid argument supplied for foreach()
in APPPATH/Views/admin/invoice/lihat.php on line 82.
 1 APPPATH/Views/admin/invoice/lihat.php(82): CodeIgniter\Debug\Exceptions->errorHandler(2, 'Invalid argument supplied for foreach()', 'APPPATH/Views/admin/invoice/lihat.php', 82, [...])
 2 SYSTEMPATH/View/View.php(213): include('APPPATH/Views/admin/invoice/lihat.php')
 3 SYSTEMPATH/View/View.php(216): CodeIgniter\View\View->CodeIgniter\View\{closure}()
 4 SYSTEMPATH/Common.php(1137): CodeIgniter\View\View->render('admin/invoice/lihat', [], true)
 5 APPPATH/Controllers/Admin/Invoices.php(74): view('admin/invoice/lihat', [...])
 6 SYSTEMPATH/CodeIgniter.php(898): App\Controllers\Admin\Invoices->lihat()
 7 SYSTEMPATH/CodeIgniter.php(457): CodeIgniter\CodeIgniter->runController(Object(App\Controllers\Admin\Invoices))
 8 SYSTEMPATH/CodeIgniter.php(340): CodeIgniter\CodeIgniter->handleRequest(null, Object(Config\Cache), false)
 9 FCPATH/index.php(67): CodeIgniter\CodeIgniter->run()
CRITICAL - 2022-12-13 11:13:56 --> syntax error, unexpected '}', expecting end of file
in APPPATH/Views/admin/invoice/lihat.php on line 212.
 1 SYSTEMPATH/View/View.php(216): CodeIgniter\View\View->CodeIgniter\View\{closure}()
 2 SYSTEMPATH/Common.php(1137): CodeIgniter\View\View->render('admin/invoice/lihat', [], true)
 3 APPPATH/Controllers/Admin/Invoices.php(74): view('admin/invoice/lihat', [...])
 4 SYSTEMPATH/CodeIgniter.php(898): App\Controllers\Admin\Invoices->lihat()
 5 SYSTEMPATH/CodeIgniter.php(457): CodeIgniter\CodeIgniter->runController(Object(App\Controllers\Admin\Invoices))
 6 SYSTEMPATH/CodeIgniter.php(340): CodeIgniter\CodeIgniter->handleRequest(null, Object(Config\Cache), false)
 7 FCPATH/index.php(67): CodeIgniter\CodeIgniter->run()
CRITICAL - 2022-12-13 11:16:10 --> syntax error, unexpected '}', expecting end of file
in APPPATH/Views/admin/invoice/lihat.php on line 212.
 1 SYSTEMPATH/View/View.php(216): CodeIgniter\View\View->CodeIgniter\View\{closure}()
 2 SYSTEMPATH/Common.php(1137): CodeIgniter\View\View->render('admin/invoice/lihat', [], true)
 3 APPPATH/Controllers/Admin/Invoices.php(74): view('admin/invoice/lihat', [...])
 4 SYSTEMPATH/CodeIgniter.php(898): App\Controllers\Admin\Invoices->lihat()
 5 SYSTEMPATH/CodeIgniter.php(457): CodeIgniter\CodeIgniter->runController(Object(App\Controllers\Admin\Invoices))
 6 SYSTEMPATH/CodeIgniter.php(340): CodeIgniter\CodeIgniter->handleRequest(null, Object(Config\Cache), false)
 7 FCPATH/index.php(67): CodeIgniter\CodeIgniter->run()
CRITICAL - 2022-12-13 11:16:21 --> syntax error, unexpected '}', expecting end of file
in APPPATH/Views/admin/invoice/lihat.php on line 212.
 1 SYSTEMPATH/View/View.php(216): CodeIgniter\View\View->CodeIgniter\View\{closure}()
 2 SYSTEMPATH/Common.php(1137): CodeIgniter\View\View->render('admin/invoice/lihat', [], true)
 3 APPPATH/Controllers/Admin/Invoices.php(74): view('admin/invoice/lihat', [...])
 4 SYSTEMPATH/CodeIgniter.php(898): App\Controllers\Admin\Invoices->lihat()
 5 SYSTEMPATH/CodeIgniter.php(457): CodeIgniter\CodeIgniter->runController(Object(App\Controllers\Admin\Invoices))
 6 SYSTEMPATH/CodeIgniter.php(340): CodeIgniter\CodeIgniter->handleRequest(null, Object(Config\Cache), false)
 7 FCPATH/index.php(67): CodeIgniter\CodeIgniter->run()
CRITICAL - 2022-12-13 11:16:25 --> syntax error, unexpected '}', expecting end of file
in APPPATH/Views/admin/invoice/lihat.php on line 212.
 1 SYSTEMPATH/View/View.php(216): CodeIgniter\View\View->CodeIgniter\View\{closure}()
 2 SYSTEMPATH/Common.php(1137): CodeIgniter\View\View->render('admin/invoice/lihat', [], true)
 3 APPPATH/Controllers/Admin/Invoices.php(74): view('admin/invoice/lihat', [...])
 4 SYSTEMPATH/CodeIgniter.php(898): App\Controllers\Admin\Invoices->lihat()
 5 SYSTEMPATH/CodeIgniter.php(457): CodeIgniter\CodeIgniter->runController(Object(App\Controllers\Admin\Invoices))
 6 SYSTEMPATH/CodeIgniter.php(340): CodeIgniter\CodeIgniter->handleRequest(null, Object(Config\Cache), false)
 7 FCPATH/index.php(67): CodeIgniter\CodeIgniter->run()
CRITICAL - 2022-12-13 11:16:29 --> syntax error, unexpected '}', expecting end of file
in APPPATH/Views/admin/invoice/lihat.php on line 212.
 1 SYSTEMPATH/View/View.php(216): CodeIgniter\View\View->CodeIgniter\View\{closure}()
 2 SYSTEMPATH/Common.php(1137): CodeIgniter\View\View->render('admin/invoice/lihat', [], true)
 3 APPPATH/Controllers/Admin/Invoices.php(74): view('admin/invoice/lihat', [...])
 4 SYSTEMPATH/CodeIgniter.php(898): App\Controllers\Admin\Invoices->lihat()
 5 SYSTEMPATH/CodeIgniter.php(457): CodeIgniter\CodeIgniter->runController(Object(App\Controllers\Admin\Invoices))
 6 SYSTEMPATH/CodeIgniter.php(340): CodeIgniter\CodeIgniter->handleRequest(null, Object(Config\Cache), false)
 7 FCPATH/index.php(67): CodeIgniter\CodeIgniter->run()
CRITICAL - 2022-12-13 11:16:31 --> syntax error, unexpected '}', expecting end of file
in APPPATH/Views/admin/invoice/lihat.php on line 212.
 1 SYSTEMPATH/View/View.php(216): CodeIgniter\View\View->CodeIgniter\View\{closure}()
 2 SYSTEMPATH/Common.php(1137): CodeIgniter\View\View->render('admin/invoice/lihat', [], true)
 3 APPPATH/Controllers/Admin/Invoices.php(74): view('admin/invoice/lihat', [...])
 4 SYSTEMPATH/CodeIgniter.php(898): App\Controllers\Admin\Invoices->lihat()
 5 SYSTEMPATH/CodeIgniter.php(457): CodeIgniter\CodeIgniter->runController(Object(App\Controllers\Admin\Invoices))
 6 SYSTEMPATH/CodeIgniter.php(340): CodeIgniter\CodeIgniter->handleRequest(null, Object(Config\Cache), false)
 7 FCPATH/index.php(67): CodeIgniter\CodeIgniter->run()
CRITICAL - 2022-12-13 11:16:34 --> syntax error, unexpected '}', expecting end of file
in APPPATH/Views/admin/invoice/lihat.php on line 212.
 1 SYSTEMPATH/View/View.php(216): CodeIgniter\View\View->CodeIgniter\View\{closure}()
 2 SYSTEMPATH/Common.php(1137): CodeIgniter\View\View->render('admin/invoice/lihat', [], true)
 3 APPPATH/Controllers/Admin/Invoices.php(74): view('admin/invoice/lihat', [...])
 4 SYSTEMPATH/CodeIgniter.php(898): App\Controllers\Admin\Invoices->lihat()
 5 SYSTEMPATH/CodeIgniter.php(457): CodeIgniter\CodeIgniter->runController(Object(App\Controllers\Admin\Invoices))
 6 SYSTEMPATH/CodeIgniter.php(340): CodeIgniter\CodeIgniter->handleRequest(null, Object(Config\Cache), false)
 7 FCPATH/index.php(67): CodeIgniter\CodeIgniter->run()
CRITICAL - 2022-12-13 11:17:01 --> Invalid argument supplied for foreach()
in APPPATH/Views/admin/invoice/lihat.php on line 82.
 1 APPPATH/Views/admin/invoice/lihat.php(82): CodeIgniter\Debug\Exceptions->errorHandler(2, 'Invalid argument supplied for foreach()', 'APPPATH/Views/admin/invoice/lihat.php', 82, [...])
 2 SYSTEMPATH/View/View.php(213): include('APPPATH/Views/admin/invoice/lihat.php')
 3 SYSTEMPATH/View/View.php(216): CodeIgniter\View\View->CodeIgniter\View\{closure}()
 4 SYSTEMPATH/Common.php(1137): CodeIgniter\View\View->render('admin/invoice/lihat', [], true)
 5 APPPATH/Controllers/Admin/Invoices.php(74): view('admin/invoice/lihat', [...])
 6 SYSTEMPATH/CodeIgniter.php(898): App\Controllers\Admin\Invoices->lihat()
 7 SYSTEMPATH/CodeIgniter.php(457): CodeIgniter\CodeIgniter->runController(Object(App\Controllers\Admin\Invoices))
 8 SYSTEMPATH/CodeIgniter.php(340): CodeIgniter\CodeIgniter->handleRequest(null, Object(Config\Cache), false)
 9 FCPATH/index.php(67): CodeIgniter\CodeIgniter->run()
CRITICAL - 2022-12-13 11:18:10 --> Return value of App\Models\LabelInvoice::getSimple() must be an object, null returned
in APPPATH/Models/LabelInvoice.php on line 27.
 1 APPPATH/Models/InvoiceModel.php(85): App\Models\LabelInvoice->getSimple(8563)
 2 APPPATH/Controllers/Admin/Invoices.php(66): App\Models\InvoiceModel->getAll('cek-bayar', 0, '/home/dnzwygdo/public_html', 20, 0)
 3 SYSTEMPATH/CodeIgniter.php(898): App\Controllers\Admin\Invoices->lihat()
 4 SYSTEMPATH/CodeIgniter.php(457): CodeIgniter\CodeIgniter->runController(Object(App\Controllers\Admin\Invoices))
 5 SYSTEMPATH/CodeIgniter.php(340): CodeIgniter\CodeIgniter->handleRequest(null, Object(Config\Cache), false)
 6 FCPATH/index.php(67): CodeIgniter\CodeIgniter->run()
CRITICAL - 2022-12-13 11:18:27 --> Return value of App\Models\LabelInvoice::getSimple() must be an object, null returned
in APPPATH/Models/LabelInvoice.php on line 27.
 1 APPPATH/Models/InvoiceModel.php(85): App\Models\LabelInvoice->getSimple(8563)
 2 APPPATH/Controllers/Admin/Invoices.php(66): App\Models\InvoiceModel->getAll('cek-bayar', 0, '/home/dnzwygdo/public_html', 20, 0)
 3 SYSTEMPATH/CodeIgniter.php(898): App\Controllers\Admin\Invoices->lihat()
 4 SYSTEMPATH/CodeIgniter.php(457): CodeIgniter\CodeIgniter->runController(Object(App\Controllers\Admin\Invoices))
 5 SYSTEMPATH/CodeIgniter.php(340): CodeIgniter\CodeIgniter->handleRequest(null, Object(Config\Cache), false)
 6 FCPATH/index.php(67): CodeIgniter\CodeIgniter->run()
CRITICAL - 2022-12-13 11:19:31 --> Return value of App\Models\LabelInvoice::getSimple() must be an object, null returned
in APPPATH/Models/LabelInvoice.php on line 27.
 1 APPPATH/Models/InvoiceModel.php(85): App\Models\LabelInvoice->getSimple(8563)
 2 APPPATH/Controllers/Admin/Invoices.php(66): App\Models\InvoiceModel->getAll('cek-bayar', 0, '/home/dnzwygdo/public_html', 20, 0)
 3 SYSTEMPATH/CodeIgniter.php(898): App\Controllers\Admin\Invoices->lihat()
 4 SYSTEMPATH/CodeIgniter.php(457): CodeIgniter\CodeIgniter->runController(Object(App\Controllers\Admin\Invoices))
 5 SYSTEMPATH/CodeIgniter.php(340): CodeIgniter\CodeIgniter->handleRequest(null, Object(Config\Cache), false)
 6 FCPATH/index.php(67): CodeIgniter\CodeIgniter->run()
CRITICAL - 2022-12-13 11:19:43 --> Return value of App\Models\LabelInvoice::getSimple() must be an object, null returned
in APPPATH/Models/LabelInvoice.php on line 27.
 1 APPPATH/Models/InvoiceModel.php(85): App\Models\LabelInvoice->getSimple(8563)
 2 APPPATH/Controllers/Admin/Invoices.php(66): App\Models\InvoiceModel->getAll('cek-bayar', 0, '/home/dnzwygdo/public_html', 20, 0)
 3 SYSTEMPATH/CodeIgniter.php(898): App\Controllers\Admin\Invoices->lihat()
 4 SYSTEMPATH/CodeIgniter.php(457): CodeIgniter\CodeIgniter->runController(Object(App\Controllers\Admin\Invoices))
 5 SYSTEMPATH/CodeIgniter.php(340): CodeIgniter\CodeIgniter->handleRequest(null, Object(Config\Cache), false)
 6 FCPATH/index.php(67): CodeIgniter\CodeIgniter->run()
CRITICAL - 2022-12-13 11:19:55 --> Return value of App\Models\LabelInvoice::getSimple() must be an object, null returned
in APPPATH/Models/LabelInvoice.php on line 27.
 1 APPPATH/Models/InvoiceModel.php(85): App\Models\LabelInvoice->getSimple(8563)
 2 APPPATH/Controllers/Admin/Invoices.php(66): App\Models\InvoiceModel->getAll('cek-bayar', 0, '/home/dnzwygdo/public_html', 20, 0)
 3 SYSTEMPATH/CodeIgniter.php(898): App\Controllers\Admin\Invoices->lihat()
 4 SYSTEMPATH/CodeIgniter.php(457): CodeIgniter\CodeIgniter->runController(Object(App\Controllers\Admin\Invoices))
 5 SYSTEMPATH/CodeIgniter.php(340): CodeIgniter\CodeIgniter->handleRequest(null, Object(Config\Cache), false)
 6 FCPATH/index.php(67): CodeIgniter\CodeIgniter->run()
CRITICAL - 2022-12-13 11:20:01 --> Return value of App\Models\LabelInvoice::getSimple() must be an object, null returned
in APPPATH/Models/LabelInvoice.php on line 27.
 1 APPPATH/Models/InvoiceModel.php(85): App\Models\LabelInvoice->getSimple(8563)
 2 APPPATH/Controllers/Admin/Invoices.php(66): App\Models\InvoiceModel->getAll('cek-bayar', 0, '/home/dnzwygdo/public_html', 20, 0)
 3 SYSTEMPATH/CodeIgniter.php(898): App\Controllers\Admin\Invoices->lihat()
 4 SYSTEMPATH/CodeIgniter.php(457): CodeIgniter\CodeIgniter->runController(Object(App\Controllers\Admin\Invoices))
 5 SYSTEMPATH/CodeIgniter.php(340): CodeIgniter\CodeIgniter->handleRequest(null, Object(Config\Cache), false)
 6 FCPATH/index.php(67): CodeIgniter\CodeIgniter->run()
CRITICAL - 2022-12-13 11:21:20 --> Return value of App\Models\LabelInvoice::getSimple() must be an object, null returned
in APPPATH/Models/LabelInvoice.php on line 27.
 1 APPPATH/Models/InvoiceModel.php(85): App\Models\LabelInvoice->getSimple(8563)
 2 APPPATH/Controllers/Admin/Invoices.php(66): App\Models\InvoiceModel->getAll('cek-bayar', 0, '/home/dnzwygdo/public_html', 20, 0)
 3 SYSTEMPATH/CodeIgniter.php(898): App\Controllers\Admin\Invoices->lihat()
 4 SYSTEMPATH/CodeIgniter.php(457): CodeIgniter\CodeIgniter->runController(Object(App\Controllers\Admin\Invoices))
 5 SYSTEMPATH/CodeIgniter.php(340): CodeIgniter\CodeIgniter->handleRequest(null, Object(Config\Cache), false)
 6 FCPATH/index.php(67): CodeIgniter\CodeIgniter->run()
CRITICAL - 2022-12-13 11:21:24 --> Return value of App\Models\LabelInvoice::getSimple() must be an object, null returned
in APPPATH/Models/LabelInvoice.php on line 27.
 1 APPPATH/Models/InvoiceModel.php(85): App\Models\LabelInvoice->getSimple(8563)
 2 APPPATH/Controllers/Admin/Invoices.php(66): App\Models\InvoiceModel->getAll('cek-bayar', 0, '/home/dnzwygdo/public_html', 20, 0)
 3 SYSTEMPATH/CodeIgniter.php(898): App\Controllers\Admin\Invoices->lihat()
 4 SYSTEMPATH/CodeIgniter.php(457): CodeIgniter\CodeIgniter->runController(Object(App\Controllers\Admin\Invoices))
 5 SYSTEMPATH/CodeIgniter.php(340): CodeIgniter\CodeIgniter->handleRequest(null, Object(Config\Cache), false)
 6 FCPATH/index.php(67): CodeIgniter\CodeIgniter->run()
CRITICAL - 2022-12-13 11:22:32 --> Return value of App\Models\LabelInvoice::getSimple() must be an object, null returned
in APPPATH/Models/LabelInvoice.php on line 27.
 1 APPPATH/Models/InvoiceModel.php(85): App\Models\LabelInvoice->getSimple(8563)
 2 APPPATH/Controllers/Admin/Invoices.php(66): App\Models\InvoiceModel->getAll('cek-bayar', 0, '/home/dnzwygdo/public_html', 20, 0)
 3 SYSTEMPATH/CodeIgniter.php(898): App\Controllers\Admin\Invoices->lihat()
 4 SYSTEMPATH/CodeIgniter.php(457): CodeIgniter\CodeIgniter->runController(Object(App\Controllers\Admin\Invoices))
 5 SYSTEMPATH/CodeIgniter.php(340): CodeIgniter\CodeIgniter->handleRequest(null, Object(Config\Cache), false)
 6 FCPATH/index.php(67): CodeIgniter\CodeIgniter->run()
CRITICAL - 2022-12-13 11:23:17 --> Return value of App\Models\LabelInvoice::getSimple() must be an object, null returned
in APPPATH/Models/LabelInvoice.php on line 27.
 1 APPPATH/Models/InvoiceModel.php(85): App\Models\LabelInvoice->getSimple(8563)
 2 APPPATH/Controllers/Admin/Invoices.php(66): App\Models\InvoiceModel->getAll('cek-bayar', 0, '/home/dnzwygdo/public_html', 20, 0)
 3 SYSTEMPATH/CodeIgniter.php(898): App\Controllers\Admin\Invoices->lihat()
 4 SYSTEMPATH/CodeIgniter.php(457): CodeIgniter\CodeIgniter->runController(Object(App\Controllers\Admin\Invoices))
 5 SYSTEMPATH/CodeIgniter.php(340): CodeIgniter\CodeIgniter->handleRequest(null, Object(Config\Cache), false)
 6 FCPATH/index.php(67): CodeIgniter\CodeIgniter->run()
CRITICAL - 2022-12-13 11:23:21 --> Return value of App\Models\LabelInvoice::getSimple() must be an object, null returned
in APPPATH/Models/LabelInvoice.php on line 27.
 1 APPPATH/Models/InvoiceModel.php(85): App\Models\LabelInvoice->getSimple(8563)
 2 APPPATH/Controllers/Admin/Invoices.php(66): App\Models\InvoiceModel->getAll('cek-bayar', 0, '/home/dnzwygdo/public_html', 20, 0)
 3 SYSTEMPATH/CodeIgniter.php(898): App\Controllers\Admin\Invoices->lihat()
 4 SYSTEMPATH/CodeIgniter.php(457): CodeIgniter\CodeIgniter->runController(Object(App\Controllers\Admin\Invoices))
 5 SYSTEMPATH/CodeIgniter.php(340): CodeIgniter\CodeIgniter->handleRequest(null, Object(Config\Cache), false)
 6 FCPATH/index.php(67): CodeIgniter\CodeIgniter->run()
CRITICAL - 2022-12-13 11:23:53 --> Return value of App\Models\LabelInvoice::getSimple() must be an object, null returned
in APPPATH/Models/LabelInvoice.php on line 27.
 1 APPPATH/Models/InvoiceModel.php(85): App\Models\LabelInvoice->getSimple(8563)
 2 APPPATH/Controllers/Admin/Invoices.php(66): App\Models\InvoiceModel->getAll('cek-bayar', 0, '/home/dnzwygdo/public_html', 20, 0)
 3 SYSTEMPATH/CodeIgniter.php(898): App\Controllers\Admin\Invoices->lihat()
 4 SYSTEMPATH/CodeIgniter.php(457): CodeIgniter\CodeIgniter->runController(Object(App\Controllers\Admin\Invoices))
 5 SYSTEMPATH/CodeIgniter.php(340): CodeIgniter\CodeIgniter->handleRequest(null, Object(Config\Cache), false)
 6 FCPATH/index.php(67): CodeIgniter\CodeIgniter->run()
CRITICAL - 2022-12-13 11:25:09 --> Return value of App\Models\LabelInvoice::getSimple() must be an object, null returned
in APPPATH/Models/LabelInvoice.php on line 27.
 1 APPPATH/Models/InvoiceModel.php(85): App\Models\LabelInvoice->getSimple(8563)
 2 APPPATH/Controllers/Admin/Invoices.php(66): App\Models\InvoiceModel->getAll('semua', 0, '/home/dnzwygdo/public_html', 20, 20)
 3 SYSTEMPATH/CodeIgniter.php(898): App\Controllers\Admin\Invoices->lihat('semua', 'semua')
 4 SYSTEMPATH/CodeIgniter.php(457): CodeIgniter\CodeIgniter->runController(Object(App\Controllers\Admin\Invoices))
 5 SYSTEMPATH/CodeIgniter.php(340): CodeIgniter\CodeIgniter->handleRequest(null, Object(Config\Cache), false)
 6 FCPATH/index.php(67): CodeIgniter\CodeIgniter->run()
CRITICAL - 2022-12-13 11:25:14 --> Return value of App\Models\LabelInvoice::getSimple() must be an object, null returned
in APPPATH/Models/LabelInvoice.php on line 27.
 1 APPPATH/Models/InvoiceModel.php(85): App\Models\LabelInvoice->getSimple(8563)
 2 APPPATH/Controllers/Admin/Invoices.php(66): App\Models\InvoiceModel->getAll('cek-bayar', 0, '/home/dnzwygdo/public_html', 20, 0)
 3 SYSTEMPATH/CodeIgniter.php(898): App\Controllers\Admin\Invoices->lihat()
 4 SYSTEMPATH/CodeIgniter.php(457): CodeIgniter\CodeIgniter->runController(Object(App\Controllers\Admin\Invoices))
 5 SYSTEMPATH/CodeIgniter.php(340): CodeIgniter\CodeIgniter->handleRequest(null, Object(Config\Cache), false)
 6 FCPATH/index.php(67): CodeIgniter\CodeIgniter->run()
CRITICAL - 2022-12-13 11:25:54 --> Return value of App\Models\LabelInvoice::getSimple() must be an object, null returned
in APPPATH/Models/LabelInvoice.php on line 27.
 1 APPPATH/Models/InvoiceModel.php(85): App\Models\LabelInvoice->getSimple(8563)
 2 APPPATH/Controllers/Admin/Invoices.php(66): App\Models\InvoiceModel->getAll('cek-bayar', 0, '/home/dnzwygdo/public_html', 20, 0)
 3 SYSTEMPATH/CodeIgniter.php(898): App\Controllers\Admin\Invoices->lihat()
 4 SYSTEMPATH/CodeIgniter.php(457): CodeIgniter\CodeIgniter->runController(Object(App\Controllers\Admin\Invoices))
 5 SYSTEMPATH/CodeIgniter.php(340): CodeIgniter\CodeIgniter->handleRequest(null, Object(Config\Cache), false)
 6 FCPATH/index.php(67): CodeIgniter\CodeIgniter->run()
CRITICAL - 2022-12-13 11:26:07 --> Return value of App\Models\LabelInvoice::getSimple() must be an object, null returned
in APPPATH/Models/LabelInvoice.php on line 27.
 1 APPPATH/Models/InvoiceModel.php(85): App\Models\LabelInvoice->getSimple(8563)
 2 APPPATH/Controllers/Admin/Invoices.php(66): App\Models\InvoiceModel->getAll('cek-bayar', 0, '/home/dnzwygdo/public_html', 20, 0)
 3 SYSTEMPATH/CodeIgniter.php(898): App\Controllers\Admin\Invoices->lihat()
 4 SYSTEMPATH/CodeIgniter.php(457): CodeIgniter\CodeIgniter->runController(Object(App\Controllers\Admin\Invoices))
 5 SYSTEMPATH/CodeIgniter.php(340): CodeIgniter\CodeIgniter->handleRequest(null, Object(Config\Cache), false)
 6 FCPATH/index.php(67): CodeIgniter\CodeIgniter->run()
CRITICAL - 2022-12-13 11:26:17 --> syntax error, unexpected 'as' (T_AS)
in APPPATH/Views/admin/invoice/lihat.php on line 82.
 1 SYSTEMPATH/View/View.php(216): CodeIgniter\View\View->CodeIgniter\View\{closure}()
 2 SYSTEMPATH/Common.php(1137): CodeIgniter\View\View->render('admin/invoice/lihat', [], true)
 3 APPPATH/Controllers/Admin/Invoices.php(74): view('admin/invoice/lihat', [...])
 4 SYSTEMPATH/CodeIgniter.php(898): App\Controllers\Admin\Invoices->lihat('semua', 'semua')
 5 SYSTEMPATH/CodeIgniter.php(457): CodeIgniter\CodeIgniter->runController(Object(App\Controllers\Admin\Invoices))
 6 SYSTEMPATH/CodeIgniter.php(340): CodeIgniter\CodeIgniter->handleRequest(null, Object(Config\Cache), false)
 7 FCPATH/index.php(67): CodeIgniter\CodeIgniter->run()
CRITICAL - 2022-12-13 11:26:30 --> syntax error, unexpected 'as' (T_AS)
in APPPATH/Views/admin/invoice/lihat.php on line 82.
 1 SYSTEMPATH/View/View.php(216): CodeIgniter\View\View->CodeIgniter\View\{closure}()
 2 SYSTEMPATH/Common.php(1137): CodeIgniter\View\View->render('admin/invoice/lihat', [], true)
 3 APPPATH/Controllers/Admin/Invoices.php(74): view('admin/invoice/lihat', [...])
 4 SYSTEMPATH/CodeIgniter.php(898): App\Controllers\Admin\Invoices->lihat('semua', 'semua')
 5 SYSTEMPATH/CodeIgniter.php(457): CodeIgniter\CodeIgniter->runController(Object(App\Controllers\Admin\Invoices))
 6 SYSTEMPATH/CodeIgniter.php(340): CodeIgniter\CodeIgniter->handleRequest(null, Object(Config\Cache), false)
 7 FCPATH/index.php(67): CodeIgniter\CodeIgniter->run()
CRITICAL - 2022-12-13 11:26:46 --> Return value of App\Models\LabelInvoice::getSimple() must be an object, null returned
in APPPATH/Models/LabelInvoice.php on line 27.
 1 APPPATH/Models/InvoiceModel.php(85): App\Models\LabelInvoice->getSimple(8563)
 2 APPPATH/Controllers/Admin/Invoices.php(66): App\Models\InvoiceModel->getAll('cek-bayar', 0, '/home/dnzwygdo/public_html', 20, 0)
 3 SYSTEMPATH/CodeIgniter.php(898): App\Controllers\Admin\Invoices->lihat()
 4 SYSTEMPATH/CodeIgniter.php(457): CodeIgniter\CodeIgniter->runController(Object(App\Controllers\Admin\Invoices))
 5 SYSTEMPATH/CodeIgniter.php(340): CodeIgniter\CodeIgniter->handleRequest(null, Object(Config\Cache), false)
 6 FCPATH/index.php(67): CodeIgniter\CodeIgniter->run()
CRITICAL - 2022-12-13 11:26:47 --> Return value of App\Models\LabelInvoice::getSimple() must be an object, null returned
in APPPATH/Models/LabelInvoice.php on line 27.
 1 APPPATH/Models/InvoiceModel.php(85): App\Models\LabelInvoice->getSimple(8563)
 2 APPPATH/Controllers/Admin/Invoices.php(66): App\Models\InvoiceModel->getAll('cek-bayar', 0, '/home/dnzwygdo/public_html', 20, 0)
 3 SYSTEMPATH/CodeIgniter.php(898): App\Controllers\Admin\Invoices->lihat()
 4 SYSTEMPATH/CodeIgniter.php(457): CodeIgniter\CodeIgniter->runController(Object(App\Controllers\Admin\Invoices))
 5 SYSTEMPATH/CodeIgniter.php(340): CodeIgniter\CodeIgniter->handleRequest(null, Object(Config\Cache), false)
 6 FCPATH/index.php(67): CodeIgniter\CodeIgniter->run()
CRITICAL - 2022-12-13 11:26:54 --> syntax error, unexpected 'as' (T_AS)
in APPPATH/Views/admin/invoice/lihat.php on line 82.
 1 SYSTEMPATH/View/View.php(216): CodeIgniter\View\View->CodeIgniter\View\{closure}()
 2 SYSTEMPATH/Common.php(1137): CodeIgniter\View\View->render('admin/invoice/lihat', [], true)
 3 APPPATH/Controllers/Admin/Invoices.php(74): view('admin/invoice/lihat', [...])
 4 SYSTEMPATH/CodeIgniter.php(898): App\Controllers\Admin\Invoices->lihat('semua', 'semua')
 5 SYSTEMPATH/CodeIgniter.php(457): CodeIgniter\CodeIgniter->runController(Object(App\Controllers\Admin\Invoices))
 6 SYSTEMPATH/CodeIgniter.php(340): CodeIgniter\CodeIgniter->handleRequest(null, Object(Config\Cache), false)
 7 FCPATH/index.php(67): CodeIgniter\CodeIgniter->run()
CRITICAL - 2022-12-13 11:27:02 --> Return value of App\Models\LabelInvoice::getSimple() must be an object, null returned
in APPPATH/Models/LabelInvoice.php on line 27.
 1 APPPATH/Models/InvoiceModel.php(85): App\Models\LabelInvoice->getSimple(8563)
 2 APPPATH/Controllers/Admin/Invoices.php(66): App\Models\InvoiceModel->getAll('cek-bayar', 0, '/home/dnzwygdo/public_html', 20, 0)
 3 SYSTEMPATH/CodeIgniter.php(898): App\Controllers\Admin\Invoices->lihat()
 4 SYSTEMPATH/CodeIgniter.php(457): CodeIgniter\CodeIgniter->runController(Object(App\Controllers\Admin\Invoices))
 5 SYSTEMPATH/CodeIgniter.php(340): CodeIgniter\CodeIgniter->handleRequest(null, Object(Config\Cache), false)
 6 FCPATH/index.php(67): CodeIgniter\CodeIgniter->run()
CRITICAL - 2022-12-13 11:27:02 --> Return value of App\Models\LabelInvoice::getSimple() must be an object, null returned
in APPPATH/Models/LabelInvoice.php on line 27.
 1 APPPATH/Models/InvoiceModel.php(85): App\Models\LabelInvoice->getSimple(8563)
 2 APPPATH/Controllers/Admin/Invoices.php(66): App\Models\InvoiceModel->getAll('cek-bayar', 0, '/home/dnzwygdo/public_html', 20, 0)
 3 SYSTEMPATH/CodeIgniter.php(898): App\Controllers\Admin\Invoices->lihat()
 4 SYSTEMPATH/CodeIgniter.php(457): CodeIgniter\CodeIgniter->runController(Object(App\Controllers\Admin\Invoices))
 5 SYSTEMPATH/CodeIgniter.php(340): CodeIgniter\CodeIgniter->handleRequest(null, Object(Config\Cache), false)
 6 FCPATH/index.php(67): CodeIgniter\CodeIgniter->run()
CRITICAL - 2022-12-13 11:27:04 --> Return value of App\Models\LabelInvoice::getSimple() must be an object, null returned
in APPPATH/Models/LabelInvoice.php on line 27.
 1 APPPATH/Models/InvoiceModel.php(85): App\Models\LabelInvoice->getSimple(8563)
 2 APPPATH/Controllers/Admin/Invoices.php(66): App\Models\InvoiceModel->getAll('cek-bayar', 0, '/home/dnzwygdo/public_html', 20, 0)
 3 SYSTEMPATH/CodeIgniter.php(898): App\Controllers\Admin\Invoices->lihat()
 4 SYSTEMPATH/CodeIgniter.php(457): CodeIgniter\CodeIgniter->runController(Object(App\Controllers\Admin\Invoices))
 5 SYSTEMPATH/CodeIgniter.php(340): CodeIgniter\CodeIgniter->handleRequest(null, Object(Config\Cache), false)
 6 FCPATH/index.php(67): CodeIgniter\CodeIgniter->run()
CRITICAL - 2022-12-13 11:27:05 --> Invalid argument supplied for foreach()
in APPPATH/Views/admin/invoice/lihat.php on line 82.
 1 APPPATH/Views/admin/invoice/lihat.php(82): CodeIgniter\Debug\Exceptions->errorHandler(2, 'Invalid argument supplied for foreach()', 'APPPATH/Views/admin/invoice/lihat.php', 82, [...])
 2 SYSTEMPATH/View/View.php(213): include('APPPATH/Views/admin/invoice/lihat.php')
 3 SYSTEMPATH/View/View.php(216): CodeIgniter\View\View->CodeIgniter\View\{closure}()
 4 SYSTEMPATH/Common.php(1137): CodeIgniter\View\View->render('admin/invoice/lihat', [], true)
 5 APPPATH/Controllers/Admin/Invoices.php(74): view('admin/invoice/lihat', [...])
 6 SYSTEMPATH/CodeIgniter.php(898): App\Controllers\Admin\Invoices->lihat('semua', 'semua')
 7 SYSTEMPATH/CodeIgniter.php(457): CodeIgniter\CodeIgniter->runController(Object(App\Controllers\Admin\Invoices))
 8 SYSTEMPATH/CodeIgniter.php(340): CodeIgniter\CodeIgniter->handleRequest(null, Object(Config\Cache), false)
 9 FCPATH/index.php(67): CodeIgniter\CodeIgniter->run()
CRITICAL - 2022-12-13 11:27:08 --> Return value of App\Models\LabelInvoice::getSimple() must be an object, null returned
in APPPATH/Models/LabelInvoice.php on line 27.
 1 APPPATH/Models/InvoiceModel.php(85): App\Models\LabelInvoice->getSimple(8563)
 2 APPPATH/Controllers/Admin/Invoices.php(66): App\Models\InvoiceModel->getAll('cek-bayar', 0, '/home/dnzwygdo/public_html', 20, 0)
 3 SYSTEMPATH/CodeIgniter.php(898): App\Controllers\Admin\Invoices->lihat()
 4 SYSTEMPATH/CodeIgniter.php(457): CodeIgniter\CodeIgniter->runController(Object(App\Controllers\Admin\Invoices))
 5 SYSTEMPATH/CodeIgniter.php(340): CodeIgniter\CodeIgniter->handleRequest(null, Object(Config\Cache), false)
 6 FCPATH/index.php(67): CodeIgniter\CodeIgniter->run()
CRITICAL - 2022-12-13 11:27:09 --> Return value of App\Models\LabelInvoice::getSimple() must be an object, null returned
in APPPATH/Models/LabelInvoice.php on line 27.
 1 APPPATH/Models/InvoiceModel.php(85): App\Models\LabelInvoice->getSimple(8563)
 2 APPPATH/Controllers/Admin/Invoices.php(66): App\Models\InvoiceModel->getAll('cek-bayar', 0, '/home/dnzwygdo/public_html', 20, 0)
 3 SYSTEMPATH/CodeIgniter.php(898): App\Controllers\Admin\Invoices->lihat()
 4 SYSTEMPATH/CodeIgniter.php(457): CodeIgniter\CodeIgniter->runController(Object(App\Controllers\Admin\Invoices))
 5 SYSTEMPATH/CodeIgniter.php(340): CodeIgniter\CodeIgniter->handleRequest(null, Object(Config\Cache), false)
 6 FCPATH/index.php(67): CodeIgniter\CodeIgniter->run()
CRITICAL - 2022-12-13 11:27:10 --> Return value of App\Models\LabelInvoice::getSimple() must be an object, null returned
in APPPATH/Models/LabelInvoice.php on line 27.
 1 APPPATH/Models/InvoiceModel.php(85): App\Models\LabelInvoice->getSimple(8563)
 2 APPPATH/Controllers/Admin/Invoices.php(66): App\Models\InvoiceModel->getAll('cek-bayar', 0, '/home/dnzwygdo/public_html', 20, 0)
 3 SYSTEMPATH/CodeIgniter.php(898): App\Controllers\Admin\Invoices->lihat()
 4 SYSTEMPATH/CodeIgniter.php(457): CodeIgniter\CodeIgniter->runController(Object(App\Controllers\Admin\Invoices))
 5 SYSTEMPATH/CodeIgniter.php(340): CodeIgniter\CodeIgniter->handleRequest(null, Object(Config\Cache), false)
 6 FCPATH/index.php(67): CodeIgniter\CodeIgniter->run()
CRITICAL - 2022-12-13 11:27:11 --> Invalid argument supplied for foreach()
in APPPATH/Views/admin/invoice/lihat.php on line 82.
 1 APPPATH/Views/admin/invoice/lihat.php(82): CodeIgniter\Debug\Exceptions->errorHandler(2, 'Invalid argument supplied for foreach()', 'APPPATH/Views/admin/invoice/lihat.php', 82, [...])
 2 SYSTEMPATH/View/View.php(213): include('APPPATH/Views/admin/invoice/lihat.php')
 3 SYSTEMPATH/View/View.php(216): CodeIgniter\View\View->CodeIgniter\View\{closure}()
 4 SYSTEMPATH/Common.php(1137): CodeIgniter\View\View->render('admin/invoice/lihat', [], true)
 5 APPPATH/Controllers/Admin/Invoices.php(74): view('admin/invoice/lihat', [...])
 6 SYSTEMPATH/CodeIgniter.php(898): App\Controllers\Admin\Invoices->lihat('semua', 'semua')
 7 SYSTEMPATH/CodeIgniter.php(457): CodeIgniter\CodeIgniter->runController(Object(App\Controllers\Admin\Invoices))
 8 SYSTEMPATH/CodeIgniter.php(340): CodeIgniter\CodeIgniter->handleRequest(null, Object(Config\Cache), false)
 9 FCPATH/index.php(67): CodeIgniter\CodeIgniter->run()
CRITICAL - 2022-12-13 11:27:14 --> Return value of App\Models\LabelInvoice::getSimple() must be an object, null returned
in APPPATH/Models/LabelInvoice.php on line 27.
 1 APPPATH/Models/InvoiceModel.php(85): App\Models\LabelInvoice->getSimple(8563)
 2 APPPATH/Controllers/Admin/Invoices.php(66): App\Models\InvoiceModel->getAll('cek-bayar', 0, '/home/dnzwygdo/public_html', 20, 0)
 3 SYSTEMPATH/CodeIgniter.php(898): App\Controllers\Admin\Invoices->lihat()
 4 SYSTEMPATH/CodeIgniter.php(457): CodeIgniter\CodeIgniter->runController(Object(App\Controllers\Admin\Invoices))
 5 SYSTEMPATH/CodeIgniter.php(340): CodeIgniter\CodeIgniter->handleRequest(null, Object(Config\Cache), false)
 6 FCPATH/index.php(67): CodeIgniter\CodeIgniter->run()
CRITICAL - 2022-12-13 11:27:33 --> Return value of App\Models\LabelInvoice::getSimple() must be an object, null returned
in APPPATH/Models/LabelInvoice.php on line 27.
 1 APPPATH/Models/InvoiceModel.php(85): App\Models\LabelInvoice->getSimple(8563)
 2 APPPATH/Controllers/Admin/Invoices.php(66): App\Models\InvoiceModel->getAll('cek-bayar', 0, '/home/dnzwygdo/public_html', 20, 0)
 3 SYSTEMPATH/CodeIgniter.php(898): App\Controllers\Admin\Invoices->lihat()
 4 SYSTEMPATH/CodeIgniter.php(457): CodeIgniter\CodeIgniter->runController(Object(App\Controllers\Admin\Invoices))
 5 SYSTEMPATH/CodeIgniter.php(340): CodeIgniter\CodeIgniter->handleRequest(null, Object(Config\Cache), false)
 6 FCPATH/index.php(67): CodeIgniter\CodeIgniter->run()
CRITICAL - 2022-12-13 11:27:37 --> Invalid argument supplied for foreach()
in APPPATH/Views/admin/invoice/lihat.php on line 82.
 1 APPPATH/Views/admin/invoice/lihat.php(82): CodeIgniter\Debug\Exceptions->errorHandler(2, 'Invalid argument supplied for foreach()', 'APPPATH/Views/admin/invoice/lihat.php', 82, [...])
 2 SYSTEMPATH/View/View.php(213): include('APPPATH/Views/admin/invoice/lihat.php')
 3 SYSTEMPATH/View/View.php(216): CodeIgniter\View\View->CodeIgniter\View\{closure}()
 4 SYSTEMPATH/Common.php(1137): CodeIgniter\View\View->render('admin/invoice/lihat', [], true)
 5 APPPATH/Controllers/Admin/Invoices.php(74): view('admin/invoice/lihat', [...])
 6 SYSTEMPATH/CodeIgniter.php(898): App\Controllers\Admin\Invoices->lihat()
 7 SYSTEMPATH/CodeIgniter.php(457): CodeIgniter\CodeIgniter->runController(Object(App\Controllers\Admin\Invoices))
 8 SYSTEMPATH/CodeIgniter.php(340): CodeIgniter\CodeIgniter->handleRequest(null, Object(Config\Cache), false)
 9 FCPATH/index.php(67): CodeIgniter\CodeIgniter->run()
CRITICAL - 2022-12-13 11:27:40 --> Invalid argument supplied for foreach()
in APPPATH/Views/admin/invoice/lihat.php on line 82.
 1 APPPATH/Views/admin/invoice/lihat.php(82): CodeIgniter\Debug\Exceptions->errorHandler(2, 'Invalid argument supplied for foreach()', 'APPPATH/Views/admin/invoice/lihat.php', 82, [...])
 2 SYSTEMPATH/View/View.php(213): include('APPPATH/Views/admin/invoice/lihat.php')
 3 SYSTEMPATH/View/View.php(216): CodeIgniter\View\View->CodeIgniter\View\{closure}()
 4 SYSTEMPATH/Common.php(1137): CodeIgniter\View\View->render('admin/invoice/lihat', [], true)
 5 APPPATH/Controllers/Admin/Invoices.php(74): view('admin/invoice/lihat', [...])
 6 SYSTEMPATH/CodeIgniter.php(898): App\Controllers\Admin\Invoices->lihat('semua', 'semua')
 7 SYSTEMPATH/CodeIgniter.php(457): CodeIgniter\CodeIgniter->runController(Object(App\Controllers\Admin\Invoices))
 8 SYSTEMPATH/CodeIgniter.php(340): CodeIgniter\CodeIgniter->handleRequest(null, Object(Config\Cache), false)
 9 FCPATH/index.php(67): CodeIgniter\CodeIgniter->run()
CRITICAL - 2022-12-13 11:28:04 --> Invalid argument supplied for foreach()
in APPPATH/Views/admin/invoice/lihat.php on line 82.
 1 APPPATH/Views/admin/invoice/lihat.php(82): CodeIgniter\Debug\Exceptions->errorHandler(2, 'Invalid argument supplied for foreach()', 'APPPATH/Views/admin/invoice/lihat.php', 82, [...])
 2 SYSTEMPATH/View/View.php(213): include('APPPATH/Views/admin/invoice/lihat.php')
 3 SYSTEMPATH/View/View.php(216): CodeIgniter\View\View->CodeIgniter\View\{closure}()
 4 SYSTEMPATH/Common.php(1137): CodeIgniter\View\View->render('admin/invoice/lihat', [], true)
 5 APPPATH/Controllers/Admin/Invoices.php(74): view('admin/invoice/lihat', [...])
 6 SYSTEMPATH/CodeIgniter.php(898): App\Controllers\Admin\Invoices->lihat()
 7 SYSTEMPATH/CodeIgniter.php(457): CodeIgniter\CodeIgniter->runController(Object(App\Controllers\Admin\Invoices))
 8 SYSTEMPATH/CodeIgniter.php(340): CodeIgniter\CodeIgniter->handleRequest(null, Object(Config\Cache), false)
 9 FCPATH/index.php(67): CodeIgniter\CodeIgniter->run()
CRITICAL - 2022-12-13 11:28:06 --> Invalid argument supplied for foreach()
in APPPATH/Views/admin/invoice/lihat.php on line 82.
 1 APPPATH/Views/admin/invoice/lihat.php(82): CodeIgniter\Debug\Exceptions->errorHandler(2, 'Invalid argument supplied for foreach()', 'APPPATH/Views/admin/invoice/lihat.php', 82, [...])
 2 SYSTEMPATH/View/View.php(213): include('APPPATH/Views/admin/invoice/lihat.php')
 3 SYSTEMPATH/View/View.php(216): CodeIgniter\View\View->CodeIgniter\View\{closure}()
 4 SYSTEMPATH/Common.php(1137): CodeIgniter\View\View->render('admin/invoice/lihat', [], true)
 5 APPPATH/Controllers/Admin/Invoices.php(74): view('admin/invoice/lihat', [...])
 6 SYSTEMPATH/CodeIgniter.php(898): App\Controllers\Admin\Invoices->lihat()
 7 SYSTEMPATH/CodeIgniter.php(457): CodeIgniter\CodeIgniter->runController(Object(App\Controllers\Admin\Invoices))
 8 SYSTEMPATH/CodeIgniter.php(340): CodeIgniter\CodeIgniter->handleRequest(null, Object(Config\Cache), false)
 9 FCPATH/index.php(67): CodeIgniter\CodeIgniter->run()
CRITICAL - 2022-12-13 11:29:12 --> syntax error, unexpected '--' (T_DEC)
in APPPATH/Views/admin/invoice/lihat.php on line 30.
 1 SYSTEMPATH/View/View.php(216): CodeIgniter\View\View->CodeIgniter\View\{closure}()
 2 SYSTEMPATH/Common.php(1137): CodeIgniter\View\View->render('admin/invoice/lihat', [], true)
 3 APPPATH/Controllers/Admin/Invoices.php(74): view('admin/invoice/lihat', [...])
 4 SYSTEMPATH/CodeIgniter.php(898): App\Controllers\Admin\Invoices->lihat()
 5 SYSTEMPATH/CodeIgniter.php(457): CodeIgniter\CodeIgniter->runController(Object(App\Controllers\Admin\Invoices))
 6 SYSTEMPATH/CodeIgniter.php(340): CodeIgniter\CodeIgniter->handleRequest(null, Object(Config\Cache), false)
 7 FCPATH/index.php(67): CodeIgniter\CodeIgniter->run()
CRITICAL - 2022-12-13 11:29:22 --> syntax error, unexpected '--' (T_DEC)
in APPPATH/Views/admin/invoice/lihat.php on line 30.
 1 SYSTEMPATH/View/View.php(216): CodeIgniter\View\View->CodeIgniter\View\{closure}()
 2 SYSTEMPATH/Common.php(1137): CodeIgniter\View\View->render('admin/invoice/lihat', [], true)
 3 APPPATH/Controllers/Admin/Invoices.php(74): view('admin/invoice/lihat', [...])
 4 SYSTEMPATH/CodeIgniter.php(898): App\Controllers\Admin\Invoices->lihat()
 5 SYSTEMPATH/CodeIgniter.php(457): CodeIgniter\CodeIgniter->runController(Object(App\Controllers\Admin\Invoices))
 6 SYSTEMPATH/CodeIgniter.php(340): CodeIgniter\CodeIgniter->handleRequest(null, Object(Config\Cache), false)
 7 FCPATH/index.php(67): CodeIgniter\CodeIgniter->run()
CRITICAL - 2022-12-13 11:30:11 --> Invalid argument supplied for foreach()
in APPPATH/Views/admin/invoice/lihat.php on line 82.
 1 APPPATH/Views/admin/invoice/lihat.php(82): CodeIgniter\Debug\Exceptions->errorHandler(2, 'Invalid argument supplied for foreach()', 'APPPATH/Views/admin/invoice/lihat.php', 82, [...])
 2 SYSTEMPATH/View/View.php(213): include('APPPATH/Views/admin/invoice/lihat.php')
 3 SYSTEMPATH/View/View.php(216): CodeIgniter\View\View->CodeIgniter\View\{closure}()
 4 SYSTEMPATH/Common.php(1137): CodeIgniter\View\View->render('admin/invoice/lihat', [], true)
 5 APPPATH/Controllers/Admin/Invoices.php(74): view('admin/invoice/lihat', [...])
 6 SYSTEMPATH/CodeIgniter.php(898): App\Controllers\Admin\Invoices->lihat()
 7 SYSTEMPATH/CodeIgniter.php(457): CodeIgniter\CodeIgniter->runController(Object(App\Controllers\Admin\Invoices))
 8 SYSTEMPATH/CodeIgniter.php(340): CodeIgniter\CodeIgniter->handleRequest(null, Object(Config\Cache), false)
 9 FCPATH/index.php(67): CodeIgniter\CodeIgniter->run()
CRITICAL - 2022-12-13 11:30:14 --> Invalid argument supplied for foreach()
in APPPATH/Views/admin/invoice/lihat.php on line 82.
 1 APPPATH/Views/admin/invoice/lihat.php(82): CodeIgniter\Debug\Exceptions->errorHandler(2, 'Invalid argument supplied for foreach()', 'APPPATH/Views/admin/invoice/lihat.php', 82, [...])
 2 SYSTEMPATH/View/View.php(213): include('APPPATH/Views/admin/invoice/lihat.php')
 3 SYSTEMPATH/View/View.php(216): CodeIgniter\View\View->CodeIgniter\View\{closure}()
 4 SYSTEMPATH/Common.php(1137): CodeIgniter\View\View->render('admin/invoice/lihat', [], true)
 5 APPPATH/Controllers/Admin/Invoices.php(74): view('admin/invoice/lihat', [...])
 6 SYSTEMPATH/CodeIgniter.php(898): App\Controllers\Admin\Invoices->lihat()
 7 SYSTEMPATH/CodeIgniter.php(457): CodeIgniter\CodeIgniter->runController(Object(App\Controllers\Admin\Invoices))
 8 SYSTEMPATH/CodeIgniter.php(340): CodeIgniter\CodeIgniter->handleRequest(null, Object(Config\Cache), false)
 9 FCPATH/index.php(67): CodeIgniter\CodeIgniter->run()
CRITICAL - 2022-12-13 11:31:49 --> Invalid argument supplied for foreach()
in APPPATH/Views/admin/invoice/lihat.php on line 82.
 1 APPPATH/Views/admin/invoice/lihat.php(82): CodeIgniter\Debug\Exceptions->errorHandler(2, 'Invalid argument supplied for foreach()', 'APPPATH/Views/admin/invoice/lihat.php', 82, [...])
 2 SYSTEMPATH/View/View.php(213): include('APPPATH/Views/admin/invoice/lihat.php')
 3 SYSTEMPATH/View/View.php(216): CodeIgniter\View\View->CodeIgniter\View\{closure}()
 4 SYSTEMPATH/Common.php(1137): CodeIgniter\View\View->render('admin/invoice/lihat', [], true)
 5 APPPATH/Controllers/Admin/Invoices.php(74): view('admin/invoice/lihat', [...])
 6 SYSTEMPATH/CodeIgniter.php(898): App\Controllers\Admin\Invoices->lihat()
 7 SYSTEMPATH/CodeIgniter.php(457): CodeIgniter\CodeIgniter->runController(Object(App\Controllers\Admin\Invoices))
 8 SYSTEMPATH/CodeIgniter.php(340): CodeIgniter\CodeIgniter->handleRequest(null, Object(Config\Cache), false)
 9 FCPATH/index.php(67): CodeIgniter\CodeIgniter->run()
CRITICAL - 2022-12-13 11:32:39 --> Invalid argument supplied for foreach()
in APPPATH/Views/admin/invoice/lihat.php on line 82.
 1 APPPATH/Views/admin/invoice/lihat.php(82): CodeIgniter\Debug\Exceptions->errorHandler(2, 'Invalid argument supplied for foreach()', 'APPPATH/Views/admin/invoice/lihat.php', 82, [...])
 2 SYSTEMPATH/View/View.php(213): include('APPPATH/Views/admin/invoice/lihat.php')
 3 SYSTEMPATH/View/View.php(216): CodeIgniter\View\View->CodeIgniter\View\{closure}()
 4 SYSTEMPATH/Common.php(1137): CodeIgniter\View\View->render('admin/invoice/lihat', [], true)
 5 APPPATH/Controllers/Admin/Invoices.php(74): view('admin/invoice/lihat', [...])
 6 SYSTEMPATH/CodeIgniter.php(898): App\Controllers\Admin\Invoices->lihat()
 7 SYSTEMPATH/CodeIgniter.php(457): CodeIgniter\CodeIgniter->runController(Object(App\Controllers\Admin\Invoices))
 8 SYSTEMPATH/CodeIgniter.php(340): CodeIgniter\CodeIgniter->handleRequest(null, Object(Config\Cache), false)
 9 FCPATH/index.php(67): CodeIgniter\CodeIgniter->run()
CRITICAL - 2022-12-13 11:35:34 --> Invalid argument supplied for foreach()
in APPPATH/Views/admin/invoice/lihat.php on line 82.
 1 APPPATH/Views/admin/invoice/lihat.php(82): CodeIgniter\Debug\Exceptions->errorHandler(2, 'Invalid argument supplied for foreach()', 'APPPATH/Views/admin/invoice/lihat.php', 82, [...])
 2 SYSTEMPATH/View/View.php(213): include('APPPATH/Views/admin/invoice/lihat.php')
 3 SYSTEMPATH/View/View.php(216): CodeIgniter\View\View->CodeIgniter\View\{closure}()
 4 SYSTEMPATH/Common.php(1137): CodeIgniter\View\View->render('admin/invoice/lihat', [], true)
 5 APPPATH/Controllers/Admin/Invoices.php(74): view('admin/invoice/lihat', [...])
 6 SYSTEMPATH/CodeIgniter.php(898): App\Controllers\Admin\Invoices->lihat()
 7 SYSTEMPATH/CodeIgniter.php(457): CodeIgniter\CodeIgniter->runController(Object(App\Controllers\Admin\Invoices))
 8 SYSTEMPATH/CodeIgniter.php(340): CodeIgniter\CodeIgniter->handleRequest(null, Object(Config\Cache), false)
 9 FCPATH/index.php(67): CodeIgniter\CodeIgniter->run()
CRITICAL - 2022-12-13 11:38:11 --> Return value of App\Models\LabelInvoice::getSimple() must be an object, null returned
in APPPATH/Models/LabelInvoice.php on line 27.
 1 APPPATH/Models/InvoiceModel.php(85): App\Models\LabelInvoice->getSimple(8563)
 2 APPPATH/Controllers/Admin/Invoices.php(66): App\Models\InvoiceModel->getAll('cek-bayar', 0, '/home/dnzwygdo/public_html', 20, 0)
 3 SYSTEMPATH/CodeIgniter.php(898): App\Controllers\Admin\Invoices->lihat()
 4 SYSTEMPATH/CodeIgniter.php(457): CodeIgniter\CodeIgniter->runController(Object(App\Controllers\Admin\Invoices))
 5 SYSTEMPATH/CodeIgniter.php(340): CodeIgniter\CodeIgniter->handleRequest(null, Object(Config\Cache), false)
 6 FCPATH/index.php(67): CodeIgniter\CodeIgniter->run()
CRITICAL - 2022-12-13 11:38:26 --> Return value of App\Models\LabelInvoice::getSimple() must be an object, null returned
in APPPATH/Models/LabelInvoice.php on line 27.
 1 APPPATH/Models/InvoiceModel.php(85): App\Models\LabelInvoice->getSimple(8563)
 2 APPPATH/Controllers/Admin/Invoices.php(66): App\Models\InvoiceModel->getAll('cek-bayar', 0, '/home/dnzwygdo/public_html', 20, 0)
 3 SYSTEMPATH/CodeIgniter.php(898): App\Controllers\Admin\Invoices->lihat()
 4 SYSTEMPATH/CodeIgniter.php(457): CodeIgniter\CodeIgniter->runController(Object(App\Controllers\Admin\Invoices))
 5 SYSTEMPATH/CodeIgniter.php(340): CodeIgniter\CodeIgniter->handleRequest(null, Object(Config\Cache), false)
 6 FCPATH/index.php(67): CodeIgniter\CodeIgniter->run()
CRITICAL - 2022-12-13 11:38:52 --> Return value of App\Models\LabelInvoice::getSimple() must be an object, null returned
in APPPATH/Models/LabelInvoice.php on line 27.
 1 APPPATH/Models/InvoiceModel.php(85): App\Models\LabelInvoice->getSimple(8563)
 2 APPPATH/Controllers/Admin/Invoices.php(66): App\Models\InvoiceModel->getAll('cek-bayar', 0, '/home/dnzwygdo/public_html', 20, 0)
 3 SYSTEMPATH/CodeIgniter.php(898): App\Controllers\Admin\Invoices->lihat('semua', 'cek-bayar')
 4 SYSTEMPATH/CodeIgniter.php(457): CodeIgniter\CodeIgniter->runController(Object(App\Controllers\Admin\Invoices))
 5 SYSTEMPATH/CodeIgniter.php(340): CodeIgniter\CodeIgniter->handleRequest(null, Object(Config\Cache), false)
 6 FCPATH/index.php(67): CodeIgniter\CodeIgniter->run()
CRITICAL - 2022-12-13 11:39:29 --> Return value of App\Models\LabelInvoice::getSimple() must be an object, null returned
in APPPATH/Models/LabelInvoice.php on line 27.
 1 APPPATH/Models/InvoiceModel.php(85): App\Models\LabelInvoice->getSimple(8563)
 2 APPPATH/Controllers/Admin/Invoices.php(66): App\Models\InvoiceModel->getAll('cek-bayar', 0, '/home/dnzwygdo/public_html', 20, 0)
 3 SYSTEMPATH/CodeIgniter.php(898): App\Controllers\Admin\Invoices->lihat()
 4 SYSTEMPATH/CodeIgniter.php(457): CodeIgniter\CodeIgniter->runController(Object(App\Controllers\Admin\Invoices))
 5 SYSTEMPATH/CodeIgniter.php(340): CodeIgniter\CodeIgniter->handleRequest(null, Object(Config\Cache), false)
 6 FCPATH/index.php(67): CodeIgniter\CodeIgniter->run()
CRITICAL - 2022-12-13 11:39:52 --> Return value of App\Models\LabelInvoice::getSimple() must be an object, null returned
in APPPATH/Models/LabelInvoice.php on line 27.
 1 APPPATH/Models/InvoiceModel.php(85): App\Models\LabelInvoice->getSimple(8563)
 2 APPPATH/Controllers/Admin/Invoices.php(66): App\Models\InvoiceModel->getAll('cek-bayar', 0, '/home/dnzwygdo/public_html', 20, 0)
 3 SYSTEMPATH/CodeIgniter.php(898): App\Controllers\Admin\Invoices->lihat('semua')
 4 SYSTEMPATH/CodeIgniter.php(457): CodeIgniter\CodeIgniter->runController(Object(App\Controllers\Admin\Invoices))
 5 SYSTEMPATH/CodeIgniter.php(340): CodeIgniter\CodeIgniter->handleRequest(null, Object(Config\Cache), false)
 6 FCPATH/index.php(67): CodeIgniter\CodeIgniter->run()
CRITICAL - 2022-12-13 11:41:40 --> Return value of App\Models\LabelInvoice::getSimple() must be an object, null returned
in APPPATH/Models/LabelInvoice.php on line 27.
 1 APPPATH/Models/InvoiceModel.php(85): App\Models\LabelInvoice->getSimple(8563)
 2 APPPATH/Controllers/Admin/Invoices.php(66): App\Models\InvoiceModel->getAll('cek-bayar', 0, '/home/dnzwygdo/public_html', 20, 0)
 3 SYSTEMPATH/CodeIgniter.php(898): App\Controllers\Admin\Invoices->lihat()
 4 SYSTEMPATH/CodeIgniter.php(457): CodeIgniter\CodeIgniter->runController(Object(App\Controllers\Admin\Invoices))
 5 SYSTEMPATH/CodeIgniter.php(340): CodeIgniter\CodeIgniter->handleRequest(null, Object(Config\Cache), false)
 6 FCPATH/index.php(67): CodeIgniter\CodeIgniter->run()
CRITICAL - 2022-12-13 11:45:42 --> Return value of App\Models\LabelInvoice::getSimple() must be an object, null returned
in APPPATH/Models/LabelInvoice.php on line 27.
 1 APPPATH/Models/InvoiceModel.php(86): App\Models\LabelInvoice->getSimple(8563)
 2 APPPATH/Controllers/Admin/Invoices.php(66): App\Models\InvoiceModel->getAll('cek-bayar', 0, '/home/dnzwygdo/public_html', 20, 0)
 3 SYSTEMPATH/CodeIgniter.php(898): App\Controllers\Admin\Invoices->lihat()
 4 SYSTEMPATH/CodeIgniter.php(457): CodeIgniter\CodeIgniter->runController(Object(App\Controllers\Admin\Invoices))
 5 SYSTEMPATH/CodeIgniter.php(340): CodeIgniter\CodeIgniter->handleRequest(null, Object(Config\Cache), false)
 6 FCPATH/index.php(67): CodeIgniter\CodeIgniter->run()
CRITICAL - 2022-12-13 11:45:43 --> Return value of App\Models\LabelInvoice::getSimple() must be an object, null returned
in APPPATH/Models/LabelInvoice.php on line 27.
 1 APPPATH/Models/InvoiceModel.php(86): App\Models\LabelInvoice->getSimple(8563)
 2 APPPATH/Controllers/Admin/Invoices.php(66): App\Models\InvoiceModel->getAll('cek-bayar', 0, '/home/dnzwygdo/public_html', 20, 0)
 3 SYSTEMPATH/CodeIgniter.php(898): App\Controllers\Admin\Invoices->lihat()
 4 SYSTEMPATH/CodeIgniter.php(457): CodeIgniter\CodeIgniter->runController(Object(App\Controllers\Admin\Invoices))
 5 SYSTEMPATH/CodeIgniter.php(340): CodeIgniter\CodeIgniter->handleRequest(null, Object(Config\Cache), false)
 6 FCPATH/index.php(67): CodeIgniter\CodeIgniter->run()
CRITICAL - 2022-12-13 11:45:44 --> Return value of App\Models\LabelInvoice::getSimple() must be an object, null returned
in APPPATH/Models/LabelInvoice.php on line 27.
 1 APPPATH/Models/InvoiceModel.php(86): App\Models\LabelInvoice->getSimple(8563)
 2 APPPATH/Controllers/Admin/Invoices.php(66): App\Models\InvoiceModel->getAll('cek-bayar', 0, '/home/dnzwygdo/public_html', 20, 0)
 3 SYSTEMPATH/CodeIgniter.php(898): App\Controllers\Admin\Invoices->lihat()
 4 SYSTEMPATH/CodeIgniter.php(457): CodeIgniter\CodeIgniter->runController(Object(App\Controllers\Admin\Invoices))
 5 SYSTEMPATH/CodeIgniter.php(340): CodeIgniter\CodeIgniter->handleRequest(null, Object(Config\Cache), false)
 6 FCPATH/index.php(67): CodeIgniter\CodeIgniter->run()
CRITICAL - 2022-12-13 11:45:45 --> Return value of App\Models\LabelInvoice::getSimple() must be an object, null returned
in APPPATH/Models/LabelInvoice.php on line 27.
 1 APPPATH/Models/InvoiceModel.php(86): App\Models\LabelInvoice->getSimple(8563)
 2 APPPATH/Controllers/Admin/Invoices.php(66): App\Models\InvoiceModel->getAll('cek-bayar', 0, '/home/dnzwygdo/public_html', 20, 0)
 3 SYSTEMPATH/CodeIgniter.php(898): App\Controllers\Admin\Invoices->lihat()
 4 SYSTEMPATH/CodeIgniter.php(457): CodeIgniter\CodeIgniter->runController(Object(App\Controllers\Admin\Invoices))
 5 SYSTEMPATH/CodeIgniter.php(340): CodeIgniter\CodeIgniter->handleRequest(null, Object(Config\Cache), false)
 6 FCPATH/index.php(67): CodeIgniter\CodeIgniter->run()
CRITICAL - 2022-12-13 11:45:46 --> Return value of App\Models\LabelInvoice::getSimple() must be an object, null returned
in APPPATH/Models/LabelInvoice.php on line 27.
 1 APPPATH/Models/InvoiceModel.php(86): App\Models\LabelInvoice->getSimple(8563)
 2 APPPATH/Controllers/Admin/Invoices.php(66): App\Models\InvoiceModel->getAll('cek-bayar', 0, '/home/dnzwygdo/public_html', 20, 0)
 3 SYSTEMPATH/CodeIgniter.php(898): App\Controllers\Admin\Invoices->lihat()
 4 SYSTEMPATH/CodeIgniter.php(457): CodeIgniter\CodeIgniter->runController(Object(App\Controllers\Admin\Invoices))
 5 SYSTEMPATH/CodeIgniter.php(340): CodeIgniter\CodeIgniter->handleRequest(null, Object(Config\Cache), false)
 6 FCPATH/index.php(67): CodeIgniter\CodeIgniter->run()
CRITICAL - 2022-12-13 11:46:01 --> Return value of App\Models\LabelInvoice::getSimple() must be an object, null returned
in APPPATH/Models/LabelInvoice.php on line 27.
 1 APPPATH/Models/InvoiceModel.php(86): App\Models\LabelInvoice->getSimple(8563)
 2 APPPATH/Controllers/Admin/Invoices.php(66): App\Models\InvoiceModel->getAll('cek-bayar', 0, '/home/dnzwygdo/public_html', 20, 0)
 3 SYSTEMPATH/CodeIgniter.php(898): App\Controllers\Admin\Invoices->lihat()
 4 SYSTEMPATH/CodeIgniter.php(457): CodeIgniter\CodeIgniter->runController(Object(App\Controllers\Admin\Invoices))
 5 SYSTEMPATH/CodeIgniter.php(340): CodeIgniter\CodeIgniter->handleRequest(null, Object(Config\Cache), false)
 6 FCPATH/index.php(67): CodeIgniter\CodeIgniter->run()
CRITICAL - 2022-12-13 11:46:02 --> Return value of App\Models\LabelInvoice::getSimple() must be an object, null returned
in APPPATH/Models/LabelInvoice.php on line 27.
 1 APPPATH/Models/InvoiceModel.php(86): App\Models\LabelInvoice->getSimple(8563)
 2 APPPATH/Controllers/Admin/Invoices.php(66): App\Models\InvoiceModel->getAll('cek-bayar', 0, '/home/dnzwygdo/public_html', 20, 0)
 3 SYSTEMPATH/CodeIgniter.php(898): App\Controllers\Admin\Invoices->lihat()
 4 SYSTEMPATH/CodeIgniter.php(457): CodeIgniter\CodeIgniter->runController(Object(App\Controllers\Admin\Invoices))
 5 SYSTEMPATH/CodeIgniter.php(340): CodeIgniter\CodeIgniter->handleRequest(null, Object(Config\Cache), false)
 6 FCPATH/index.php(67): CodeIgniter\CodeIgniter->run()
CRITICAL - 2022-12-13 11:46:03 --> Return value of App\Models\LabelInvoice::getSimple() must be an object, null returned
in APPPATH/Models/LabelInvoice.php on line 27.
 1 APPPATH/Models/InvoiceModel.php(86): App\Models\LabelInvoice->getSimple(8563)
 2 APPPATH/Controllers/Admin/Invoices.php(66): App\Models\InvoiceModel->getAll('cek-bayar', 0, '/home/dnzwygdo/public_html', 20, 0)
 3 SYSTEMPATH/CodeIgniter.php(898): App\Controllers\Admin\Invoices->lihat()
 4 SYSTEMPATH/CodeIgniter.php(457): CodeIgniter\CodeIgniter->runController(Object(App\Controllers\Admin\Invoices))
 5 SYSTEMPATH/CodeIgniter.php(340): CodeIgniter\CodeIgniter->handleRequest(null, Object(Config\Cache), false)
 6 FCPATH/index.php(67): CodeIgniter\CodeIgniter->run()
CRITICAL - 2022-12-13 11:51:39 --> Return value of App\Models\LabelInvoice::getSimple() must be an object, null returned
in APPPATH/Models/LabelInvoice.php on line 27.
 1 APPPATH/Models/InvoiceModel.php(86): App\Models\LabelInvoice->getSimple(8563)
 2 APPPATH/Controllers/Admin/Invoices.php(66): App\Models\InvoiceModel->getAll('cek-bayar', 0, '/home/dnzwygdo/public_html', 20, 0)
 3 SYSTEMPATH/CodeIgniter.php(898): App\Controllers\Admin\Invoices->lihat('semua')
 4 SYSTEMPATH/CodeIgniter.php(457): CodeIgniter\CodeIgniter->runController(Object(App\Controllers\Admin\Invoices))
 5 SYSTEMPATH/CodeIgniter.php(340): CodeIgniter\CodeIgniter->handleRequest(null, Object(Config\Cache), false)
 6 FCPATH/index.php(67): CodeIgniter\CodeIgniter->run()
CRITICAL - 2022-12-13 11:51:45 --> Return value of App\Models\LabelInvoice::getSimple() must be an object, null returned
in APPPATH/Models/LabelInvoice.php on line 27.
 1 APPPATH/Models/InvoiceModel.php(86): App\Models\LabelInvoice->getSimple(8563)
 2 APPPATH/Controllers/Admin/Invoices.php(66): App\Models\InvoiceModel->getAll('cek-bayar', 0, '/home/dnzwygdo/public_html', 20, 0)
 3 SYSTEMPATH/CodeIgniter.php(898): App\Controllers\Admin\Invoices->lihat()
 4 SYSTEMPATH/CodeIgniter.php(457): CodeIgniter\CodeIgniter->runController(Object(App\Controllers\Admin\Invoices))
 5 SYSTEMPATH/CodeIgniter.php(340): CodeIgniter\CodeIgniter->handleRequest(null, Object(Config\Cache), false)
 6 FCPATH/index.php(67): CodeIgniter\CodeIgniter->run()
CRITICAL - 2022-12-13 11:52:16 --> Return value of App\Models\LabelInvoice::getSimple() must be an object, null returned
in APPPATH/Models/LabelInvoice.php on line 27.
 1 APPPATH/Models/InvoiceModel.php(86): App\Models\LabelInvoice->getSimple(8563)
 2 APPPATH/Controllers/Admin/Invoices.php(66): App\Models\InvoiceModel->getAll('cek-bayar', 0, '/home/dnzwygdo/public_html', 20, 0)
 3 SYSTEMPATH/CodeIgniter.php(898): App\Controllers\Admin\Invoices->lihat('semua')
 4 SYSTEMPATH/CodeIgniter.php(457): CodeIgniter\CodeIgniter->runController(Object(App\Controllers\Admin\Invoices))
 5 SYSTEMPATH/CodeIgniter.php(340): CodeIgniter\CodeIgniter->handleRequest(null, Object(Config\Cache), false)
 6 FCPATH/index.php(67): CodeIgniter\CodeIgniter->run()
CRITICAL - 2022-12-13 11:52:29 --> Return value of App\Models\LabelInvoice::getSimple() must be an object, null returned
in APPPATH/Models/LabelInvoice.php on line 27.
 1 APPPATH/Models/InvoiceModel.php(86): App\Models\LabelInvoice->getSimple(8563)
 2 APPPATH/Controllers/Admin/Invoices.php(66): App\Models\InvoiceModel->getAll('cek-bayar', 0, '/home/dnzwygdo/public_html', 20, 0)
 3 SYSTEMPATH/CodeIgniter.php(898): App\Controllers\Admin\Invoices->lihat()
 4 SYSTEMPATH/CodeIgniter.php(457): CodeIgniter\CodeIgniter->runController(Object(App\Controllers\Admin\Invoices))
 5 SYSTEMPATH/CodeIgniter.php(340): CodeIgniter\CodeIgniter->handleRequest(null, Object(Config\Cache), false)
 6 FCPATH/index.php(67): CodeIgniter\CodeIgniter->run()
CRITICAL - 2022-12-13 11:55:45 --> Return value of App\Models\LabelInvoice::getSimple() must be an object, null returned
in APPPATH/Models/LabelInvoice.php on line 27.
 1 APPPATH/Models/InvoiceModel.php(86): App\Models\LabelInvoice->getSimple(8563)
 2 APPPATH/Controllers/Admin/Invoices.php(66): App\Models\InvoiceModel->getAll('cek-bayar', 0, '/home/dnzwygdo/public_html', 20, 0)
 3 SYSTEMPATH/CodeIgniter.php(898): App\Controllers\Admin\Invoices->lihat()
 4 SYSTEMPATH/CodeIgniter.php(457): CodeIgniter\CodeIgniter->runController(Object(App\Controllers\Admin\Invoices))
 5 SYSTEMPATH/CodeIgniter.php(340): CodeIgniter\CodeIgniter->handleRequest(null, Object(Config\Cache), false)
 6 FCPATH/index.php(67): CodeIgniter\CodeIgniter->run()
CRITICAL - 2022-12-13 11:59:05 --> Return value of App\Models\LabelInvoice::getSimple() must be an object, null returned
in APPPATH/Models/LabelInvoice.php on line 28.
 1 APPPATH/Models/InvoiceModel.php(86): App\Models\LabelInvoice->getSimple(8563)
 2 APPPATH/Controllers/Admin/Invoices.php(66): App\Models\InvoiceModel->getAll('cek-bayar', 0, '/home/dnzwygdo/public_html', 20, 0)
 3 SYSTEMPATH/CodeIgniter.php(898): App\Controllers\Admin\Invoices->lihat()
 4 SYSTEMPATH/CodeIgniter.php(457): CodeIgniter\CodeIgniter->runController(Object(App\Controllers\Admin\Invoices))
 5 SYSTEMPATH/CodeIgniter.php(340): CodeIgniter\CodeIgniter->handleRequest(null, Object(Config\Cache), false)
 6 FCPATH/index.php(67): CodeIgniter\CodeIgniter->run()
CRITICAL - 2022-12-13 11:59:11 --> Return value of App\Models\LabelInvoice::getSimple() must be an object, null returned
in APPPATH/Models/LabelInvoice.php on line 28.
 1 APPPATH/Models/InvoiceModel.php(86): App\Models\LabelInvoice->getSimple(8563)
 2 APPPATH/Controllers/Admin/Invoices.php(66): App\Models\InvoiceModel->getAll('cek-bayar', 0, '/home/dnzwygdo/public_html', 20, 0)
 3 SYSTEMPATH/CodeIgniter.php(898): App\Controllers\Admin\Invoices->lihat()
 4 SYSTEMPATH/CodeIgniter.php(457): CodeIgniter\CodeIgniter->runController(Object(App\Controllers\Admin\Invoices))
 5 SYSTEMPATH/CodeIgniter.php(340): CodeIgniter\CodeIgniter->handleRequest(null, Object(Config\Cache), false)
 6 FCPATH/index.php(67): CodeIgniter\CodeIgniter->run()
CRITICAL - 2022-12-13 11:59:13 --> Return value of App\Models\LabelInvoice::getSimple() must be an object, null returned
in APPPATH/Models/LabelInvoice.php on line 28.
 1 APPPATH/Models/InvoiceModel.php(86): App\Models\LabelInvoice->getSimple(8563)
 2 APPPATH/Controllers/Admin/Invoices.php(66): App\Models\InvoiceModel->getAll('cek-bayar', 0, '/home/dnzwygdo/public_html', 20, 0)
 3 SYSTEMPATH/CodeIgniter.php(898): App\Controllers\Admin\Invoices->lihat()
 4 SYSTEMPATH/CodeIgniter.php(457): CodeIgniter\CodeIgniter->runController(Object(App\Controllers\Admin\Invoices))
 5 SYSTEMPATH/CodeIgniter.php(340): CodeIgniter\CodeIgniter->handleRequest(null, Object(Config\Cache), false)
 6 FCPATH/index.php(67): CodeIgniter\CodeIgniter->run()
CRITICAL - 2022-12-13 12:06:51 --> Return value of App\Models\LabelInvoice::getSimple() must be an object, null returned
in APPPATH/Models/LabelInvoice.php on line 29.
 1 APPPATH/Models/InvoiceModel.php(86): App\Models\LabelInvoice->getSimple(8563)
 2 APPPATH/Controllers/Admin/Invoices.php(66): App\Models\InvoiceModel->getAll('cek-bayar', 0, '/home/dnzwygdo/public_html', 20, 0)
 3 SYSTEMPATH/CodeIgniter.php(898): App\Controllers\Admin\Invoices->lihat()
 4 SYSTEMPATH/CodeIgniter.php(457): CodeIgniter\CodeIgniter->runController(Object(App\Controllers\Admin\Invoices))
 5 SYSTEMPATH/CodeIgniter.php(340): CodeIgniter\CodeIgniter->handleRequest(null, Object(Config\Cache), false)
 6 FCPATH/index.php(67): CodeIgniter\CodeIgniter->run()
CRITICAL - 2022-12-13 12:08:15 --> Return value of App\Models\LabelInvoice::getSimple() must be an object, null returned
in APPPATH/Models/LabelInvoice.php on line 29.
 1 APPPATH/Models/InvoiceModel.php(86): App\Models\LabelInvoice->getSimple(8563)
 2 APPPATH/Controllers/Admin/Invoices.php(66): App\Models\InvoiceModel->getAll('cek-bayar', 0, '/home/dnzwygdo/public_html', 20, 0)
 3 SYSTEMPATH/CodeIgniter.php(898): App\Controllers\Admin\Invoices->lihat()
 4 SYSTEMPATH/CodeIgniter.php(457): CodeIgniter\CodeIgniter->runController(Object(App\Controllers\Admin\Invoices))
 5 SYSTEMPATH/CodeIgniter.php(340): CodeIgniter\CodeIgniter->handleRequest(null, Object(Config\Cache), false)
 6 FCPATH/index.php(67): CodeIgniter\CodeIgniter->run()
CRITICAL - 2022-12-13 12:10:15 --> Call to undefined method App\Models\LabelInvoice::getSimple
in SYSTEMPATH/Model.php on line 773.
 1 APPPATH/Models/InvoiceModel.php(86): CodeIgniter\Model->__call('getSimple', [...])
 2 APPPATH/Controllers/Admin/Invoices.php(66): App\Models\InvoiceModel->getAll('cek-bayar', 0, '/home/dnzwygdo/public_html', 20, 0)
 3 SYSTEMPATH/CodeIgniter.php(898): App\Controllers\Admin\Invoices->lihat()
 4 SYSTEMPATH/CodeIgniter.php(457): CodeIgniter\CodeIgniter->runController(Object(App\Controllers\Admin\Invoices))
 5 SYSTEMPATH/CodeIgniter.php(340): CodeIgniter\CodeIgniter->handleRequest(null, Object(Config\Cache), false)
 6 FCPATH/index.php(67): CodeIgniter\CodeIgniter->run()
CRITICAL - 2022-12-13 12:11:18 --> Return value of App\Models\LabelInvoice::getSimple() must be an object, null returned
in APPPATH/Models/LabelInvoice.php on line 29.
 1 APPPATH/Models/InvoiceModel.php(86): App\Models\LabelInvoice->getSimple(8563)
 2 APPPATH/Controllers/Admin/Invoices.php(66): App\Models\InvoiceModel->getAll('cek-bayar', 0, '/home/dnzwygdo/public_html', 20, 0)
 3 SYSTEMPATH/CodeIgniter.php(898): App\Controllers\Admin\Invoices->lihat()
 4 SYSTEMPATH/CodeIgniter.php(457): CodeIgniter\CodeIgniter->runController(Object(App\Controllers\Admin\Invoices))
 5 SYSTEMPATH/CodeIgniter.php(340): CodeIgniter\CodeIgniter->handleRequest(null, Object(Config\Cache), false)
 6 FCPATH/index.php(67): CodeIgniter\CodeIgniter->run()
CRITICAL - 2022-12-13 12:12:00 --> Argument 1 passed to label_asal() must be of the type int, null given, called in /home/dnzwygdo/djuragancom/app/Views/admin/invoice/lihat.php on line 216
in APPPATH/Helpers/fungsi_helper.php on line 74.
 1 APPPATH/Views/admin/invoice/lihat.php(216): label_asal(null, null)
 2 SYSTEMPATH/View/View.php(213): include('APPPATH/Views/admin/invoice/lihat.php')
 3 SYSTEMPATH/View/View.php(216): CodeIgniter\View\View->CodeIgniter\View\{closure}()
 4 SYSTEMPATH/Common.php(1137): CodeIgniter\View\View->render('admin/invoice/lihat', [], true)
 5 APPPATH/Controllers/Admin/Invoices.php(74): view('admin/invoice/lihat', [...])
 6 SYSTEMPATH/CodeIgniter.php(898): App\Controllers\Admin\Invoices->lihat()
 7 SYSTEMPATH/CodeIgniter.php(457): CodeIgniter\CodeIgniter->runController(Object(App\Controllers\Admin\Invoices))
 8 SYSTEMPATH/CodeIgniter.php(340): CodeIgniter\CodeIgniter->handleRequest(null, Object(Config\Cache), false)
 9 FCPATH/index.php(67): CodeIgniter\CodeIgniter->run()
CRITICAL - 2022-12-13 12:14:12 --> Argument 1 passed to label_asal() must be of the type int, null given, called in /home/dnzwygdo/djuragancom/app/Views/admin/invoice/lihat.php on line 216
in APPPATH/Helpers/fungsi_helper.php on line 74.
 1 APPPATH/Views/admin/invoice/lihat.php(216): label_asal(null, null)
 2 SYSTEMPATH/View/View.php(213): include('APPPATH/Views/admin/invoice/lihat.php')
 3 SYSTEMPATH/View/View.php(216): CodeIgniter\View\View->CodeIgniter\View\{closure}()
 4 SYSTEMPATH/Common.php(1137): CodeIgniter\View\View->render('admin/invoice/lihat', [], true)
 5 APPPATH/Controllers/Admin/Invoices.php(74): view('admin/invoice/lihat', [...])
 6 SYSTEMPATH/CodeIgniter.php(898): App\Controllers\Admin\Invoices->lihat()
 7 SYSTEMPATH/CodeIgniter.php(457): CodeIgniter\CodeIgniter->runController(Object(App\Controllers\Admin\Invoices))
 8 SYSTEMPATH/CodeIgniter.php(340): CodeIgniter\CodeIgniter->handleRequest(null, Object(Config\Cache), false)
 9 FCPATH/index.php(67): CodeIgniter\CodeIgniter->run()
CRITICAL - 2022-12-13 12:14:13 --> Argument 1 passed to label_asal() must be of the type int, null given, called in /home/dnzwygdo/djuragancom/app/Views/admin/invoice/lihat.php on line 216
in APPPATH/Helpers/fungsi_helper.php on line 74.
 1 APPPATH/Views/admin/invoice/lihat.php(216): label_asal(null, null)
 2 SYSTEMPATH/View/View.php(213): include('APPPATH/Views/admin/invoice/lihat.php')
 3 SYSTEMPATH/View/View.php(216): CodeIgniter\View\View->CodeIgniter\View\{closure}()
 4 SYSTEMPATH/Common.php(1137): CodeIgniter\View\View->render('admin/invoice/lihat', [], true)
 5 APPPATH/Controllers/Admin/Invoices.php(74): view('admin/invoice/lihat', [...])
 6 SYSTEMPATH/CodeIgniter.php(898): App\Controllers\Admin\Invoices->lihat()
 7 SYSTEMPATH/CodeIgniter.php(457): CodeIgniter\CodeIgniter->runController(Object(App\Controllers\Admin\Invoices))
 8 SYSTEMPATH/CodeIgniter.php(340): CodeIgniter\CodeIgniter->handleRequest(null, Object(Config\Cache), false)
 9 FCPATH/index.php(67): CodeIgniter\CodeIgniter->run()
CRITICAL - 2022-12-13 12:14:13 --> Argument 1 passed to label_asal() must be of the type int, null given, called in /home/dnzwygdo/djuragancom/app/Views/user/invoice/lihat.php on line 216
in APPPATH/Helpers/fungsi_helper.php on line 74.
 1 APPPATH/Views/user/invoice/lihat.php(216): label_asal(null, null)
 2 SYSTEMPATH/View/View.php(213): include('APPPATH/Views/user/invoice/lihat.php')
 3 SYSTEMPATH/View/View.php(216): CodeIgniter\View\View->CodeIgniter\View\{closure}()
 4 SYSTEMPATH/Common.php(1137): CodeIgniter\View\View->render('user/invoice/lihat', [], true)
 5 APPPATH/Controllers/User/Invoices.php(164): view('user/invoice/lihat', [...])
 6 SYSTEMPATH/CodeIgniter.php(898): App\Controllers\User\Invoices->lihat('a7ff2cde7860485e28c2106329d5f186dc1f3741', 'cek-bayar')
 7 SYSTEMPATH/CodeIgniter.php(457): CodeIgniter\CodeIgniter->runController(Object(App\Controllers\User\Invoices))
 8 SYSTEMPATH/CodeIgniter.php(340): CodeIgniter\CodeIgniter->handleRequest(null, Object(Config\Cache), false)
 9 FCPATH/index.php(67): CodeIgniter\CodeIgniter->run()
CRITICAL - 2022-12-13 12:14:15 --> Argument 1 passed to label_asal() must be of the type int, null given, called in /home/dnzwygdo/djuragancom/app/Views/admin/invoice/lihat.php on line 216
in APPPATH/Helpers/fungsi_helper.php on line 74.
 1 APPPATH/Views/admin/invoice/lihat.php(216): label_asal(null, null)
 2 SYSTEMPATH/View/View.php(213): include('APPPATH/Views/admin/invoice/lihat.php')
 3 SYSTEMPATH/View/View.php(216): CodeIgniter\View\View->CodeIgniter\View\{closure}()
 4 SYSTEMPATH/Common.php(1137): CodeIgniter\View\View->render('admin/invoice/lihat', [], true)
 5 APPPATH/Controllers/Admin/Invoices.php(74): view('admin/invoice/lihat', [...])
 6 SYSTEMPATH/CodeIgniter.php(898): App\Controllers\Admin\Invoices->lihat()
 7 SYSTEMPATH/CodeIgniter.php(457): CodeIgniter\CodeIgniter->runController(Object(App\Controllers\Admin\Invoices))
 8 SYSTEMPATH/CodeIgniter.php(340): CodeIgniter\CodeIgniter->handleRequest(null, Object(Config\Cache), false)
 9 FCPATH/index.php(67): CodeIgniter\CodeIgniter->run()
CRITICAL - 2022-12-13 12:14:16 --> Argument 1 passed to label_asal() must be of the type int, null given, called in /home/dnzwygdo/djuragancom/app/Views/user/invoice/lihat.php on line 216
in APPPATH/Helpers/fungsi_helper.php on line 74.
 1 APPPATH/Views/user/invoice/lihat.php(216): label_asal(null, null)
 2 SYSTEMPATH/View/View.php(213): include('APPPATH/Views/user/invoice/lihat.php')
 3 SYSTEMPATH/View/View.php(216): CodeIgniter\View\View->CodeIgniter\View\{closure}()
 4 SYSTEMPATH/Common.php(1137): CodeIgniter\View\View->render('user/invoice/lihat', [], true)
 5 APPPATH/Controllers/User/Invoices.php(164): view('user/invoice/lihat', [...])
 6 SYSTEMPATH/CodeIgniter.php(898): App\Controllers\User\Invoices->lihat('a7ff2cde7860485e28c2106329d5f186dc1f3741', 'cek-bayar')
 7 SYSTEMPATH/CodeIgniter.php(457): CodeIgniter\CodeIgniter->runController(Object(App\Controllers\User\Invoices))
 8 SYSTEMPATH/CodeIgniter.php(340): CodeIgniter\CodeIgniter->handleRequest(null, Object(Config\Cache), false)
 9 FCPATH/index.php(67): CodeIgniter\CodeIgniter->run()
CRITICAL - 2022-12-13 12:14:40 --> Argument 1 passed to label_asal() must be of the type int, null given, called in /home/dnzwygdo/djuragancom/app/Views/admin/invoice/lihat.php on line 216
in APPPATH/Helpers/fungsi_helper.php on line 74.
 1 APPPATH/Views/admin/invoice/lihat.php(216): label_asal(null, null)
 2 SYSTEMPATH/View/View.php(213): include('APPPATH/Views/admin/invoice/lihat.php')
 3 SYSTEMPATH/View/View.php(216): CodeIgniter\View\View->CodeIgniter\View\{closure}()
 4 SYSTEMPATH/Common.php(1137): CodeIgniter\View\View->render('admin/invoice/lihat', [], true)
 5 APPPATH/Controllers/Admin/Invoices.php(74): view('admin/invoice/lihat', [...])
 6 SYSTEMPATH/CodeIgniter.php(898): App\Controllers\Admin\Invoices->lihat()
 7 SYSTEMPATH/CodeIgniter.php(457): CodeIgniter\CodeIgniter->runController(Object(App\Controllers\Admin\Invoices))
 8 SYSTEMPATH/CodeIgniter.php(340): CodeIgniter\CodeIgniter->handleRequest(null, Object(Config\Cache), false)
 9 FCPATH/index.php(67): CodeIgniter\CodeIgniter->run()
CRITICAL - 2022-12-13 12:14:41 --> Argument 1 passed to label_asal() must be of the type int, null given, called in /home/dnzwygdo/djuragancom/app/Views/admin/invoice/lihat.php on line 216
in APPPATH/Helpers/fungsi_helper.php on line 74.
 1 APPPATH/Views/admin/invoice/lihat.php(216): label_asal(null, null)
 2 SYSTEMPATH/View/View.php(213): include('APPPATH/Views/admin/invoice/lihat.php')
 3 SYSTEMPATH/View/View.php(216): CodeIgniter\View\View->CodeIgniter\View\{closure}()
 4 SYSTEMPATH/Common.php(1137): CodeIgniter\View\View->render('admin/invoice/lihat', [], true)
 5 APPPATH/Controllers/Admin/Invoices.php(74): view('admin/invoice/lihat', [...])
 6 SYSTEMPATH/CodeIgniter.php(898): App\Controllers\Admin\Invoices->lihat()
 7 SYSTEMPATH/CodeIgniter.php(457): CodeIgniter\CodeIgniter->runController(Object(App\Controllers\Admin\Invoices))
 8 SYSTEMPATH/CodeIgniter.php(340): CodeIgniter\CodeIgniter->handleRequest(null, Object(Config\Cache), false)
 9 FCPATH/index.php(67): CodeIgniter\CodeIgniter->run()
CRITICAL - 2022-12-13 12:14:43 --> Argument 1 passed to label_asal() must be of the type int, null given, called in /home/dnzwygdo/djuragancom/app/Views/admin/invoice/lihat.php on line 216
in APPPATH/Helpers/fungsi_helper.php on line 74.
 1 APPPATH/Views/admin/invoice/lihat.php(216): label_asal(null, null)
 2 SYSTEMPATH/View/View.php(213): include('APPPATH/Views/admin/invoice/lihat.php')
 3 SYSTEMPATH/View/View.php(216): CodeIgniter\View\View->CodeIgniter\View\{closure}()
 4 SYSTEMPATH/Common.php(1137): CodeIgniter\View\View->render('admin/invoice/lihat', [], true)
 5 APPPATH/Controllers/Admin/Invoices.php(74): view('admin/invoice/lihat', [...])
 6 SYSTEMPATH/CodeIgniter.php(898): App\Controllers\Admin\Invoices->lihat()
 7 SYSTEMPATH/CodeIgniter.php(457): CodeIgniter\CodeIgniter->runController(Object(App\Controllers\Admin\Invoices))
 8 SYSTEMPATH/CodeIgniter.php(340): CodeIgniter\CodeIgniter->handleRequest(null, Object(Config\Cache), false)
 9 FCPATH/index.php(67): CodeIgniter\CodeIgniter->run()
CRITICAL - 2022-12-13 12:15:06 --> Return value of App\Models\LabelInvoice::getSimple() must be an object, null returned
in APPPATH/Models/LabelInvoice.php on line 29.
 1 APPPATH/Models/InvoiceModel.php(86): App\Models\LabelInvoice->getSimple(8563)
 2 APPPATH/Controllers/Admin/Invoices.php(66): App\Models\InvoiceModel->getAll('cek-bayar', 0, '/home/dnzwygdo/public_html', 20, 0)
 3 SYSTEMPATH/CodeIgniter.php(898): App\Controllers\Admin\Invoices->lihat()
 4 SYSTEMPATH/CodeIgniter.php(457): CodeIgniter\CodeIgniter->runController(Object(App\Controllers\Admin\Invoices))
 5 SYSTEMPATH/CodeIgniter.php(340): CodeIgniter\CodeIgniter->handleRequest(null, Object(Config\Cache), false)
 6 FCPATH/index.php(67): CodeIgniter\CodeIgniter->run()
CRITICAL - 2022-12-13 12:15:11 --> Return value of App\Models\LabelInvoice::getSimple() must be an object, null returned
in APPPATH/Models/LabelInvoice.php on line 29.
 1 APPPATH/Models/InvoiceModel.php(86): App\Models\LabelInvoice->getSimple(8563)
 2 APPPATH/Controllers/Admin/Invoices.php(66): App\Models\InvoiceModel->getAll('cek-bayar', 0, '/home/dnzwygdo/public_html', 20, 0)
 3 SYSTEMPATH/CodeIgniter.php(898): App\Controllers\Admin\Invoices->lihat()
 4 SYSTEMPATH/CodeIgniter.php(457): CodeIgniter\CodeIgniter->runController(Object(App\Controllers\Admin\Invoices))
 5 SYSTEMPATH/CodeIgniter.php(340): CodeIgniter\CodeIgniter->handleRequest(null, Object(Config\Cache), false)
 6 FCPATH/index.php(67): CodeIgniter\CodeIgniter->run()
CRITICAL - 2022-12-13 12:17:19 --> Return value of App\Models\LabelInvoice::getSimple() must be an object, null returned
in APPPATH/Models/LabelInvoice.php on line 29.
 1 APPPATH/Models/InvoiceModel.php(86): App\Models\LabelInvoice->getSimple(8563)
 2 APPPATH/Controllers/Admin/Invoices.php(66): App\Models\InvoiceModel->getAll('cek-bayar', 0, '/home/dnzwygdo/public_html', 20, 0)
 3 SYSTEMPATH/CodeIgniter.php(898): App\Controllers\Admin\Invoices->lihat()
 4 SYSTEMPATH/CodeIgniter.php(457): CodeIgniter\CodeIgniter->runController(Object(App\Controllers\Admin\Invoices))
 5 SYSTEMPATH/CodeIgniter.php(340): CodeIgniter\CodeIgniter->handleRequest(null, Object(Config\Cache), false)
 6 FCPATH/index.php(67): CodeIgniter\CodeIgniter->run()
CRITICAL - 2022-12-13 12:22:11 --> Return value of App\Models\LabelInvoice::getSimple() must be an object, null returned
in APPPATH/Models/LabelInvoice.php on line 29.
 1 APPPATH/Models/InvoiceModel.php(86): App\Models\LabelInvoice->getSimple(8563)
 2 APPPATH/Controllers/Admin/Invoices.php(66): App\Models\InvoiceModel->getAll('cek-bayar', 0, '/home/dnzwygdo/public_html', 20, 0)
 3 SYSTEMPATH/CodeIgniter.php(898): App\Controllers\Admin\Invoices->lihat('semua', 'cek-bayar')
 4 SYSTEMPATH/CodeIgniter.php(457): CodeIgniter\CodeIgniter->runController(Object(App\Controllers\Admin\Invoices))
 5 SYSTEMPATH/CodeIgniter.php(340): CodeIgniter\CodeIgniter->handleRequest(null, Object(Config\Cache), false)
 6 FCPATH/index.php(67): CodeIgniter\CodeIgniter->run()
CRITICAL - 2022-12-13 12:22:26 --> Return value of App\Models\LabelInvoice::getSimple() must be an object, null returned
in APPPATH/Models/LabelInvoice.php on line 29.
 1 APPPATH/Models/InvoiceModel.php(86): App\Models\LabelInvoice->getSimple(8563)
 2 APPPATH/Controllers/Admin/Invoices.php(66): App\Models\InvoiceModel->getAll('cek-bayar', 0, '/home/dnzwygdo/public_html', 20, 0)
 3 SYSTEMPATH/CodeIgniter.php(898): App\Controllers\Admin\Invoices->lihat('semua', 'cek-bayar')
 4 SYSTEMPATH/CodeIgniter.php(457): CodeIgniter\CodeIgniter->runController(Object(App\Controllers\Admin\Invoices))
 5 SYSTEMPATH/CodeIgniter.php(340): CodeIgniter\CodeIgniter->handleRequest(null, Object(Config\Cache), false)
 6 FCPATH/index.php(67): CodeIgniter\CodeIgniter->run()
CRITICAL - 2022-12-13 12:22:34 --> Return value of App\Models\LabelInvoice::getSimple() must be an object, null returned
in APPPATH/Models/LabelInvoice.php on line 29.
 1 APPPATH/Models/InvoiceModel.php(86): App\Models\LabelInvoice->getSimple(8563)
 2 APPPATH/Controllers/Admin/Invoices.php(66): App\Models\InvoiceModel->getAll('cek-bayar', 0, '/home/dnzwygdo/public_html', 20, 0)
 3 SYSTEMPATH/CodeIgniter.php(898): App\Controllers\Admin\Invoices->lihat()
 4 SYSTEMPATH/CodeIgniter.php(457): CodeIgniter\CodeIgniter->runController(Object(App\Controllers\Admin\Invoices))
 5 SYSTEMPATH/CodeIgniter.php(340): CodeIgniter\CodeIgniter->handleRequest(null, Object(Config\Cache), false)
 6 FCPATH/index.php(67): CodeIgniter\CodeIgniter->run()
CRITICAL - 2022-12-13 12:23:11 --> Return value of App\Models\LabelInvoice::getSimple() must be an object, null returned
in APPPATH/Models/LabelInvoice.php on line 29.
 1 APPPATH/Models/InvoiceModel.php(86): App\Models\LabelInvoice->getSimple(8563)
 2 APPPATH/Controllers/Admin/Invoices.php(66): App\Models\InvoiceModel->getAll('cek-bayar', 0, '/home/dnzwygdo/public_html', 20, 0)
 3 SYSTEMPATH/CodeIgniter.php(898): App\Controllers\Admin\Invoices->lihat('semua', 'cek-bayar')
 4 SYSTEMPATH/CodeIgniter.php(457): CodeIgniter\CodeIgniter->runController(Object(App\Controllers\Admin\Invoices))
 5 SYSTEMPATH/CodeIgniter.php(340): CodeIgniter\CodeIgniter->handleRequest(null, Object(Config\Cache), false)
 6 FCPATH/index.php(67): CodeIgniter\CodeIgniter->run()
CRITICAL - 2022-12-13 12:28:56 --> Return value of App\Models\LabelInvoice::getSimple() must be an object, null returned
in APPPATH/Models/LabelInvoice.php on line 29.
 1 APPPATH/Models/InvoiceModel.php(87): App\Models\LabelInvoice->getSimple(8563)
 2 APPPATH/Controllers/Admin/Invoices.php(66): App\Models\InvoiceModel->getAll('cek-bayar', 0, '/home/dnzwygdo/public_html', 20, 0)
 3 SYSTEMPATH/CodeIgniter.php(898): App\Controllers\Admin\Invoices->lihat('semua', 'cek-bayar')
 4 SYSTEMPATH/CodeIgniter.php(457): CodeIgniter\CodeIgniter->runController(Object(App\Controllers\Admin\Invoices))
 5 SYSTEMPATH/CodeIgniter.php(340): CodeIgniter\CodeIgniter->handleRequest(null, Object(Config\Cache), false)
 6 FCPATH/index.php(67): CodeIgniter\CodeIgniter->run()
CRITICAL - 2022-12-13 12:36:26 --> Return value of App\Models\LabelInvoice::getSimple() must be an object, null returned
in APPPATH/Models/LabelInvoice.php on line 29.
 1 APPPATH/Models/InvoiceModel.php(87): App\Models\LabelInvoice->getSimple(8567)
 2 APPPATH/Controllers/Admin/Invoices.php(66): App\Models\InvoiceModel->getAll('cek-bayar', 0, '/home/dnzwygdo/public_html', 20, 0)
 3 SYSTEMPATH/CodeIgniter.php(898): App\Controllers\Admin\Invoices->lihat('semua', 'cek-bayar')
 4 SYSTEMPATH/CodeIgniter.php(457): CodeIgniter\CodeIgniter->runController(Object(App\Controllers\Admin\Invoices))
 5 SYSTEMPATH/CodeIgniter.php(340): CodeIgniter\CodeIgniter->handleRequest(null, Object(Config\Cache), false)
 6 FCPATH/index.php(67): CodeIgniter\CodeIgniter->run()
CRITICAL - 2022-12-13 12:42:47 --> Return value of App\Models\LabelInvoice::getSimple() must be an object, null returned
in APPPATH/Models/LabelInvoice.php on line 29.
 1 APPPATH/Models/InvoiceModel.php(87): App\Models\LabelInvoice->getSimple(8563)
 2 APPPATH/Controllers/Admin/Invoices.php(66): App\Models\InvoiceModel->getAll('cek-bayar', 0, '/home/dnzwygdo/public_html', 20, 0)
 3 SYSTEMPATH/CodeIgniter.php(898): App\Controllers\Admin\Invoices->lihat('semua', 'cek-bayar')
 4 SYSTEMPATH/CodeIgniter.php(457): CodeIgniter\CodeIgniter->runController(Object(App\Controllers\Admin\Invoices))
 5 SYSTEMPATH/CodeIgniter.php(340): CodeIgniter\CodeIgniter->handleRequest(null, Object(Config\Cache), false)
 6 FCPATH/index.php(67): CodeIgniter\CodeIgniter->run()
CRITICAL - 2022-12-13 12:44:19 --> Return value of App\Models\LabelInvoice::getSimple() must be an object, null returned
in APPPATH/Models/LabelInvoice.php on line 29.
 1 APPPATH/Models/InvoiceModel.php(87): App\Models\LabelInvoice->getSimple(8563)
 2 APPPATH/Controllers/Admin/Invoices.php(66): App\Models\InvoiceModel->getAll('cek-bayar', 0, '/home/dnzwygdo/public_html', 20, 0)
 3 SYSTEMPATH/CodeIgniter.php(898): App\Controllers\Admin\Invoices->lihat('semua', 'cek-bayar')
 4 SYSTEMPATH/CodeIgniter.php(457): CodeIgniter\CodeIgniter->runController(Object(App\Controllers\Admin\Invoices))
 5 SYSTEMPATH/CodeIgniter.php(340): CodeIgniter\CodeIgniter->handleRequest(null, Object(Config\Cache), false)
 6 FCPATH/index.php(67): CodeIgniter\CodeIgniter->run()
CRITICAL - 2022-12-13 12:45:18 --> Return value of App\Models\LabelInvoice::getSimple() must be an object, null returned
in APPPATH/Models/LabelInvoice.php on line 34.
 1 APPPATH/Models/InvoiceModel.php(87): App\Models\LabelInvoice->getSimple(8563)
 2 APPPATH/Controllers/Admin/Invoices.php(66): App\Models\InvoiceModel->getAll('cek-bayar', 0, '/home/dnzwygdo/public_html', 20, 0)
 3 SYSTEMPATH/CodeIgniter.php(898): App\Controllers\Admin\Invoices->lihat('semua', 'cek-bayar')
 4 SYSTEMPATH/CodeIgniter.php(457): CodeIgniter\CodeIgniter->runController(Object(App\Controllers\Admin\Invoices))
 5 SYSTEMPATH/CodeIgniter.php(340): CodeIgniter\CodeIgniter->handleRequest(null, Object(Config\Cache), false)
 6 FCPATH/index.php(67): CodeIgniter\CodeIgniter->run()
CRITICAL - 2022-12-13 12:45:24 --> Return value of App\Models\LabelInvoice::getSimple() must be an object, null returned
in APPPATH/Models/LabelInvoice.php on line 34.
 1 APPPATH/Models/InvoiceModel.php(87): App\Models\LabelInvoice->getSimple(8563)
 2 APPPATH/Controllers/Admin/Invoices.php(66): App\Models\InvoiceModel->getAll('cek-bayar', 0, '/home/dnzwygdo/public_html', 20, 0)
 3 SYSTEMPATH/CodeIgniter.php(898): App\Controllers\Admin\Invoices->lihat()
 4 SYSTEMPATH/CodeIgniter.php(457): CodeIgniter\CodeIgniter->runController(Object(App\Controllers\Admin\Invoices))
 5 SYSTEMPATH/CodeIgniter.php(340): CodeIgniter\CodeIgniter->handleRequest(null, Object(Config\Cache), false)
 6 FCPATH/index.php(67): CodeIgniter\CodeIgniter->run()
CRITICAL - 2022-12-13 12:45:37 --> Return value of App\Models\LabelInvoice::getSimple() must be an object, null returned
in APPPATH/Models/LabelInvoice.php on line 34.
 1 APPPATH/Models/InvoiceModel.php(87): App\Models\LabelInvoice->getSimple(8563)
 2 APPPATH/Controllers/Admin/Invoices.php(66): App\Models\InvoiceModel->getAll('cek-bayar', 0, '/home/dnzwygdo/public_html', 20, 0)
 3 SYSTEMPATH/CodeIgniter.php(898): App\Controllers\Admin\Invoices->lihat('semua', 'cek-bayar')
 4 SYSTEMPATH/CodeIgniter.php(457): CodeIgniter\CodeIgniter->runController(Object(App\Controllers\Admin\Invoices))
 5 SYSTEMPATH/CodeIgniter.php(340): CodeIgniter\CodeIgniter->handleRequest(null, Object(Config\Cache), false)
 6 FCPATH/index.php(67): CodeIgniter\CodeIgniter->run()
CRITICAL - 2022-12-13 12:45:43 --> A function with return type must return a value
in APPPATH/Models/LabelInvoice.php on line 34.
 1 [internal function]: CodeIgniter\Debug\Exceptions->shutdownHandler()
CRITICAL - 2022-12-13 12:45:44 --> A function with return type must return a value
in APPPATH/Models/LabelInvoice.php on line 34.
 1 [internal function]: CodeIgniter\Debug\Exceptions->shutdownHandler()
CRITICAL - 2022-12-13 12:46:05 --> A function with return type must return a value
in APPPATH/Models/LabelInvoice.php on line 34.
 1 [internal function]: CodeIgniter\Debug\Exceptions->shutdownHandler()
CRITICAL - 2022-12-13 12:46:06 --> Return value of App\Models\LabelInvoice::getSimple() must be an object, string returned
in APPPATH/Models/LabelInvoice.php on line 34.
 1 APPPATH/Models/InvoiceModel.php(87): App\Models\LabelInvoice->getSimple(8563)
 2 APPPATH/Controllers/Admin/Invoices.php(66): App\Models\InvoiceModel->getAll('cek-bayar', 0, '/home/dnzwygdo/public_html', 20, 0)
 3 SYSTEMPATH/CodeIgniter.php(898): App\Controllers\Admin\Invoices->lihat('semua', 'cek-bayar')
 4 SYSTEMPATH/CodeIgniter.php(457): CodeIgniter\CodeIgniter->runController(Object(App\Controllers\Admin\Invoices))
 5 SYSTEMPATH/CodeIgniter.php(340): CodeIgniter\CodeIgniter->handleRequest(null, Object(Config\Cache), false)
 6 FCPATH/index.php(67): CodeIgniter\CodeIgniter->run()
CRITICAL - 2022-12-13 12:46:07 --> Return value of App\Models\LabelInvoice::getSimple() must be an object, string returned
in APPPATH/Models/LabelInvoice.php on line 34.
 1 APPPATH/Models/InvoiceModel.php(87): App\Models\LabelInvoice->getSimple(8563)
 2 APPPATH/Controllers/Admin/Invoices.php(66): App\Models\InvoiceModel->getAll('cek-bayar', 0, '/home/dnzwygdo/public_html', 20, 0)
 3 SYSTEMPATH/CodeIgniter.php(898): App\Controllers\Admin\Invoices->lihat('semua', 'cek-bayar')
 4 SYSTEMPATH/CodeIgniter.php(457): CodeIgniter\CodeIgniter->runController(Object(App\Controllers\Admin\Invoices))
 5 SYSTEMPATH/CodeIgniter.php(340): CodeIgniter\CodeIgniter->handleRequest(null, Object(Config\Cache), false)
 6 FCPATH/index.php(67): CodeIgniter\CodeIgniter->run()
CRITICAL - 2022-12-13 12:46:08 --> Return value of App\Models\LabelInvoice::getSimple() must be an object, string returned
in APPPATH/Models/LabelInvoice.php on line 34.
 1 APPPATH/Models/InvoiceModel.php(87): App\Models\LabelInvoice->getSimple(8563)
 2 APPPATH/Controllers/Admin/Invoices.php(66): App\Models\InvoiceModel->getAll('cek-bayar', 0, '/home/dnzwygdo/public_html', 20, 0)
 3 SYSTEMPATH/CodeIgniter.php(898): App\Controllers\Admin\Invoices->lihat()
 4 SYSTEMPATH/CodeIgniter.php(457): CodeIgniter\CodeIgniter->runController(Object(App\Controllers\Admin\Invoices))
 5 SYSTEMPATH/CodeIgniter.php(340): CodeIgniter\CodeIgniter->handleRequest(null, Object(Config\Cache), false)
 6 FCPATH/index.php(67): CodeIgniter\CodeIgniter->run()
CRITICAL - 2022-12-13 12:46:35 --> Return value of App\Models\LabelInvoice::getSimple() must be an object, null returned
in APPPATH/Models/LabelInvoice.php on line 29.
 1 APPPATH/Models/InvoiceModel.php(87): App\Models\LabelInvoice->getSimple(8567)
 2 APPPATH/Controllers/Admin/Invoices.php(66): App\Models\InvoiceModel->getAll('cek-bayar', 0, '/home/dnzwygdo/public_html', 20, 0)
 3 SYSTEMPATH/CodeIgniter.php(898): App\Controllers\Admin\Invoices->lihat('semua', 'cek-bayar')
 4 SYSTEMPATH/CodeIgniter.php(457): CodeIgniter\CodeIgniter->runController(Object(App\Controllers\Admin\Invoices))
 5 SYSTEMPATH/CodeIgniter.php(340): CodeIgniter\CodeIgniter->handleRequest(null, Object(Config\Cache), false)
 6 FCPATH/index.php(67): CodeIgniter\CodeIgniter->run()
CRITICAL - 2022-12-13 12:46:36 --> Return value of App\Models\LabelInvoice::getSimple() must be an object, null returned
in APPPATH/Models/LabelInvoice.php on line 29.
 1 APPPATH/Models/InvoiceModel.php(87): App\Models\LabelInvoice->getSimple(8567)
 2 APPPATH/Controllers/Admin/Invoices.php(66): App\Models\InvoiceModel->getAll('cek-bayar', 0, '/home/dnzwygdo/public_html', 20, 0)
 3 SYSTEMPATH/CodeIgniter.php(898): App\Controllers\Admin\Invoices->lihat('semua', 'cek-bayar')
 4 SYSTEMPATH/CodeIgniter.php(457): CodeIgniter\CodeIgniter->runController(Object(App\Controllers\Admin\Invoices))
 5 SYSTEMPATH/CodeIgniter.php(340): CodeIgniter\CodeIgniter->handleRequest(null, Object(Config\Cache), false)
 6 FCPATH/index.php(67): CodeIgniter\CodeIgniter->run()
CRITICAL - 2022-12-13 12:46:46 --> Return value of App\Models\LabelInvoice::getSimple() must be an object, null returned
in APPPATH/Models/LabelInvoice.php on line 29.
 1 APPPATH/Models/InvoiceModel.php(87): App\Models\LabelInvoice->getSimple(8567)
 2 APPPATH/Controllers/Admin/Invoices.php(66): App\Models\InvoiceModel->getAll('cek-bayar', 0, '/home/dnzwygdo/public_html', 20, 0)
 3 SYSTEMPATH/CodeIgniter.php(898): App\Controllers\Admin\Invoices->lihat('semua', 'cek-bayar')
 4 SYSTEMPATH/CodeIgniter.php(457): CodeIgniter\CodeIgniter->runController(Object(App\Controllers\Admin\Invoices))
 5 SYSTEMPATH/CodeIgniter.php(340): CodeIgniter\CodeIgniter->handleRequest(null, Object(Config\Cache), false)
 6 FCPATH/index.php(67): CodeIgniter\CodeIgniter->run()
CRITICAL - 2022-12-13 12:46:47 --> Return value of App\Models\LabelInvoice::getSimple() must be an object, null returned
in APPPATH/Models/LabelInvoice.php on line 29.
 1 APPPATH/Models/InvoiceModel.php(87): App\Models\LabelInvoice->getSimple(8567)
 2 APPPATH/Controllers/Admin/Invoices.php(66): App\Models\InvoiceModel->getAll('cek-bayar', 0, '/home/dnzwygdo/public_html', 20, 0)
 3 SYSTEMPATH/CodeIgniter.php(898): App\Controllers\Admin\Invoices->lihat('semua', 'cek-bayar')
 4 SYSTEMPATH/CodeIgniter.php(457): CodeIgniter\CodeIgniter->runController(Object(App\Controllers\Admin\Invoices))
 5 SYSTEMPATH/CodeIgniter.php(340): CodeIgniter\CodeIgniter->handleRequest(null, Object(Config\Cache), false)
 6 FCPATH/index.php(67): CodeIgniter\CodeIgniter->run()
CRITICAL - 2022-12-13 12:46:49 --> Return value of App\Models\LabelInvoice::getSimple() must be an object, null returned
in APPPATH/Models/LabelInvoice.php on line 29.
 1 APPPATH/Models/InvoiceModel.php(87): App\Models\LabelInvoice->getSimple(8567)
 2 APPPATH/Controllers/Admin/Invoices.php(66): App\Models\InvoiceModel->getAll('cek-bayar', 0, '/home/dnzwygdo/public_html', 20, 0)
 3 SYSTEMPATH/CodeIgniter.php(898): App\Controllers\Admin\Invoices->lihat('semua', 'cek-bayar')
 4 SYSTEMPATH/CodeIgniter.php(457): CodeIgniter\CodeIgniter->runController(Object(App\Controllers\Admin\Invoices))
 5 SYSTEMPATH/CodeIgniter.php(340): CodeIgniter\CodeIgniter->handleRequest(null, Object(Config\Cache), false)
 6 FCPATH/index.php(67): CodeIgniter\CodeIgniter->run()
CRITICAL - 2022-12-13 12:46:50 --> Return value of App\Models\LabelInvoice::getSimple() must be an object, null returned
in APPPATH/Models/LabelInvoice.php on line 29.
 1 APPPATH/Models/InvoiceModel.php(87): App\Models\LabelInvoice->getSimple(8567)
 2 APPPATH/Controllers/Admin/Invoices.php(66): App\Models\InvoiceModel->getAll('cek-bayar', 0, '/home/dnzwygdo/public_html', 20, 0)
 3 SYSTEMPATH/CodeIgniter.php(898): App\Controllers\Admin\Invoices->lihat('semua', 'cek-bayar')
 4 SYSTEMPATH/CodeIgniter.php(457): CodeIgniter\CodeIgniter->runController(Object(App\Controllers\Admin\Invoices))
 5 SYSTEMPATH/CodeIgniter.php(340): CodeIgniter\CodeIgniter->handleRequest(null, Object(Config\Cache), false)
 6 FCPATH/index.php(67): CodeIgniter\CodeIgniter->run()
CRITICAL - 2022-12-13 12:46:51 --> Return value of App\Models\LabelInvoice::getSimple() must be an object, null returned
in APPPATH/Models/LabelInvoice.php on line 29.
 1 APPPATH/Models/InvoiceModel.php(87): App\Models\LabelInvoice->getSimple(8567)
 2 APPPATH/Controllers/Admin/Invoices.php(66): App\Models\InvoiceModel->getAll('cek-bayar', 0, '/home/dnzwygdo/public_html', 20, 0)
 3 SYSTEMPATH/CodeIgniter.php(898): App\Controllers\Admin\Invoices->lihat('semua', 'cek-bayar')
 4 SYSTEMPATH/CodeIgniter.php(457): CodeIgniter\CodeIgniter->runController(Object(App\Controllers\Admin\Invoices))
 5 SYSTEMPATH/CodeIgniter.php(340): CodeIgniter\CodeIgniter->handleRequest(null, Object(Config\Cache), false)
 6 FCPATH/index.php(67): CodeIgniter\CodeIgniter->run()
CRITICAL - 2022-12-13 12:48:57 --> Argument 1 passed to label_asal() must be of the type int, null given, called in /home/dnzwygdo/djuragancom/app/Views/admin/invoice/lihat.php on line 216
in APPPATH/Helpers/fungsi_helper.php on line 74.
 1 APPPATH/Views/admin/invoice/lihat.php(216): label_asal(null, null)
 2 SYSTEMPATH/View/View.php(213): include('APPPATH/Views/admin/invoice/lihat.php')
 3 SYSTEMPATH/View/View.php(216): CodeIgniter\View\View->CodeIgniter\View\{closure}()
 4 SYSTEMPATH/Common.php(1137): CodeIgniter\View\View->render('admin/invoice/lihat', [], true)
 5 APPPATH/Controllers/Admin/Invoices.php(74): view('admin/invoice/lihat', [...])
 6 SYSTEMPATH/CodeIgniter.php(898): App\Controllers\Admin\Invoices->lihat('semua', 'semua')
 7 SYSTEMPATH/CodeIgniter.php(457): CodeIgniter\CodeIgniter->runController(Object(App\Controllers\Admin\Invoices))
 8 SYSTEMPATH/CodeIgniter.php(340): CodeIgniter\CodeIgniter->handleRequest(null, Object(Config\Cache), false)
 9 FCPATH/index.php(67): CodeIgniter\CodeIgniter->run()
CRITICAL - 2022-12-13 13:08:27 --> Return value of App\Models\LabelInvoice::getSimple() must be an object, null returned
in APPPATH/Models/LabelInvoice.php on line 29.
 1 APPPATH/Models/InvoiceModel.php(87): App\Models\LabelInvoice->getSimple(8563)
 2 APPPATH/Controllers/Admin/Invoices.php(66): App\Models\InvoiceModel->getAll('cek-bayar', 0, '/home/dnzwygdo/public_html', 20, 0)
 3 SYSTEMPATH/CodeIgniter.php(898): App\Controllers\Admin\Invoices->lihat('semua', 'cek-bayar')
 4 SYSTEMPATH/CodeIgniter.php(457): CodeIgniter\CodeIgniter->runController(Object(App\Controllers\Admin\Invoices))
 5 SYSTEMPATH/CodeIgniter.php(340): CodeIgniter\CodeIgniter->handleRequest(null, Object(Config\Cache), false)
 6 FCPATH/index.php(67): CodeIgniter\CodeIgniter->run()
CRITICAL - 2022-12-13 13:09:35 --> Call to undefined method App\Models\LabelInvoice::row_array
in SYSTEMPATH/Model.php on line 773.
 1 APPPATH/Models/LabelInvoice.php(29): CodeIgniter\Model->__call('row_array', [])
 2 APPPATH/Models/InvoiceModel.php(87): App\Models\LabelInvoice->getSimple(8567)
 3 APPPATH/Controllers/Admin/Invoices.php(66): App\Models\InvoiceModel->getAll('cek-bayar', 0, '/home/dnzwygdo/public_html', 20, 0)
 4 SYSTEMPATH/CodeIgniter.php(898): App\Controllers\Admin\Invoices->lihat('semua', 'cek-bayar')
 5 SYSTEMPATH/CodeIgniter.php(457): CodeIgniter\CodeIgniter->runController(Object(App\Controllers\Admin\Invoices))
 6 SYSTEMPATH/CodeIgniter.php(340): CodeIgniter\CodeIgniter->handleRequest(null, Object(Config\Cache), false)
 7 FCPATH/index.php(67): CodeIgniter\CodeIgniter->run()
CRITICAL - 2022-12-13 13:10:42 --> Call to undefined function App\Models\var_damp()
in APPPATH/Models/LabelInvoice.php on line 26.
 1 APPPATH/Models/InvoiceModel.php(87): App\Models\LabelInvoice->getSimple(8567)
 2 APPPATH/Controllers/Admin/Invoices.php(66): App\Models\InvoiceModel->getAll('cek-bayar', 0, '/home/dnzwygdo/public_html', 20, 0)
 3 SYSTEMPATH/CodeIgniter.php(898): App\Controllers\Admin\Invoices->lihat('semua', 'cek-bayar')
 4 SYSTEMPATH/CodeIgniter.php(457): CodeIgniter\CodeIgniter->runController(Object(App\Controllers\Admin\Invoices))
 5 SYSTEMPATH/CodeIgniter.php(340): CodeIgniter\CodeIgniter->handleRequest(null, Object(Config\Cache), false)
 6 FCPATH/index.php(67): CodeIgniter\CodeIgniter->run()
CRITICAL - 2022-12-13 13:15:05 --> Return value of App\Models\LabelInvoice::getSimple() must be an object, null returned
in APPPATH/Models/LabelInvoice.php on line 29.
 1 APPPATH/Models/InvoiceModel.php(87): App\Models\LabelInvoice->getSimple(8563)
 2 APPPATH/Controllers/Admin/Invoices.php(66): App\Models\InvoiceModel->getAll('cek-bayar', 0, '/home/dnzwygdo/public_html', 20, 0)
 3 SYSTEMPATH/CodeIgniter.php(898): App\Controllers\Admin\Invoices->lihat()
 4 SYSTEMPATH/CodeIgniter.php(457): CodeIgniter\CodeIgniter->runController(Object(App\Controllers\Admin\Invoices))
 5 SYSTEMPATH/CodeIgniter.php(340): CodeIgniter\CodeIgniter->handleRequest(null, Object(Config\Cache), false)
 6 FCPATH/index.php(67): CodeIgniter\CodeIgniter->run()
CRITICAL - 2022-12-13 13:15:06 --> Return value of App\Models\LabelInvoice::getSimple() must be an object, null returned
in APPPATH/Models/LabelInvoice.php on line 29.
 1 APPPATH/Models/InvoiceModel.php(87): App\Models\LabelInvoice->getSimple(8563)
 2 APPPATH/Controllers/Admin/Invoices.php(66): App\Models\InvoiceModel->getAll('cek-bayar', 0, '/home/dnzwygdo/public_html', 20, 0)
 3 SYSTEMPATH/CodeIgniter.php(898): App\Controllers\Admin\Invoices->lihat()
 4 SYSTEMPATH/CodeIgniter.php(457): CodeIgniter\CodeIgniter->runController(Object(App\Controllers\Admin\Invoices))
 5 SYSTEMPATH/CodeIgniter.php(340): CodeIgniter\CodeIgniter->handleRequest(null, Object(Config\Cache), false)
 6 FCPATH/index.php(67): CodeIgniter\CodeIgniter->run()
CRITICAL - 2022-12-13 13:15:07 --> Return value of App\Models\LabelInvoice::getSimple() must be an object, null returned
in APPPATH/Models/LabelInvoice.php on line 29.
 1 APPPATH/Models/InvoiceModel.php(87): App\Models\LabelInvoice->getSimple(8563)
 2 APPPATH/Controllers/Admin/Invoices.php(66): App\Models\InvoiceModel->getAll('cek-bayar', 0, '/home/dnzwygdo/public_html', 20, 0)
 3 SYSTEMPATH/CodeIgniter.php(898): App\Controllers\Admin\Invoices->lihat()
 4 SYSTEMPATH/CodeIgniter.php(457): CodeIgniter\CodeIgniter->runController(Object(App\Controllers\Admin\Invoices))
 5 SYSTEMPATH/CodeIgniter.php(340): CodeIgniter\CodeIgniter->handleRequest(null, Object(Config\Cache), false)
 6 FCPATH/index.php(67): CodeIgniter\CodeIgniter->run()
CRITICAL - 2022-12-13 13:15:07 --> Return value of App\Models\LabelInvoice::getSimple() must be an object, null returned
in APPPATH/Models/LabelInvoice.php on line 29.
 1 APPPATH/Models/InvoiceModel.php(87): App\Models\LabelInvoice->getSimple(8563)
 2 APPPATH/Controllers/Admin/Invoices.php(66): App\Models\InvoiceModel->getAll('cek-bayar', 0, '/home/dnzwygdo/public_html', 20, 0)
 3 SYSTEMPATH/CodeIgniter.php(898): App\Controllers\Admin\Invoices->lihat()
 4 SYSTEMPATH/CodeIgniter.php(457): CodeIgniter\CodeIgniter->runController(Object(App\Controllers\Admin\Invoices))
 5 SYSTEMPATH/CodeIgniter.php(340): CodeIgniter\CodeIgniter->handleRequest(null, Object(Config\Cache), false)
 6 FCPATH/index.php(67): CodeIgniter\CodeIgniter->run()
CRITICAL - 2022-12-13 13:15:08 --> Return value of App\Models\LabelInvoice::getSimple() must be an object, null returned
in APPPATH/Models/LabelInvoice.php on line 29.
 1 APPPATH/Models/InvoiceModel.php(87): App\Models\LabelInvoice->getSimple(8563)
 2 APPPATH/Controllers/Admin/Invoices.php(66): App\Models\InvoiceModel->getAll('cek-bayar', 0, '/home/dnzwygdo/public_html', 20, 0)
 3 SYSTEMPATH/CodeIgniter.php(898): App\Controllers\Admin\Invoices->lihat()
 4 SYSTEMPATH/CodeIgniter.php(457): CodeIgniter\CodeIgniter->runController(Object(App\Controllers\Admin\Invoices))
 5 SYSTEMPATH/CodeIgniter.php(340): CodeIgniter\CodeIgniter->handleRequest(null, Object(Config\Cache), false)
 6 FCPATH/index.php(67): CodeIgniter\CodeIgniter->run()
CRITICAL - 2022-12-13 13:15:08 --> Return value of App\Models\LabelInvoice::getSimple() must be an object, null returned
in APPPATH/Models/LabelInvoice.php on line 29.
 1 APPPATH/Models/InvoiceModel.php(87): App\Models\LabelInvoice->getSimple(8563)
 2 APPPATH/Controllers/Admin/Invoices.php(66): App\Models\InvoiceModel->getAll('cek-bayar', 0, '/home/dnzwygdo/public_html', 20, 0)
 3 SYSTEMPATH/CodeIgniter.php(898): App\Controllers\Admin\Invoices->lihat()
 4 SYSTEMPATH/CodeIgniter.php(457): CodeIgniter\CodeIgniter->runController(Object(App\Controllers\Admin\Invoices))
 5 SYSTEMPATH/CodeIgniter.php(340): CodeIgniter\CodeIgniter->handleRequest(null, Object(Config\Cache), false)
 6 FCPATH/index.php(67): CodeIgniter\CodeIgniter->run()
CRITICAL - 2022-12-13 13:15:08 --> Return value of App\Models\LabelInvoice::getSimple() must be an object, null returned
in APPPATH/Models/LabelInvoice.php on line 29.
 1 APPPATH/Models/InvoiceModel.php(87): App\Models\LabelInvoice->getSimple(8563)
 2 APPPATH/Controllers/Admin/Invoices.php(66): App\Models\InvoiceModel->getAll('cek-bayar', 0, '/home/dnzwygdo/public_html', 20, 0)
 3 SYSTEMPATH/CodeIgniter.php(898): App\Controllers\Admin\Invoices->lihat()
 4 SYSTEMPATH/CodeIgniter.php(457): CodeIgniter\CodeIgniter->runController(Object(App\Controllers\Admin\Invoices))
 5 SYSTEMPATH/CodeIgniter.php(340): CodeIgniter\CodeIgniter->handleRequest(null, Object(Config\Cache), false)
 6 FCPATH/index.php(67): CodeIgniter\CodeIgniter->run()
CRITICAL - 2022-12-13 13:15:09 --> Return value of App\Models\LabelInvoice::getSimple() must be an object, null returned
in APPPATH/Models/LabelInvoice.php on line 29.
 1 APPPATH/Models/InvoiceModel.php(87): App\Models\LabelInvoice->getSimple(8563)
 2 APPPATH/Controllers/Admin/Invoices.php(66): App\Models\InvoiceModel->getAll('cek-bayar', 0, '/home/dnzwygdo/public_html', 20, 0)
 3 SYSTEMPATH/CodeIgniter.php(898): App\Controllers\Admin\Invoices->lihat()
 4 SYSTEMPATH/CodeIgniter.php(457): CodeIgniter\CodeIgniter->runController(Object(App\Controllers\Admin\Invoices))
 5 SYSTEMPATH/CodeIgniter.php(340): CodeIgniter\CodeIgniter->handleRequest(null, Object(Config\Cache), false)
 6 FCPATH/index.php(67): CodeIgniter\CodeIgniter->run()
CRITICAL - 2022-12-13 13:15:09 --> Return value of App\Models\LabelInvoice::getSimple() must be an object, null returned
in APPPATH/Models/LabelInvoice.php on line 29.
 1 APPPATH/Models/InvoiceModel.php(87): App\Models\LabelInvoice->getSimple(8563)
 2 APPPATH/Controllers/Admin/Invoices.php(66): App\Models\InvoiceModel->getAll('cek-bayar', 0, '/home/dnzwygdo/public_html', 20, 0)
 3 SYSTEMPATH/CodeIgniter.php(898): App\Controllers\Admin\Invoices->lihat()
 4 SYSTEMPATH/CodeIgniter.php(457): CodeIgniter\CodeIgniter->runController(Object(App\Controllers\Admin\Invoices))
 5 SYSTEMPATH/CodeIgniter.php(340): CodeIgniter\CodeIgniter->handleRequest(null, Object(Config\Cache), false)
 6 FCPATH/index.php(67): CodeIgniter\CodeIgniter->run()
CRITICAL - 2022-12-13 13:15:09 --> Return value of App\Models\LabelInvoice::getSimple() must be an object, null returned
in APPPATH/Models/LabelInvoice.php on line 29.
 1 APPPATH/Models/InvoiceModel.php(87): App\Models\LabelInvoice->getSimple(8563)
 2 APPPATH/Controllers/Admin/Invoices.php(66): App\Models\InvoiceModel->getAll('cek-bayar', 0, '/home/dnzwygdo/public_html', 20, 0)
 3 SYSTEMPATH/CodeIgniter.php(898): App\Controllers\Admin\Invoices->lihat()
 4 SYSTEMPATH/CodeIgniter.php(457): CodeIgniter\CodeIgniter->runController(Object(App\Controllers\Admin\Invoices))
 5 SYSTEMPATH/CodeIgniter.php(340): CodeIgniter\CodeIgniter->handleRequest(null, Object(Config\Cache), false)
 6 FCPATH/index.php(67): CodeIgniter\CodeIgniter->run()
CRITICAL - 2022-12-13 13:15:10 --> Return value of App\Models\LabelInvoice::getSimple() must be an object, null returned
in APPPATH/Models/LabelInvoice.php on line 29.
 1 APPPATH/Models/InvoiceModel.php(87): App\Models\LabelInvoice->getSimple(8563)
 2 APPPATH/Controllers/Admin/Invoices.php(66): App\Models\InvoiceModel->getAll('cek-bayar', 0, '/home/dnzwygdo/public_html', 20, 0)
 3 SYSTEMPATH/CodeIgniter.php(898): App\Controllers\Admin\Invoices->lihat()
 4 SYSTEMPATH/CodeIgniter.php(457): CodeIgniter\CodeIgniter->runController(Object(App\Controllers\Admin\Invoices))
 5 SYSTEMPATH/CodeIgniter.php(340): CodeIgniter\CodeIgniter->handleRequest(null, Object(Config\Cache), false)
 6 FCPATH/index.php(67): CodeIgniter\CodeIgniter->run()
CRITICAL - 2022-12-13 13:15:10 --> Return value of App\Models\LabelInvoice::getSimple() must be an object, null returned
in APPPATH/Models/LabelInvoice.php on line 29.
 1 APPPATH/Models/InvoiceModel.php(87): App\Models\LabelInvoice->getSimple(8563)
 2 APPPATH/Controllers/Admin/Invoices.php(66): App\Models\InvoiceModel->getAll('cek-bayar', 0, '/home/dnzwygdo/public_html', 20, 0)
 3 SYSTEMPATH/CodeIgniter.php(898): App\Controllers\Admin\Invoices->lihat()
 4 SYSTEMPATH/CodeIgniter.php(457): CodeIgniter\CodeIgniter->runController(Object(App\Controllers\Admin\Invoices))
 5 SYSTEMPATH/CodeIgniter.php(340): CodeIgniter\CodeIgniter->handleRequest(null, Object(Config\Cache), false)
 6 FCPATH/index.php(67): CodeIgniter\CodeIgniter->run()
CRITICAL - 2022-12-13 13:15:10 --> Return value of App\Models\LabelInvoice::getSimple() must be an object, null returned
in APPPATH/Models/LabelInvoice.php on line 29.
 1 APPPATH/Models/InvoiceModel.php(87): App\Models\LabelInvoice->getSimple(8563)
 2 APPPATH/Controllers/Admin/Invoices.php(66): App\Models\InvoiceModel->getAll('cek-bayar', 0, '/home/dnzwygdo/public_html', 20, 0)
 3 SYSTEMPATH/CodeIgniter.php(898): App\Controllers\Admin\Invoices->lihat()
 4 SYSTEMPATH/CodeIgniter.php(457): CodeIgniter\CodeIgniter->runController(Object(App\Controllers\Admin\Invoices))
 5 SYSTEMPATH/CodeIgniter.php(340): CodeIgniter\CodeIgniter->handleRequest(null, Object(Config\Cache), false)
 6 FCPATH/index.php(67): CodeIgniter\CodeIgniter->run()
CRITICAL - 2022-12-13 13:15:53 --> Return value of App\Models\LabelInvoice::getSimple() must be an object, null returned
in APPPATH/Models/LabelInvoice.php on line 29.
 1 APPPATH/Models/InvoiceModel.php(87): App\Models\LabelInvoice->getSimple(8563)
 2 APPPATH/Controllers/Admin/Invoices.php(66): App\Models\InvoiceModel->getAll('cek-bayar', 0, '/home/dnzwygdo/public_html', 20, 0)
 3 SYSTEMPATH/CodeIgniter.php(898): App\Controllers\Admin\Invoices->lihat()
 4 SYSTEMPATH/CodeIgniter.php(457): CodeIgniter\CodeIgniter->runController(Object(App\Controllers\Admin\Invoices))
 5 SYSTEMPATH/CodeIgniter.php(340): CodeIgniter\CodeIgniter->handleRequest(null, Object(Config\Cache), false)
 6 FCPATH/index.php(67): CodeIgniter\CodeIgniter->run()
CRITICAL - 2022-12-13 13:16:06 --> Return value of App\Models\LabelInvoice::getSimple() must be an object, null returned
in APPPATH/Models/LabelInvoice.php on line 29.
 1 APPPATH/Models/InvoiceModel.php(87): App\Models\LabelInvoice->getSimple(8563)
 2 APPPATH/Controllers/Admin/Invoices.php(66): App\Models\InvoiceModel->getAll('cek-bayar', 0, '/home/dnzwygdo/public_html', 20, 0)
 3 SYSTEMPATH/CodeIgniter.php(898): App\Controllers\Admin\Invoices->lihat()
 4 SYSTEMPATH/CodeIgniter.php(457): CodeIgniter\CodeIgniter->runController(Object(App\Controllers\Admin\Invoices))
 5 SYSTEMPATH/CodeIgniter.php(340): CodeIgniter\CodeIgniter->handleRequest(null, Object(Config\Cache), false)
 6 FCPATH/index.php(67): CodeIgniter\CodeIgniter->run()
CRITICAL - 2022-12-13 13:18:47 --> Return value of App\Models\LabelInvoice::getSimple() must be an object, null returned
in APPPATH/Models/LabelInvoice.php on line 29.
 1 APPPATH/Models/InvoiceModel.php(87): App\Models\LabelInvoice->getSimple(8563)
 2 APPPATH/Controllers/Admin/Invoices.php(66): App\Models\InvoiceModel->getAll('cek-bayar', 0, '/home/dnzwygdo/public_html', 20, 0)
 3 SYSTEMPATH/CodeIgniter.php(898): App\Controllers\Admin\Invoices->lihat()
 4 SYSTEMPATH/CodeIgniter.php(457): CodeIgniter\CodeIgniter->runController(Object(App\Controllers\Admin\Invoices))
 5 SYSTEMPATH/CodeIgniter.php(340): CodeIgniter\CodeIgniter->handleRequest(null, Object(Config\Cache), false)
 6 FCPATH/index.php(67): CodeIgniter\CodeIgniter->run()
CRITICAL - 2022-12-13 13:18:51 --> Return value of App\Models\LabelInvoice::getSimple() must be an object, null returned
in APPPATH/Models/LabelInvoice.php on line 29.
 1 APPPATH/Models/InvoiceModel.php(87): App\Models\LabelInvoice->getSimple(8563)
 2 APPPATH/Controllers/Admin/Invoices.php(66): App\Models\InvoiceModel->getAll('cek-bayar', 0, '/home/dnzwygdo/public_html', 20, 0)
 3 SYSTEMPATH/CodeIgniter.php(898): App\Controllers\Admin\Invoices->lihat()
 4 SYSTEMPATH/CodeIgniter.php(457): CodeIgniter\CodeIgniter->runController(Object(App\Controllers\Admin\Invoices))
 5 SYSTEMPATH/CodeIgniter.php(340): CodeIgniter\CodeIgniter->handleRequest(null, Object(Config\Cache), false)
 6 FCPATH/index.php(67): CodeIgniter\CodeIgniter->run()
CRITICAL - 2022-12-13 13:24:16 --> Call to undefined method App\Models\LabelInvoice::getFirstRow
in SYSTEMPATH/Model.php on line 773.
 1 APPPATH/Models/LabelInvoice.php(29): CodeIgniter\Model->__call('getFirstRow', [])
 2 APPPATH/Models/InvoiceModel.php(87): App\Models\LabelInvoice->getSimple(8567)
 3 APPPATH/Controllers/Admin/Invoices.php(66): App\Models\InvoiceModel->getAll('cek-bayar', 0, '/home/dnzwygdo/public_html', 20, 0)
 4 SYSTEMPATH/CodeIgniter.php(898): App\Controllers\Admin\Invoices->lihat()
 5 SYSTEMPATH/CodeIgniter.php(457): CodeIgniter\CodeIgniter->runController(Object(App\Controllers\Admin\Invoices))
 6 SYSTEMPATH/CodeIgniter.php(340): CodeIgniter\CodeIgniter->handleRequest(null, Object(Config\Cache), false)
 7 FCPATH/index.php(67): CodeIgniter\CodeIgniter->run()
CRITICAL - 2022-12-13 13:26:35 --> Return value of App\Models\LabelInvoice::getSimple() must be an object, null returned
in APPPATH/Models/LabelInvoice.php on line 29.
 1 APPPATH/Models/InvoiceModel.php(86): App\Models\LabelInvoice->getSimple(8563)
 2 APPPATH/Controllers/Admin/Invoices.php(66): App\Models\InvoiceModel->getAll('cek-bayar', 0, '/home/dnzwygdo/public_html', 20, 0)
 3 SYSTEMPATH/CodeIgniter.php(898): App\Controllers\Admin\Invoices->lihat()
 4 SYSTEMPATH/CodeIgniter.php(457): CodeIgniter\CodeIgniter->runController(Object(App\Controllers\Admin\Invoices))
 5 SYSTEMPATH/CodeIgniter.php(340): CodeIgniter\CodeIgniter->handleRequest(null, Object(Config\Cache), false)
 6 FCPATH/index.php(67): CodeIgniter\CodeIgniter->run()
CRITICAL - 2022-12-13 13:26:36 --> Return value of App\Models\LabelInvoice::getSimple() must be an object, null returned
in APPPATH/Models/LabelInvoice.php on line 29.
 1 APPPATH/Models/InvoiceModel.php(86): App\Models\LabelInvoice->getSimple(8563)
 2 APPPATH/Controllers/Admin/Invoices.php(66): App\Models\InvoiceModel->getAll('cek-bayar', 0, '/home/dnzwygdo/public_html', 20, 0)
 3 SYSTEMPATH/CodeIgniter.php(898): App\Controllers\Admin\Invoices->lihat('semua', 'cek-bayar')
 4 SYSTEMPATH/CodeIgniter.php(457): CodeIgniter\CodeIgniter->runController(Object(App\Controllers\Admin\Invoices))
 5 SYSTEMPATH/CodeIgniter.php(340): CodeIgniter\CodeIgniter->handleRequest(null, Object(Config\Cache), false)
 6 FCPATH/index.php(67): CodeIgniter\CodeIgniter->run()
CRITICAL - 2022-12-13 13:26:43 --> Return value of App\Models\LabelInvoice::getSimple() must be an object, null returned
in APPPATH/Models/LabelInvoice.php on line 29.
 1 APPPATH/Models/InvoiceModel.php(86): App\Models\LabelInvoice->getSimple(8563)
 2 APPPATH/Controllers/Admin/Invoices.php(66): App\Models\InvoiceModel->getAll('cek-bayar', 0, '/home/dnzwygdo/public_html', 20, 0)
 3 SYSTEMPATH/CodeIgniter.php(898): App\Controllers\Admin\Invoices->lihat('semua', 'cek-bayar')
 4 SYSTEMPATH/CodeIgniter.php(457): CodeIgniter\CodeIgniter->runController(Object(App\Controllers\Admin\Invoices))
 5 SYSTEMPATH/CodeIgniter.php(340): CodeIgniter\CodeIgniter->handleRequest(null, Object(Config\Cache), false)
 6 FCPATH/index.php(67): CodeIgniter\CodeIgniter->run()
CRITICAL - 2022-12-13 13:28:46 --> Return value of App\Models\LabelInvoice::getSimple() must be an object, null returned
in APPPATH/Models/LabelInvoice.php on line 29.
 1 APPPATH/Models/InvoiceModel.php(86): App\Models\LabelInvoice->getSimple(8563)
 2 APPPATH/Controllers/Admin/Invoices.php(66): App\Models\InvoiceModel->getAll('cek-bayar', 0, '/home/dnzwygdo/public_html', 20, 0)
 3 SYSTEMPATH/CodeIgniter.php(898): App\Controllers\Admin\Invoices->lihat('semua', 'cek-bayar')
 4 SYSTEMPATH/CodeIgniter.php(457): CodeIgniter\CodeIgniter->runController(Object(App\Controllers\Admin\Invoices))
 5 SYSTEMPATH/CodeIgniter.php(340): CodeIgniter\CodeIgniter->handleRequest(null, Object(Config\Cache), false)
 6 FCPATH/index.php(67): CodeIgniter\CodeIgniter->run()
ERROR - 2022-12-13 14:37:25 --> mysqli_sql_exception: You have an error in your SQL syntax; check the manual that corresponds to your MySQL server version for the right syntax to use near ')
AND `order_invoice`.`deleted_at` IS NULL
ORDER BY `status_pesanan` ASC, `tangg' at line 3 in /home/dnzwygdo/djuragancom/vendor/codeigniter4/framework/system/Database/MySQLi/Connection.php:292
Stack trace:
#0 /home/dnzwygdo/djuragancom/vendor/codeigniter4/framework/system/Database/MySQLi/Connection.php(292): mysqli->query('SELECT *\nFROM `...', 0)
#1 /home/dnzwygdo/djuragancom/vendor/codeigniter4/framework/system/Database/BaseConnection.php(693): CodeIgniter\Database\MySQLi\Connection->execute('SELECT *\nFROM `...')
#2 /home/dnzwygdo/djuragancom/vendor/codeigniter4/framework/system/Database/BaseConnection.php(620): CodeIgniter\Database\BaseConnection->simpleQuery('SELECT *\nFROM `...')
#3 /home/dnzwygdo/djuragancom/vendor/codeigniter4/framework/system/Database/BaseBuilder.php(1585): CodeIgniter\Database\BaseConnection->query('SELECT *\nFROM `...', Array, false)
#4 /home/dnzwygdo/djuragancom/vendor/codeigniter4/framework/system/Model.php(222): CodeIgniter\Database\BaseBuilder->get()
#5 /home/dnzwygdo/djuragancom/vendor/codeigniter4/framework/system/BaseModel.php(584): CodeIgniter\Model->doFindAll(20, 0)
#6 /home/dnzwygdo/djuragancom/app/Models/InvoiceModel.php(74): CodeIgniter\BaseModel->findAll(20, 0)
#7 /home/dnzwygdo/djuragancom/app/Controllers/Admin/Invoices.php(66): App\Models\InvoiceModel->getAll('semua', 0, Array, 20, 0)
#8 /home/dnzwygdo/djuragancom/vendor/codeigniter4/framework/system/CodeIgniter.php(898): App\Controllers\Admin\Invoices->lihat('semua', 'semua')
#9 /home/dnzwygdo/djuragancom/vendor/codeigniter4/framework/system/CodeIgniter.php(457): CodeIgniter\CodeIgniter->runController(Object(App\Controllers\Admin\Invoices))
#10 /home/dnzwygdo/djuragancom/vendor/codeigniter4/framework/system/CodeIgniter.php(340): CodeIgniter\CodeIgniter->handleRequest(NULL, Object(Config\Cache), false)
#11 /home/dnzwygdo/public_html/index.php(67): CodeIgniter\CodeIgniter->run()
#12 {main}
CRITICAL - 2022-12-13 14:37:25 --> Call to a member function getResult() on bool
in SYSTEMPATH/Model.php on line 223.
 1 SYSTEMPATH/BaseModel.php(584): CodeIgniter\Model->doFindAll(20, 0)
 2 APPPATH/Models/InvoiceModel.php(74): CodeIgniter\BaseModel->findAll(20, 0)
 3 APPPATH/Controllers/Admin/Invoices.php(66): App\Models\InvoiceModel->getAll('semua', 0, [...], 20, 0)
 4 SYSTEMPATH/CodeIgniter.php(898): App\Controllers\Admin\Invoices->lihat('semua', 'semua')
 5 SYSTEMPATH/CodeIgniter.php(457): CodeIgniter\CodeIgniter->runController(Object(App\Controllers\Admin\Invoices))
 6 SYSTEMPATH/CodeIgniter.php(340): CodeIgniter\CodeIgniter->handleRequest(null, Object(Config\Cache), false)
 7 FCPATH/index.php(67): CodeIgniter\CodeIgniter->run()
CRITICAL - 2022-12-13 14:46:29 --> Return value of App\Models\LabelInvoice::getSimple() must be an object, null returned
in APPPATH/Models/LabelInvoice.php on line 29.
 1 APPPATH/Models/InvoiceModel.php(86): App\Models\LabelInvoice->getSimple(8563)
 2 APPPATH/Controllers/Admin/Invoices.php(66): App\Models\InvoiceModel->getAll('cek-bayar', 0, '/home/dnzwygdo/public_html', 20, 0)
 3 SYSTEMPATH/CodeIgniter.php(898): App\Controllers\Admin\Invoices->lihat('semua', 'cek-bayar')
 4 SYSTEMPATH/CodeIgniter.php(457): CodeIgniter\CodeIgniter->runController(Object(App\Controllers\Admin\Invoices))
 5 SYSTEMPATH/CodeIgniter.php(340): CodeIgniter\CodeIgniter->handleRequest(null, Object(Config\Cache), false)
 6 FCPATH/index.php(67): CodeIgniter\CodeIgniter->run()
CRITICAL - 2022-12-13 14:46:30 --> Return value of App\Models\LabelInvoice::getSimple() must be an object, null returned
in APPPATH/Models/LabelInvoice.php on line 29.
 1 APPPATH/Models/InvoiceModel.php(86): App\Models\LabelInvoice->getSimple(8563)
 2 APPPATH/Controllers/Admin/Invoices.php(66): App\Models\InvoiceModel->getAll('cek-bayar', 0, '/home/dnzwygdo/public_html', 20, 0)
 3 SYSTEMPATH/CodeIgniter.php(898): App\Controllers\Admin\Invoices->lihat()
 4 SYSTEMPATH/CodeIgniter.php(457): CodeIgniter\CodeIgniter->runController(Object(App\Controllers\Admin\Invoices))
 5 SYSTEMPATH/CodeIgniter.php(340): CodeIgniter\CodeIgniter->handleRequest(null, Object(Config\Cache), false)
 6 FCPATH/index.php(67): CodeIgniter\CodeIgniter->run()
CRITICAL - 2022-12-13 14:46:41 --> Return value of App\Models\LabelInvoice::getSimple() must be an object, null returned
in APPPATH/Models/LabelInvoice.php on line 29.
 1 APPPATH/Models/InvoiceModel.php(86): App\Models\LabelInvoice->getSimple(8563)
 2 APPPATH/Controllers/Admin/Invoices.php(66): App\Models\InvoiceModel->getAll('cek-bayar', 0, '/home/dnzwygdo/public_html', 20, 0)
 3 SYSTEMPATH/CodeIgniter.php(898): App\Controllers\Admin\Invoices->lihat()
 4 SYSTEMPATH/CodeIgniter.php(457): CodeIgniter\CodeIgniter->runController(Object(App\Controllers\Admin\Invoices))
 5 SYSTEMPATH/CodeIgniter.php(340): CodeIgniter\CodeIgniter->handleRequest(null, Object(Config\Cache), false)
 6 FCPATH/index.php(67): CodeIgniter\CodeIgniter->run()
CRITICAL - 2022-12-13 15:17:07 --> syntax error, unexpected 'as' (T_AS)
in APPPATH/Models/InvoiceModel.php on line 77.
 1 SYSTEMPATH/Autoloader/Autoloader.php(259): CodeIgniter\Autoloader\Autoloader->includeFile('APPPATH/Models/InvoiceModel.php')
 2 SYSTEMPATH/Autoloader/Autoloader.php(237): CodeIgniter\Autoloader\Autoloader->loadInNamespace('App\\Models\\InvoiceModel')
 3 [internal function]: CodeIgniter\Autoloader\Autoloader->loadClass('App\\Models\\InvoiceModel')
 4 APPPATH/Controllers/Admin/Invoices.php(36): spl_autoload_call('App\\Models\\InvoiceModel')
 5 SYSTEMPATH/CodeIgniter.php(898): App\Controllers\Admin\Invoices->lihat('semua', 'semua')
 6 SYSTEMPATH/CodeIgniter.php(457): CodeIgniter\CodeIgniter->runController(Object(App\Controllers\Admin\Invoices))
 7 SYSTEMPATH/CodeIgniter.php(340): CodeIgniter\CodeIgniter->handleRequest(null, Object(Config\Cache), false)
 8 FCPATH/index.php(67): CodeIgniter\CodeIgniter->run()
CRITICAL - 2022-12-13 15:17:13 --> syntax error, unexpected 'as' (T_AS)
in APPPATH/Models/InvoiceModel.php on line 77.
 1 SYSTEMPATH/Autoloader/Autoloader.php(259): CodeIgniter\Autoloader\Autoloader->includeFile('APPPATH/Models/InvoiceModel.php')
 2 SYSTEMPATH/Autoloader/Autoloader.php(237): CodeIgniter\Autoloader\Autoloader->loadInNamespace('App\\Models\\InvoiceModel')
 3 [internal function]: CodeIgniter\Autoloader\Autoloader->loadClass('App\\Models\\InvoiceModel')
 4 APPPATH/Controllers/Admin/Invoices.php(36): spl_autoload_call('App\\Models\\InvoiceModel')
 5 SYSTEMPATH/CodeIgniter.php(898): App\Controllers\Admin\Invoices->lihat('semua', 'semua')
 6 SYSTEMPATH/CodeIgniter.php(457): CodeIgniter\CodeIgniter->runController(Object(App\Controllers\Admin\Invoices))
 7 SYSTEMPATH/CodeIgniter.php(340): CodeIgniter\CodeIgniter->handleRequest(null, Object(Config\Cache), false)
 8 FCPATH/index.php(67): CodeIgniter\CodeIgniter->run()
CRITICAL - 2022-12-13 15:17:39 --> syntax error, unexpected '??' (T_COALESCE)
in APPPATH/Models/InvoiceModel.php on line 77.
 1 SYSTEMPATH/Autoloader/Autoloader.php(259): CodeIgniter\Autoloader\Autoloader->includeFile('APPPATH/Models/InvoiceModel.php')
 2 SYSTEMPATH/Autoloader/Autoloader.php(237): CodeIgniter\Autoloader\Autoloader->loadInNamespace('App\\Models\\InvoiceModel')
 3 [internal function]: CodeIgniter\Autoloader\Autoloader->loadClass('App\\Models\\InvoiceModel')
 4 APPPATH/Controllers/Admin/Invoices.php(36): spl_autoload_call('App\\Models\\InvoiceModel')
 5 SYSTEMPATH/CodeIgniter.php(898): App\Controllers\Admin\Invoices->lihat('semua', 'semua')
 6 SYSTEMPATH/CodeIgniter.php(457): CodeIgniter\CodeIgniter->runController(Object(App\Controllers\Admin\Invoices))
 7 SYSTEMPATH/CodeIgniter.php(340): CodeIgniter\CodeIgniter->handleRequest(null, Object(Config\Cache), false)
 8 FCPATH/index.php(67): CodeIgniter\CodeIgniter->run()
CRITICAL - 2022-12-13 15:18:05 --> syntax error, unexpected '??' (T_COALESCE)
in APPPATH/Models/InvoiceModel.php on line 77.
 1 SYSTEMPATH/Autoloader/Autoloader.php(259): CodeIgniter\Autoloader\Autoloader->includeFile('APPPATH/Models/InvoiceModel.php')
 2 SYSTEMPATH/Autoloader/Autoloader.php(237): CodeIgniter\Autoloader\Autoloader->loadInNamespace('App\\Models\\InvoiceModel')
 3 [internal function]: CodeIgniter\Autoloader\Autoloader->loadClass('App\\Models\\InvoiceModel')
 4 APPPATH/Controllers/Admin/Invoices.php(36): spl_autoload_call('App\\Models\\InvoiceModel')
 5 SYSTEMPATH/CodeIgniter.php(898): App\Controllers\Admin\Invoices->lihat('semua', 'semua')
 6 SYSTEMPATH/CodeIgniter.php(457): CodeIgniter\CodeIgniter->runController(Object(App\Controllers\Admin\Invoices))
 7 SYSTEMPATH/CodeIgniter.php(340): CodeIgniter\CodeIgniter->handleRequest(null, Object(Config\Cache), false)
 8 FCPATH/index.php(67): CodeIgniter\CodeIgniter->run()
CRITICAL - 2022-12-13 15:21:32 --> Return value of App\Models\LabelInvoice::getSimple() must be an object, null returned
in APPPATH/Models/LabelInvoice.php on line 30.
 1 APPPATH/Models/InvoiceModel.php(87): App\Models\LabelInvoice->getSimple('8563')
 2 APPPATH/Controllers/Admin/Invoices.php(66): App\Models\InvoiceModel->getAll('cek-bayar', 0, '/home/dnzwygdo/public_html', 20, 0)
 3 SYSTEMPATH/CodeIgniter.php(898): App\Controllers\Admin\Invoices->lihat('semua', 'cek-bayar')
 4 SYSTEMPATH/CodeIgniter.php(457): CodeIgniter\CodeIgniter->runController(Object(App\Controllers\Admin\Invoices))
 5 SYSTEMPATH/CodeIgniter.php(340): CodeIgniter\CodeIgniter->handleRequest(null, Object(Config\Cache), false)
 6 FCPATH/index.php(67): CodeIgniter\CodeIgniter->run()
CRITICAL - 2022-12-13 15:21:38 --> Return value of App\Models\LabelInvoice::getSimple() must be an object, null returned
in APPPATH/Models/LabelInvoice.php on line 30.
 1 APPPATH/Models/InvoiceModel.php(87): App\Models\LabelInvoice->getSimple('8563')
 2 APPPATH/Controllers/Admin/Invoices.php(66): App\Models\InvoiceModel->getAll('cek-bayar', 0, '/home/dnzwygdo/public_html', 20, 0)
 3 SYSTEMPATH/CodeIgniter.php(898): App\Controllers\Admin\Invoices->lihat('semua', 'cek-bayar')
 4 SYSTEMPATH/CodeIgniter.php(457): CodeIgniter\CodeIgniter->runController(Object(App\Controllers\Admin\Invoices))
 5 SYSTEMPATH/CodeIgniter.php(340): CodeIgniter\CodeIgniter->handleRequest(null, Object(Config\Cache), false)
 6 FCPATH/index.php(67): CodeIgniter\CodeIgniter->run()
CRITICAL - 2022-12-13 15:21:45 --> Return value of App\Models\LabelInvoice::getSimple() must be an object, null returned
in APPPATH/Models/LabelInvoice.php on line 30.
 1 APPPATH/Models/InvoiceModel.php(87): App\Models\LabelInvoice->getSimple('8563')
 2 APPPATH/Controllers/Admin/Invoices.php(66): App\Models\InvoiceModel->getAll('cek-bayar', 0, '/home/dnzwygdo/public_html', 20, 0)
 3 SYSTEMPATH/CodeIgniter.php(898): App\Controllers\Admin\Invoices->lihat('semua', 'cek-bayar')
 4 SYSTEMPATH/CodeIgniter.php(457): CodeIgniter\CodeIgniter->runController(Object(App\Controllers\Admin\Invoices))
 5 SYSTEMPATH/CodeIgniter.php(340): CodeIgniter\CodeIgniter->handleRequest(null, Object(Config\Cache), false)
 6 FCPATH/index.php(67): CodeIgniter\CodeIgniter->run()
CRITICAL - 2022-12-13 15:22:29 --> Return value of App\Models\LabelInvoice::getSimple() must be an object, null returned
in APPPATH/Models/LabelInvoice.php on line 30.
 1 APPPATH/Models/InvoiceModel.php(87): App\Models\LabelInvoice->getSimple('8563')
 2 APPPATH/Controllers/Admin/Invoices.php(66): App\Models\InvoiceModel->getAll('cek-bayar', 0, '/home/dnzwygdo/public_html', 20, 0)
 3 SYSTEMPATH/CodeIgniter.php(898): App\Controllers\Admin\Invoices->lihat()
 4 SYSTEMPATH/CodeIgniter.php(457): CodeIgniter\CodeIgniter->runController(Object(App\Controllers\Admin\Invoices))
 5 SYSTEMPATH/CodeIgniter.php(340): CodeIgniter\CodeIgniter->handleRequest(null, Object(Config\Cache), false)
 6 FCPATH/index.php(67): CodeIgniter\CodeIgniter->run()
CRITICAL - 2022-12-13 15:22:32 --> Return value of App\Models\LabelInvoice::getSimple() must be an object, null returned
in APPPATH/Models/LabelInvoice.php on line 30.
 1 APPPATH/Models/InvoiceModel.php(87): App\Models\LabelInvoice->getSimple('8563')
 2 APPPATH/Controllers/Admin/Invoices.php(66): App\Models\InvoiceModel->getAll('cek-bayar', 0, '/home/dnzwygdo/public_html', 20, 0)
 3 SYSTEMPATH/CodeIgniter.php(898): App\Controllers\Admin\Invoices->lihat('semua', 'cek-bayar')
 4 SYSTEMPATH/CodeIgniter.php(457): CodeIgniter\CodeIgniter->runController(Object(App\Controllers\Admin\Invoices))
 5 SYSTEMPATH/CodeIgniter.php(340): CodeIgniter\CodeIgniter->handleRequest(null, Object(Config\Cache), false)
 6 FCPATH/index.php(67): CodeIgniter\CodeIgniter->run()
CRITICAL - 2022-12-13 15:22:42 --> Return value of App\Models\LabelInvoice::getSimple() must be an object, null returned
in APPPATH/Models/LabelInvoice.php on line 30.
 1 APPPATH/Models/InvoiceModel.php(87): App\Models\LabelInvoice->getSimple('8563')
 2 APPPATH/Controllers/Admin/Invoices.php(66): App\Models\InvoiceModel->getAll('cek-bayar', 0, '/home/dnzwygdo/public_html', 20, 0)
 3 SYSTEMPATH/CodeIgniter.php(898): App\Controllers\Admin\Invoices->lihat()
 4 SYSTEMPATH/CodeIgniter.php(457): CodeIgniter\CodeIgniter->runController(Object(App\Controllers\Admin\Invoices))
 5 SYSTEMPATH/CodeIgniter.php(340): CodeIgniter\CodeIgniter->handleRequest(null, Object(Config\Cache), false)
 6 FCPATH/index.php(67): CodeIgniter\CodeIgniter->run()
CRITICAL - 2022-12-13 15:22:57 --> Return value of App\Models\LabelInvoice::getSimple() must be an object, null returned
in APPPATH/Models/LabelInvoice.php on line 30.
 1 APPPATH/Models/InvoiceModel.php(87): App\Models\LabelInvoice->getSimple('8563')
 2 APPPATH/Controllers/Admin/Invoices.php(66): App\Models\InvoiceModel->getAll('cek-bayar', 0, '/home/dnzwygdo/public_html', 20, 0)
 3 SYSTEMPATH/CodeIgniter.php(898): App\Controllers\Admin\Invoices->lihat('semua')
 4 SYSTEMPATH/CodeIgniter.php(457): CodeIgniter\CodeIgniter->runController(Object(App\Controllers\Admin\Invoices))
 5 SYSTEMPATH/CodeIgniter.php(340): CodeIgniter\CodeIgniter->handleRequest(null, Object(Config\Cache), false)
 6 FCPATH/index.php(67): CodeIgniter\CodeIgniter->run()
CRITICAL - 2022-12-13 15:24:39 --> Return value of App\Models\LabelInvoice::getSimple() must be an object, null returned
in APPPATH/Models/LabelInvoice.php on line 30.
 1 APPPATH/Models/InvoiceModel.php(87): App\Models\LabelInvoice->getSimple('8563')
 2 APPPATH/Controllers/Admin/Invoices.php(66): App\Models\InvoiceModel->getAll('cek-bayar', 0, '/home/dnzwygdo/public_html', 20, 0)
 3 SYSTEMPATH/CodeIgniter.php(898): App\Controllers\Admin\Invoices->lihat('semua')
 4 SYSTEMPATH/CodeIgniter.php(457): CodeIgniter\CodeIgniter->runController(Object(App\Controllers\Admin\Invoices))
 5 SYSTEMPATH/CodeIgniter.php(340): CodeIgniter\CodeIgniter->handleRequest(null, Object(Config\Cache), false)
 6 FCPATH/index.php(67): CodeIgniter\CodeIgniter->run()
CRITICAL - 2022-12-13 15:24:58 --> Return value of App\Models\LabelInvoice::getSimple() must be an object, null returned
in APPPATH/Models/LabelInvoice.php on line 30.
 1 APPPATH/Models/InvoiceModel.php(87): App\Models\LabelInvoice->getSimple('8563')
 2 APPPATH/Controllers/Admin/Invoices.php(66): App\Models\InvoiceModel->getAll('cek-bayar', 3, '/home/dnzwygdo/public_html', 20, 0)
 3 SYSTEMPATH/CodeIgniter.php(898): App\Controllers\Admin\Invoices->lihat('51e3988da1e21f4dd41ac864c601c3c55e9b556e')
 4 SYSTEMPATH/CodeIgniter.php(457): CodeIgniter\CodeIgniter->runController(Object(App\Controllers\Admin\Invoices))
 5 SYSTEMPATH/CodeIgniter.php(340): CodeIgniter\CodeIgniter->handleRequest(null, Object(Config\Cache), false)
 6 FCPATH/index.php(67): CodeIgniter\CodeIgniter->run()
CRITICAL - 2022-12-13 15:37:22 --> Cannot use object of type stdClass as array
in APPPATH/Models/InvoiceModel.php on line 77.
 1 APPPATH/Controllers/Admin/Invoices.php(66): App\Models\InvoiceModel->getAll('cek-bayar', 0, '/home/dnzwygdo/public_html', 20, 0)
 2 SYSTEMPATH/CodeIgniter.php(898): App\Controllers\Admin\Invoices->lihat('semua', 'cek-bayar')
 3 SYSTEMPATH/CodeIgniter.php(457): CodeIgniter\CodeIgniter->runController(Object(App\Controllers\Admin\Invoices))
 4 SYSTEMPATH/CodeIgniter.php(340): CodeIgniter\CodeIgniter->handleRequest(null, Object(Config\Cache), false)
 5 FCPATH/index.php(67): CodeIgniter\CodeIgniter->run()
CRITICAL - 2022-12-13 15:39:37 --> Cannot use object of type stdClass as array
in APPPATH/Models/InvoiceModel.php on line 77.
 1 APPPATH/Controllers/Admin/Invoices.php(66): App\Models\InvoiceModel->getAll('cek-bayar', 0, '/home/dnzwygdo/public_html', 20, 0)
 2 SYSTEMPATH/CodeIgniter.php(898): App\Controllers\Admin\Invoices->lihat()
 3 SYSTEMPATH/CodeIgniter.php(457): CodeIgniter\CodeIgniter->runController(Object(App\Controllers\Admin\Invoices))
 4 SYSTEMPATH/CodeIgniter.php(340): CodeIgniter\CodeIgniter->handleRequest(null, Object(Config\Cache), false)
 5 FCPATH/index.php(67): CodeIgniter\CodeIgniter->run()
CRITICAL - 2022-12-13 15:39:39 --> Cannot use object of type stdClass as array
in APPPATH/Models/InvoiceModel.php on line 77.
 1 APPPATH/Controllers/Admin/Invoices.php(66): App\Models\InvoiceModel->getAll('cek-bayar', 0, '/home/dnzwygdo/public_html', 20, 0)
 2 SYSTEMPATH/CodeIgniter.php(898): App\Controllers\Admin\Invoices->lihat()
 3 SYSTEMPATH/CodeIgniter.php(457): CodeIgniter\CodeIgniter->runController(Object(App\Controllers\Admin\Invoices))
 4 SYSTEMPATH/CodeIgniter.php(340): CodeIgniter\CodeIgniter->handleRequest(null, Object(Config\Cache), false)
 5 FCPATH/index.php(67): CodeIgniter\CodeIgniter->run()
CRITICAL - 2022-12-13 15:40:08 --> Cannot use object of type stdClass as array
in APPPATH/Models/InvoiceModel.php on line 77.
 1 APPPATH/Controllers/Admin/Invoices.php(66): App\Models\InvoiceModel->getAll('semua', 2, '/home/dnzwygdo/public_html', 20, 0)
 2 SYSTEMPATH/CodeIgniter.php(898): App\Controllers\Admin\Invoices->lihat('61e507da8a3760e33a669a7e17b7666fe8651c17', 'semua')
 3 SYSTEMPATH/CodeIgniter.php(457): CodeIgniter\CodeIgniter->runController(Object(App\Controllers\Admin\Invoices))
 4 SYSTEMPATH/CodeIgniter.php(340): CodeIgniter\CodeIgniter->handleRequest(null, Object(Config\Cache), false)
 5 FCPATH/index.php(67): CodeIgniter\CodeIgniter->run()
CRITICAL - 2022-12-13 15:40:15 --> Cannot use object of type stdClass as array
in APPPATH/Models/InvoiceModel.php on line 77.
 1 APPPATH/Controllers/Admin/Invoices.php(66): App\Models\InvoiceModel->getAll('semua', 0, '/home/dnzwygdo/public_html', 20, 60)
 2 SYSTEMPATH/CodeIgniter.php(898): App\Controllers\Admin\Invoices->lihat('semua', 'semua')
 3 SYSTEMPATH/CodeIgniter.php(457): CodeIgniter\CodeIgniter->runController(Object(App\Controllers\Admin\Invoices))
 4 SYSTEMPATH/CodeIgniter.php(340): CodeIgniter\CodeIgniter->handleRequest(null, Object(Config\Cache), false)
 5 FCPATH/index.php(67): CodeIgniter\CodeIgniter->run()
CRITICAL - 2022-12-13 15:40:35 --> Cannot use object of type stdClass as array
in APPPATH/Models/InvoiceModel.php on line 77.
 1 APPPATH/Controllers/Admin/Invoices.php(66): App\Models\InvoiceModel->getAll('cek-bayar', 0, '/home/dnzwygdo/public_html', 20, 0)
 2 SYSTEMPATH/CodeIgniter.php(898): App\Controllers\Admin\Invoices->lihat('semua', 'cek-bayar')
 3 SYSTEMPATH/CodeIgniter.php(457): CodeIgniter\CodeIgniter->runController(Object(App\Controllers\Admin\Invoices))
 4 SYSTEMPATH/CodeIgniter.php(340): CodeIgniter\CodeIgniter->handleRequest(null, Object(Config\Cache), false)
 5 FCPATH/index.php(67): CodeIgniter\CodeIgniter->run()
CRITICAL - 2022-12-13 15:41:10 --> Return value of App\Models\LabelInvoice::getSimple() must be an object, null returned
in APPPATH/Models/LabelInvoice.php on line 30.
 1 APPPATH/Models/InvoiceModel.php(87): App\Models\LabelInvoice->getSimple('8563')
 2 APPPATH/Controllers/Admin/Invoices.php(66): App\Models\InvoiceModel->getAll('cek-bayar', 0, '/home/dnzwygdo/public_html', 20, 0)
 3 SYSTEMPATH/CodeIgniter.php(898): App\Controllers\Admin\Invoices->lihat('semua', 'cek-bayar')
 4 SYSTEMPATH/CodeIgniter.php(457): CodeIgniter\CodeIgniter->runController(Object(App\Controllers\Admin\Invoices))
 5 SYSTEMPATH/CodeIgniter.php(340): CodeIgniter\CodeIgniter->handleRequest(null, Object(Config\Cache), false)
 6 FCPATH/index.php(67): CodeIgniter\CodeIgniter->run()
CRITICAL - 2022-12-13 15:41:44 --> Return value of App\Models\LabelInvoice::getSimple() must be an object, null returned
in APPPATH/Models/LabelInvoice.php on line 30.
 1 APPPATH/Models/InvoiceModel.php(87): App\Models\LabelInvoice->getSimple('8563')
 2 APPPATH/Controllers/Admin/Invoices.php(66): App\Models\InvoiceModel->getAll('cek-bayar', 0, '/home/dnzwygdo/public_html', 20, 0)
 3 SYSTEMPATH/CodeIgniter.php(898): App\Controllers\Admin\Invoices->lihat('semua', 'cek-bayar')
 4 SYSTEMPATH/CodeIgniter.php(457): CodeIgniter\CodeIgniter->runController(Object(App\Controllers\Admin\Invoices))
 5 SYSTEMPATH/CodeIgniter.php(340): CodeIgniter\CodeIgniter->handleRequest(null, Object(Config\Cache), false)
 6 FCPATH/index.php(67): CodeIgniter\CodeIgniter->run()
CRITICAL - 2022-12-13 15:42:22 --> Return value of App\Models\LabelInvoice::getSimple() must be an object, null returned
in APPPATH/Models/LabelInvoice.php on line 30.
 1 APPPATH/Models/InvoiceModel.php(87): App\Models\LabelInvoice->getSimple('8563')
 2 APPPATH/Controllers/Admin/Invoices.php(66): App\Models\InvoiceModel->getAll('cek-bayar', 0, '/home/dnzwygdo/public_html', 20, 0)
 3 SYSTEMPATH/CodeIgniter.php(898): App\Controllers\Admin\Invoices->lihat()
 4 SYSTEMPATH/CodeIgniter.php(457): CodeIgniter\CodeIgniter->runController(Object(App\Controllers\Admin\Invoices))
 5 SYSTEMPATH/CodeIgniter.php(340): CodeIgniter\CodeIgniter->handleRequest(null, Object(Config\Cache), false)
 6 FCPATH/index.php(67): CodeIgniter\CodeIgniter->run()
CRITICAL - 2022-12-13 15:42:27 --> Return value of App\Models\LabelInvoice::getSimple() must be an object, null returned
in APPPATH/Models/LabelInvoice.php on line 30.
 1 APPPATH/Models/InvoiceModel.php(87): App\Models\LabelInvoice->getSimple('8563')
 2 APPPATH/Controllers/Admin/Invoices.php(66): App\Models\InvoiceModel->getAll('cek-bayar', 0, '/home/dnzwygdo/public_html', 20, 0)
 3 SYSTEMPATH/CodeIgniter.php(898): App\Controllers\Admin\Invoices->lihat('semua')
 4 SYSTEMPATH/CodeIgniter.php(457): CodeIgniter\CodeIgniter->runController(Object(App\Controllers\Admin\Invoices))
 5 SYSTEMPATH/CodeIgniter.php(340): CodeIgniter\CodeIgniter->handleRequest(null, Object(Config\Cache), false)
 6 FCPATH/index.php(67): CodeIgniter\CodeIgniter->run()
CRITICAL - 2022-12-13 15:43:01 --> Return value of App\Models\LabelInvoice::getSimple() must be an object, null returned
in APPPATH/Models/LabelInvoice.php on line 28.
 1 APPPATH/Models/InvoiceModel.php(87): App\Models\LabelInvoice->getSimple('8563')
 2 APPPATH/Controllers/Admin/Invoices.php(66): App\Models\InvoiceModel->getAll('cek-bayar', 0, '/home/dnzwygdo/public_html', 20, 0)
 3 SYSTEMPATH/CodeIgniter.php(898): App\Controllers\Admin\Invoices->lihat('semua', 'cek-bayar')
 4 SYSTEMPATH/CodeIgniter.php(457): CodeIgniter\CodeIgniter->runController(Object(App\Controllers\Admin\Invoices))
 5 SYSTEMPATH/CodeIgniter.php(340): CodeIgniter\CodeIgniter->handleRequest(null, Object(Config\Cache), false)
 6 FCPATH/index.php(67): CodeIgniter\CodeIgniter->run()
CRITICAL - 2022-12-13 15:44:01 --> Argument 1 passed to label_asal() must be of the type int, null given, called in /home/dnzwygdo/djuragancom/app/Views/admin/invoice/lihat.php on line 216
in APPPATH/Helpers/fungsi_helper.php on line 74.
 1 APPPATH/Views/admin/invoice/lihat.php(216): label_asal(null, null)
 2 SYSTEMPATH/View/View.php(213): include('APPPATH/Views/admin/invoice/lihat.php')
 3 SYSTEMPATH/View/View.php(216): CodeIgniter\View\View->CodeIgniter\View\{closure}()
 4 SYSTEMPATH/Common.php(1137): CodeIgniter\View\View->render('admin/invoice/lihat', [], true)
 5 APPPATH/Controllers/Admin/Invoices.php(74): view('admin/invoice/lihat', [...])
 6 SYSTEMPATH/CodeIgniter.php(898): App\Controllers\Admin\Invoices->lihat('semua', 'cek-bayar')
 7 SYSTEMPATH/CodeIgniter.php(457): CodeIgniter\CodeIgniter->runController(Object(App\Controllers\Admin\Invoices))
 8 SYSTEMPATH/CodeIgniter.php(340): CodeIgniter\CodeIgniter->handleRequest(null, Object(Config\Cache), false)
 9 FCPATH/index.php(67): CodeIgniter\CodeIgniter->run()
CRITICAL - 2022-12-13 15:45:28 --> Return value of App\Models\LabelInvoice::getSimple() must be an object, null returned
in APPPATH/Models/LabelInvoice.php on line 28.
 1 APPPATH/Models/InvoiceModel.php(87): App\Models\LabelInvoice->getSimple('8563')
 2 APPPATH/Controllers/Admin/Invoices.php(66): App\Models\InvoiceModel->getAll('cek-bayar', 0, '/home/dnzwygdo/public_html', 20, 0)
 3 SYSTEMPATH/CodeIgniter.php(898): App\Controllers\Admin\Invoices->lihat('semua', 'cek-bayar')
 4 SYSTEMPATH/CodeIgniter.php(457): CodeIgniter\CodeIgniter->runController(Object(App\Controllers\Admin\Invoices))
 5 SYSTEMPATH/CodeIgniter.php(340): CodeIgniter\CodeIgniter->handleRequest(null, Object(Config\Cache), false)
 6 FCPATH/index.php(67): CodeIgniter\CodeIgniter->run()
CRITICAL - 2022-12-13 15:45:53 --> Return value of App\Models\LabelInvoice::getSimple() must be an object, null returned
in APPPATH/Models/LabelInvoice.php on line 28.
 1 APPPATH/Models/InvoiceModel.php(87): App\Models\LabelInvoice->getSimple('8563')
 2 APPPATH/Controllers/Admin/Invoices.php(66): App\Models\InvoiceModel->getAll('cek-bayar', 0, '/home/dnzwygdo/public_html', 20, 0)
 3 SYSTEMPATH/CodeIgniter.php(898): App\Controllers\Admin\Invoices->lihat()
 4 SYSTEMPATH/CodeIgniter.php(457): CodeIgniter\CodeIgniter->runController(Object(App\Controllers\Admin\Invoices))
 5 SYSTEMPATH/CodeIgniter.php(340): CodeIgniter\CodeIgniter->handleRequest(null, Object(Config\Cache), false)
 6 FCPATH/index.php(67): CodeIgniter\CodeIgniter->run()
CRITICAL - 2022-12-13 15:46:27 --> Argument 1 passed to label_asal() must be of the type int, null given, called in /home/dnzwygdo/djuragancom/app/Views/admin/invoice/lihat.php on line 216
in APPPATH/Helpers/fungsi_helper.php on line 74.
 1 APPPATH/Views/admin/invoice/lihat.php(216): label_asal(null, null)
 2 SYSTEMPATH/View/View.php(213): include('APPPATH/Views/admin/invoice/lihat.php')
 3 SYSTEMPATH/View/View.php(216): CodeIgniter\View\View->CodeIgniter\View\{closure}()
 4 SYSTEMPATH/Common.php(1137): CodeIgniter\View\View->render('admin/invoice/lihat', [], true)
 5 APPPATH/Controllers/Admin/Invoices.php(74): view('admin/invoice/lihat', [...])
 6 SYSTEMPATH/CodeIgniter.php(898): App\Controllers\Admin\Invoices->lihat('semua', 'cek-bayar')
 7 SYSTEMPATH/CodeIgniter.php(457): CodeIgniter\CodeIgniter->runController(Object(App\Controllers\Admin\Invoices))
 8 SYSTEMPATH/CodeIgniter.php(340): CodeIgniter\CodeIgniter->handleRequest(null, Object(Config\Cache), false)
 9 FCPATH/index.php(67): CodeIgniter\CodeIgniter->run()
CRITICAL - 2022-12-13 15:46:29 --> Argument 1 passed to label_asal() must be of the type int, null given, called in /home/dnzwygdo/djuragancom/app/Views/admin/invoice/lihat.php on line 216
in APPPATH/Helpers/fungsi_helper.php on line 74.
 1 APPPATH/Views/admin/invoice/lihat.php(216): label_asal(null, null)
 2 SYSTEMPATH/View/View.php(213): include('APPPATH/Views/admin/invoice/lihat.php')
 3 SYSTEMPATH/View/View.php(216): CodeIgniter\View\View->CodeIgniter\View\{closure}()
 4 SYSTEMPATH/Common.php(1137): CodeIgniter\View\View->render('admin/invoice/lihat', [], true)
 5 APPPATH/Controllers/Admin/Invoices.php(74): view('admin/invoice/lihat', [...])
 6 SYSTEMPATH/CodeIgniter.php(898): App\Controllers\Admin\Invoices->lihat()
 7 SYSTEMPATH/CodeIgniter.php(457): CodeIgniter\CodeIgniter->runController(Object(App\Controllers\Admin\Invoices))
 8 SYSTEMPATH/CodeIgniter.php(340): CodeIgniter\CodeIgniter->handleRequest(null, Object(Config\Cache), false)
 9 FCPATH/index.php(67): CodeIgniter\CodeIgniter->run()
CRITICAL - 2022-12-13 15:46:57 --> Return value of App\Models\LabelInvoice::getSimple() must be an object, null returned
in APPPATH/Models/LabelInvoice.php on line 28.
 1 APPPATH/Models/InvoiceModel.php(87): App\Models\LabelInvoice->getSimple(8563)
 2 APPPATH/Controllers/Admin/Invoices.php(66): App\Models\InvoiceModel->getAll('cek-bayar', 0, '/home/dnzwygdo/public_html', 20, 0)
 3 SYSTEMPATH/CodeIgniter.php(898): App\Controllers\Admin\Invoices->lihat('semua', 'cek-bayar')
 4 SYSTEMPATH/CodeIgniter.php(457): CodeIgniter\CodeIgniter->runController(Object(App\Controllers\Admin\Invoices))
 5 SYSTEMPATH/CodeIgniter.php(340): CodeIgniter\CodeIgniter->handleRequest(null, Object(Config\Cache), false)
 6 FCPATH/index.php(67): CodeIgniter\CodeIgniter->run()
ERROR - 2022-12-13 15:47:27 --> mysqli_sql_exception: You have an error in your SQL syntax; check the manual that corresponds to your MySQL server version for the right syntax to use near ')
AND `juragan_id` = 9
AND `order_invoice`.`deleted_at` IS NULL
ORDER BY `status' at line 3 in /home/dnzwygdo/djuragancom/vendor/codeigniter4/framework/system/Database/MySQLi/Connection.php:292
Stack trace:
#0 /home/dnzwygdo/djuragancom/vendor/codeigniter4/framework/system/Database/MySQLi/Connection.php(292): mysqli->query('SELECT *\nFROM `...', 0)
#1 /home/dnzwygdo/djuragancom/vendor/codeigniter4/framework/system/Database/BaseConnection.php(693): CodeIgniter\Database\MySQLi\Connection->execute('SELECT *\nFROM `...')
#2 /home/dnzwygdo/djuragancom/vendor/codeigniter4/framework/system/Database/BaseConnection.php(620): CodeIgniter\Database\BaseConnection->simpleQuery('SELECT *\nFROM `...')
#3 /home/dnzwygdo/djuragancom/vendor/codeigniter4/framework/system/Database/BaseBuilder.php(1585): CodeIgniter\Database\BaseConnection->query('SELECT *\nFROM `...', Array, false)
#4 /home/dnzwygdo/djuragancom/vendor/codeigniter4/framework/system/Model.php(222): CodeIgniter\Database\BaseBuilder->get()
#5 /home/dnzwygdo/djuragancom/vendor/codeigniter4/framework/system/BaseModel.php(584): CodeIgniter\Model->doFindAll(20, 0)
#6 /home/dnzwygdo/djuragancom/app/Models/InvoiceModel.php(74): CodeIgniter\BaseModel->findAll(20, 0)
#7 /home/dnzwygdo/djuragancom/app/Controllers/User/Invoices.php(156): App\Models\InvoiceModel->getAll('semua', 9, Array, 20, 0)
#8 /home/dnzwygdo/djuragancom/vendor/codeigniter4/framework/system/CodeIgniter.php(898): App\Controllers\User\Invoices->lihat('5cc83b910b2a957...', 'semua')
#9 /home/dnzwygdo/djuragancom/vendor/codeigniter4/framework/system/CodeIgniter.php(457): CodeIgniter\CodeIgniter->runController(Object(App\Controllers\User\Invoices))
#10 /home/dnzwygdo/djuragancom/vendor/codeigniter4/framework/system/CodeIgniter.php(340): CodeIgniter\CodeIgniter->handleRequest(NULL, Object(Config\Cache), false)
#11 /home/dnzwygdo/public_html/index.php(67): CodeIgniter\CodeIgniter->run()
#12 {main}
CRITICAL - 2022-12-13 15:47:27 --> Call to a member function getResult() on bool
in SYSTEMPATH/Model.php on line 223.
 1 SYSTEMPATH/BaseModel.php(584): CodeIgniter\Model->doFindAll(20, 0)
 2 APPPATH/Models/InvoiceModel.php(74): CodeIgniter\BaseModel->findAll(20, 0)
 3 APPPATH/Controllers/User/Invoices.php(156): App\Models\InvoiceModel->getAll('semua', 9, [...], 20, 0)
 4 SYSTEMPATH/CodeIgniter.php(898): App\Controllers\User\Invoices->lihat('5cc83b910b2a957306118cebd94ae49de7c72fbf', 'semua')
 5 SYSTEMPATH/CodeIgniter.php(457): CodeIgniter\CodeIgniter->runController(Object(App\Controllers\User\Invoices))
 6 SYSTEMPATH/CodeIgniter.php(340): CodeIgniter\CodeIgniter->handleRequest(null, Object(Config\Cache), false)
 7 FCPATH/index.php(67): CodeIgniter\CodeIgniter->run()
CRITICAL - 2022-12-13 15:47:39 --> Return value of App\Models\LabelInvoice::getSimple() must be an object, null returned
in APPPATH/Models/LabelInvoice.php on line 27.
 1 APPPATH/Models/InvoiceModel.php(87): App\Models\LabelInvoice->getSimple(8563)
 2 APPPATH/Controllers/Admin/Invoices.php(66): App\Models\InvoiceModel->getAll('cek-bayar', 0, '/home/dnzwygdo/public_html', 20, 0)
 3 SYSTEMPATH/CodeIgniter.php(898): App\Controllers\Admin\Invoices->lihat('semua', 'cek-bayar')
 4 SYSTEMPATH/CodeIgniter.php(457): CodeIgniter\CodeIgniter->runController(Object(App\Controllers\Admin\Invoices))
 5 SYSTEMPATH/CodeIgniter.php(340): CodeIgniter\CodeIgniter->handleRequest(null, Object(Config\Cache), false)
 6 FCPATH/index.php(67): CodeIgniter\CodeIgniter->run()
CRITICAL - 2022-12-13 15:48:04 --> Return value of App\Models\LabelInvoice::getSimple() must be an object, null returned
in APPPATH/Models/LabelInvoice.php on line 28.
 1 APPPATH/Models/InvoiceModel.php(87): App\Models\LabelInvoice->getSimple(8563)
 2 APPPATH/Controllers/Admin/Invoices.php(66): App\Models\InvoiceModel->getAll('cek-bayar', 0, '/home/dnzwygdo/public_html', 20, 0)
 3 SYSTEMPATH/CodeIgniter.php(898): App\Controllers\Admin\Invoices->lihat('semua')
 4 SYSTEMPATH/CodeIgniter.php(457): CodeIgniter\CodeIgniter->runController(Object(App\Controllers\Admin\Invoices))
 5 SYSTEMPATH/CodeIgniter.php(340): CodeIgniter\CodeIgniter->handleRequest(null, Object(Config\Cache), false)
 6 FCPATH/index.php(67): CodeIgniter\CodeIgniter->run()
CRITICAL - 2022-12-13 15:48:31 --> Return value of App\Models\LabelInvoice::getSimple() must be an object, null returned
in APPPATH/Models/LabelInvoice.php on line 28.
 1 APPPATH/Models/InvoiceModel.php(87): App\Models\LabelInvoice->getSimple(8563)
 2 APPPATH/Controllers/Admin/Invoices.php(66): App\Models\InvoiceModel->getAll('cek-bayar', 0, '/home/dnzwygdo/public_html', 20, 0)
 3 SYSTEMPATH/CodeIgniter.php(898): App\Controllers\Admin\Invoices->lihat()
 4 SYSTEMPATH/CodeIgniter.php(457): CodeIgniter\CodeIgniter->runController(Object(App\Controllers\Admin\Invoices))
 5 SYSTEMPATH/CodeIgniter.php(340): CodeIgniter\CodeIgniter->handleRequest(null, Object(Config\Cache), false)
 6 FCPATH/index.php(67): CodeIgniter\CodeIgniter->run()
CRITICAL - 2022-12-13 15:48:34 --> Return value of App\Models\LabelInvoice::getSimple() must be an object, null returned
in APPPATH/Models/LabelInvoice.php on line 28.
 1 APPPATH/Models/InvoiceModel.php(87): App\Models\LabelInvoice->getSimple(8563)
 2 APPPATH/Controllers/Admin/Invoices.php(66): App\Models\InvoiceModel->getAll('cek-bayar', 0, '/home/dnzwygdo/public_html', 20, 0)
 3 SYSTEMPATH/CodeIgniter.php(898): App\Controllers\Admin\Invoices->lihat('semua')
 4 SYSTEMPATH/CodeIgniter.php(457): CodeIgniter\CodeIgniter->runController(Object(App\Controllers\Admin\Invoices))
 5 SYSTEMPATH/CodeIgniter.php(340): CodeIgniter\CodeIgniter->handleRequest(null, Object(Config\Cache), false)
 6 FCPATH/index.php(67): CodeIgniter\CodeIgniter->run()
CRITICAL - 2022-12-13 15:49:17 --> Return value of App\Models\LabelInvoice::getSimple() must be an object, null returned
in APPPATH/Models/LabelInvoice.php on line 28.
 1 APPPATH/Models/InvoiceModel.php(87): App\Models\LabelInvoice->getSimple(8563)
 2 APPPATH/Controllers/Admin/Invoices.php(66): App\Models\InvoiceModel->getAll('cek-bayar', 0, '/home/dnzwygdo/public_html', 20, 0)
 3 SYSTEMPATH/CodeIgniter.php(898): App\Controllers\Admin\Invoices->lihat('semua', 'cek-bayar')
 4 SYSTEMPATH/CodeIgniter.php(457): CodeIgniter\CodeIgniter->runController(Object(App\Controllers\Admin\Invoices))
 5 SYSTEMPATH/CodeIgniter.php(340): CodeIgniter\CodeIgniter->handleRequest(null, Object(Config\Cache), false)
 6 FCPATH/index.php(67): CodeIgniter\CodeIgniter->run()
CRITICAL - 2022-12-13 15:49:23 --> Return value of App\Models\LabelInvoice::getSimple() must be an object, null returned
in APPPATH/Models/LabelInvoice.php on line 28.
 1 APPPATH/Models/InvoiceModel.php(87): App\Models\LabelInvoice->getSimple(8563)
 2 APPPATH/Controllers/Admin/Invoices.php(66): App\Models\InvoiceModel->getAll('cek-bayar', 0, '/home/dnzwygdo/public_html', 20, 0)
 3 SYSTEMPATH/CodeIgniter.php(898): App\Controllers\Admin\Invoices->lihat('semua', 'cek-bayar')
 4 SYSTEMPATH/CodeIgniter.php(457): CodeIgniter\CodeIgniter->runController(Object(App\Controllers\Admin\Invoices))
 5 SYSTEMPATH/CodeIgniter.php(340): CodeIgniter\CodeIgniter->handleRequest(null, Object(Config\Cache), false)
 6 FCPATH/index.php(67): CodeIgniter\CodeIgniter->run()
CRITICAL - 2022-12-13 15:49:57 --> Return value of App\Models\LabelInvoice::getSimple() must be an object, null returned
in APPPATH/Models/LabelInvoice.php on line 28.
 1 APPPATH/Models/InvoiceModel.php(87): App\Models\LabelInvoice->getSimple(8563)
 2 APPPATH/Controllers/User/Invoices.php(156): App\Models\InvoiceModel->getAll('cek-bayar', 3, '/home/dnzwygdo/public_html', 20, 0)
 3 SYSTEMPATH/CodeIgniter.php(898): App\Controllers\User\Invoices->lihat('51e3988da1e21f4dd41ac864c601c3c55e9b556e', 'cek-bayar')
 4 SYSTEMPATH/CodeIgniter.php(457): CodeIgniter\CodeIgniter->runController(Object(App\Controllers\User\Invoices))
 5 SYSTEMPATH/CodeIgniter.php(340): CodeIgniter\CodeIgniter->handleRequest(null, Object(Config\Cache), false)
 6 FCPATH/index.php(67): CodeIgniter\CodeIgniter->run()
CRITICAL - 2022-12-13 15:51:08 --> Return value of App\Models\LabelInvoice::getSimple() must be an object, null returned
in APPPATH/Models/LabelInvoice.php on line 28.
 1 APPPATH/Models/InvoiceModel.php(87): App\Models\LabelInvoice->getSimple(8563)
 2 APPPATH/Controllers/Admin/Invoices.php(66): App\Models\InvoiceModel->getAll('cek-bayar', 0, '/home/dnzwygdo/public_html', 20, 0)
 3 SYSTEMPATH/CodeIgniter.php(898): App\Controllers\Admin\Invoices->lihat('semua', 'cek-bayar')
 4 SYSTEMPATH/CodeIgniter.php(457): CodeIgniter\CodeIgniter->runController(Object(App\Controllers\Admin\Invoices))
 5 SYSTEMPATH/CodeIgniter.php(340): CodeIgniter\CodeIgniter->handleRequest(null, Object(Config\Cache), false)
 6 FCPATH/index.php(67): CodeIgniter\CodeIgniter->run()
CRITICAL - 2022-12-13 15:54:04 --> Return value of App\Models\LabelInvoice::getSimple() must be an object, null returned
in APPPATH/Models/LabelInvoice.php on line 28.
 1 APPPATH/Models/InvoiceModel.php(87): App\Models\LabelInvoice->getSimple(8563)
 2 APPPATH/Controllers/Admin/Invoices.php(66): App\Models\InvoiceModel->getAll('cek-bayar', 0, '/home/dnzwygdo/public_html', 20, 0)
 3 SYSTEMPATH/CodeIgniter.php(898): App\Controllers\Admin\Invoices->lihat('semua', 'cek-bayar')
 4 SYSTEMPATH/CodeIgniter.php(457): CodeIgniter\CodeIgniter->runController(Object(App\Controllers\Admin\Invoices))
 5 SYSTEMPATH/CodeIgniter.php(340): CodeIgniter\CodeIgniter->handleRequest(null, Object(Config\Cache), false)
 6 FCPATH/index.php(67): CodeIgniter\CodeIgniter->run()
CRITICAL - 2022-12-13 15:54:43 --> Return value of App\Models\LabelInvoice::getSimple() must be an object, null returned
in APPPATH/Models/LabelInvoice.php on line 28.
 1 APPPATH/Models/InvoiceModel.php(87): App\Models\LabelInvoice->getSimple(8563)
 2 APPPATH/Controllers/Admin/Invoices.php(66): App\Models\InvoiceModel->getAll('cek-bayar', 0, '/home/dnzwygdo/public_html', 20, 0)
 3 SYSTEMPATH/CodeIgniter.php(898): App\Controllers\Admin\Invoices->lihat()
 4 SYSTEMPATH/CodeIgniter.php(457): CodeIgniter\CodeIgniter->runController(Object(App\Controllers\Admin\Invoices))
 5 SYSTEMPATH/CodeIgniter.php(340): CodeIgniter\CodeIgniter->handleRequest(null, Object(Config\Cache), false)
 6 FCPATH/index.php(67): CodeIgniter\CodeIgniter->run()
CRITICAL - 2022-12-13 16:00:44 --> Return value of App\Models\LabelInvoice::getSimple() must be an object, null returned
in APPPATH/Models/LabelInvoice.php on line 28.
 1 APPPATH/Models/InvoiceModel.php(87): App\Models\LabelInvoice->getSimple('8563')
 2 APPPATH/Controllers/Admin/Invoices.php(68): App\Models\InvoiceModel->getAll('cek-bayar', 0, '/home/dnzwygdo/public_html', 20, 0)
 3 SYSTEMPATH/CodeIgniter.php(898): App\Controllers\Admin\Invoices->lihat('semua', 'cek-bayar')
 4 SYSTEMPATH/CodeIgniter.php(457): CodeIgniter\CodeIgniter->runController(Object(App\Controllers\Admin\Invoices))
 5 SYSTEMPATH/CodeIgniter.php(340): CodeIgniter\CodeIgniter->handleRequest(null, Object(Config\Cache), false)
 6 FCPATH/index.php(67): CodeIgniter\CodeIgniter->run()
CRITICAL - 2022-12-13 16:00:47 --> Return value of App\Models\LabelInvoice::getSimple() must be an object, null returned
in APPPATH/Models/LabelInvoice.php on line 28.
 1 APPPATH/Models/InvoiceModel.php(87): App\Models\LabelInvoice->getSimple('8563')
 2 APPPATH/Controllers/Admin/Invoices.php(68): App\Models\InvoiceModel->getAll('cek-bayar', 0, '/home/dnzwygdo/public_html', 20, 0)
 3 SYSTEMPATH/CodeIgniter.php(898): App\Controllers\Admin\Invoices->lihat('semua')
 4 SYSTEMPATH/CodeIgniter.php(457): CodeIgniter\CodeIgniter->runController(Object(App\Controllers\Admin\Invoices))
 5 SYSTEMPATH/CodeIgniter.php(340): CodeIgniter\CodeIgniter->handleRequest(null, Object(Config\Cache), false)
 6 FCPATH/index.php(67): CodeIgniter\CodeIgniter->run()
ERROR - 2022-12-13 16:00:58 --> mysqli_sql_exception: You have an error in your SQL syntax; check the manual that corresponds to your MySQL server version for the right syntax to use near ')
AND `juragan_id` = 9
AND `order_invoice`.`deleted_at` IS NULL
ORDER BY `status' at line 3 in /home/dnzwygdo/djuragancom/vendor/codeigniter4/framework/system/Database/MySQLi/Connection.php:292
Stack trace:
#0 /home/dnzwygdo/djuragancom/vendor/codeigniter4/framework/system/Database/MySQLi/Connection.php(292): mysqli->query('SELECT *\nFROM `...', 0)
#1 /home/dnzwygdo/djuragancom/vendor/codeigniter4/framework/system/Database/BaseConnection.php(693): CodeIgniter\Database\MySQLi\Connection->execute('SELECT *\nFROM `...')
#2 /home/dnzwygdo/djuragancom/vendor/codeigniter4/framework/system/Database/BaseConnection.php(620): CodeIgniter\Database\BaseConnection->simpleQuery('SELECT *\nFROM `...')
#3 /home/dnzwygdo/djuragancom/vendor/codeigniter4/framework/system/Database/BaseBuilder.php(1585): CodeIgniter\Database\BaseConnection->query('SELECT *\nFROM `...', Array, false)
#4 /home/dnzwygdo/djuragancom/vendor/codeigniter4/framework/system/Model.php(222): CodeIgniter\Database\BaseBuilder->get()
#5 /home/dnzwygdo/djuragancom/vendor/codeigniter4/framework/system/BaseModel.php(584): CodeIgniter\Model->doFindAll(20, 0)
#6 /home/dnzwygdo/djuragancom/app/Models/InvoiceModel.php(74): CodeIgniter\BaseModel->findAll(20, 0)
#7 /home/dnzwygdo/djuragancom/app/Controllers/User/Invoices.php(156): App\Models\InvoiceModel->getAll('semua', 9, Array, 20, 0)
#8 /home/dnzwygdo/djuragancom/vendor/codeigniter4/framework/system/CodeIgniter.php(898): App\Controllers\User\Invoices->lihat('5cc83b910b2a957...', 'semua')
#9 /home/dnzwygdo/djuragancom/vendor/codeigniter4/framework/system/CodeIgniter.php(457): CodeIgniter\CodeIgniter->runController(Object(App\Controllers\User\Invoices))
#10 /home/dnzwygdo/djuragancom/vendor/codeigniter4/framework/system/CodeIgniter.php(340): CodeIgniter\CodeIgniter->handleRequest(NULL, Object(Config\Cache), false)
#11 /home/dnzwygdo/public_html/index.php(67): CodeIgniter\CodeIgniter->run()
#12 {main}
CRITICAL - 2022-12-13 16:00:58 --> Call to a member function getResult() on bool
in SYSTEMPATH/Model.php on line 223.
 1 SYSTEMPATH/BaseModel.php(584): CodeIgniter\Model->doFindAll(20, 0)
 2 APPPATH/Models/InvoiceModel.php(74): CodeIgniter\BaseModel->findAll(20, 0)
 3 APPPATH/Controllers/User/Invoices.php(156): App\Models\InvoiceModel->getAll('semua', 9, [...], 20, 0)
 4 SYSTEMPATH/CodeIgniter.php(898): App\Controllers\User\Invoices->lihat('5cc83b910b2a957306118cebd94ae49de7c72fbf', 'semua')
 5 SYSTEMPATH/CodeIgniter.php(457): CodeIgniter\CodeIgniter->runController(Object(App\Controllers\User\Invoices))
 6 SYSTEMPATH/CodeIgniter.php(340): CodeIgniter\CodeIgniter->handleRequest(null, Object(Config\Cache), false)
 7 FCPATH/index.php(67): CodeIgniter\CodeIgniter->run()
CRITICAL - 2022-12-13 16:01:30 --> Return value of App\Models\LabelInvoice::getSimple() must be an object, null returned
in APPPATH/Models/LabelInvoice.php on line 28.
 1 APPPATH/Models/InvoiceModel.php(87): App\Models\LabelInvoice->getSimple('8563')
 2 APPPATH/Controllers/Admin/Invoices.php(68): App\Models\InvoiceModel->getAll('cek-bayar', 0, '/home/dnzwygdo/public_html', 20, 0)
 3 SYSTEMPATH/CodeIgniter.php(898): App\Controllers\Admin\Invoices->lihat('semua')
 4 SYSTEMPATH/CodeIgniter.php(457): CodeIgniter\CodeIgniter->runController(Object(App\Controllers\Admin\Invoices))
 5 SYSTEMPATH/CodeIgniter.php(340): CodeIgniter\CodeIgniter->handleRequest(null, Object(Config\Cache), false)
 6 FCPATH/index.php(67): CodeIgniter\CodeIgniter->run()
CRITICAL - 2022-12-13 16:01:46 --> Return value of App\Models\LabelInvoice::getSimple() must be an object, null returned
in APPPATH/Models/LabelInvoice.php on line 28.
 1 APPPATH/Models/InvoiceModel.php(87): App\Models\LabelInvoice->getSimple('8563')
 2 APPPATH/Controllers/Admin/Invoices.php(68): App\Models\InvoiceModel->getAll('cek-bayar', 0, '/home/dnzwygdo/public_html', 20, 0)
 3 SYSTEMPATH/CodeIgniter.php(898): App\Controllers\Admin\Invoices->lihat('semua')
 4 SYSTEMPATH/CodeIgniter.php(457): CodeIgniter\CodeIgniter->runController(Object(App\Controllers\Admin\Invoices))
 5 SYSTEMPATH/CodeIgniter.php(340): CodeIgniter\CodeIgniter->handleRequest(null, Object(Config\Cache), false)
 6 FCPATH/index.php(67): CodeIgniter\CodeIgniter->run()
CRITICAL - 2022-12-13 16:02:54 --> Return value of App\Models\LabelInvoice::getSimple() must be an object, null returned
in APPPATH/Models/LabelInvoice.php on line 28.
 1 APPPATH/Models/InvoiceModel.php(87): App\Models\LabelInvoice->getSimple('8563')
 2 APPPATH/Controllers/Admin/Invoices.php(68): App\Models\InvoiceModel->getAll('cek-bayar', 0, '/home/dnzwygdo/public_html', 20, 0)
 3 SYSTEMPATH/CodeIgniter.php(898): App\Controllers\Admin\Invoices->lihat('semua', 'cek-bayar')
 4 SYSTEMPATH/CodeIgniter.php(457): CodeIgniter\CodeIgniter->runController(Object(App\Controllers\Admin\Invoices))
 5 SYSTEMPATH/CodeIgniter.php(340): CodeIgniter\CodeIgniter->handleRequest(null, Object(Config\Cache), false)
 6 FCPATH/index.php(67): CodeIgniter\CodeIgniter->run()
CRITICAL - 2022-12-13 16:04:04 --> Return value of App\Models\LabelInvoice::getSimple() must be an object, null returned
in APPPATH/Models/LabelInvoice.php on line 28.
 1 APPPATH/Models/InvoiceModel.php(87): App\Models\LabelInvoice->getSimple('8563')
 2 APPPATH/Controllers/Admin/Invoices.php(68): App\Models\InvoiceModel->getAll('cek-bayar', 0, '/home/dnzwygdo/public_html', 20, 0)
 3 SYSTEMPATH/CodeIgniter.php(898): App\Controllers\Admin\Invoices->lihat('semua')
 4 SYSTEMPATH/CodeIgniter.php(457): CodeIgniter\CodeIgniter->runController(Object(App\Controllers\Admin\Invoices))
 5 SYSTEMPATH/CodeIgniter.php(340): CodeIgniter\CodeIgniter->handleRequest(null, Object(Config\Cache), false)
 6 FCPATH/index.php(67): CodeIgniter\CodeIgniter->run()
CRITICAL - 2022-12-13 16:04:11 --> Return value of App\Models\LabelInvoice::getSimple() must be an object, null returned
in APPPATH/Models/LabelInvoice.php on line 28.
 1 APPPATH/Models/InvoiceModel.php(87): App\Models\LabelInvoice->getSimple('8563')
 2 APPPATH/Controllers/Admin/Invoices.php(68): App\Models\InvoiceModel->getAll('cek-bayar', 0, '/home/dnzwygdo/public_html', 20, 0)
 3 SYSTEMPATH/CodeIgniter.php(898): App\Controllers\Admin\Invoices->lihat('semua', 'cek-bayar')
 4 SYSTEMPATH/CodeIgniter.php(457): CodeIgniter\CodeIgniter->runController(Object(App\Controllers\Admin\Invoices))
 5 SYSTEMPATH/CodeIgniter.php(340): CodeIgniter\CodeIgniter->handleRequest(null, Object(Config\Cache), false)
 6 FCPATH/index.php(67): CodeIgniter\CodeIgniter->run()
CRITICAL - 2022-12-13 16:05:54 --> Return value of App\Models\LabelInvoice::getSimple() must be an object, null returned
in APPPATH/Models/LabelInvoice.php on line 28.
 1 APPPATH/Models/InvoiceModel.php(87): App\Models\LabelInvoice->getSimple('8563')
 2 APPPATH/Controllers/Admin/Invoices.php(68): App\Models\InvoiceModel->getAll('cek-bayar', 0, '/home/dnzwygdo/public_html', 20, 0)
 3 SYSTEMPATH/CodeIgniter.php(898): App\Controllers\Admin\Invoices->lihat('semua')
 4 SYSTEMPATH/CodeIgniter.php(457): CodeIgniter\CodeIgniter->runController(Object(App\Controllers\Admin\Invoices))
 5 SYSTEMPATH/CodeIgniter.php(340): CodeIgniter\CodeIgniter->handleRequest(null, Object(Config\Cache), false)
 6 FCPATH/index.php(67): CodeIgniter\CodeIgniter->run()
CRITICAL - 2022-12-13 16:06:07 --> Return value of App\Models\LabelInvoice::getSimple() must be an object, null returned
in APPPATH/Models/LabelInvoice.php on line 28.
 1 APPPATH/Models/InvoiceModel.php(87): App\Models\LabelInvoice->getSimple('8563')
 2 APPPATH/Controllers/Admin/Invoices.php(68): App\Models\InvoiceModel->getAll('cek-bayar', 0, '/home/dnzwygdo/public_html', 20, 0)
 3 SYSTEMPATH/CodeIgniter.php(898): App\Controllers\Admin\Invoices->lihat()
 4 SYSTEMPATH/CodeIgniter.php(457): CodeIgniter\CodeIgniter->runController(Object(App\Controllers\Admin\Invoices))
 5 SYSTEMPATH/CodeIgniter.php(340): CodeIgniter\CodeIgniter->handleRequest(null, Object(Config\Cache), false)
 6 FCPATH/index.php(67): CodeIgniter\CodeIgniter->run()
CRITICAL - 2022-12-13 16:06:10 --> Return value of App\Models\LabelInvoice::getSimple() must be an object, null returned
in APPPATH/Models/LabelInvoice.php on line 28.
 1 APPPATH/Models/InvoiceModel.php(87): App\Models\LabelInvoice->getSimple('8563')
 2 APPPATH/Controllers/Admin/Invoices.php(68): App\Models\InvoiceModel->getAll('cek-bayar', 0, '/home/dnzwygdo/public_html', 20, 0)
 3 SYSTEMPATH/CodeIgniter.php(898): App\Controllers\Admin\Invoices->lihat()
 4 SYSTEMPATH/CodeIgniter.php(457): CodeIgniter\CodeIgniter->runController(Object(App\Controllers\Admin\Invoices))
 5 SYSTEMPATH/CodeIgniter.php(340): CodeIgniter\CodeIgniter->handleRequest(null, Object(Config\Cache), false)
 6 FCPATH/index.php(67): CodeIgniter\CodeIgniter->run()
CRITICAL - 2022-12-13 16:06:10 --> Return value of App\Models\LabelInvoice::getSimple() must be an object, null returned
in APPPATH/Models/LabelInvoice.php on line 28.
 1 APPPATH/Models/InvoiceModel.php(87): App\Models\LabelInvoice->getSimple('8563')
 2 APPPATH/Controllers/Admin/Invoices.php(68): App\Models\InvoiceModel->getAll('cek-bayar', 0, '/home/dnzwygdo/public_html', 20, 0)
 3 SYSTEMPATH/CodeIgniter.php(898): App\Controllers\Admin\Invoices->lihat()
 4 SYSTEMPATH/CodeIgniter.php(457): CodeIgniter\CodeIgniter->runController(Object(App\Controllers\Admin\Invoices))
 5 SYSTEMPATH/CodeIgniter.php(340): CodeIgniter\CodeIgniter->handleRequest(null, Object(Config\Cache), false)
 6 FCPATH/index.php(67): CodeIgniter\CodeIgniter->run()
CRITICAL - 2022-12-13 16:06:14 --> Return value of App\Models\LabelInvoice::getSimple() must be an object, null returned
in APPPATH/Models/LabelInvoice.php on line 28.
 1 APPPATH/Models/InvoiceModel.php(87): App\Models\LabelInvoice->getSimple(8563)
 2 APPPATH/Controllers/Admin/Invoices.php(68): App\Models\InvoiceModel->getAll('cek-bayar', 0, '/home/dnzwygdo/public_html', 20, 0)
 3 SYSTEMPATH/CodeIgniter.php(898): App\Controllers\Admin\Invoices->lihat('semua', 'cek-bayar')
 4 SYSTEMPATH/CodeIgniter.php(457): CodeIgniter\CodeIgniter->runController(Object(App\Controllers\Admin\Invoices))
 5 SYSTEMPATH/CodeIgniter.php(340): CodeIgniter\CodeIgniter->handleRequest(null, Object(Config\Cache), false)
 6 FCPATH/index.php(67): CodeIgniter\CodeIgniter->run()
CRITICAL - 2022-12-13 16:07:23 --> Return value of App\Models\LabelInvoice::getSimple() must be an object, null returned
in APPPATH/Models/LabelInvoice.php on line 28.
 1 APPPATH/Models/InvoiceModel.php(87): App\Models\LabelInvoice->getSimple(8563)
 2 APPPATH/Controllers/Admin/Invoices.php(68): App\Models\InvoiceModel->getAll('cek-bayar', 0, '/home/dnzwygdo/public_html', 20, 0)
 3 SYSTEMPATH/CodeIgniter.php(898): App\Controllers\Admin\Invoices->lihat('semua')
 4 SYSTEMPATH/CodeIgniter.php(457): CodeIgniter\CodeIgniter->runController(Object(App\Controllers\Admin\Invoices))
 5 SYSTEMPATH/CodeIgniter.php(340): CodeIgniter\CodeIgniter->handleRequest(null, Object(Config\Cache), false)
 6 FCPATH/index.php(67): CodeIgniter\CodeIgniter->run()
CRITICAL - 2022-12-13 16:08:21 --> Return value of App\Models\LabelInvoice::getSimple() must be an object, null returned
in APPPATH/Models/LabelInvoice.php on line 28.
 1 APPPATH/Models/InvoiceModel.php(87): App\Models\LabelInvoice->getSimple(8563)
 2 APPPATH/Controllers/Admin/Invoices.php(68): App\Models\InvoiceModel->getAll('cek-bayar', 3, '/home/dnzwygdo/public_html', 20, 0)
 3 SYSTEMPATH/CodeIgniter.php(898): App\Controllers\Admin\Invoices->lihat('51e3988da1e21f4dd41ac864c601c3c55e9b556e')
 4 SYSTEMPATH/CodeIgniter.php(457): CodeIgniter\CodeIgniter->runController(Object(App\Controllers\Admin\Invoices))
 5 SYSTEMPATH/CodeIgniter.php(340): CodeIgniter\CodeIgniter->handleRequest(null, Object(Config\Cache), false)
 6 FCPATH/index.php(67): CodeIgniter\CodeIgniter->run()
CRITICAL - 2022-12-13 16:08:25 --> Return value of App\Models\LabelInvoice::getSimple() must be an object, null returned
in APPPATH/Models/LabelInvoice.php on line 28.
 1 APPPATH/Models/InvoiceModel.php(87): App\Models\LabelInvoice->getSimple(8563)
 2 APPPATH/Controllers/Admin/Invoices.php(68): App\Models\InvoiceModel->getAll('cek-bayar', 0, '/home/dnzwygdo/public_html', 20, 0)
 3 SYSTEMPATH/CodeIgniter.php(898): App\Controllers\Admin\Invoices->lihat()
 4 SYSTEMPATH/CodeIgniter.php(457): CodeIgniter\CodeIgniter->runController(Object(App\Controllers\Admin\Invoices))
 5 SYSTEMPATH/CodeIgniter.php(340): CodeIgniter\CodeIgniter->handleRequest(null, Object(Config\Cache), false)
 6 FCPATH/index.php(67): CodeIgniter\CodeIgniter->run()
CRITICAL - 2022-12-13 16:08:46 --> Return value of App\Models\LabelInvoice::getSimple() must be an object, null returned
in APPPATH/Models/LabelInvoice.php on line 28.
 1 APPPATH/Models/InvoiceModel.php(87): App\Models\LabelInvoice->getSimple(8563)
 2 APPPATH/Controllers/Admin/Invoices.php(68): App\Models\InvoiceModel->getAll('cek-bayar', 3, '/home/dnzwygdo/public_html', 20, 0)
 3 SYSTEMPATH/CodeIgniter.php(898): App\Controllers\Admin\Invoices->lihat('51e3988da1e21f4dd41ac864c601c3c55e9b556e')
 4 SYSTEMPATH/CodeIgniter.php(457): CodeIgniter\CodeIgniter->runController(Object(App\Controllers\Admin\Invoices))
 5 SYSTEMPATH/CodeIgniter.php(340): CodeIgniter\CodeIgniter->handleRequest(null, Object(Config\Cache), false)
 6 FCPATH/index.php(67): CodeIgniter\CodeIgniter->run()
CRITICAL - 2022-12-13 16:08:57 --> Return value of App\Models\LabelInvoice::getSimple() must be an object, null returned
in APPPATH/Models/LabelInvoice.php on line 28.
 1 APPPATH/Models/InvoiceModel.php(87): App\Models\LabelInvoice->getSimple(8563)
 2 APPPATH/Controllers/Admin/Invoices.php(68): App\Models\InvoiceModel->getAll('cek-bayar', 0, '/home/dnzwygdo/public_html', 20, 0)
 3 SYSTEMPATH/CodeIgniter.php(898): App\Controllers\Admin\Invoices->lihat('semua')
 4 SYSTEMPATH/CodeIgniter.php(457): CodeIgniter\CodeIgniter->runController(Object(App\Controllers\Admin\Invoices))
 5 SYSTEMPATH/CodeIgniter.php(340): CodeIgniter\CodeIgniter->handleRequest(null, Object(Config\Cache), false)
 6 FCPATH/index.php(67): CodeIgniter\CodeIgniter->run()
CRITICAL - 2022-12-13 16:09:41 --> Return value of App\Models\LabelInvoice::getSimple() must be an object, null returned
in APPPATH/Models/LabelInvoice.php on line 28.
 1 APPPATH/Models/InvoiceModel.php(87): App\Models\LabelInvoice->getSimple(8563)
 2 APPPATH/Controllers/Admin/Invoices.php(68): App\Models\InvoiceModel->getAll('cek-bayar', 0, '/home/dnzwygdo/public_html', 20, 0)
 3 SYSTEMPATH/CodeIgniter.php(898): App\Controllers\Admin\Invoices->lihat('semua', 'cek-bayar')
 4 SYSTEMPATH/CodeIgniter.php(457): CodeIgniter\CodeIgniter->runController(Object(App\Controllers\Admin\Invoices))
 5 SYSTEMPATH/CodeIgniter.php(340): CodeIgniter\CodeIgniter->handleRequest(null, Object(Config\Cache), false)
 6 FCPATH/index.php(67): CodeIgniter\CodeIgniter->run()
CRITICAL - 2022-12-13 16:16:06 --> Argument 1 passed to label_asal() must be of the type int, null given, called in /home/dnzwygdo/djuragancom/app/Views/admin/invoice/lihat.php on line 216
in APPPATH/Helpers/fungsi_helper.php on line 74.
 1 APPPATH/Views/admin/invoice/lihat.php(216): label_asal(null, null)
 2 SYSTEMPATH/View/View.php(213): include('APPPATH/Views/admin/invoice/lihat.php')
 3 SYSTEMPATH/View/View.php(216): CodeIgniter\View\View->CodeIgniter\View\{closure}()
 4 SYSTEMPATH/Common.php(1137): CodeIgniter\View\View->render('admin/invoice/lihat', [], true)
 5 APPPATH/Controllers/Admin/Invoices.php(74): view('admin/invoice/lihat', [...])
 6 SYSTEMPATH/CodeIgniter.php(898): App\Controllers\Admin\Invoices->lihat('semua')
 7 SYSTEMPATH/CodeIgniter.php(457): CodeIgniter\CodeIgniter->runController(Object(App\Controllers\Admin\Invoices))
 8 SYSTEMPATH/CodeIgniter.php(340): CodeIgniter\CodeIgniter->handleRequest(null, Object(Config\Cache), false)
 9 FCPATH/index.php(67): CodeIgniter\CodeIgniter->run()
CRITICAL - 2022-12-13 16:17:20 --> Argument 1 passed to label_asal() must be of the type int, null given, called in /home/dnzwygdo/djuragancom/app/Views/admin/invoice/lihat.php on line 216
in APPPATH/Helpers/fungsi_helper.php on line 74.
 1 APPPATH/Views/admin/invoice/lihat.php(216): label_asal(null, null)
 2 SYSTEMPATH/View/View.php(213): include('APPPATH/Views/admin/invoice/lihat.php')
 3 SYSTEMPATH/View/View.php(216): CodeIgniter\View\View->CodeIgniter\View\{closure}()
 4 SYSTEMPATH/Common.php(1137): CodeIgniter\View\View->render('admin/invoice/lihat', [], true)
 5 APPPATH/Controllers/Admin/Invoices.php(74): view('admin/invoice/lihat', [...])
 6 SYSTEMPATH/CodeIgniter.php(898): App\Controllers\Admin\Invoices->lihat('semua')
 7 SYSTEMPATH/CodeIgniter.php(457): CodeIgniter\CodeIgniter->runController(Object(App\Controllers\Admin\Invoices))
 8 SYSTEMPATH/CodeIgniter.php(340): CodeIgniter\CodeIgniter->handleRequest(null, Object(Config\Cache), false)
 9 FCPATH/index.php(67): CodeIgniter\CodeIgniter->run()
CRITICAL - 2022-12-13 16:17:50 --> Return value of label_asal() must be of the type int or null, string returned
in APPPATH/Helpers/fungsi_helper.php on line 79.
 1 APPPATH/Views/admin/invoice/lihat.php(216): label_asal(6, 'DILAYANI CS INDAH')
 2 SYSTEMPATH/View/View.php(213): include('APPPATH/Views/admin/invoice/lihat.php')
 3 SYSTEMPATH/View/View.php(216): CodeIgniter\View\View->CodeIgniter\View\{closure}()
 4 SYSTEMPATH/Common.php(1137): CodeIgniter\View\View->render('admin/invoice/lihat', [], true)
 5 APPPATH/Controllers/Admin/Invoices.php(74): view('admin/invoice/lihat', [...])
 6 SYSTEMPATH/CodeIgniter.php(898): App\Controllers\Admin\Invoices->lihat('semua')
 7 SYSTEMPATH/CodeIgniter.php(457): CodeIgniter\CodeIgniter->runController(Object(App\Controllers\Admin\Invoices))
 8 SYSTEMPATH/CodeIgniter.php(340): CodeIgniter\CodeIgniter->handleRequest(null, Object(Config\Cache), false)
 9 FCPATH/index.php(67): CodeIgniter\CodeIgniter->run()
ERROR - 2022-12-13 16:50:10 --> mysqli_sql_exception: You have an error in your SQL syntax; check the manual that corresponds to your MySQL server version for the right syntax to use near ')
AND `order_invoice`.`deleted_at` IS NULL
ORDER BY `status_pesanan` ASC, `tangg' at line 3 in /home/dnzwygdo/djuragancom/vendor/codeigniter4/framework/system/Database/MySQLi/Connection.php:292
Stack trace:
#0 /home/dnzwygdo/djuragancom/vendor/codeigniter4/framework/system/Database/MySQLi/Connection.php(292): mysqli->query('SELECT *\nFROM `...', 0)
#1 /home/dnzwygdo/djuragancom/vendor/codeigniter4/framework/system/Database/BaseConnection.php(693): CodeIgniter\Database\MySQLi\Connection->execute('SELECT *\nFROM `...')
#2 /home/dnzwygdo/djuragancom/vendor/codeigniter4/framework/system/Database/BaseConnection.php(620): CodeIgniter\Database\BaseConnection->simpleQuery('SELECT *\nFROM `...')
#3 /home/dnzwygdo/djuragancom/vendor/codeigniter4/framework/system/Database/BaseBuilder.php(1585): CodeIgniter\Database\BaseConnection->query('SELECT *\nFROM `...', Array, false)
#4 /home/dnzwygdo/djuragancom/vendor/codeigniter4/framework/system/Model.php(222): CodeIgniter\Database\BaseBuilder->get()
#5 /home/dnzwygdo/djuragancom/vendor/codeigniter4/framework/system/BaseModel.php(584): CodeIgniter\Model->doFindAll(20, 0)
#6 /home/dnzwygdo/djuragancom/app/Models/InvoiceModel.php(74): CodeIgniter\BaseModel->findAll(20, 0)
#7 /home/dnzwygdo/djuragancom/app/Controllers/Admin/Invoices.php(66): App\Models\InvoiceModel->getAll('semua', 0, Array, 20, 0)
#8 /home/dnzwygdo/djuragancom/vendor/codeigniter4/framework/system/CodeIgniter.php(898): App\Controllers\Admin\Invoices->lihat('semua', 'semua')
#9 /home/dnzwygdo/djuragancom/vendor/codeigniter4/framework/system/CodeIgniter.php(457): CodeIgniter\CodeIgniter->runController(Object(App\Controllers\Admin\Invoices))
#10 /home/dnzwygdo/djuragancom/vendor/codeigniter4/framework/system/CodeIgniter.php(340): CodeIgniter\CodeIgniter->handleRequest(NULL, Object(Config\Cache), false)
#11 /home/dnzwygdo/public_html/index.php(67): CodeIgniter\CodeIgniter->run()
#12 {main}
CRITICAL - 2022-12-13 16:50:10 --> Call to a member function getResult() on bool
in SYSTEMPATH/Model.php on line 223.
 1 SYSTEMPATH/BaseModel.php(584): CodeIgniter\Model->doFindAll(20, 0)
 2 APPPATH/Models/InvoiceModel.php(74): CodeIgniter\BaseModel->findAll(20, 0)
 3 APPPATH/Controllers/Admin/Invoices.php(66): App\Models\InvoiceModel->getAll('semua', 0, [...], 20, 0)
 4 SYSTEMPATH/CodeIgniter.php(898): App\Controllers\Admin\Invoices->lihat('semua', 'semua')
 5 SYSTEMPATH/CodeIgniter.php(457): CodeIgniter\CodeIgniter->runController(Object(App\Controllers\Admin\Invoices))
 6 SYSTEMPATH/CodeIgniter.php(340): CodeIgniter\CodeIgniter->handleRequest(null, Object(Config\Cache), false)
 7 FCPATH/index.php(67): CodeIgniter\CodeIgniter->run()
ERROR - 2022-12-13 17:06:00 --> mysqli_sql_exception: You have an error in your SQL syntax; check the manual that corresponds to your MySQL server version for the right syntax to use near ')
AND `juragan_id` = 8
AND `order_invoice`.`deleted_at` IS NULL
ORDER BY `status' at line 3 in /home/dnzwygdo/djuragancom/vendor/codeigniter4/framework/system/Database/MySQLi/Connection.php:292
Stack trace:
#0 /home/dnzwygdo/djuragancom/vendor/codeigniter4/framework/system/Database/MySQLi/Connection.php(292): mysqli->query('SELECT *\nFROM `...', 0)
#1 /home/dnzwygdo/djuragancom/vendor/codeigniter4/framework/system/Database/BaseConnection.php(693): CodeIgniter\Database\MySQLi\Connection->execute('SELECT *\nFROM `...')
#2 /home/dnzwygdo/djuragancom/vendor/codeigniter4/framework/system/Database/BaseConnection.php(620): CodeIgniter\Database\BaseConnection->simpleQuery('SELECT *\nFROM `...')
#3 /home/dnzwygdo/djuragancom/vendor/codeigniter4/framework/system/Database/BaseBuilder.php(1585): CodeIgniter\Database\BaseConnection->query('SELECT *\nFROM `...', Array, false)
#4 /home/dnzwygdo/djuragancom/vendor/codeigniter4/framework/system/Model.php(222): CodeIgniter\Database\BaseBuilder->get()
#5 /home/dnzwygdo/djuragancom/vendor/codeigniter4/framework/system/BaseModel.php(584): CodeIgniter\Model->doFindAll(20, 0)
#6 /home/dnzwygdo/djuragancom/app/Models/InvoiceModel.php(74): CodeIgniter\BaseModel->findAll(20, 0)
#7 /home/dnzwygdo/djuragancom/app/Controllers/User/Invoices.php(156): App\Models\InvoiceModel->getAll('semua', 8, Array, 20, 0)
#8 /home/dnzwygdo/djuragancom/vendor/codeigniter4/framework/system/CodeIgniter.php(898): App\Controllers\User\Invoices->lihat('47a3da645f2aee1...', 'semua')
#9 /home/dnzwygdo/djuragancom/vendor/codeigniter4/framework/system/CodeIgniter.php(457): CodeIgniter\CodeIgniter->runController(Object(App\Controllers\User\Invoices))
#10 /home/dnzwygdo/djuragancom/vendor/codeigniter4/framework/system/CodeIgniter.php(340): CodeIgniter\CodeIgniter->handleRequest(NULL, Object(Config\Cache), false)
#11 /home/dnzwygdo/public_html/index.php(67): CodeIgniter\CodeIgniter->run()
#12 {main}
CRITICAL - 2022-12-13 17:06:00 --> Call to a member function getResult() on bool
in SYSTEMPATH/Model.php on line 223.
 1 SYSTEMPATH/BaseModel.php(584): CodeIgniter\Model->doFindAll(20, 0)
 2 APPPATH/Models/InvoiceModel.php(74): CodeIgniter\BaseModel->findAll(20, 0)
 3 APPPATH/Controllers/User/Invoices.php(156): App\Models\InvoiceModel->getAll('semua', 8, [...], 20, 0)
 4 SYSTEMPATH/CodeIgniter.php(898): App\Controllers\User\Invoices->lihat('47a3da645f2aee15ef6683e5eae4f8716e6597f5', 'semua')
 5 SYSTEMPATH/CodeIgniter.php(457): CodeIgniter\CodeIgniter->runController(Object(App\Controllers\User\Invoices))
 6 SYSTEMPATH/CodeIgniter.php(340): CodeIgniter\CodeIgniter->handleRequest(null, Object(Config\Cache), false)
 7 FCPATH/index.php(67): CodeIgniter\CodeIgniter->run()
