ERROR - 2024-01-01 09:56:40 --> mysqli_sql_exception: You have an error in your SQL syntax; check the manual that corresponds to your MySQL server version for the right syntax to use near ')
AND `order_invoice`.`deleted_at` IS NULL
ORDER BY `status_pesanan` ASC, `tangg' at line 3 in /home/dnzwygdo/djuragancom/vendor/codeigniter4/framework/system/Database/MySQLi/Connection.php:292
Stack trace:
#0 /home/dnzwygdo/djuragancom/vendor/codeigniter4/framework/system/Database/MySQLi/Connection.php(292): mysqli->query()
#1 /home/dnzwygdo/djuragancom/vendor/codeigniter4/framework/system/Database/BaseConnection.php(693): CodeIgniter\Database\MySQLi\Connection->execute()
#2 /home/dnzwygdo/djuragancom/vendor/codeigniter4/framework/system/Database/BaseConnection.php(620): CodeIgniter\Database\BaseConnection->simpleQuery()
#3 /home/dnzwygdo/djuragancom/vendor/codeigniter4/framework/system/Database/BaseBuilder.php(1585): CodeIgniter\Database\BaseConnection->query()
#4 /home/dnzwygdo/djuragancom/vendor/codeigniter4/framework/system/Model.php(222): CodeIgniter\Database\BaseBuilder->get()
#5 /home/dnzwygdo/djuragancom/vendor/codeigniter4/framework/system/BaseModel.php(584): CodeIgniter\Model->doFindAll()
#6 /home/dnzwygdo/djuragancom/app/Models/InvoiceModel.php(74): CodeIgniter\BaseModel->findAll()
#7 /home/dnzwygdo/djuragancom/app/Controllers/Admin/Invoices.php(66): App\Models\InvoiceModel->getAll()
#8 /home/dnzwygdo/djuragancom/vendor/codeigniter4/framework/system/CodeIgniter.php(898): App\Controllers\Admin\Invoices->lihat()
#9 /home/dnzwygdo/djuragancom/vendor/codeigniter4/framework/system/CodeIgniter.php(457): CodeIgniter\CodeIgniter->runController()
#10 /home/dnzwygdo/djuragancom/vendor/codeigniter4/framework/system/CodeIgniter.php(340): CodeIgniter\CodeIgniter->handleRequest()
#11 /home/dnzwygdo/public_html/index.php(67): CodeIgniter\CodeIgniter->run()
#12 {main}
CRITICAL - 2024-01-01 09:56:40 --> Call to a member function getResult() on bool
in SYSTEMPATH/Model.php on line 223.
 1 SYSTEMPATH/BaseModel.php(584): CodeIgniter\Model->doFindAll()
 2 APPPATH/Models/InvoiceModel.php(74): CodeIgniter\BaseModel->findAll()
 3 APPPATH/Controllers/Admin/Invoices.php(66): App\Models\InvoiceModel->getAll()
 4 SYSTEMPATH/CodeIgniter.php(898): App\Controllers\Admin\Invoices->lihat()
 5 SYSTEMPATH/CodeIgniter.php(457): CodeIgniter\CodeIgniter->runController()
 6 SYSTEMPATH/CodeIgniter.php(340): CodeIgniter\CodeIgniter->handleRequest()
 7 FCPATH/index.php(67): CodeIgniter\CodeIgniter->run()
ERROR - 2024-01-01 09:56:49 --> mysqli_sql_exception: You have an error in your SQL syntax; check the manual that corresponds to your MySQL server version for the right syntax to use near ')
AND `order_invoice`.`deleted_at` IS NULL
ORDER BY `status_pesanan` ASC, `tangg' at line 3 in /home/dnzwygdo/djuragancom/vendor/codeigniter4/framework/system/Database/MySQLi/Connection.php:292
Stack trace:
#0 /home/dnzwygdo/djuragancom/vendor/codeigniter4/framework/system/Database/MySQLi/Connection.php(292): mysqli->query()
#1 /home/dnzwygdo/djuragancom/vendor/codeigniter4/framework/system/Database/BaseConnection.php(693): CodeIgniter\Database\MySQLi\Connection->execute()
#2 /home/dnzwygdo/djuragancom/vendor/codeigniter4/framework/system/Database/BaseConnection.php(620): CodeIgniter\Database\BaseConnection->simpleQuery()
#3 /home/dnzwygdo/djuragancom/vendor/codeigniter4/framework/system/Database/BaseBuilder.php(1585): CodeIgniter\Database\BaseConnection->query()
#4 /home/dnzwygdo/djuragancom/vendor/codeigniter4/framework/system/Model.php(222): CodeIgniter\Database\BaseBuilder->get()
#5 /home/dnzwygdo/djuragancom/vendor/codeigniter4/framework/system/BaseModel.php(584): CodeIgniter\Model->doFindAll()
#6 /home/dnzwygdo/djuragancom/app/Models/InvoiceModel.php(74): CodeIgniter\BaseModel->findAll()
#7 /home/dnzwygdo/djuragancom/app/Controllers/Admin/Invoices.php(66): App\Models\InvoiceModel->getAll()
#8 /home/dnzwygdo/djuragancom/vendor/codeigniter4/framework/system/CodeIgniter.php(898): App\Controllers\Admin\Invoices->lihat()
#9 /home/dnzwygdo/djuragancom/vendor/codeigniter4/framework/system/CodeIgniter.php(457): CodeIgniter\CodeIgniter->runController()
#10 /home/dnzwygdo/djuragancom/vendor/codeigniter4/framework/system/CodeIgniter.php(340): CodeIgniter\CodeIgniter->handleRequest()
#11 /home/dnzwygdo/public_html/index.php(67): CodeIgniter\CodeIgniter->run()
#12 {main}
CRITICAL - 2024-01-01 09:56:49 --> Call to a member function getResult() on bool
in SYSTEMPATH/Model.php on line 223.
 1 SYSTEMPATH/BaseModel.php(584): CodeIgniter\Model->doFindAll()
 2 APPPATH/Models/InvoiceModel.php(74): CodeIgniter\BaseModel->findAll()
 3 APPPATH/Controllers/Admin/Invoices.php(66): App\Models\InvoiceModel->getAll()
 4 SYSTEMPATH/CodeIgniter.php(898): App\Controllers\Admin\Invoices->lihat()
 5 SYSTEMPATH/CodeIgniter.php(457): CodeIgniter\CodeIgniter->runController()
 6 SYSTEMPATH/CodeIgniter.php(340): CodeIgniter\CodeIgniter->handleRequest()
 7 FCPATH/index.php(67): CodeIgniter\CodeIgniter->run()
ERROR - 2024-01-01 10:11:23 --> mysqli_sql_exception: You have an error in your SQL syntax; check the manual that corresponds to your MySQL server version for the right syntax to use near ')
AND `order_invoice`.`deleted_at` IS NULL
ORDER BY `status_pesanan` ASC, `tangg' at line 3 in /home/dnzwygdo/djuragancom/vendor/codeigniter4/framework/system/Database/MySQLi/Connection.php:292
Stack trace:
#0 /home/dnzwygdo/djuragancom/vendor/codeigniter4/framework/system/Database/MySQLi/Connection.php(292): mysqli->query()
#1 /home/dnzwygdo/djuragancom/vendor/codeigniter4/framework/system/Database/BaseConnection.php(693): CodeIgniter\Database\MySQLi\Connection->execute()
#2 /home/dnzwygdo/djuragancom/vendor/codeigniter4/framework/system/Database/BaseConnection.php(620): CodeIgniter\Database\BaseConnection->simpleQuery()
#3 /home/dnzwygdo/djuragancom/vendor/codeigniter4/framework/system/Database/BaseBuilder.php(1585): CodeIgniter\Database\BaseConnection->query()
#4 /home/dnzwygdo/djuragancom/vendor/codeigniter4/framework/system/Model.php(222): CodeIgniter\Database\BaseBuilder->get()
#5 /home/dnzwygdo/djuragancom/vendor/codeigniter4/framework/system/BaseModel.php(584): CodeIgniter\Model->doFindAll()
#6 /home/dnzwygdo/djuragancom/app/Models/InvoiceModel.php(74): CodeIgniter\BaseModel->findAll()
#7 /home/dnzwygdo/djuragancom/app/Controllers/Admin/Invoices.php(66): App\Models\InvoiceModel->getAll()
#8 /home/dnzwygdo/djuragancom/vendor/codeigniter4/framework/system/CodeIgniter.php(898): App\Controllers\Admin\Invoices->lihat()
#9 /home/dnzwygdo/djuragancom/vendor/codeigniter4/framework/system/CodeIgniter.php(457): CodeIgniter\CodeIgniter->runController()
#10 /home/dnzwygdo/djuragancom/vendor/codeigniter4/framework/system/CodeIgniter.php(340): CodeIgniter\CodeIgniter->handleRequest()
#11 /home/dnzwygdo/public_html/index.php(67): CodeIgniter\CodeIgniter->run()
#12 {main}
CRITICAL - 2024-01-01 10:11:23 --> Call to a member function getResult() on bool
in SYSTEMPATH/Model.php on line 223.
 1 SYSTEMPATH/BaseModel.php(584): CodeIgniter\Model->doFindAll()
 2 APPPATH/Models/InvoiceModel.php(74): CodeIgniter\BaseModel->findAll()
 3 APPPATH/Controllers/Admin/Invoices.php(66): App\Models\InvoiceModel->getAll()
 4 SYSTEMPATH/CodeIgniter.php(898): App\Controllers\Admin\Invoices->lihat()
 5 SYSTEMPATH/CodeIgniter.php(457): CodeIgniter\CodeIgniter->runController()
 6 SYSTEMPATH/CodeIgniter.php(340): CodeIgniter\CodeIgniter->handleRequest()
 7 FCPATH/index.php(67): CodeIgniter\CodeIgniter->run()
ERROR - 2024-01-01 10:11:23 --> mysqli_sql_exception: You have an error in your SQL syntax; check the manual that corresponds to your MySQL server version for the right syntax to use near ')
AND `order_invoice`.`deleted_at` IS NULL
ORDER BY `status_pesanan` ASC, `tangg' at line 3 in /home/dnzwygdo/djuragancom/vendor/codeigniter4/framework/system/Database/MySQLi/Connection.php:292
Stack trace:
#0 /home/dnzwygdo/djuragancom/vendor/codeigniter4/framework/system/Database/MySQLi/Connection.php(292): mysqli->query()
#1 /home/dnzwygdo/djuragancom/vendor/codeigniter4/framework/system/Database/BaseConnection.php(693): CodeIgniter\Database\MySQLi\Connection->execute()
#2 /home/dnzwygdo/djuragancom/vendor/codeigniter4/framework/system/Database/BaseConnection.php(620): CodeIgniter\Database\BaseConnection->simpleQuery()
#3 /home/dnzwygdo/djuragancom/vendor/codeigniter4/framework/system/Database/BaseBuilder.php(1585): CodeIgniter\Database\BaseConnection->query()
#4 /home/dnzwygdo/djuragancom/vendor/codeigniter4/framework/system/Model.php(222): CodeIgniter\Database\BaseBuilder->get()
#5 /home/dnzwygdo/djuragancom/vendor/codeigniter4/framework/system/BaseModel.php(584): CodeIgniter\Model->doFindAll()
#6 /home/dnzwygdo/djuragancom/app/Models/InvoiceModel.php(74): CodeIgniter\BaseModel->findAll()
#7 /home/dnzwygdo/djuragancom/app/Controllers/Admin/Invoices.php(66): App\Models\InvoiceModel->getAll()
#8 /home/dnzwygdo/djuragancom/vendor/codeigniter4/framework/system/CodeIgniter.php(898): App\Controllers\Admin\Invoices->lihat()
#9 /home/dnzwygdo/djuragancom/vendor/codeigniter4/framework/system/CodeIgniter.php(457): CodeIgniter\CodeIgniter->runController()
#10 /home/dnzwygdo/djuragancom/vendor/codeigniter4/framework/system/CodeIgniter.php(340): CodeIgniter\CodeIgniter->handleRequest()
#11 /home/dnzwygdo/public_html/index.php(67): CodeIgniter\CodeIgniter->run()
#12 {main}
CRITICAL - 2024-01-01 10:11:23 --> Call to a member function getResult() on bool
in SYSTEMPATH/Model.php on line 223.
 1 SYSTEMPATH/BaseModel.php(584): CodeIgniter\Model->doFindAll()
 2 APPPATH/Models/InvoiceModel.php(74): CodeIgniter\BaseModel->findAll()
 3 APPPATH/Controllers/Admin/Invoices.php(66): App\Models\InvoiceModel->getAll()
 4 SYSTEMPATH/CodeIgniter.php(898): App\Controllers\Admin\Invoices->lihat()
 5 SYSTEMPATH/CodeIgniter.php(457): CodeIgniter\CodeIgniter->runController()
 6 SYSTEMPATH/CodeIgniter.php(340): CodeIgniter\CodeIgniter->handleRequest()
 7 FCPATH/index.php(67): CodeIgniter\CodeIgniter->run()
ERROR - 2024-01-01 10:11:28 --> mysqli_sql_exception: You have an error in your SQL syntax; check the manual that corresponds to your MySQL server version for the right syntax to use near ')
AND `order_invoice`.`deleted_at` IS NULL
ORDER BY `status_pesanan` ASC, `tangg' at line 3 in /home/dnzwygdo/djuragancom/vendor/codeigniter4/framework/system/Database/MySQLi/Connection.php:292
Stack trace:
#0 /home/dnzwygdo/djuragancom/vendor/codeigniter4/framework/system/Database/MySQLi/Connection.php(292): mysqli->query()
#1 /home/dnzwygdo/djuragancom/vendor/codeigniter4/framework/system/Database/BaseConnection.php(693): CodeIgniter\Database\MySQLi\Connection->execute()
#2 /home/dnzwygdo/djuragancom/vendor/codeigniter4/framework/system/Database/BaseConnection.php(620): CodeIgniter\Database\BaseConnection->simpleQuery()
#3 /home/dnzwygdo/djuragancom/vendor/codeigniter4/framework/system/Database/BaseBuilder.php(1585): CodeIgniter\Database\BaseConnection->query()
#4 /home/dnzwygdo/djuragancom/vendor/codeigniter4/framework/system/Model.php(222): CodeIgniter\Database\BaseBuilder->get()
#5 /home/dnzwygdo/djuragancom/vendor/codeigniter4/framework/system/BaseModel.php(584): CodeIgniter\Model->doFindAll()
#6 /home/dnzwygdo/djuragancom/app/Models/InvoiceModel.php(74): CodeIgniter\BaseModel->findAll()
#7 /home/dnzwygdo/djuragancom/app/Controllers/Admin/Invoices.php(66): App\Models\InvoiceModel->getAll()
#8 /home/dnzwygdo/djuragancom/vendor/codeigniter4/framework/system/CodeIgniter.php(898): App\Controllers\Admin\Invoices->lihat()
#9 /home/dnzwygdo/djuragancom/vendor/codeigniter4/framework/system/CodeIgniter.php(457): CodeIgniter\CodeIgniter->runController()
#10 /home/dnzwygdo/djuragancom/vendor/codeigniter4/framework/system/CodeIgniter.php(340): CodeIgniter\CodeIgniter->handleRequest()
#11 /home/dnzwygdo/public_html/index.php(67): CodeIgniter\CodeIgniter->run()
#12 {main}
CRITICAL - 2024-01-01 10:11:28 --> Call to a member function getResult() on bool
in SYSTEMPATH/Model.php on line 223.
 1 SYSTEMPATH/BaseModel.php(584): CodeIgniter\Model->doFindAll()
 2 APPPATH/Models/InvoiceModel.php(74): CodeIgniter\BaseModel->findAll()
 3 APPPATH/Controllers/Admin/Invoices.php(66): App\Models\InvoiceModel->getAll()
 4 SYSTEMPATH/CodeIgniter.php(898): App\Controllers\Admin\Invoices->lihat()
 5 SYSTEMPATH/CodeIgniter.php(457): CodeIgniter\CodeIgniter->runController()
 6 SYSTEMPATH/CodeIgniter.php(340): CodeIgniter\CodeIgniter->handleRequest()
 7 FCPATH/index.php(67): CodeIgniter\CodeIgniter->run()
ERROR - 2024-01-01 10:11:35 --> mysqli_sql_exception: You have an error in your SQL syntax; check the manual that corresponds to your MySQL server version for the right syntax to use near ')
AND `order_invoice`.`deleted_at` IS NULL
ORDER BY `status_pesanan` ASC, `tangg' at line 3 in /home/dnzwygdo/djuragancom/vendor/codeigniter4/framework/system/Database/MySQLi/Connection.php:292
Stack trace:
#0 /home/dnzwygdo/djuragancom/vendor/codeigniter4/framework/system/Database/MySQLi/Connection.php(292): mysqli->query()
#1 /home/dnzwygdo/djuragancom/vendor/codeigniter4/framework/system/Database/BaseConnection.php(693): CodeIgniter\Database\MySQLi\Connection->execute()
#2 /home/dnzwygdo/djuragancom/vendor/codeigniter4/framework/system/Database/BaseConnection.php(620): CodeIgniter\Database\BaseConnection->simpleQuery()
#3 /home/dnzwygdo/djuragancom/vendor/codeigniter4/framework/system/Database/BaseBuilder.php(1585): CodeIgniter\Database\BaseConnection->query()
#4 /home/dnzwygdo/djuragancom/vendor/codeigniter4/framework/system/Model.php(222): CodeIgniter\Database\BaseBuilder->get()
#5 /home/dnzwygdo/djuragancom/vendor/codeigniter4/framework/system/BaseModel.php(584): CodeIgniter\Model->doFindAll()
#6 /home/dnzwygdo/djuragancom/app/Models/InvoiceModel.php(74): CodeIgniter\BaseModel->findAll()
#7 /home/dnzwygdo/djuragancom/app/Controllers/Admin/Invoices.php(66): App\Models\InvoiceModel->getAll()
#8 /home/dnzwygdo/djuragancom/vendor/codeigniter4/framework/system/CodeIgniter.php(898): App\Controllers\Admin\Invoices->lihat()
#9 /home/dnzwygdo/djuragancom/vendor/codeigniter4/framework/system/CodeIgniter.php(457): CodeIgniter\CodeIgniter->runController()
#10 /home/dnzwygdo/djuragancom/vendor/codeigniter4/framework/system/CodeIgniter.php(340): CodeIgniter\CodeIgniter->handleRequest()
#11 /home/dnzwygdo/public_html/index.php(67): CodeIgniter\CodeIgniter->run()
#12 {main}
CRITICAL - 2024-01-01 10:11:35 --> Call to a member function getResult() on bool
in SYSTEMPATH/Model.php on line 223.
 1 SYSTEMPATH/BaseModel.php(584): CodeIgniter\Model->doFindAll()
 2 APPPATH/Models/InvoiceModel.php(74): CodeIgniter\BaseModel->findAll()
 3 APPPATH/Controllers/Admin/Invoices.php(66): App\Models\InvoiceModel->getAll()
 4 SYSTEMPATH/CodeIgniter.php(898): App\Controllers\Admin\Invoices->lihat()
 5 SYSTEMPATH/CodeIgniter.php(457): CodeIgniter\CodeIgniter->runController()
 6 SYSTEMPATH/CodeIgniter.php(340): CodeIgniter\CodeIgniter->handleRequest()
 7 FCPATH/index.php(67): CodeIgniter\CodeIgniter->run()
ERROR - 2024-01-01 13:38:21 --> Error connecting to the database: mysqli_sql_exception: Too many connections in /home/dnzwygdo/djuragancom/vendor/codeigniter4/framework/system/Database/MySQLi/Connection.php:171
Stack trace:
#0 /home/dnzwygdo/djuragancom/vendor/codeigniter4/framework/system/Database/MySQLi/Connection.php(171): mysqli->real_connect()
#1 /home/dnzwygdo/djuragancom/vendor/codeigniter4/framework/system/Database/BaseConnection.php(382): CodeIgniter\Database\MySQLi\Connection->connect()
#2 /home/dnzwygdo/djuragancom/vendor/codeigniter4/framework/system/Database/BaseConnection.php(588): CodeIgniter\Database\BaseConnection->initialize()
#3 /home/dnzwygdo/djuragancom/vendor/codeigniter4/framework/system/Database/BaseBuilder.php(1669): CodeIgniter\Database\BaseConnection->query()
#4 /home/dnzwygdo/djuragancom/app/Controllers/Api/Notifikasi.php(37): CodeIgniter\Database\BaseBuilder->countAllResults()
#5 /home/dnzwygdo/djuragancom/vendor/codeigniter4/framework/system/CodeIgniter.php(898): App\Controllers\Api\Notifikasi->get()
#6 /home/dnzwygdo/djuragancom/vendor/codeigniter4/framework/system/CodeIgniter.php(457): CodeIgniter\CodeIgniter->runController()
#7 /home/dnzwygdo/djuragancom/vendor/codeigniter4/framework/system/CodeIgniter.php(340): CodeIgniter\CodeIgniter->handleRequest()
#8 /home/dnzwygdo/public_html/index.php(67): CodeIgniter\CodeIgniter->run()
#9 {main}

Next CodeIgniter\Database\Exceptions\DatabaseException: Too many connections in /home/dnzwygdo/djuragancom/vendor/codeigniter4/framework/system/Database/MySQLi/Connection.php:215
Stack trace:
#0 /home/dnzwygdo/djuragancom/vendor/codeigniter4/framework/system/Database/BaseConnection.php(382): CodeIgniter\Database\MySQLi\Connection->connect()
#1 /home/dnzwygdo/djuragancom/vendor/codeigniter4/framework/system/Database/BaseConnection.php(588): CodeIgniter\Database\BaseConnection->initialize()
#2 /home/dnzwygdo/djuragancom/vendor/codeigniter4/framework/system/Database/BaseBuilder.php(1669): CodeIgniter\Database\BaseConnection->query()
#3 /home/dnzwygdo/djuragancom/app/Controllers/Api/Notifikasi.php(37): CodeIgniter\Database\BaseBuilder->countAllResults()
#4 /home/dnzwygdo/djuragancom/vendor/codeigniter4/framework/system/CodeIgniter.php(898): App\Controllers\Api\Notifikasi->get()
#5 /home/dnzwygdo/djuragancom/vendor/codeigniter4/framework/system/CodeIgniter.php(457): CodeIgniter\CodeIgniter->runController()
#6 /home/dnzwygdo/djuragancom/vendor/codeigniter4/framework/system/CodeIgniter.php(340): CodeIgniter\CodeIgniter->handleRequest()
#7 /home/dnzwygdo/public_html/index.php(67): CodeIgniter\CodeIgniter->run()
#8 {main}
CRITICAL - 2024-01-01 13:38:21 --> Unable to connect to the database.
Main connection [MySQLi]: Too many connections
in SYSTEMPATH/Database/BaseConnection.php on line 418.
 1 SYSTEMPATH/Database/BaseConnection.php(588): CodeIgniter\Database\BaseConnection->initialize()
 2 SYSTEMPATH/Database/BaseBuilder.php(1669): CodeIgniter\Database\BaseConnection->query()
 3 APPPATH/Controllers/Api/Notifikasi.php(37): CodeIgniter\Database\BaseBuilder->countAllResults()
 4 SYSTEMPATH/CodeIgniter.php(898): App\Controllers\Api\Notifikasi->get()
 5 SYSTEMPATH/CodeIgniter.php(457): CodeIgniter\CodeIgniter->runController()
 6 SYSTEMPATH/CodeIgniter.php(340): CodeIgniter\CodeIgniter->handleRequest()
 7 FCPATH/index.php(67): CodeIgniter\CodeIgniter->run()
ERROR - 2024-01-01 13:38:30 --> Error connecting to the database: mysqli_sql_exception: Too many connections in /home/dnzwygdo/djuragancom/vendor/codeigniter4/framework/system/Database/MySQLi/Connection.php:171
Stack trace:
#0 /home/dnzwygdo/djuragancom/vendor/codeigniter4/framework/system/Database/MySQLi/Connection.php(171): mysqli->real_connect()
#1 /home/dnzwygdo/djuragancom/vendor/codeigniter4/framework/system/Database/BaseConnection.php(382): CodeIgniter\Database\MySQLi\Connection->connect()
#2 /home/dnzwygdo/djuragancom/vendor/codeigniter4/framework/system/Database/BaseConnection.php(588): CodeIgniter\Database\BaseConnection->initialize()
#3 /home/dnzwygdo/djuragancom/vendor/codeigniter4/framework/system/Database/BaseBuilder.php(1585): CodeIgniter\Database\BaseConnection->query()
#4 /home/dnzwygdo/djuragancom/app/Models/InvoiceModel.php(327): CodeIgniter\Database\BaseBuilder->get()
#5 /home/dnzwygdo/djuragancom/app/Controllers/Admin/Invoices.php(601): App\Models\InvoiceModel->status()
#6 /home/dnzwygdo/djuragancom/vendor/codeigniter4/framework/system/CodeIgniter.php(898): App\Controllers\Admin\Invoices->detail_status()
#7 /home/dnzwygdo/djuragancom/vendor/codeigniter4/framework/system/CodeIgniter.php(457): CodeIgniter\CodeIgniter->runController()
#8 /home/dnzwygdo/djuragancom/vendor/codeigniter4/framework/system/CodeIgniter.php(340): CodeIgniter\CodeIgniter->handleRequest()
#9 /home/dnzwygdo/public_html/index.php(67): CodeIgniter\CodeIgniter->run()
#10 {main}

Next CodeIgniter\Database\Exceptions\DatabaseException: Too many connections in /home/dnzwygdo/djuragancom/vendor/codeigniter4/framework/system/Database/MySQLi/Connection.php:215
Stack trace:
#0 /home/dnzwygdo/djuragancom/vendor/codeigniter4/framework/system/Database/BaseConnection.php(382): CodeIgniter\Database\MySQLi\Connection->connect()
#1 /home/dnzwygdo/djuragancom/vendor/codeigniter4/framework/system/Database/BaseConnection.php(588): CodeIgniter\Database\BaseConnection->initialize()
#2 /home/dnzwygdo/djuragancom/vendor/codeigniter4/framework/system/Database/BaseBuilder.php(1585): CodeIgniter\Database\BaseConnection->query()
#3 /home/dnzwygdo/djuragancom/app/Models/InvoiceModel.php(327): CodeIgniter\Database\BaseBuilder->get()
#4 /home/dnzwygdo/djuragancom/app/Controllers/Admin/Invoices.php(601): App\Models\InvoiceModel->status()
#5 /home/dnzwygdo/djuragancom/vendor/codeigniter4/framework/system/CodeIgniter.php(898): App\Controllers\Admin\Invoices->detail_status()
#6 /home/dnzwygdo/djuragancom/vendor/codeigniter4/framework/system/CodeIgniter.php(457): CodeIgniter\CodeIgniter->runController()
#7 /home/dnzwygdo/djuragancom/vendor/codeigniter4/framework/system/CodeIgniter.php(340): CodeIgniter\CodeIgniter->handleRequest()
#8 /home/dnzwygdo/public_html/index.php(67): CodeIgniter\CodeIgniter->run()
#9 {main}
CRITICAL - 2024-01-01 13:38:30 --> Unable to connect to the database.
Main connection [MySQLi]: Too many connections
in SYSTEMPATH/Database/BaseConnection.php on line 418.
 1 SYSTEMPATH/Database/BaseConnection.php(588): CodeIgniter\Database\BaseConnection->initialize()
 2 SYSTEMPATH/Database/BaseBuilder.php(1585): CodeIgniter\Database\BaseConnection->query()
 3 APPPATH/Models/InvoiceModel.php(327): CodeIgniter\Database\BaseBuilder->get()
 4 APPPATH/Controllers/Admin/Invoices.php(601): App\Models\InvoiceModel->status()
 5 SYSTEMPATH/CodeIgniter.php(898): App\Controllers\Admin\Invoices->detail_status()
 6 SYSTEMPATH/CodeIgniter.php(457): CodeIgniter\CodeIgniter->runController()
 7 SYSTEMPATH/CodeIgniter.php(340): CodeIgniter\CodeIgniter->handleRequest()
 8 FCPATH/index.php(67): CodeIgniter\CodeIgniter->run()
ERROR - 2024-01-01 13:39:40 --> Error connecting to the database: mysqli_sql_exception: Too many connections in /home/dnzwygdo/djuragancom/vendor/codeigniter4/framework/system/Database/MySQLi/Connection.php:171
Stack trace:
#0 /home/dnzwygdo/djuragancom/vendor/codeigniter4/framework/system/Database/MySQLi/Connection.php(171): mysqli->real_connect()
#1 /home/dnzwygdo/djuragancom/vendor/codeigniter4/framework/system/Database/BaseConnection.php(382): CodeIgniter\Database\MySQLi\Connection->connect()
#2 /home/dnzwygdo/djuragancom/vendor/codeigniter4/framework/system/Database/BaseConnection.php(588): CodeIgniter\Database\BaseConnection->initialize()
#3 /home/dnzwygdo/djuragancom/vendor/codeigniter4/framework/system/Database/BaseBuilder.php(1669): CodeIgniter\Database\BaseConnection->query()
#4 /home/dnzwygdo/djuragancom/app/Controllers/Api/Notifikasi.php(37): CodeIgniter\Database\BaseBuilder->countAllResults()
#5 /home/dnzwygdo/djuragancom/vendor/codeigniter4/framework/system/CodeIgniter.php(898): App\Controllers\Api\Notifikasi->get()
#6 /home/dnzwygdo/djuragancom/vendor/codeigniter4/framework/system/CodeIgniter.php(457): CodeIgniter\CodeIgniter->runController()
#7 /home/dnzwygdo/djuragancom/vendor/codeigniter4/framework/system/CodeIgniter.php(340): CodeIgniter\CodeIgniter->handleRequest()
#8 /home/dnzwygdo/public_html/index.php(67): CodeIgniter\CodeIgniter->run()
#9 {main}

Next CodeIgniter\Database\Exceptions\DatabaseException: Too many connections in /home/dnzwygdo/djuragancom/vendor/codeigniter4/framework/system/Database/MySQLi/Connection.php:215
Stack trace:
#0 /home/dnzwygdo/djuragancom/vendor/codeigniter4/framework/system/Database/BaseConnection.php(382): CodeIgniter\Database\MySQLi\Connection->connect()
#1 /home/dnzwygdo/djuragancom/vendor/codeigniter4/framework/system/Database/BaseConnection.php(588): CodeIgniter\Database\BaseConnection->initialize()
#2 /home/dnzwygdo/djuragancom/vendor/codeigniter4/framework/system/Database/BaseBuilder.php(1669): CodeIgniter\Database\BaseConnection->query()
#3 /home/dnzwygdo/djuragancom/app/Controllers/Api/Notifikasi.php(37): CodeIgniter\Database\BaseBuilder->countAllResults()
#4 /home/dnzwygdo/djuragancom/vendor/codeigniter4/framework/system/CodeIgniter.php(898): App\Controllers\Api\Notifikasi->get()
#5 /home/dnzwygdo/djuragancom/vendor/codeigniter4/framework/system/CodeIgniter.php(457): CodeIgniter\CodeIgniter->runController()
#6 /home/dnzwygdo/djuragancom/vendor/codeigniter4/framework/system/CodeIgniter.php(340): CodeIgniter\CodeIgniter->handleRequest()
#7 /home/dnzwygdo/public_html/index.php(67): CodeIgniter\CodeIgniter->run()
#8 {main}
CRITICAL - 2024-01-01 13:39:40 --> Unable to connect to the database.
Main connection [MySQLi]: Too many connections
in SYSTEMPATH/Database/BaseConnection.php on line 418.
 1 SYSTEMPATH/Database/BaseConnection.php(588): CodeIgniter\Database\BaseConnection->initialize()
 2 SYSTEMPATH/Database/BaseBuilder.php(1669): CodeIgniter\Database\BaseConnection->query()
 3 APPPATH/Controllers/Api/Notifikasi.php(37): CodeIgniter\Database\BaseBuilder->countAllResults()
 4 SYSTEMPATH/CodeIgniter.php(898): App\Controllers\Api\Notifikasi->get()
 5 SYSTEMPATH/CodeIgniter.php(457): CodeIgniter\CodeIgniter->runController()
 6 SYSTEMPATH/CodeIgniter.php(340): CodeIgniter\CodeIgniter->handleRequest()
 7 FCPATH/index.php(67): CodeIgniter\CodeIgniter->run()
ERROR - 2024-01-01 13:39:45 --> Error connecting to the database: mysqli_sql_exception: Too many connections in /home/dnzwygdo/djuragancom/vendor/codeigniter4/framework/system/Database/MySQLi/Connection.php:171
Stack trace:
#0 /home/dnzwygdo/djuragancom/vendor/codeigniter4/framework/system/Database/MySQLi/Connection.php(171): mysqli->real_connect()
#1 /home/dnzwygdo/djuragancom/vendor/codeigniter4/framework/system/Database/BaseConnection.php(382): CodeIgniter\Database\MySQLi\Connection->connect()
#2 /home/dnzwygdo/djuragancom/vendor/codeigniter4/framework/system/Database/BaseConnection.php(588): CodeIgniter\Database\BaseConnection->initialize()
#3 /home/dnzwygdo/djuragancom/vendor/codeigniter4/framework/system/Database/BaseBuilder.php(1669): CodeIgniter\Database\BaseConnection->query()
#4 /home/dnzwygdo/djuragancom/app/Controllers/Api/Notifikasi.php(37): CodeIgniter\Database\BaseBuilder->countAllResults()
#5 /home/dnzwygdo/djuragancom/vendor/codeigniter4/framework/system/CodeIgniter.php(898): App\Controllers\Api\Notifikasi->get()
#6 /home/dnzwygdo/djuragancom/vendor/codeigniter4/framework/system/CodeIgniter.php(457): CodeIgniter\CodeIgniter->runController()
#7 /home/dnzwygdo/djuragancom/vendor/codeigniter4/framework/system/CodeIgniter.php(340): CodeIgniter\CodeIgniter->handleRequest()
#8 /home/dnzwygdo/public_html/index.php(67): CodeIgniter\CodeIgniter->run()
#9 {main}

Next CodeIgniter\Database\Exceptions\DatabaseException: Too many connections in /home/dnzwygdo/djuragancom/vendor/codeigniter4/framework/system/Database/MySQLi/Connection.php:215
Stack trace:
#0 /home/dnzwygdo/djuragancom/vendor/codeigniter4/framework/system/Database/BaseConnection.php(382): CodeIgniter\Database\MySQLi\Connection->connect()
#1 /home/dnzwygdo/djuragancom/vendor/codeigniter4/framework/system/Database/BaseConnection.php(588): CodeIgniter\Database\BaseConnection->initialize()
#2 /home/dnzwygdo/djuragancom/vendor/codeigniter4/framework/system/Database/BaseBuilder.php(1669): CodeIgniter\Database\BaseConnection->query()
#3 /home/dnzwygdo/djuragancom/app/Controllers/Api/Notifikasi.php(37): CodeIgniter\Database\BaseBuilder->countAllResults()
#4 /home/dnzwygdo/djuragancom/vendor/codeigniter4/framework/system/CodeIgniter.php(898): App\Controllers\Api\Notifikasi->get()
#5 /home/dnzwygdo/djuragancom/vendor/codeigniter4/framework/system/CodeIgniter.php(457): CodeIgniter\CodeIgniter->runController()
#6 /home/dnzwygdo/djuragancom/vendor/codeigniter4/framework/system/CodeIgniter.php(340): CodeIgniter\CodeIgniter->handleRequest()
#7 /home/dnzwygdo/public_html/index.php(67): CodeIgniter\CodeIgniter->run()
#8 {main}
CRITICAL - 2024-01-01 13:39:45 --> Unable to connect to the database.
Main connection [MySQLi]: Too many connections
in SYSTEMPATH/Database/BaseConnection.php on line 418.
 1 SYSTEMPATH/Database/BaseConnection.php(588): CodeIgniter\Database\BaseConnection->initialize()
 2 SYSTEMPATH/Database/BaseBuilder.php(1669): CodeIgniter\Database\BaseConnection->query()
 3 APPPATH/Controllers/Api/Notifikasi.php(37): CodeIgniter\Database\BaseBuilder->countAllResults()
 4 SYSTEMPATH/CodeIgniter.php(898): App\Controllers\Api\Notifikasi->get()
 5 SYSTEMPATH/CodeIgniter.php(457): CodeIgniter\CodeIgniter->runController()
 6 SYSTEMPATH/CodeIgniter.php(340): CodeIgniter\CodeIgniter->handleRequest()
 7 FCPATH/index.php(67): CodeIgniter\CodeIgniter->run()
ERROR - 2024-01-01 13:39:45 --> Error connecting to the database: mysqli_sql_exception: Too many connections in /home/dnzwygdo/djuragancom/vendor/codeigniter4/framework/system/Database/MySQLi/Connection.php:171
Stack trace:
#0 /home/dnzwygdo/djuragancom/vendor/codeigniter4/framework/system/Database/MySQLi/Connection.php(171): mysqli->real_connect()
#1 /home/dnzwygdo/djuragancom/vendor/codeigniter4/framework/system/Database/BaseConnection.php(382): CodeIgniter\Database\MySQLi\Connection->connect()
#2 /home/dnzwygdo/djuragancom/vendor/codeigniter4/framework/system/Database/BaseConnection.php(588): CodeIgniter\Database\BaseConnection->initialize()
#3 /home/dnzwygdo/djuragancom/vendor/codeigniter4/framework/system/Database/BaseBuilder.php(1669): CodeIgniter\Database\BaseConnection->query()
#4 /home/dnzwygdo/djuragancom/app/Controllers/Api/Notifikasi.php(37): CodeIgniter\Database\BaseBuilder->countAllResults()
#5 /home/dnzwygdo/djuragancom/vendor/codeigniter4/framework/system/CodeIgniter.php(898): App\Controllers\Api\Notifikasi->get()
#6 /home/dnzwygdo/djuragancom/vendor/codeigniter4/framework/system/CodeIgniter.php(457): CodeIgniter\CodeIgniter->runController()
#7 /home/dnzwygdo/djuragancom/vendor/codeigniter4/framework/system/CodeIgniter.php(340): CodeIgniter\CodeIgniter->handleRequest()
#8 /home/dnzwygdo/public_html/index.php(67): CodeIgniter\CodeIgniter->run()
#9 {main}

Next CodeIgniter\Database\Exceptions\DatabaseException: Too many connections in /home/dnzwygdo/djuragancom/vendor/codeigniter4/framework/system/Database/MySQLi/Connection.php:215
Stack trace:
#0 /home/dnzwygdo/djuragancom/vendor/codeigniter4/framework/system/Database/BaseConnection.php(382): CodeIgniter\Database\MySQLi\Connection->connect()
#1 /home/dnzwygdo/djuragancom/vendor/codeigniter4/framework/system/Database/BaseConnection.php(588): CodeIgniter\Database\BaseConnection->initialize()
#2 /home/dnzwygdo/djuragancom/vendor/codeigniter4/framework/system/Database/BaseBuilder.php(1669): CodeIgniter\Database\BaseConnection->query()
#3 /home/dnzwygdo/djuragancom/app/Controllers/Api/Notifikasi.php(37): CodeIgniter\Database\BaseBuilder->countAllResults()
#4 /home/dnzwygdo/djuragancom/vendor/codeigniter4/framework/system/CodeIgniter.php(898): App\Controllers\Api\Notifikasi->get()
#5 /home/dnzwygdo/djuragancom/vendor/codeigniter4/framework/system/CodeIgniter.php(457): CodeIgniter\CodeIgniter->runController()
#6 /home/dnzwygdo/djuragancom/vendor/codeigniter4/framework/system/CodeIgniter.php(340): CodeIgniter\CodeIgniter->handleRequest()
#7 /home/dnzwygdo/public_html/index.php(67): CodeIgniter\CodeIgniter->run()
#8 {main}
CRITICAL - 2024-01-01 13:39:45 --> Unable to connect to the database.
Main connection [MySQLi]: Too many connections
in SYSTEMPATH/Database/BaseConnection.php on line 418.
 1 SYSTEMPATH/Database/BaseConnection.php(588): CodeIgniter\Database\BaseConnection->initialize()
 2 SYSTEMPATH/Database/BaseBuilder.php(1669): CodeIgniter\Database\BaseConnection->query()
 3 APPPATH/Controllers/Api/Notifikasi.php(37): CodeIgniter\Database\BaseBuilder->countAllResults()
 4 SYSTEMPATH/CodeIgniter.php(898): App\Controllers\Api\Notifikasi->get()
 5 SYSTEMPATH/CodeIgniter.php(457): CodeIgniter\CodeIgniter->runController()
 6 SYSTEMPATH/CodeIgniter.php(340): CodeIgniter\CodeIgniter->handleRequest()
 7 FCPATH/index.php(67): CodeIgniter\CodeIgniter->run()
ERROR - 2024-01-01 13:39:46 --> Error connecting to the database: mysqli_sql_exception: Too many connections in /home/dnzwygdo/djuragancom/vendor/codeigniter4/framework/system/Database/MySQLi/Connection.php:171
Stack trace:
#0 /home/dnzwygdo/djuragancom/vendor/codeigniter4/framework/system/Database/MySQLi/Connection.php(171): mysqli->real_connect()
#1 /home/dnzwygdo/djuragancom/vendor/codeigniter4/framework/system/Database/BaseConnection.php(382): CodeIgniter\Database\MySQLi\Connection->connect()
#2 /home/dnzwygdo/djuragancom/vendor/codeigniter4/framework/system/Database/BaseConnection.php(588): CodeIgniter\Database\BaseConnection->initialize()
#3 /home/dnzwygdo/djuragancom/vendor/codeigniter4/framework/system/Database/BaseBuilder.php(1585): CodeIgniter\Database\BaseConnection->query()
#4 /home/dnzwygdo/djuragancom/app/Models/InvoiceModel.php(327): CodeIgniter\Database\BaseBuilder->get()
#5 /home/dnzwygdo/djuragancom/app/Controllers/Admin/Invoices.php(601): App\Models\InvoiceModel->status()
#6 /home/dnzwygdo/djuragancom/vendor/codeigniter4/framework/system/CodeIgniter.php(898): App\Controllers\Admin\Invoices->detail_status()
#7 /home/dnzwygdo/djuragancom/vendor/codeigniter4/framework/system/CodeIgniter.php(457): CodeIgniter\CodeIgniter->runController()
#8 /home/dnzwygdo/djuragancom/vendor/codeigniter4/framework/system/CodeIgniter.php(340): CodeIgniter\CodeIgniter->handleRequest()
#9 /home/dnzwygdo/public_html/index.php(67): CodeIgniter\CodeIgniter->run()
#10 {main}

Next CodeIgniter\Database\Exceptions\DatabaseException: Too many connections in /home/dnzwygdo/djuragancom/vendor/codeigniter4/framework/system/Database/MySQLi/Connection.php:215
Stack trace:
#0 /home/dnzwygdo/djuragancom/vendor/codeigniter4/framework/system/Database/BaseConnection.php(382): CodeIgniter\Database\MySQLi\Connection->connect()
#1 /home/dnzwygdo/djuragancom/vendor/codeigniter4/framework/system/Database/BaseConnection.php(588): CodeIgniter\Database\BaseConnection->initialize()
#2 /home/dnzwygdo/djuragancom/vendor/codeigniter4/framework/system/Database/BaseBuilder.php(1585): CodeIgniter\Database\BaseConnection->query()
#3 /home/dnzwygdo/djuragancom/app/Models/InvoiceModel.php(327): CodeIgniter\Database\BaseBuilder->get()
#4 /home/dnzwygdo/djuragancom/app/Controllers/Admin/Invoices.php(601): App\Models\InvoiceModel->status()
#5 /home/dnzwygdo/djuragancom/vendor/codeigniter4/framework/system/CodeIgniter.php(898): App\Controllers\Admin\Invoices->detail_status()
#6 /home/dnzwygdo/djuragancom/vendor/codeigniter4/framework/system/CodeIgniter.php(457): CodeIgniter\CodeIgniter->runController()
#7 /home/dnzwygdo/djuragancom/vendor/codeigniter4/framework/system/CodeIgniter.php(340): CodeIgniter\CodeIgniter->handleRequest()
#8 /home/dnzwygdo/public_html/index.php(67): CodeIgniter\CodeIgniter->run()
#9 {main}
CRITICAL - 2024-01-01 13:39:46 --> Unable to connect to the database.
Main connection [MySQLi]: Too many connections
in SYSTEMPATH/Database/BaseConnection.php on line 418.
 1 SYSTEMPATH/Database/BaseConnection.php(588): CodeIgniter\Database\BaseConnection->initialize()
 2 SYSTEMPATH/Database/BaseBuilder.php(1585): CodeIgniter\Database\BaseConnection->query()
 3 APPPATH/Models/InvoiceModel.php(327): CodeIgniter\Database\BaseBuilder->get()
 4 APPPATH/Controllers/Admin/Invoices.php(601): App\Models\InvoiceModel->status()
 5 SYSTEMPATH/CodeIgniter.php(898): App\Controllers\Admin\Invoices->detail_status()
 6 SYSTEMPATH/CodeIgniter.php(457): CodeIgniter\CodeIgniter->runController()
 7 SYSTEMPATH/CodeIgniter.php(340): CodeIgniter\CodeIgniter->handleRequest()
 8 FCPATH/index.php(67): CodeIgniter\CodeIgniter->run()
ERROR - 2024-01-01 13:39:51 --> Error connecting to the database: mysqli_sql_exception: Too many connections in /home/dnzwygdo/djuragancom/vendor/codeigniter4/framework/system/Database/MySQLi/Connection.php:171
Stack trace:
#0 /home/dnzwygdo/djuragancom/vendor/codeigniter4/framework/system/Database/MySQLi/Connection.php(171): mysqli->real_connect()
#1 /home/dnzwygdo/djuragancom/vendor/codeigniter4/framework/system/Database/BaseConnection.php(382): CodeIgniter\Database\MySQLi\Connection->connect()
#2 /home/dnzwygdo/djuragancom/vendor/codeigniter4/framework/system/Database/BaseConnection.php(588): CodeIgniter\Database\BaseConnection->initialize()
#3 /home/dnzwygdo/djuragancom/vendor/codeigniter4/framework/system/Database/BaseBuilder.php(1669): CodeIgniter\Database\BaseConnection->query()
#4 /home/dnzwygdo/djuragancom/app/Controllers/Api/Notifikasi.php(37): CodeIgniter\Database\BaseBuilder->countAllResults()
#5 /home/dnzwygdo/djuragancom/vendor/codeigniter4/framework/system/CodeIgniter.php(898): App\Controllers\Api\Notifikasi->get()
#6 /home/dnzwygdo/djuragancom/vendor/codeigniter4/framework/system/CodeIgniter.php(457): CodeIgniter\CodeIgniter->runController()
#7 /home/dnzwygdo/djuragancom/vendor/codeigniter4/framework/system/CodeIgniter.php(340): CodeIgniter\CodeIgniter->handleRequest()
#8 /home/dnzwygdo/public_html/index.php(67): CodeIgniter\CodeIgniter->run()
#9 {main}

Next CodeIgniter\Database\Exceptions\DatabaseException: Too many connections in /home/dnzwygdo/djuragancom/vendor/codeigniter4/framework/system/Database/MySQLi/Connection.php:215
Stack trace:
#0 /home/dnzwygdo/djuragancom/vendor/codeigniter4/framework/system/Database/BaseConnection.php(382): CodeIgniter\Database\MySQLi\Connection->connect()
#1 /home/dnzwygdo/djuragancom/vendor/codeigniter4/framework/system/Database/BaseConnection.php(588): CodeIgniter\Database\BaseConnection->initialize()
#2 /home/dnzwygdo/djuragancom/vendor/codeigniter4/framework/system/Database/BaseBuilder.php(1669): CodeIgniter\Database\BaseConnection->query()
#3 /home/dnzwygdo/djuragancom/app/Controllers/Api/Notifikasi.php(37): CodeIgniter\Database\BaseBuilder->countAllResults()
#4 /home/dnzwygdo/djuragancom/vendor/codeigniter4/framework/system/CodeIgniter.php(898): App\Controllers\Api\Notifikasi->get()
#5 /home/dnzwygdo/djuragancom/vendor/codeigniter4/framework/system/CodeIgniter.php(457): CodeIgniter\CodeIgniter->runController()
#6 /home/dnzwygdo/djuragancom/vendor/codeigniter4/framework/system/CodeIgniter.php(340): CodeIgniter\CodeIgniter->handleRequest()
#7 /home/dnzwygdo/public_html/index.php(67): CodeIgniter\CodeIgniter->run()
#8 {main}
CRITICAL - 2024-01-01 13:39:51 --> Unable to connect to the database.
Main connection [MySQLi]: Too many connections
in SYSTEMPATH/Database/BaseConnection.php on line 418.
 1 SYSTEMPATH/Database/BaseConnection.php(588): CodeIgniter\Database\BaseConnection->initialize()
 2 SYSTEMPATH/Database/BaseBuilder.php(1669): CodeIgniter\Database\BaseConnection->query()
 3 APPPATH/Controllers/Api/Notifikasi.php(37): CodeIgniter\Database\BaseBuilder->countAllResults()
 4 SYSTEMPATH/CodeIgniter.php(898): App\Controllers\Api\Notifikasi->get()
 5 SYSTEMPATH/CodeIgniter.php(457): CodeIgniter\CodeIgniter->runController()
 6 SYSTEMPATH/CodeIgniter.php(340): CodeIgniter\CodeIgniter->handleRequest()
 7 FCPATH/index.php(67): CodeIgniter\CodeIgniter->run()
ERROR - 2024-01-01 13:39:51 --> Error connecting to the database: mysqli_sql_exception: Too many connections in /home/dnzwygdo/djuragancom/vendor/codeigniter4/framework/system/Database/MySQLi/Connection.php:171
Stack trace:
#0 /home/dnzwygdo/djuragancom/vendor/codeigniter4/framework/system/Database/MySQLi/Connection.php(171): mysqli->real_connect()
#1 /home/dnzwygdo/djuragancom/vendor/codeigniter4/framework/system/Database/BaseConnection.php(382): CodeIgniter\Database\MySQLi\Connection->connect()
#2 /home/dnzwygdo/djuragancom/vendor/codeigniter4/framework/system/Database/BaseConnection.php(588): CodeIgniter\Database\BaseConnection->initialize()
#3 /home/dnzwygdo/djuragancom/vendor/codeigniter4/framework/system/Database/BaseBuilder.php(1585): CodeIgniter\Database\BaseConnection->query()
#4 /home/dnzwygdo/djuragancom/app/Models/InvoiceModel.php(327): CodeIgniter\Database\BaseBuilder->get()
#5 /home/dnzwygdo/djuragancom/app/Controllers/Admin/Invoices.php(345): App\Models\InvoiceModel->status()
#6 /home/dnzwygdo/djuragancom/vendor/codeigniter4/framework/system/CodeIgniter.php(898): App\Controllers\Admin\Invoices->save_progress()
#7 /home/dnzwygdo/djuragancom/vendor/codeigniter4/framework/system/CodeIgniter.php(457): CodeIgniter\CodeIgniter->runController()
#8 /home/dnzwygdo/djuragancom/vendor/codeigniter4/framework/system/CodeIgniter.php(340): CodeIgniter\CodeIgniter->handleRequest()
#9 /home/dnzwygdo/public_html/index.php(67): CodeIgniter\CodeIgniter->run()
#10 {main}

Next CodeIgniter\Database\Exceptions\DatabaseException: Too many connections in /home/dnzwygdo/djuragancom/vendor/codeigniter4/framework/system/Database/MySQLi/Connection.php:215
Stack trace:
#0 /home/dnzwygdo/djuragancom/vendor/codeigniter4/framework/system/Database/BaseConnection.php(382): CodeIgniter\Database\MySQLi\Connection->connect()
#1 /home/dnzwygdo/djuragancom/vendor/codeigniter4/framework/system/Database/BaseConnection.php(588): CodeIgniter\Database\BaseConnection->initialize()
#2 /home/dnzwygdo/djuragancom/vendor/codeigniter4/framework/system/Database/BaseBuilder.php(1585): CodeIgniter\Database\BaseConnection->query()
#3 /home/dnzwygdo/djuragancom/app/Models/InvoiceModel.php(327): CodeIgniter\Database\BaseBuilder->get()
#4 /home/dnzwygdo/djuragancom/app/Controllers/Admin/Invoices.php(345): App\Models\InvoiceModel->status()
#5 /home/dnzwygdo/djuragancom/vendor/codeigniter4/framework/system/CodeIgniter.php(898): App\Controllers\Admin\Invoices->save_progress()
#6 /home/dnzwygdo/djuragancom/vendor/codeigniter4/framework/system/CodeIgniter.php(457): CodeIgniter\CodeIgniter->runController()
#7 /home/dnzwygdo/djuragancom/vendor/codeigniter4/framework/system/CodeIgniter.php(340): CodeIgniter\CodeIgniter->handleRequest()
#8 /home/dnzwygdo/public_html/index.php(67): CodeIgniter\CodeIgniter->run()
#9 {main}
CRITICAL - 2024-01-01 13:39:51 --> Unable to connect to the database.
Main connection [MySQLi]: Too many connections
in SYSTEMPATH/Database/BaseConnection.php on line 418.
 1 SYSTEMPATH/Database/BaseConnection.php(588): CodeIgniter\Database\BaseConnection->initialize()
 2 SYSTEMPATH/Database/BaseBuilder.php(1585): CodeIgniter\Database\BaseConnection->query()
 3 APPPATH/Models/InvoiceModel.php(327): CodeIgniter\Database\BaseBuilder->get()
 4 APPPATH/Controllers/Admin/Invoices.php(345): App\Models\InvoiceModel->status()
 5 SYSTEMPATH/CodeIgniter.php(898): App\Controllers\Admin\Invoices->save_progress()
 6 SYSTEMPATH/CodeIgniter.php(457): CodeIgniter\CodeIgniter->runController()
 7 SYSTEMPATH/CodeIgniter.php(340): CodeIgniter\CodeIgniter->handleRequest()
 8 FCPATH/index.php(67): CodeIgniter\CodeIgniter->run()
ERROR - 2024-01-01 13:39:52 --> Error connecting to the database: mysqli_sql_exception: Too many connections in /home/dnzwygdo/djuragancom/vendor/codeigniter4/framework/system/Database/MySQLi/Connection.php:171
Stack trace:
#0 /home/dnzwygdo/djuragancom/vendor/codeigniter4/framework/system/Database/MySQLi/Connection.php(171): mysqli->real_connect()
#1 /home/dnzwygdo/djuragancom/vendor/codeigniter4/framework/system/Database/BaseConnection.php(382): CodeIgniter\Database\MySQLi\Connection->connect()
#2 /home/dnzwygdo/djuragancom/vendor/codeigniter4/framework/system/Database/BaseConnection.php(588): CodeIgniter\Database\BaseConnection->initialize()
#3 /home/dnzwygdo/djuragancom/vendor/codeigniter4/framework/system/Database/BaseBuilder.php(1585): CodeIgniter\Database\BaseConnection->query()
#4 /home/dnzwygdo/djuragancom/app/Models/InvoiceModel.php(327): CodeIgniter\Database\BaseBuilder->get()
#5 /home/dnzwygdo/djuragancom/app/Controllers/Admin/Invoices.php(345): App\Models\InvoiceModel->status()
#6 /home/dnzwygdo/djuragancom/vendor/codeigniter4/framework/system/CodeIgniter.php(898): App\Controllers\Admin\Invoices->save_progress()
#7 /home/dnzwygdo/djuragancom/vendor/codeigniter4/framework/system/CodeIgniter.php(457): CodeIgniter\CodeIgniter->runController()
#8 /home/dnzwygdo/djuragancom/vendor/codeigniter4/framework/system/CodeIgniter.php(340): CodeIgniter\CodeIgniter->handleRequest()
#9 /home/dnzwygdo/public_html/index.php(67): CodeIgniter\CodeIgniter->run()
#10 {main}

Next CodeIgniter\Database\Exceptions\DatabaseException: Too many connections in /home/dnzwygdo/djuragancom/vendor/codeigniter4/framework/system/Database/MySQLi/Connection.php:215
Stack trace:
#0 /home/dnzwygdo/djuragancom/vendor/codeigniter4/framework/system/Database/BaseConnection.php(382): CodeIgniter\Database\MySQLi\Connection->connect()
#1 /home/dnzwygdo/djuragancom/vendor/codeigniter4/framework/system/Database/BaseConnection.php(588): CodeIgniter\Database\BaseConnection->initialize()
#2 /home/dnzwygdo/djuragancom/vendor/codeigniter4/framework/system/Database/BaseBuilder.php(1585): CodeIgniter\Database\BaseConnection->query()
#3 /home/dnzwygdo/djuragancom/app/Models/InvoiceModel.php(327): CodeIgniter\Database\BaseBuilder->get()
#4 /home/dnzwygdo/djuragancom/app/Controllers/Admin/Invoices.php(345): App\Models\InvoiceModel->status()
#5 /home/dnzwygdo/djuragancom/vendor/codeigniter4/framework/system/CodeIgniter.php(898): App\Controllers\Admin\Invoices->save_progress()
#6 /home/dnzwygdo/djuragancom/vendor/codeigniter4/framework/system/CodeIgniter.php(457): CodeIgniter\CodeIgniter->runController()
#7 /home/dnzwygdo/djuragancom/vendor/codeigniter4/framework/system/CodeIgniter.php(340): CodeIgniter\CodeIgniter->handleRequest()
#8 /home/dnzwygdo/public_html/index.php(67): CodeIgniter\CodeIgniter->run()
#9 {main}
CRITICAL - 2024-01-01 13:39:52 --> Unable to connect to the database.
Main connection [MySQLi]: Too many connections
in SYSTEMPATH/Database/BaseConnection.php on line 418.
 1 SYSTEMPATH/Database/BaseConnection.php(588): CodeIgniter\Database\BaseConnection->initialize()
 2 SYSTEMPATH/Database/BaseBuilder.php(1585): CodeIgniter\Database\BaseConnection->query()
 3 APPPATH/Models/InvoiceModel.php(327): CodeIgniter\Database\BaseBuilder->get()
 4 APPPATH/Controllers/Admin/Invoices.php(345): App\Models\InvoiceModel->status()
 5 SYSTEMPATH/CodeIgniter.php(898): App\Controllers\Admin\Invoices->save_progress()
 6 SYSTEMPATH/CodeIgniter.php(457): CodeIgniter\CodeIgniter->runController()
 7 SYSTEMPATH/CodeIgniter.php(340): CodeIgniter\CodeIgniter->handleRequest()
 8 FCPATH/index.php(67): CodeIgniter\CodeIgniter->run()
ERROR - 2024-01-01 13:39:55 --> Error connecting to the database: mysqli_sql_exception: Too many connections in /home/dnzwygdo/djuragancom/vendor/codeigniter4/framework/system/Database/MySQLi/Connection.php:171
Stack trace:
#0 /home/dnzwygdo/djuragancom/vendor/codeigniter4/framework/system/Database/MySQLi/Connection.php(171): mysqli->real_connect()
#1 /home/dnzwygdo/djuragancom/vendor/codeigniter4/framework/system/Database/BaseConnection.php(382): CodeIgniter\Database\MySQLi\Connection->connect()
#2 /home/dnzwygdo/djuragancom/vendor/codeigniter4/framework/system/Database/BaseConnection.php(588): CodeIgniter\Database\BaseConnection->initialize()
#3 /home/dnzwygdo/djuragancom/vendor/codeigniter4/framework/system/Database/BaseBuilder.php(1585): CodeIgniter\Database\BaseConnection->query()
#4 /home/dnzwygdo/djuragancom/app/Models/InvoiceModel.php(327): CodeIgniter\Database\BaseBuilder->get()
#5 /home/dnzwygdo/djuragancom/app/Controllers/Admin/Invoices.php(345): App\Models\InvoiceModel->status()
#6 /home/dnzwygdo/djuragancom/vendor/codeigniter4/framework/system/CodeIgniter.php(898): App\Controllers\Admin\Invoices->save_progress()
#7 /home/dnzwygdo/djuragancom/vendor/codeigniter4/framework/system/CodeIgniter.php(457): CodeIgniter\CodeIgniter->runController()
#8 /home/dnzwygdo/djuragancom/vendor/codeigniter4/framework/system/CodeIgniter.php(340): CodeIgniter\CodeIgniter->handleRequest()
#9 /home/dnzwygdo/public_html/index.php(67): CodeIgniter\CodeIgniter->run()
#10 {main}

Next CodeIgniter\Database\Exceptions\DatabaseException: Too many connections in /home/dnzwygdo/djuragancom/vendor/codeigniter4/framework/system/Database/MySQLi/Connection.php:215
Stack trace:
#0 /home/dnzwygdo/djuragancom/vendor/codeigniter4/framework/system/Database/BaseConnection.php(382): CodeIgniter\Database\MySQLi\Connection->connect()
#1 /home/dnzwygdo/djuragancom/vendor/codeigniter4/framework/system/Database/BaseConnection.php(588): CodeIgniter\Database\BaseConnection->initialize()
#2 /home/dnzwygdo/djuragancom/vendor/codeigniter4/framework/system/Database/BaseBuilder.php(1585): CodeIgniter\Database\BaseConnection->query()
#3 /home/dnzwygdo/djuragancom/app/Models/InvoiceModel.php(327): CodeIgniter\Database\BaseBuilder->get()
#4 /home/dnzwygdo/djuragancom/app/Controllers/Admin/Invoices.php(345): App\Models\InvoiceModel->status()
#5 /home/dnzwygdo/djuragancom/vendor/codeigniter4/framework/system/CodeIgniter.php(898): App\Controllers\Admin\Invoices->save_progress()
#6 /home/dnzwygdo/djuragancom/vendor/codeigniter4/framework/system/CodeIgniter.php(457): CodeIgniter\CodeIgniter->runController()
#7 /home/dnzwygdo/djuragancom/vendor/codeigniter4/framework/system/CodeIgniter.php(340): CodeIgniter\CodeIgniter->handleRequest()
#8 /home/dnzwygdo/public_html/index.php(67): CodeIgniter\CodeIgniter->run()
#9 {main}
CRITICAL - 2024-01-01 13:39:55 --> Unable to connect to the database.
Main connection [MySQLi]: Too many connections
in SYSTEMPATH/Database/BaseConnection.php on line 418.
 1 SYSTEMPATH/Database/BaseConnection.php(588): CodeIgniter\Database\BaseConnection->initialize()
 2 SYSTEMPATH/Database/BaseBuilder.php(1585): CodeIgniter\Database\BaseConnection->query()
 3 APPPATH/Models/InvoiceModel.php(327): CodeIgniter\Database\BaseBuilder->get()
 4 APPPATH/Controllers/Admin/Invoices.php(345): App\Models\InvoiceModel->status()
 5 SYSTEMPATH/CodeIgniter.php(898): App\Controllers\Admin\Invoices->save_progress()
 6 SYSTEMPATH/CodeIgniter.php(457): CodeIgniter\CodeIgniter->runController()
 7 SYSTEMPATH/CodeIgniter.php(340): CodeIgniter\CodeIgniter->handleRequest()
 8 FCPATH/index.php(67): CodeIgniter\CodeIgniter->run()
ERROR - 2024-01-01 13:40:01 --> Error connecting to the database: mysqli_sql_exception: Too many connections in /home/dnzwygdo/djuragancom/vendor/codeigniter4/framework/system/Database/MySQLi/Connection.php:171
Stack trace:
#0 /home/dnzwygdo/djuragancom/vendor/codeigniter4/framework/system/Database/MySQLi/Connection.php(171): mysqli->real_connect()
#1 /home/dnzwygdo/djuragancom/vendor/codeigniter4/framework/system/Database/BaseConnection.php(382): CodeIgniter\Database\MySQLi\Connection->connect()
#2 /home/dnzwygdo/djuragancom/vendor/codeigniter4/framework/system/Database/BaseConnection.php(588): CodeIgniter\Database\BaseConnection->initialize()
#3 /home/dnzwygdo/djuragancom/vendor/codeigniter4/framework/system/Database/BaseBuilder.php(1669): CodeIgniter\Database\BaseConnection->query()
#4 /home/dnzwygdo/djuragancom/app/Controllers/Api/Notifikasi.php(37): CodeIgniter\Database\BaseBuilder->countAllResults()
#5 /home/dnzwygdo/djuragancom/vendor/codeigniter4/framework/system/CodeIgniter.php(898): App\Controllers\Api\Notifikasi->get()
#6 /home/dnzwygdo/djuragancom/vendor/codeigniter4/framework/system/CodeIgniter.php(457): CodeIgniter\CodeIgniter->runController()
#7 /home/dnzwygdo/djuragancom/vendor/codeigniter4/framework/system/CodeIgniter.php(340): CodeIgniter\CodeIgniter->handleRequest()
#8 /home/dnzwygdo/public_html/index.php(67): CodeIgniter\CodeIgniter->run()
#9 {main}

Next CodeIgniter\Database\Exceptions\DatabaseException: Too many connections in /home/dnzwygdo/djuragancom/vendor/codeigniter4/framework/system/Database/MySQLi/Connection.php:215
Stack trace:
#0 /home/dnzwygdo/djuragancom/vendor/codeigniter4/framework/system/Database/BaseConnection.php(382): CodeIgniter\Database\MySQLi\Connection->connect()
#1 /home/dnzwygdo/djuragancom/vendor/codeigniter4/framework/system/Database/BaseConnection.php(588): CodeIgniter\Database\BaseConnection->initialize()
#2 /home/dnzwygdo/djuragancom/vendor/codeigniter4/framework/system/Database/BaseBuilder.php(1669): CodeIgniter\Database\BaseConnection->query()
#3 /home/dnzwygdo/djuragancom/app/Controllers/Api/Notifikasi.php(37): CodeIgniter\Database\BaseBuilder->countAllResults()
#4 /home/dnzwygdo/djuragancom/vendor/codeigniter4/framework/system/CodeIgniter.php(898): App\Controllers\Api\Notifikasi->get()
#5 /home/dnzwygdo/djuragancom/vendor/codeigniter4/framework/system/CodeIgniter.php(457): CodeIgniter\CodeIgniter->runController()
#6 /home/dnzwygdo/djuragancom/vendor/codeigniter4/framework/system/CodeIgniter.php(340): CodeIgniter\CodeIgniter->handleRequest()
#7 /home/dnzwygdo/public_html/index.php(67): CodeIgniter\CodeIgniter->run()
#8 {main}
CRITICAL - 2024-01-01 13:40:01 --> Unable to connect to the database.
Main connection [MySQLi]: Too many connections
in SYSTEMPATH/Database/BaseConnection.php on line 418.
 1 SYSTEMPATH/Database/BaseConnection.php(588): CodeIgniter\Database\BaseConnection->initialize()
 2 SYSTEMPATH/Database/BaseBuilder.php(1669): CodeIgniter\Database\BaseConnection->query()
 3 APPPATH/Controllers/Api/Notifikasi.php(37): CodeIgniter\Database\BaseBuilder->countAllResults()
 4 SYSTEMPATH/CodeIgniter.php(898): App\Controllers\Api\Notifikasi->get()
 5 SYSTEMPATH/CodeIgniter.php(457): CodeIgniter\CodeIgniter->runController()
 6 SYSTEMPATH/CodeIgniter.php(340): CodeIgniter\CodeIgniter->handleRequest()
 7 FCPATH/index.php(67): CodeIgniter\CodeIgniter->run()
ERROR - 2024-01-01 13:40:05 --> Error connecting to the database: mysqli_sql_exception: Too many connections in /home/dnzwygdo/djuragancom/vendor/codeigniter4/framework/system/Database/MySQLi/Connection.php:171
Stack trace:
#0 /home/dnzwygdo/djuragancom/vendor/codeigniter4/framework/system/Database/MySQLi/Connection.php(171): mysqli->real_connect()
#1 /home/dnzwygdo/djuragancom/vendor/codeigniter4/framework/system/Database/BaseConnection.php(382): CodeIgniter\Database\MySQLi\Connection->connect()
#2 /home/dnzwygdo/djuragancom/vendor/codeigniter4/framework/system/Database/BaseConnection.php(588): CodeIgniter\Database\BaseConnection->initialize()
#3 /home/dnzwygdo/djuragancom/vendor/codeigniter4/framework/system/Database/BaseBuilder.php(1585): CodeIgniter\Database\BaseConnection->query()
#4 /home/dnzwygdo/djuragancom/app/Models/InvoiceModel.php(327): CodeIgniter\Database\BaseBuilder->get()
#5 /home/dnzwygdo/djuragancom/app/Controllers/Admin/Invoices.php(345): App\Models\InvoiceModel->status()
#6 /home/dnzwygdo/djuragancom/vendor/codeigniter4/framework/system/CodeIgniter.php(898): App\Controllers\Admin\Invoices->save_progress()
#7 /home/dnzwygdo/djuragancom/vendor/codeigniter4/framework/system/CodeIgniter.php(457): CodeIgniter\CodeIgniter->runController()
#8 /home/dnzwygdo/djuragancom/vendor/codeigniter4/framework/system/CodeIgniter.php(340): CodeIgniter\CodeIgniter->handleRequest()
#9 /home/dnzwygdo/public_html/index.php(67): CodeIgniter\CodeIgniter->run()
#10 {main}

Next CodeIgniter\Database\Exceptions\DatabaseException: Too many connections in /home/dnzwygdo/djuragancom/vendor/codeigniter4/framework/system/Database/MySQLi/Connection.php:215
Stack trace:
#0 /home/dnzwygdo/djuragancom/vendor/codeigniter4/framework/system/Database/BaseConnection.php(382): CodeIgniter\Database\MySQLi\Connection->connect()
#1 /home/dnzwygdo/djuragancom/vendor/codeigniter4/framework/system/Database/BaseConnection.php(588): CodeIgniter\Database\BaseConnection->initialize()
#2 /home/dnzwygdo/djuragancom/vendor/codeigniter4/framework/system/Database/BaseBuilder.php(1585): CodeIgniter\Database\BaseConnection->query()
#3 /home/dnzwygdo/djuragancom/app/Models/InvoiceModel.php(327): CodeIgniter\Database\BaseBuilder->get()
#4 /home/dnzwygdo/djuragancom/app/Controllers/Admin/Invoices.php(345): App\Models\InvoiceModel->status()
#5 /home/dnzwygdo/djuragancom/vendor/codeigniter4/framework/system/CodeIgniter.php(898): App\Controllers\Admin\Invoices->save_progress()
#6 /home/dnzwygdo/djuragancom/vendor/codeigniter4/framework/system/CodeIgniter.php(457): CodeIgniter\CodeIgniter->runController()
#7 /home/dnzwygdo/djuragancom/vendor/codeigniter4/framework/system/CodeIgniter.php(340): CodeIgniter\CodeIgniter->handleRequest()
#8 /home/dnzwygdo/public_html/index.php(67): CodeIgniter\CodeIgniter->run()
#9 {main}
CRITICAL - 2024-01-01 13:40:05 --> Unable to connect to the database.
Main connection [MySQLi]: Too many connections
in SYSTEMPATH/Database/BaseConnection.php on line 418.
 1 SYSTEMPATH/Database/BaseConnection.php(588): CodeIgniter\Database\BaseConnection->initialize()
 2 SYSTEMPATH/Database/BaseBuilder.php(1585): CodeIgniter\Database\BaseConnection->query()
 3 APPPATH/Models/InvoiceModel.php(327): CodeIgniter\Database\BaseBuilder->get()
 4 APPPATH/Controllers/Admin/Invoices.php(345): App\Models\InvoiceModel->status()
 5 SYSTEMPATH/CodeIgniter.php(898): App\Controllers\Admin\Invoices->save_progress()
 6 SYSTEMPATH/CodeIgniter.php(457): CodeIgniter\CodeIgniter->runController()
 7 SYSTEMPATH/CodeIgniter.php(340): CodeIgniter\CodeIgniter->handleRequest()
 8 FCPATH/index.php(67): CodeIgniter\CodeIgniter->run()
ERROR - 2024-01-01 13:40:15 --> Error connecting to the database: mysqli_sql_exception: Too many connections in /home/dnzwygdo/djuragancom/vendor/codeigniter4/framework/system/Database/MySQLi/Connection.php:171
Stack trace:
#0 /home/dnzwygdo/djuragancom/vendor/codeigniter4/framework/system/Database/MySQLi/Connection.php(171): mysqli->real_connect()
#1 /home/dnzwygdo/djuragancom/vendor/codeigniter4/framework/system/Database/BaseConnection.php(382): CodeIgniter\Database\MySQLi\Connection->connect()
#2 /home/dnzwygdo/djuragancom/vendor/codeigniter4/framework/system/Database/BaseConnection.php(588): CodeIgniter\Database\BaseConnection->initialize()
#3 /home/dnzwygdo/djuragancom/vendor/codeigniter4/framework/system/Database/BaseBuilder.php(1669): CodeIgniter\Database\BaseConnection->query()
#4 /home/dnzwygdo/djuragancom/app/Controllers/Api/Notifikasi.php(37): CodeIgniter\Database\BaseBuilder->countAllResults()
#5 /home/dnzwygdo/djuragancom/vendor/codeigniter4/framework/system/CodeIgniter.php(898): App\Controllers\Api\Notifikasi->get()
#6 /home/dnzwygdo/djuragancom/vendor/codeigniter4/framework/system/CodeIgniter.php(457): CodeIgniter\CodeIgniter->runController()
#7 /home/dnzwygdo/djuragancom/vendor/codeigniter4/framework/system/CodeIgniter.php(340): CodeIgniter\CodeIgniter->handleRequest()
#8 /home/dnzwygdo/public_html/index.php(67): CodeIgniter\CodeIgniter->run()
#9 {main}

Next CodeIgniter\Database\Exceptions\DatabaseException: Too many connections in /home/dnzwygdo/djuragancom/vendor/codeigniter4/framework/system/Database/MySQLi/Connection.php:215
Stack trace:
#0 /home/dnzwygdo/djuragancom/vendor/codeigniter4/framework/system/Database/BaseConnection.php(382): CodeIgniter\Database\MySQLi\Connection->connect()
#1 /home/dnzwygdo/djuragancom/vendor/codeigniter4/framework/system/Database/BaseConnection.php(588): CodeIgniter\Database\BaseConnection->initialize()
#2 /home/dnzwygdo/djuragancom/vendor/codeigniter4/framework/system/Database/BaseBuilder.php(1669): CodeIgniter\Database\BaseConnection->query()
#3 /home/dnzwygdo/djuragancom/app/Controllers/Api/Notifikasi.php(37): CodeIgniter\Database\BaseBuilder->countAllResults()
#4 /home/dnzwygdo/djuragancom/vendor/codeigniter4/framework/system/CodeIgniter.php(898): App\Controllers\Api\Notifikasi->get()
#5 /home/dnzwygdo/djuragancom/vendor/codeigniter4/framework/system/CodeIgniter.php(457): CodeIgniter\CodeIgniter->runController()
#6 /home/dnzwygdo/djuragancom/vendor/codeigniter4/framework/system/CodeIgniter.php(340): CodeIgniter\CodeIgniter->handleRequest()
#7 /home/dnzwygdo/public_html/index.php(67): CodeIgniter\CodeIgniter->run()
#8 {main}
CRITICAL - 2024-01-01 13:40:15 --> Unable to connect to the database.
Main connection [MySQLi]: Too many connections
in SYSTEMPATH/Database/BaseConnection.php on line 418.
 1 SYSTEMPATH/Database/BaseConnection.php(588): CodeIgniter\Database\BaseConnection->initialize()
 2 SYSTEMPATH/Database/BaseBuilder.php(1669): CodeIgniter\Database\BaseConnection->query()
 3 APPPATH/Controllers/Api/Notifikasi.php(37): CodeIgniter\Database\BaseBuilder->countAllResults()
 4 SYSTEMPATH/CodeIgniter.php(898): App\Controllers\Api\Notifikasi->get()
 5 SYSTEMPATH/CodeIgniter.php(457): CodeIgniter\CodeIgniter->runController()
 6 SYSTEMPATH/CodeIgniter.php(340): CodeIgniter\CodeIgniter->handleRequest()
 7 FCPATH/index.php(67): CodeIgniter\CodeIgniter->run()
ERROR - 2024-01-01 13:40:15 --> Error connecting to the database: mysqli_sql_exception: Too many connections in /home/dnzwygdo/djuragancom/vendor/codeigniter4/framework/system/Database/MySQLi/Connection.php:171
Stack trace:
#0 /home/dnzwygdo/djuragancom/vendor/codeigniter4/framework/system/Database/MySQLi/Connection.php(171): mysqli->real_connect()
#1 /home/dnzwygdo/djuragancom/vendor/codeigniter4/framework/system/Database/BaseConnection.php(382): CodeIgniter\Database\MySQLi\Connection->connect()
#2 /home/dnzwygdo/djuragancom/vendor/codeigniter4/framework/system/Database/BaseConnection.php(588): CodeIgniter\Database\BaseConnection->initialize()
#3 /home/dnzwygdo/djuragancom/vendor/codeigniter4/framework/system/Database/BaseBuilder.php(1585): CodeIgniter\Database\BaseConnection->query()
#4 /home/dnzwygdo/djuragancom/vendor/codeigniter4/framework/system/Model.php(222): CodeIgniter\Database\BaseBuilder->get()
#5 /home/dnzwygdo/djuragancom/vendor/codeigniter4/framework/system/BaseModel.php(584): CodeIgniter\Model->doFindAll()
#6 /home/dnzwygdo/djuragancom/app/Models/InvoiceModel.php(297): CodeIgniter\BaseModel->findAll()
#7 /home/dnzwygdo/djuragancom/app/Models/InvoiceModel.php(47): App\Models\InvoiceModel->ambilIds()
#8 /home/dnzwygdo/djuragancom/app/Controllers/Admin/Invoices.php(66): App\Models\InvoiceModel->getAll()
#9 /home/dnzwygdo/djuragancom/vendor/codeigniter4/framework/system/CodeIgniter.php(898): App\Controllers\Admin\Invoices->lihat()
#10 /home/dnzwygdo/djuragancom/vendor/codeigniter4/framework/system/CodeIgniter.php(457): CodeIgniter\CodeIgniter->runController()
#11 /home/dnzwygdo/djuragancom/vendor/codeigniter4/framework/system/CodeIgniter.php(340): CodeIgniter\CodeIgniter->handleRequest()
#12 /home/dnzwygdo/public_html/index.php(67): CodeIgniter\CodeIgniter->run()
#13 {main}

Next CodeIgniter\Database\Exceptions\DatabaseException: Too many connections in /home/dnzwygdo/djuragancom/vendor/codeigniter4/framework/system/Database/MySQLi/Connection.php:215
Stack trace:
#0 /home/dnzwygdo/djuragancom/vendor/codeigniter4/framework/system/Database/BaseConnection.php(382): CodeIgniter\Database\MySQLi\Connection->connect()
#1 /home/dnzwygdo/djuragancom/vendor/codeigniter4/framework/system/Database/BaseConnection.php(588): CodeIgniter\Database\BaseConnection->initialize()
#2 /home/dnzwygdo/djuragancom/vendor/codeigniter4/framework/system/Database/BaseBuilder.php(1585): CodeIgniter\Database\BaseConnection->query()
#3 /home/dnzwygdo/djuragancom/vendor/codeigniter4/framework/system/Model.php(222): CodeIgniter\Database\BaseBuilder->get()
#4 /home/dnzwygdo/djuragancom/vendor/codeigniter4/framework/system/BaseModel.php(584): CodeIgniter\Model->doFindAll()
#5 /home/dnzwygdo/djuragancom/app/Models/InvoiceModel.php(297): CodeIgniter\BaseModel->findAll()
#6 /home/dnzwygdo/djuragancom/app/Models/InvoiceModel.php(47): App\Models\InvoiceModel->ambilIds()
#7 /home/dnzwygdo/djuragancom/app/Controllers/Admin/Invoices.php(66): App\Models\InvoiceModel->getAll()
#8 /home/dnzwygdo/djuragancom/vendor/codeigniter4/framework/system/CodeIgniter.php(898): App\Controllers\Admin\Invoices->lihat()
#9 /home/dnzwygdo/djuragancom/vendor/codeigniter4/framework/system/CodeIgniter.php(457): CodeIgniter\CodeIgniter->runController()
#10 /home/dnzwygdo/djuragancom/vendor/codeigniter4/framework/system/CodeIgniter.php(340): CodeIgniter\CodeIgniter->handleRequest()
#11 /home/dnzwygdo/public_html/index.php(67): CodeIgniter\CodeIgniter->run()
#12 {main}
CRITICAL - 2024-01-01 13:40:15 --> Unable to connect to the database.
Main connection [MySQLi]: Too many connections
in SYSTEMPATH/Database/BaseConnection.php on line 418.
 1 SYSTEMPATH/Database/BaseConnection.php(588): CodeIgniter\Database\BaseConnection->initialize()
 2 SYSTEMPATH/Database/BaseBuilder.php(1585): CodeIgniter\Database\BaseConnection->query()
 3 SYSTEMPATH/Model.php(222): CodeIgniter\Database\BaseBuilder->get()
 4 SYSTEMPATH/BaseModel.php(584): CodeIgniter\Model->doFindAll()
 5 APPPATH/Models/InvoiceModel.php(297): CodeIgniter\BaseModel->findAll()
 6 APPPATH/Models/InvoiceModel.php(47): App\Models\InvoiceModel->ambilIds()
 7 APPPATH/Controllers/Admin/Invoices.php(66): App\Models\InvoiceModel->getAll()
 8 SYSTEMPATH/CodeIgniter.php(898): App\Controllers\Admin\Invoices->lihat()
 9 SYSTEMPATH/CodeIgniter.php(457): CodeIgniter\CodeIgniter->runController()
10 SYSTEMPATH/CodeIgniter.php(340): CodeIgniter\CodeIgniter->handleRequest()
11 FCPATH/index.php(67): CodeIgniter\CodeIgniter->run()
ERROR - 2024-01-01 13:40:26 --> Error connecting to the database: mysqli_sql_exception: Too many connections in /home/dnzwygdo/djuragancom/vendor/codeigniter4/framework/system/Database/MySQLi/Connection.php:171
Stack trace:
#0 /home/dnzwygdo/djuragancom/vendor/codeigniter4/framework/system/Database/MySQLi/Connection.php(171): mysqli->real_connect()
#1 /home/dnzwygdo/djuragancom/vendor/codeigniter4/framework/system/Database/BaseConnection.php(382): CodeIgniter\Database\MySQLi\Connection->connect()
#2 /home/dnzwygdo/djuragancom/vendor/codeigniter4/framework/system/Database/BaseConnection.php(588): CodeIgniter\Database\BaseConnection->initialize()
#3 /home/dnzwygdo/djuragancom/vendor/codeigniter4/framework/system/Database/BaseBuilder.php(1669): CodeIgniter\Database\BaseConnection->query()
#4 /home/dnzwygdo/djuragancom/vendor/codeigniter4/framework/system/Model.php(550): CodeIgniter\Database\BaseBuilder->countAllResults()
#5 /home/dnzwygdo/djuragancom/app/Models/InvoiceModel.php(202): CodeIgniter\Model->countAllResults()
#6 /home/dnzwygdo/djuragancom/app/Models/InvoiceModel.php(136): App\Models\InvoiceModel->counts()
#7 /home/dnzwygdo/djuragancom/app/Controllers/Api/Invoice.php(17): App\Models\InvoiceModel->getCount()
#8 /home/dnzwygdo/djuragancom/vendor/codeigniter4/framework/system/CodeIgniter.php(898): App\Controllers\Api\Invoice->counter_tab()
#9 /home/dnzwygdo/djuragancom/vendor/codeigniter4/framework/system/CodeIgniter.php(457): CodeIgniter\CodeIgniter->runController()
#10 /home/dnzwygdo/djuragancom/vendor/codeigniter4/framework/system/CodeIgniter.php(340): CodeIgniter\CodeIgniter->handleRequest()
#11 /home/dnzwygdo/public_html/index.php(67): CodeIgniter\CodeIgniter->run()
#12 {main}

Next CodeIgniter\Database\Exceptions\DatabaseException: Too many connections in /home/dnzwygdo/djuragancom/vendor/codeigniter4/framework/system/Database/MySQLi/Connection.php:215
Stack trace:
#0 /home/dnzwygdo/djuragancom/vendor/codeigniter4/framework/system/Database/BaseConnection.php(382): CodeIgniter\Database\MySQLi\Connection->connect()
#1 /home/dnzwygdo/djuragancom/vendor/codeigniter4/framework/system/Database/BaseConnection.php(588): CodeIgniter\Database\BaseConnection->initialize()
#2 /home/dnzwygdo/djuragancom/vendor/codeigniter4/framework/system/Database/BaseBuilder.php(1669): CodeIgniter\Database\BaseConnection->query()
#3 /home/dnzwygdo/djuragancom/vendor/codeigniter4/framework/system/Model.php(550): CodeIgniter\Database\BaseBuilder->countAllResults()
#4 /home/dnzwygdo/djuragancom/app/Models/InvoiceModel.php(202): CodeIgniter\Model->countAllResults()
#5 /home/dnzwygdo/djuragancom/app/Models/InvoiceModel.php(136): App\Models\InvoiceModel->counts()
#6 /home/dnzwygdo/djuragancom/app/Controllers/Api/Invoice.php(17): App\Models\InvoiceModel->getCount()
#7 /home/dnzwygdo/djuragancom/vendor/codeigniter4/framework/system/CodeIgniter.php(898): App\Controllers\Api\Invoice->counter_tab()
#8 /home/dnzwygdo/djuragancom/vendor/codeigniter4/framework/system/CodeIgniter.php(457): CodeIgniter\CodeIgniter->runController()
#9 /home/dnzwygdo/djuragancom/vendor/codeigniter4/framework/system/CodeIgniter.php(340): CodeIgniter\CodeIgniter->handleRequest()
#10 /home/dnzwygdo/public_html/index.php(67): CodeIgniter\CodeIgniter->run()
#11 {main}
CRITICAL - 2024-01-01 13:40:26 --> Unable to connect to the database.
Main connection [MySQLi]: Too many connections
in SYSTEMPATH/Database/BaseConnection.php on line 418.
 1 SYSTEMPATH/Database/BaseConnection.php(588): CodeIgniter\Database\BaseConnection->initialize()
 2 SYSTEMPATH/Database/BaseBuilder.php(1669): CodeIgniter\Database\BaseConnection->query()
 3 SYSTEMPATH/Model.php(550): CodeIgniter\Database\BaseBuilder->countAllResults()
 4 APPPATH/Models/InvoiceModel.php(202): CodeIgniter\Model->countAllResults()
 5 APPPATH/Models/InvoiceModel.php(136): App\Models\InvoiceModel->counts()
 6 APPPATH/Controllers/Api/Invoice.php(17): App\Models\InvoiceModel->getCount()
 7 SYSTEMPATH/CodeIgniter.php(898): App\Controllers\Api\Invoice->counter_tab()
 8 SYSTEMPATH/CodeIgniter.php(457): CodeIgniter\CodeIgniter->runController()
 9 SYSTEMPATH/CodeIgniter.php(340): CodeIgniter\CodeIgniter->handleRequest()
10 FCPATH/index.php(67): CodeIgniter\CodeIgniter->run()
ERROR - 2024-01-01 13:40:36 --> Error connecting to the database: mysqli_sql_exception: Too many connections in /home/dnzwygdo/djuragancom/vendor/codeigniter4/framework/system/Database/MySQLi/Connection.php:171
Stack trace:
#0 /home/dnzwygdo/djuragancom/vendor/codeigniter4/framework/system/Database/MySQLi/Connection.php(171): mysqli->real_connect()
#1 /home/dnzwygdo/djuragancom/vendor/codeigniter4/framework/system/Database/BaseConnection.php(382): CodeIgniter\Database\MySQLi\Connection->connect()
#2 /home/dnzwygdo/djuragancom/vendor/codeigniter4/framework/system/Database/BaseConnection.php(588): CodeIgniter\Database\BaseConnection->initialize()
#3 /home/dnzwygdo/djuragancom/vendor/codeigniter4/framework/system/Database/BaseBuilder.php(1669): CodeIgniter\Database\BaseConnection->query()
#4 /home/dnzwygdo/djuragancom/app/Controllers/Api/Notifikasi.php(37): CodeIgniter\Database\BaseBuilder->countAllResults()
#5 /home/dnzwygdo/djuragancom/vendor/codeigniter4/framework/system/CodeIgniter.php(898): App\Controllers\Api\Notifikasi->get()
#6 /home/dnzwygdo/djuragancom/vendor/codeigniter4/framework/system/CodeIgniter.php(457): CodeIgniter\CodeIgniter->runController()
#7 /home/dnzwygdo/djuragancom/vendor/codeigniter4/framework/system/CodeIgniter.php(340): CodeIgniter\CodeIgniter->handleRequest()
#8 /home/dnzwygdo/public_html/index.php(67): CodeIgniter\CodeIgniter->run()
#9 {main}

Next CodeIgniter\Database\Exceptions\DatabaseException: Too many connections in /home/dnzwygdo/djuragancom/vendor/codeigniter4/framework/system/Database/MySQLi/Connection.php:215
Stack trace:
#0 /home/dnzwygdo/djuragancom/vendor/codeigniter4/framework/system/Database/BaseConnection.php(382): CodeIgniter\Database\MySQLi\Connection->connect()
#1 /home/dnzwygdo/djuragancom/vendor/codeigniter4/framework/system/Database/BaseConnection.php(588): CodeIgniter\Database\BaseConnection->initialize()
#2 /home/dnzwygdo/djuragancom/vendor/codeigniter4/framework/system/Database/BaseBuilder.php(1669): CodeIgniter\Database\BaseConnection->query()
#3 /home/dnzwygdo/djuragancom/app/Controllers/Api/Notifikasi.php(37): CodeIgniter\Database\BaseBuilder->countAllResults()
#4 /home/dnzwygdo/djuragancom/vendor/codeigniter4/framework/system/CodeIgniter.php(898): App\Controllers\Api\Notifikasi->get()
#5 /home/dnzwygdo/djuragancom/vendor/codeigniter4/framework/system/CodeIgniter.php(457): CodeIgniter\CodeIgniter->runController()
#6 /home/dnzwygdo/djuragancom/vendor/codeigniter4/framework/system/CodeIgniter.php(340): CodeIgniter\CodeIgniter->handleRequest()
#7 /home/dnzwygdo/public_html/index.php(67): CodeIgniter\CodeIgniter->run()
#8 {main}
CRITICAL - 2024-01-01 13:40:36 --> Unable to connect to the database.
Main connection [MySQLi]: Too many connections
in SYSTEMPATH/Database/BaseConnection.php on line 418.
 1 SYSTEMPATH/Database/BaseConnection.php(588): CodeIgniter\Database\BaseConnection->initialize()
 2 SYSTEMPATH/Database/BaseBuilder.php(1669): CodeIgniter\Database\BaseConnection->query()
 3 APPPATH/Controllers/Api/Notifikasi.php(37): CodeIgniter\Database\BaseBuilder->countAllResults()
 4 SYSTEMPATH/CodeIgniter.php(898): App\Controllers\Api\Notifikasi->get()
 5 SYSTEMPATH/CodeIgniter.php(457): CodeIgniter\CodeIgniter->runController()
 6 SYSTEMPATH/CodeIgniter.php(340): CodeIgniter\CodeIgniter->handleRequest()
 7 FCPATH/index.php(67): CodeIgniter\CodeIgniter->run()
ERROR - 2024-01-01 13:40:40 --> Error connecting to the database: mysqli_sql_exception: Too many connections in /home/dnzwygdo/djuragancom/vendor/codeigniter4/framework/system/Database/MySQLi/Connection.php:171
Stack trace:
#0 /home/dnzwygdo/djuragancom/vendor/codeigniter4/framework/system/Database/MySQLi/Connection.php(171): mysqli->real_connect()
#1 /home/dnzwygdo/djuragancom/vendor/codeigniter4/framework/system/Database/BaseConnection.php(382): CodeIgniter\Database\MySQLi\Connection->connect()
#2 /home/dnzwygdo/djuragancom/vendor/codeigniter4/framework/system/Database/BaseConnection.php(588): CodeIgniter\Database\BaseConnection->initialize()
#3 /home/dnzwygdo/djuragancom/vendor/codeigniter4/framework/system/Database/BaseBuilder.php(1669): CodeIgniter\Database\BaseConnection->query()
#4 /home/dnzwygdo/djuragancom/vendor/codeigniter4/framework/system/Model.php(550): CodeIgniter\Database\BaseBuilder->countAllResults()
#5 /home/dnzwygdo/djuragancom/app/Models/InvoiceModel.php(202): CodeIgniter\Model->countAllResults()
#6 /home/dnzwygdo/djuragancom/app/Models/InvoiceModel.php(136): App\Models\InvoiceModel->counts()
#7 /home/dnzwygdo/djuragancom/app/Controllers/Api/Invoice.php(17): App\Models\InvoiceModel->getCount()
#8 /home/dnzwygdo/djuragancom/vendor/codeigniter4/framework/system/CodeIgniter.php(898): App\Controllers\Api\Invoice->counter_tab()
#9 /home/dnzwygdo/djuragancom/vendor/codeigniter4/framework/system/CodeIgniter.php(457): CodeIgniter\CodeIgniter->runController()
#10 /home/dnzwygdo/djuragancom/vendor/codeigniter4/framework/system/CodeIgniter.php(340): CodeIgniter\CodeIgniter->handleRequest()
#11 /home/dnzwygdo/public_html/index.php(67): CodeIgniter\CodeIgniter->run()
#12 {main}

Next CodeIgniter\Database\Exceptions\DatabaseException: Too many connections in /home/dnzwygdo/djuragancom/vendor/codeigniter4/framework/system/Database/MySQLi/Connection.php:215
Stack trace:
#0 /home/dnzwygdo/djuragancom/vendor/codeigniter4/framework/system/Database/BaseConnection.php(382): CodeIgniter\Database\MySQLi\Connection->connect()
#1 /home/dnzwygdo/djuragancom/vendor/codeigniter4/framework/system/Database/BaseConnection.php(588): CodeIgniter\Database\BaseConnection->initialize()
#2 /home/dnzwygdo/djuragancom/vendor/codeigniter4/framework/system/Database/BaseBuilder.php(1669): CodeIgniter\Database\BaseConnection->query()
#3 /home/dnzwygdo/djuragancom/vendor/codeigniter4/framework/system/Model.php(550): CodeIgniter\Database\BaseBuilder->countAllResults()
#4 /home/dnzwygdo/djuragancom/app/Models/InvoiceModel.php(202): CodeIgniter\Model->countAllResults()
#5 /home/dnzwygdo/djuragancom/app/Models/InvoiceModel.php(136): App\Models\InvoiceModel->counts()
#6 /home/dnzwygdo/djuragancom/app/Controllers/Api/Invoice.php(17): App\Models\InvoiceModel->getCount()
#7 /home/dnzwygdo/djuragancom/vendor/codeigniter4/framework/system/CodeIgniter.php(898): App\Controllers\Api\Invoice->counter_tab()
#8 /home/dnzwygdo/djuragancom/vendor/codeigniter4/framework/system/CodeIgniter.php(457): CodeIgniter\CodeIgniter->runController()
#9 /home/dnzwygdo/djuragancom/vendor/codeigniter4/framework/system/CodeIgniter.php(340): CodeIgniter\CodeIgniter->handleRequest()
#10 /home/dnzwygdo/public_html/index.php(67): CodeIgniter\CodeIgniter->run()
#11 {main}
CRITICAL - 2024-01-01 13:40:40 --> Unable to connect to the database.
Main connection [MySQLi]: Too many connections
in SYSTEMPATH/Database/BaseConnection.php on line 418.
 1 SYSTEMPATH/Database/BaseConnection.php(588): CodeIgniter\Database\BaseConnection->initialize()
 2 SYSTEMPATH/Database/BaseBuilder.php(1669): CodeIgniter\Database\BaseConnection->query()
 3 SYSTEMPATH/Model.php(550): CodeIgniter\Database\BaseBuilder->countAllResults()
 4 APPPATH/Models/InvoiceModel.php(202): CodeIgniter\Model->countAllResults()
 5 APPPATH/Models/InvoiceModel.php(136): App\Models\InvoiceModel->counts()
 6 APPPATH/Controllers/Api/Invoice.php(17): App\Models\InvoiceModel->getCount()
 7 SYSTEMPATH/CodeIgniter.php(898): App\Controllers\Api\Invoice->counter_tab()
 8 SYSTEMPATH/CodeIgniter.php(457): CodeIgniter\CodeIgniter->runController()
 9 SYSTEMPATH/CodeIgniter.php(340): CodeIgniter\CodeIgniter->handleRequest()
10 FCPATH/index.php(67): CodeIgniter\CodeIgniter->run()
ERROR - 2024-01-01 13:40:46 --> Error connecting to the database: mysqli_sql_exception: Too many connections in /home/dnzwygdo/djuragancom/vendor/codeigniter4/framework/system/Database/MySQLi/Connection.php:171
Stack trace:
#0 /home/dnzwygdo/djuragancom/vendor/codeigniter4/framework/system/Database/MySQLi/Connection.php(171): mysqli->real_connect()
#1 /home/dnzwygdo/djuragancom/vendor/codeigniter4/framework/system/Database/BaseConnection.php(382): CodeIgniter\Database\MySQLi\Connection->connect()
#2 /home/dnzwygdo/djuragancom/vendor/codeigniter4/framework/system/Database/BaseConnection.php(588): CodeIgniter\Database\BaseConnection->initialize()
#3 /home/dnzwygdo/djuragancom/vendor/codeigniter4/framework/system/Database/BaseBuilder.php(1916): CodeIgniter\Database\BaseConnection->query()
#4 /home/dnzwygdo/djuragancom/vendor/codeigniter4/framework/system/Model.php(278): CodeIgniter\Database\BaseBuilder->insert()
#5 /home/dnzwygdo/djuragancom/vendor/codeigniter4/framework/system/BaseModel.php(738): CodeIgniter\Model->doInsert()
#6 /home/dnzwygdo/djuragancom/vendor/codeigniter4/framework/system/Model.php(666): CodeIgniter\BaseModel->insert()
#7 /home/dnzwygdo/djuragancom/vendor/codeigniter4/framework/system/BaseModel.php(658): CodeIgniter\Model->insert()
#8 /home/dnzwygdo/djuragancom/app/Controllers/Api/Pengiriman.php(61): CodeIgniter\BaseModel->save()
#9 /home/dnzwygdo/djuragancom/vendor/codeigniter4/framework/system/CodeIgniter.php(898): App\Controllers\Api\Pengiriman->save()
#10 /home/dnzwygdo/djuragancom/vendor/codeigniter4/framework/system/CodeIgniter.php(457): CodeIgniter\CodeIgniter->runController()
#11 /home/dnzwygdo/djuragancom/vendor/codeigniter4/framework/system/CodeIgniter.php(340): CodeIgniter\CodeIgniter->handleRequest()
#12 /home/dnzwygdo/public_html/index.php(67): CodeIgniter\CodeIgniter->run()
#13 {main}

Next CodeIgniter\Database\Exceptions\DatabaseException: Too many connections in /home/dnzwygdo/djuragancom/vendor/codeigniter4/framework/system/Database/MySQLi/Connection.php:215
Stack trace:
#0 /home/dnzwygdo/djuragancom/vendor/codeigniter4/framework/system/Database/BaseConnection.php(382): CodeIgniter\Database\MySQLi\Connection->connect()
#1 /home/dnzwygdo/djuragancom/vendor/codeigniter4/framework/system/Database/BaseConnection.php(588): CodeIgniter\Database\BaseConnection->initialize()
#2 /home/dnzwygdo/djuragancom/vendor/codeigniter4/framework/system/Database/BaseBuilder.php(1916): CodeIgniter\Database\BaseConnection->query()
#3 /home/dnzwygdo/djuragancom/vendor/codeigniter4/framework/system/Model.php(278): CodeIgniter\Database\BaseBuilder->insert()
#4 /home/dnzwygdo/djuragancom/vendor/codeigniter4/framework/system/BaseModel.php(738): CodeIgniter\Model->doInsert()
#5 /home/dnzwygdo/djuragancom/vendor/codeigniter4/framework/system/Model.php(666): CodeIgniter\BaseModel->insert()
#6 /home/dnzwygdo/djuragancom/vendor/codeigniter4/framework/system/BaseModel.php(658): CodeIgniter\Model->insert()
#7 /home/dnzwygdo/djuragancom/app/Controllers/Api/Pengiriman.php(61): CodeIgniter\BaseModel->save()
#8 /home/dnzwygdo/djuragancom/vendor/codeigniter4/framework/system/CodeIgniter.php(898): App\Controllers\Api\Pengiriman->save()
#9 /home/dnzwygdo/djuragancom/vendor/codeigniter4/framework/system/CodeIgniter.php(457): CodeIgniter\CodeIgniter->runController()
#10 /home/dnzwygdo/djuragancom/vendor/codeigniter4/framework/system/CodeIgniter.php(340): CodeIgniter\CodeIgniter->handleRequest()
#11 /home/dnzwygdo/public_html/index.php(67): CodeIgniter\CodeIgniter->run()
#12 {main}
CRITICAL - 2024-01-01 13:40:46 --> Unable to connect to the database.
Main connection [MySQLi]: Too many connections
in SYSTEMPATH/Database/BaseConnection.php on line 418.
 1 SYSTEMPATH/Database/BaseConnection.php(588): CodeIgniter\Database\BaseConnection->initialize()
 2 SYSTEMPATH/Database/BaseBuilder.php(1916): CodeIgniter\Database\BaseConnection->query()
 3 SYSTEMPATH/Model.php(278): CodeIgniter\Database\BaseBuilder->insert()
 4 SYSTEMPATH/BaseModel.php(738): CodeIgniter\Model->doInsert()
 5 SYSTEMPATH/Model.php(666): CodeIgniter\BaseModel->insert()
 6 SYSTEMPATH/BaseModel.php(658): CodeIgniter\Model->insert()
 7 APPPATH/Controllers/Api/Pengiriman.php(61): CodeIgniter\BaseModel->save()
 8 SYSTEMPATH/CodeIgniter.php(898): App\Controllers\Api\Pengiriman->save()
 9 SYSTEMPATH/CodeIgniter.php(457): CodeIgniter\CodeIgniter->runController()
10 SYSTEMPATH/CodeIgniter.php(340): CodeIgniter\CodeIgniter->handleRequest()
11 FCPATH/index.php(67): CodeIgniter\CodeIgniter->run()
ERROR - 2024-01-01 13:40:51 --> Error connecting to the database: mysqli_sql_exception: Too many connections in /home/dnzwygdo/djuragancom/vendor/codeigniter4/framework/system/Database/MySQLi/Connection.php:171
Stack trace:
#0 /home/dnzwygdo/djuragancom/vendor/codeigniter4/framework/system/Database/MySQLi/Connection.php(171): mysqli->real_connect()
#1 /home/dnzwygdo/djuragancom/vendor/codeigniter4/framework/system/Database/BaseConnection.php(382): CodeIgniter\Database\MySQLi\Connection->connect()
#2 /home/dnzwygdo/djuragancom/vendor/codeigniter4/framework/system/Database/BaseConnection.php(588): CodeIgniter\Database\BaseConnection->initialize()
#3 /home/dnzwygdo/djuragancom/vendor/codeigniter4/framework/system/Database/BaseBuilder.php(1669): CodeIgniter\Database\BaseConnection->query()
#4 /home/dnzwygdo/djuragancom/app/Controllers/Api/Notifikasi.php(37): CodeIgniter\Database\BaseBuilder->countAllResults()
#5 /home/dnzwygdo/djuragancom/vendor/codeigniter4/framework/system/CodeIgniter.php(898): App\Controllers\Api\Notifikasi->get()
#6 /home/dnzwygdo/djuragancom/vendor/codeigniter4/framework/system/CodeIgniter.php(457): CodeIgniter\CodeIgniter->runController()
#7 /home/dnzwygdo/djuragancom/vendor/codeigniter4/framework/system/CodeIgniter.php(340): CodeIgniter\CodeIgniter->handleRequest()
#8 /home/dnzwygdo/public_html/index.php(67): CodeIgniter\CodeIgniter->run()
#9 {main}

Next CodeIgniter\Database\Exceptions\DatabaseException: Too many connections in /home/dnzwygdo/djuragancom/vendor/codeigniter4/framework/system/Database/MySQLi/Connection.php:215
Stack trace:
#0 /home/dnzwygdo/djuragancom/vendor/codeigniter4/framework/system/Database/BaseConnection.php(382): CodeIgniter\Database\MySQLi\Connection->connect()
#1 /home/dnzwygdo/djuragancom/vendor/codeigniter4/framework/system/Database/BaseConnection.php(588): CodeIgniter\Database\BaseConnection->initialize()
#2 /home/dnzwygdo/djuragancom/vendor/codeigniter4/framework/system/Database/BaseBuilder.php(1669): CodeIgniter\Database\BaseConnection->query()
#3 /home/dnzwygdo/djuragancom/app/Controllers/Api/Notifikasi.php(37): CodeIgniter\Database\BaseBuilder->countAllResults()
#4 /home/dnzwygdo/djuragancom/vendor/codeigniter4/framework/system/CodeIgniter.php(898): App\Controllers\Api\Notifikasi->get()
#5 /home/dnzwygdo/djuragancom/vendor/codeigniter4/framework/system/CodeIgniter.php(457): CodeIgniter\CodeIgniter->runController()
#6 /home/dnzwygdo/djuragancom/vendor/codeigniter4/framework/system/CodeIgniter.php(340): CodeIgniter\CodeIgniter->handleRequest()
#7 /home/dnzwygdo/public_html/index.php(67): CodeIgniter\CodeIgniter->run()
#8 {main}
CRITICAL - 2024-01-01 13:40:51 --> Unable to connect to the database.
Main connection [MySQLi]: Too many connections
in SYSTEMPATH/Database/BaseConnection.php on line 418.
 1 SYSTEMPATH/Database/BaseConnection.php(588): CodeIgniter\Database\BaseConnection->initialize()
 2 SYSTEMPATH/Database/BaseBuilder.php(1669): CodeIgniter\Database\BaseConnection->query()
 3 APPPATH/Controllers/Api/Notifikasi.php(37): CodeIgniter\Database\BaseBuilder->countAllResults()
 4 SYSTEMPATH/CodeIgniter.php(898): App\Controllers\Api\Notifikasi->get()
 5 SYSTEMPATH/CodeIgniter.php(457): CodeIgniter\CodeIgniter->runController()
 6 SYSTEMPATH/CodeIgniter.php(340): CodeIgniter\CodeIgniter->handleRequest()
 7 FCPATH/index.php(67): CodeIgniter\CodeIgniter->run()
ERROR - 2024-01-01 13:40:51 --> Error connecting to the database: mysqli_sql_exception: Too many connections in /home/dnzwygdo/djuragancom/vendor/codeigniter4/framework/system/Database/MySQLi/Connection.php:171
Stack trace:
#0 /home/dnzwygdo/djuragancom/vendor/codeigniter4/framework/system/Database/MySQLi/Connection.php(171): mysqli->real_connect()
#1 /home/dnzwygdo/djuragancom/vendor/codeigniter4/framework/system/Database/BaseConnection.php(382): CodeIgniter\Database\MySQLi\Connection->connect()
#2 /home/dnzwygdo/djuragancom/vendor/codeigniter4/framework/system/Database/BaseConnection.php(588): CodeIgniter\Database\BaseConnection->initialize()
#3 /home/dnzwygdo/djuragancom/vendor/codeigniter4/framework/system/Database/BaseBuilder.php(1669): CodeIgniter\Database\BaseConnection->query()
#4 /home/dnzwygdo/djuragancom/app/Controllers/Api/Notifikasi.php(37): CodeIgniter\Database\BaseBuilder->countAllResults()
#5 /home/dnzwygdo/djuragancom/vendor/codeigniter4/framework/system/CodeIgniter.php(898): App\Controllers\Api\Notifikasi->get()
#6 /home/dnzwygdo/djuragancom/vendor/codeigniter4/framework/system/CodeIgniter.php(457): CodeIgniter\CodeIgniter->runController()
#7 /home/dnzwygdo/djuragancom/vendor/codeigniter4/framework/system/CodeIgniter.php(340): CodeIgniter\CodeIgniter->handleRequest()
#8 /home/dnzwygdo/public_html/index.php(67): CodeIgniter\CodeIgniter->run()
#9 {main}

Next CodeIgniter\Database\Exceptions\DatabaseException: Too many connections in /home/dnzwygdo/djuragancom/vendor/codeigniter4/framework/system/Database/MySQLi/Connection.php:215
Stack trace:
#0 /home/dnzwygdo/djuragancom/vendor/codeigniter4/framework/system/Database/BaseConnection.php(382): CodeIgniter\Database\MySQLi\Connection->connect()
#1 /home/dnzwygdo/djuragancom/vendor/codeigniter4/framework/system/Database/BaseConnection.php(588): CodeIgniter\Database\BaseConnection->initialize()
#2 /home/dnzwygdo/djuragancom/vendor/codeigniter4/framework/system/Database/BaseBuilder.php(1669): CodeIgniter\Database\BaseConnection->query()
#3 /home/dnzwygdo/djuragancom/app/Controllers/Api/Notifikasi.php(37): CodeIgniter\Database\BaseBuilder->countAllResults()
#4 /home/dnzwygdo/djuragancom/vendor/codeigniter4/framework/system/CodeIgniter.php(898): App\Controllers\Api\Notifikasi->get()
#5 /home/dnzwygdo/djuragancom/vendor/codeigniter4/framework/system/CodeIgniter.php(457): CodeIgniter\CodeIgniter->runController()
#6 /home/dnzwygdo/djuragancom/vendor/codeigniter4/framework/system/CodeIgniter.php(340): CodeIgniter\CodeIgniter->handleRequest()
#7 /home/dnzwygdo/public_html/index.php(67): CodeIgniter\CodeIgniter->run()
#8 {main}
CRITICAL - 2024-01-01 13:40:51 --> Unable to connect to the database.
Main connection [MySQLi]: Too many connections
in SYSTEMPATH/Database/BaseConnection.php on line 418.
 1 SYSTEMPATH/Database/BaseConnection.php(588): CodeIgniter\Database\BaseConnection->initialize()
 2 SYSTEMPATH/Database/BaseBuilder.php(1669): CodeIgniter\Database\BaseConnection->query()
 3 APPPATH/Controllers/Api/Notifikasi.php(37): CodeIgniter\Database\BaseBuilder->countAllResults()
 4 SYSTEMPATH/CodeIgniter.php(898): App\Controllers\Api\Notifikasi->get()
 5 SYSTEMPATH/CodeIgniter.php(457): CodeIgniter\CodeIgniter->runController()
 6 SYSTEMPATH/CodeIgniter.php(340): CodeIgniter\CodeIgniter->handleRequest()
 7 FCPATH/index.php(67): CodeIgniter\CodeIgniter->run()
ERROR - 2024-01-01 13:40:51 --> Error connecting to the database: mysqli_sql_exception: Too many connections in /home/dnzwygdo/djuragancom/vendor/codeigniter4/framework/system/Database/MySQLi/Connection.php:171
Stack trace:
#0 /home/dnzwygdo/djuragancom/vendor/codeigniter4/framework/system/Database/MySQLi/Connection.php(171): mysqli->real_connect()
#1 /home/dnzwygdo/djuragancom/vendor/codeigniter4/framework/system/Database/BaseConnection.php(382): CodeIgniter\Database\MySQLi\Connection->connect()
#2 /home/dnzwygdo/djuragancom/vendor/codeigniter4/framework/system/Database/BaseConnection.php(588): CodeIgniter\Database\BaseConnection->initialize()
#3 /home/dnzwygdo/djuragancom/vendor/codeigniter4/framework/system/Database/BaseBuilder.php(1669): CodeIgniter\Database\BaseConnection->query()
#4 /home/dnzwygdo/djuragancom/vendor/codeigniter4/framework/system/Model.php(550): CodeIgniter\Database\BaseBuilder->countAllResults()
#5 /home/dnzwygdo/djuragancom/app/Models/InvoiceModel.php(202): CodeIgniter\Model->countAllResults()
#6 /home/dnzwygdo/djuragancom/app/Models/InvoiceModel.php(136): App\Models\InvoiceModel->counts()
#7 /home/dnzwygdo/djuragancom/app/Controllers/Api/Invoice.php(17): App\Models\InvoiceModel->getCount()
#8 /home/dnzwygdo/djuragancom/vendor/codeigniter4/framework/system/CodeIgniter.php(898): App\Controllers\Api\Invoice->counter_tab()
#9 /home/dnzwygdo/djuragancom/vendor/codeigniter4/framework/system/CodeIgniter.php(457): CodeIgniter\CodeIgniter->runController()
#10 /home/dnzwygdo/djuragancom/vendor/codeigniter4/framework/system/CodeIgniter.php(340): CodeIgniter\CodeIgniter->handleRequest()
#11 /home/dnzwygdo/public_html/index.php(67): CodeIgniter\CodeIgniter->run()
#12 {main}

Next CodeIgniter\Database\Exceptions\DatabaseException: Too many connections in /home/dnzwygdo/djuragancom/vendor/codeigniter4/framework/system/Database/MySQLi/Connection.php:215
Stack trace:
#0 /home/dnzwygdo/djuragancom/vendor/codeigniter4/framework/system/Database/BaseConnection.php(382): CodeIgniter\Database\MySQLi\Connection->connect()
#1 /home/dnzwygdo/djuragancom/vendor/codeigniter4/framework/system/Database/BaseConnection.php(588): CodeIgniter\Database\BaseConnection->initialize()
#2 /home/dnzwygdo/djuragancom/vendor/codeigniter4/framework/system/Database/BaseBuilder.php(1669): CodeIgniter\Database\BaseConnection->query()
#3 /home/dnzwygdo/djuragancom/vendor/codeigniter4/framework/system/Model.php(550): CodeIgniter\Database\BaseBuilder->countAllResults()
#4 /home/dnzwygdo/djuragancom/app/Models/InvoiceModel.php(202): CodeIgniter\Model->countAllResults()
#5 /home/dnzwygdo/djuragancom/app/Models/InvoiceModel.php(136): App\Models\InvoiceModel->counts()
#6 /home/dnzwygdo/djuragancom/app/Controllers/Api/Invoice.php(17): App\Models\InvoiceModel->getCount()
#7 /home/dnzwygdo/djuragancom/vendor/codeigniter4/framework/system/CodeIgniter.php(898): App\Controllers\Api\Invoice->counter_tab()
#8 /home/dnzwygdo/djuragancom/vendor/codeigniter4/framework/system/CodeIgniter.php(457): CodeIgniter\CodeIgniter->runController()
#9 /home/dnzwygdo/djuragancom/vendor/codeigniter4/framework/system/CodeIgniter.php(340): CodeIgniter\CodeIgniter->handleRequest()
#10 /home/dnzwygdo/public_html/index.php(67): CodeIgniter\CodeIgniter->run()
#11 {main}
CRITICAL - 2024-01-01 13:40:51 --> Unable to connect to the database.
Main connection [MySQLi]: Too many connections
in SYSTEMPATH/Database/BaseConnection.php on line 418.
 1 SYSTEMPATH/Database/BaseConnection.php(588): CodeIgniter\Database\BaseConnection->initialize()
 2 SYSTEMPATH/Database/BaseBuilder.php(1669): CodeIgniter\Database\BaseConnection->query()
 3 SYSTEMPATH/Model.php(550): CodeIgniter\Database\BaseBuilder->countAllResults()
 4 APPPATH/Models/InvoiceModel.php(202): CodeIgniter\Model->countAllResults()
 5 APPPATH/Models/InvoiceModel.php(136): App\Models\InvoiceModel->counts()
 6 APPPATH/Controllers/Api/Invoice.php(17): App\Models\InvoiceModel->getCount()
 7 SYSTEMPATH/CodeIgniter.php(898): App\Controllers\Api\Invoice->counter_tab()
 8 SYSTEMPATH/CodeIgniter.php(457): CodeIgniter\CodeIgniter->runController()
 9 SYSTEMPATH/CodeIgniter.php(340): CodeIgniter\CodeIgniter->handleRequest()
10 FCPATH/index.php(67): CodeIgniter\CodeIgniter->run()
ERROR - 2024-01-01 14:07:24 --> Error connecting to the database: mysqli_sql_exception: Too many connections in /home/dnzwygdo/djuragancom/vendor/codeigniter4/framework/system/Database/MySQLi/Connection.php:171
Stack trace:
#0 /home/dnzwygdo/djuragancom/vendor/codeigniter4/framework/system/Database/MySQLi/Connection.php(171): mysqli->real_connect()
#1 /home/dnzwygdo/djuragancom/vendor/codeigniter4/framework/system/Database/BaseConnection.php(382): CodeIgniter\Database\MySQLi\Connection->connect()
#2 /home/dnzwygdo/djuragancom/vendor/codeigniter4/framework/system/Database/BaseConnection.php(588): CodeIgniter\Database\BaseConnection->initialize()
#3 /home/dnzwygdo/djuragancom/vendor/codeigniter4/framework/system/Database/BaseBuilder.php(1669): CodeIgniter\Database\BaseConnection->query()
#4 /home/dnzwygdo/djuragancom/app/Controllers/Api/Notifikasi.php(37): CodeIgniter\Database\BaseBuilder->countAllResults()
#5 /home/dnzwygdo/djuragancom/vendor/codeigniter4/framework/system/CodeIgniter.php(898): App\Controllers\Api\Notifikasi->get()
#6 /home/dnzwygdo/djuragancom/vendor/codeigniter4/framework/system/CodeIgniter.php(457): CodeIgniter\CodeIgniter->runController()
#7 /home/dnzwygdo/djuragancom/vendor/codeigniter4/framework/system/CodeIgniter.php(340): CodeIgniter\CodeIgniter->handleRequest()
#8 /home/dnzwygdo/public_html/index.php(67): CodeIgniter\CodeIgniter->run()
#9 {main}

Next CodeIgniter\Database\Exceptions\DatabaseException: Too many connections in /home/dnzwygdo/djuragancom/vendor/codeigniter4/framework/system/Database/MySQLi/Connection.php:215
Stack trace:
#0 /home/dnzwygdo/djuragancom/vendor/codeigniter4/framework/system/Database/BaseConnection.php(382): CodeIgniter\Database\MySQLi\Connection->connect()
#1 /home/dnzwygdo/djuragancom/vendor/codeigniter4/framework/system/Database/BaseConnection.php(588): CodeIgniter\Database\BaseConnection->initialize()
#2 /home/dnzwygdo/djuragancom/vendor/codeigniter4/framework/system/Database/BaseBuilder.php(1669): CodeIgniter\Database\BaseConnection->query()
#3 /home/dnzwygdo/djuragancom/app/Controllers/Api/Notifikasi.php(37): CodeIgniter\Database\BaseBuilder->countAllResults()
#4 /home/dnzwygdo/djuragancom/vendor/codeigniter4/framework/system/CodeIgniter.php(898): App\Controllers\Api\Notifikasi->get()
#5 /home/dnzwygdo/djuragancom/vendor/codeigniter4/framework/system/CodeIgniter.php(457): CodeIgniter\CodeIgniter->runController()
#6 /home/dnzwygdo/djuragancom/vendor/codeigniter4/framework/system/CodeIgniter.php(340): CodeIgniter\CodeIgniter->handleRequest()
#7 /home/dnzwygdo/public_html/index.php(67): CodeIgniter\CodeIgniter->run()
#8 {main}
CRITICAL - 2024-01-01 14:07:24 --> Unable to connect to the database.
Main connection [MySQLi]: Too many connections
in SYSTEMPATH/Database/BaseConnection.php on line 418.
 1 SYSTEMPATH/Database/BaseConnection.php(588): CodeIgniter\Database\BaseConnection->initialize()
 2 SYSTEMPATH/Database/BaseBuilder.php(1669): CodeIgniter\Database\BaseConnection->query()
 3 APPPATH/Controllers/Api/Notifikasi.php(37): CodeIgniter\Database\BaseBuilder->countAllResults()
 4 SYSTEMPATH/CodeIgniter.php(898): App\Controllers\Api\Notifikasi->get()
 5 SYSTEMPATH/CodeIgniter.php(457): CodeIgniter\CodeIgniter->runController()
 6 SYSTEMPATH/CodeIgniter.php(340): CodeIgniter\CodeIgniter->handleRequest()
 7 FCPATH/index.php(67): CodeIgniter\CodeIgniter->run()
ERROR - 2024-01-01 14:07:25 --> Error connecting to the database: mysqli_sql_exception: Too many connections in /home/dnzwygdo/djuragancom/vendor/codeigniter4/framework/system/Database/MySQLi/Connection.php:171
Stack trace:
#0 /home/dnzwygdo/djuragancom/vendor/codeigniter4/framework/system/Database/MySQLi/Connection.php(171): mysqli->real_connect()
#1 /home/dnzwygdo/djuragancom/vendor/codeigniter4/framework/system/Database/BaseConnection.php(382): CodeIgniter\Database\MySQLi\Connection->connect()
#2 /home/dnzwygdo/djuragancom/vendor/codeigniter4/framework/system/Database/BaseConnection.php(588): CodeIgniter\Database\BaseConnection->initialize()
#3 /home/dnzwygdo/djuragancom/vendor/codeigniter4/framework/system/Database/BaseBuilder.php(1669): CodeIgniter\Database\BaseConnection->query()
#4 /home/dnzwygdo/djuragancom/app/Controllers/Api/Notifikasi.php(37): CodeIgniter\Database\BaseBuilder->countAllResults()
#5 /home/dnzwygdo/djuragancom/vendor/codeigniter4/framework/system/CodeIgniter.php(898): App\Controllers\Api\Notifikasi->get()
#6 /home/dnzwygdo/djuragancom/vendor/codeigniter4/framework/system/CodeIgniter.php(457): CodeIgniter\CodeIgniter->runController()
#7 /home/dnzwygdo/djuragancom/vendor/codeigniter4/framework/system/CodeIgniter.php(340): CodeIgniter\CodeIgniter->handleRequest()
#8 /home/dnzwygdo/public_html/index.php(67): CodeIgniter\CodeIgniter->run()
#9 {main}

Next CodeIgniter\Database\Exceptions\DatabaseException: Too many connections in /home/dnzwygdo/djuragancom/vendor/codeigniter4/framework/system/Database/MySQLi/Connection.php:215
Stack trace:
#0 /home/dnzwygdo/djuragancom/vendor/codeigniter4/framework/system/Database/BaseConnection.php(382): CodeIgniter\Database\MySQLi\Connection->connect()
#1 /home/dnzwygdo/djuragancom/vendor/codeigniter4/framework/system/Database/BaseConnection.php(588): CodeIgniter\Database\BaseConnection->initialize()
#2 /home/dnzwygdo/djuragancom/vendor/codeigniter4/framework/system/Database/BaseBuilder.php(1669): CodeIgniter\Database\BaseConnection->query()
#3 /home/dnzwygdo/djuragancom/app/Controllers/Api/Notifikasi.php(37): CodeIgniter\Database\BaseBuilder->countAllResults()
#4 /home/dnzwygdo/djuragancom/vendor/codeigniter4/framework/system/CodeIgniter.php(898): App\Controllers\Api\Notifikasi->get()
#5 /home/dnzwygdo/djuragancom/vendor/codeigniter4/framework/system/CodeIgniter.php(457): CodeIgniter\CodeIgniter->runController()
#6 /home/dnzwygdo/djuragancom/vendor/codeigniter4/framework/system/CodeIgniter.php(340): CodeIgniter\CodeIgniter->handleRequest()
#7 /home/dnzwygdo/public_html/index.php(67): CodeIgniter\CodeIgniter->run()
#8 {main}
CRITICAL - 2024-01-01 14:07:25 --> Unable to connect to the database.
Main connection [MySQLi]: Too many connections
in SYSTEMPATH/Database/BaseConnection.php on line 418.
 1 SYSTEMPATH/Database/BaseConnection.php(588): CodeIgniter\Database\BaseConnection->initialize()
 2 SYSTEMPATH/Database/BaseBuilder.php(1669): CodeIgniter\Database\BaseConnection->query()
 3 APPPATH/Controllers/Api/Notifikasi.php(37): CodeIgniter\Database\BaseBuilder->countAllResults()
 4 SYSTEMPATH/CodeIgniter.php(898): App\Controllers\Api\Notifikasi->get()
 5 SYSTEMPATH/CodeIgniter.php(457): CodeIgniter\CodeIgniter->runController()
 6 SYSTEMPATH/CodeIgniter.php(340): CodeIgniter\CodeIgniter->handleRequest()
 7 FCPATH/index.php(67): CodeIgniter\CodeIgniter->run()
ERROR - 2024-01-01 14:10:13 --> Error connecting to the database: mysqli_sql_exception: Too many connections in /home/dnzwygdo/djuragancom/vendor/codeigniter4/framework/system/Database/MySQLi/Connection.php:171
Stack trace:
#0 /home/dnzwygdo/djuragancom/vendor/codeigniter4/framework/system/Database/MySQLi/Connection.php(171): mysqli->real_connect()
#1 /home/dnzwygdo/djuragancom/vendor/codeigniter4/framework/system/Database/BaseConnection.php(382): CodeIgniter\Database\MySQLi\Connection->connect()
#2 /home/dnzwygdo/djuragancom/vendor/codeigniter4/framework/system/Database/BaseConnection.php(588): CodeIgniter\Database\BaseConnection->initialize()
#3 /home/dnzwygdo/djuragancom/vendor/codeigniter4/framework/system/Database/BaseBuilder.php(1669): CodeIgniter\Database\BaseConnection->query()
#4 /home/dnzwygdo/djuragancom/app/Controllers/Api/Notifikasi.php(37): CodeIgniter\Database\BaseBuilder->countAllResults()
#5 /home/dnzwygdo/djuragancom/vendor/codeigniter4/framework/system/CodeIgniter.php(898): App\Controllers\Api\Notifikasi->get()
#6 /home/dnzwygdo/djuragancom/vendor/codeigniter4/framework/system/CodeIgniter.php(457): CodeIgniter\CodeIgniter->runController()
#7 /home/dnzwygdo/djuragancom/vendor/codeigniter4/framework/system/CodeIgniter.php(340): CodeIgniter\CodeIgniter->handleRequest()
#8 /home/dnzwygdo/public_html/index.php(67): CodeIgniter\CodeIgniter->run()
#9 {main}

Next CodeIgniter\Database\Exceptions\DatabaseException: Too many connections in /home/dnzwygdo/djuragancom/vendor/codeigniter4/framework/system/Database/MySQLi/Connection.php:215
Stack trace:
#0 /home/dnzwygdo/djuragancom/vendor/codeigniter4/framework/system/Database/BaseConnection.php(382): CodeIgniter\Database\MySQLi\Connection->connect()
#1 /home/dnzwygdo/djuragancom/vendor/codeigniter4/framework/system/Database/BaseConnection.php(588): CodeIgniter\Database\BaseConnection->initialize()
#2 /home/dnzwygdo/djuragancom/vendor/codeigniter4/framework/system/Database/BaseBuilder.php(1669): CodeIgniter\Database\BaseConnection->query()
#3 /home/dnzwygdo/djuragancom/app/Controllers/Api/Notifikasi.php(37): CodeIgniter\Database\BaseBuilder->countAllResults()
#4 /home/dnzwygdo/djuragancom/vendor/codeigniter4/framework/system/CodeIgniter.php(898): App\Controllers\Api\Notifikasi->get()
#5 /home/dnzwygdo/djuragancom/vendor/codeigniter4/framework/system/CodeIgniter.php(457): CodeIgniter\CodeIgniter->runController()
#6 /home/dnzwygdo/djuragancom/vendor/codeigniter4/framework/system/CodeIgniter.php(340): CodeIgniter\CodeIgniter->handleRequest()
#7 /home/dnzwygdo/public_html/index.php(67): CodeIgniter\CodeIgniter->run()
#8 {main}
CRITICAL - 2024-01-01 14:10:14 --> Unable to connect to the database.
Main connection [MySQLi]: Too many connections
in SYSTEMPATH/Database/BaseConnection.php on line 418.
 1 SYSTEMPATH/Database/BaseConnection.php(588): CodeIgniter\Database\BaseConnection->initialize()
 2 SYSTEMPATH/Database/BaseBuilder.php(1669): CodeIgniter\Database\BaseConnection->query()
 3 APPPATH/Controllers/Api/Notifikasi.php(37): CodeIgniter\Database\BaseBuilder->countAllResults()
 4 SYSTEMPATH/CodeIgniter.php(898): App\Controllers\Api\Notifikasi->get()
 5 SYSTEMPATH/CodeIgniter.php(457): CodeIgniter\CodeIgniter->runController()
 6 SYSTEMPATH/CodeIgniter.php(340): CodeIgniter\CodeIgniter->handleRequest()
 7 FCPATH/index.php(67): CodeIgniter\CodeIgniter->run()
ERROR - 2024-01-01 14:10:23 --> Error connecting to the database: mysqli_sql_exception: Too many connections in /home/dnzwygdo/djuragancom/vendor/codeigniter4/framework/system/Database/MySQLi/Connection.php:171
Stack trace:
#0 /home/dnzwygdo/djuragancom/vendor/codeigniter4/framework/system/Database/MySQLi/Connection.php(171): mysqli->real_connect()
#1 /home/dnzwygdo/djuragancom/vendor/codeigniter4/framework/system/Database/BaseConnection.php(382): CodeIgniter\Database\MySQLi\Connection->connect()
#2 /home/dnzwygdo/djuragancom/vendor/codeigniter4/framework/system/Database/BaseConnection.php(588): CodeIgniter\Database\BaseConnection->initialize()
#3 /home/dnzwygdo/djuragancom/vendor/codeigniter4/framework/system/Database/BaseBuilder.php(1669): CodeIgniter\Database\BaseConnection->query()
#4 /home/dnzwygdo/djuragancom/app/Controllers/Api/Notifikasi.php(37): CodeIgniter\Database\BaseBuilder->countAllResults()
#5 /home/dnzwygdo/djuragancom/vendor/codeigniter4/framework/system/CodeIgniter.php(898): App\Controllers\Api\Notifikasi->get()
#6 /home/dnzwygdo/djuragancom/vendor/codeigniter4/framework/system/CodeIgniter.php(457): CodeIgniter\CodeIgniter->runController()
#7 /home/dnzwygdo/djuragancom/vendor/codeigniter4/framework/system/CodeIgniter.php(340): CodeIgniter\CodeIgniter->handleRequest()
#8 /home/dnzwygdo/public_html/index.php(67): CodeIgniter\CodeIgniter->run()
#9 {main}

Next CodeIgniter\Database\Exceptions\DatabaseException: Too many connections in /home/dnzwygdo/djuragancom/vendor/codeigniter4/framework/system/Database/MySQLi/Connection.php:215
Stack trace:
#0 /home/dnzwygdo/djuragancom/vendor/codeigniter4/framework/system/Database/BaseConnection.php(382): CodeIgniter\Database\MySQLi\Connection->connect()
#1 /home/dnzwygdo/djuragancom/vendor/codeigniter4/framework/system/Database/BaseConnection.php(588): CodeIgniter\Database\BaseConnection->initialize()
#2 /home/dnzwygdo/djuragancom/vendor/codeigniter4/framework/system/Database/BaseBuilder.php(1669): CodeIgniter\Database\BaseConnection->query()
#3 /home/dnzwygdo/djuragancom/app/Controllers/Api/Notifikasi.php(37): CodeIgniter\Database\BaseBuilder->countAllResults()
#4 /home/dnzwygdo/djuragancom/vendor/codeigniter4/framework/system/CodeIgniter.php(898): App\Controllers\Api\Notifikasi->get()
#5 /home/dnzwygdo/djuragancom/vendor/codeigniter4/framework/system/CodeIgniter.php(457): CodeIgniter\CodeIgniter->runController()
#6 /home/dnzwygdo/djuragancom/vendor/codeigniter4/framework/system/CodeIgniter.php(340): CodeIgniter\CodeIgniter->handleRequest()
#7 /home/dnzwygdo/public_html/index.php(67): CodeIgniter\CodeIgniter->run()
#8 {main}
CRITICAL - 2024-01-01 14:10:23 --> Unable to connect to the database.
Main connection [MySQLi]: Too many connections
in SYSTEMPATH/Database/BaseConnection.php on line 418.
 1 SYSTEMPATH/Database/BaseConnection.php(588): CodeIgniter\Database\BaseConnection->initialize()
 2 SYSTEMPATH/Database/BaseBuilder.php(1669): CodeIgniter\Database\BaseConnection->query()
 3 APPPATH/Controllers/Api/Notifikasi.php(37): CodeIgniter\Database\BaseBuilder->countAllResults()
 4 SYSTEMPATH/CodeIgniter.php(898): App\Controllers\Api\Notifikasi->get()
 5 SYSTEMPATH/CodeIgniter.php(457): CodeIgniter\CodeIgniter->runController()
 6 SYSTEMPATH/CodeIgniter.php(340): CodeIgniter\CodeIgniter->handleRequest()
 7 FCPATH/index.php(67): CodeIgniter\CodeIgniter->run()
ERROR - 2024-01-01 14:10:28 --> Error connecting to the database: mysqli_sql_exception: Too many connections in /home/dnzwygdo/djuragancom/vendor/codeigniter4/framework/system/Database/MySQLi/Connection.php:171
Stack trace:
#0 /home/dnzwygdo/djuragancom/vendor/codeigniter4/framework/system/Database/MySQLi/Connection.php(171): mysqli->real_connect()
#1 /home/dnzwygdo/djuragancom/vendor/codeigniter4/framework/system/Database/BaseConnection.php(382): CodeIgniter\Database\MySQLi\Connection->connect()
#2 /home/dnzwygdo/djuragancom/vendor/codeigniter4/framework/system/Database/BaseConnection.php(588): CodeIgniter\Database\BaseConnection->initialize()
#3 /home/dnzwygdo/djuragancom/vendor/codeigniter4/framework/system/Database/BaseBuilder.php(1669): CodeIgniter\Database\BaseConnection->query()
#4 /home/dnzwygdo/djuragancom/app/Controllers/Api/Notifikasi.php(37): CodeIgniter\Database\BaseBuilder->countAllResults()
#5 /home/dnzwygdo/djuragancom/vendor/codeigniter4/framework/system/CodeIgniter.php(898): App\Controllers\Api\Notifikasi->get()
#6 /home/dnzwygdo/djuragancom/vendor/codeigniter4/framework/system/CodeIgniter.php(457): CodeIgniter\CodeIgniter->runController()
#7 /home/dnzwygdo/djuragancom/vendor/codeigniter4/framework/system/CodeIgniter.php(340): CodeIgniter\CodeIgniter->handleRequest()
#8 /home/dnzwygdo/public_html/index.php(67): CodeIgniter\CodeIgniter->run()
#9 {main}

Next CodeIgniter\Database\Exceptions\DatabaseException: Too many connections in /home/dnzwygdo/djuragancom/vendor/codeigniter4/framework/system/Database/MySQLi/Connection.php:215
Stack trace:
#0 /home/dnzwygdo/djuragancom/vendor/codeigniter4/framework/system/Database/BaseConnection.php(382): CodeIgniter\Database\MySQLi\Connection->connect()
#1 /home/dnzwygdo/djuragancom/vendor/codeigniter4/framework/system/Database/BaseConnection.php(588): CodeIgniter\Database\BaseConnection->initialize()
#2 /home/dnzwygdo/djuragancom/vendor/codeigniter4/framework/system/Database/BaseBuilder.php(1669): CodeIgniter\Database\BaseConnection->query()
#3 /home/dnzwygdo/djuragancom/app/Controllers/Api/Notifikasi.php(37): CodeIgniter\Database\BaseBuilder->countAllResults()
#4 /home/dnzwygdo/djuragancom/vendor/codeigniter4/framework/system/CodeIgniter.php(898): App\Controllers\Api\Notifikasi->get()
#5 /home/dnzwygdo/djuragancom/vendor/codeigniter4/framework/system/CodeIgniter.php(457): CodeIgniter\CodeIgniter->runController()
#6 /home/dnzwygdo/djuragancom/vendor/codeigniter4/framework/system/CodeIgniter.php(340): CodeIgniter\CodeIgniter->handleRequest()
#7 /home/dnzwygdo/public_html/index.php(67): CodeIgniter\CodeIgniter->run()
#8 {main}
CRITICAL - 2024-01-01 14:10:28 --> Unable to connect to the database.
Main connection [MySQLi]: Too many connections
in SYSTEMPATH/Database/BaseConnection.php on line 418.
 1 SYSTEMPATH/Database/BaseConnection.php(588): CodeIgniter\Database\BaseConnection->initialize()
 2 SYSTEMPATH/Database/BaseBuilder.php(1669): CodeIgniter\Database\BaseConnection->query()
 3 APPPATH/Controllers/Api/Notifikasi.php(37): CodeIgniter\Database\BaseBuilder->countAllResults()
 4 SYSTEMPATH/CodeIgniter.php(898): App\Controllers\Api\Notifikasi->get()
 5 SYSTEMPATH/CodeIgniter.php(457): CodeIgniter\CodeIgniter->runController()
 6 SYSTEMPATH/CodeIgniter.php(340): CodeIgniter\CodeIgniter->handleRequest()
 7 FCPATH/index.php(67): CodeIgniter\CodeIgniter->run()
ERROR - 2024-01-01 14:10:33 --> Error connecting to the database: mysqli_sql_exception: Too many connections in /home/dnzwygdo/djuragancom/vendor/codeigniter4/framework/system/Database/MySQLi/Connection.php:171
Stack trace:
#0 /home/dnzwygdo/djuragancom/vendor/codeigniter4/framework/system/Database/MySQLi/Connection.php(171): mysqli->real_connect()
#1 /home/dnzwygdo/djuragancom/vendor/codeigniter4/framework/system/Database/BaseConnection.php(382): CodeIgniter\Database\MySQLi\Connection->connect()
#2 /home/dnzwygdo/djuragancom/vendor/codeigniter4/framework/system/Database/BaseConnection.php(588): CodeIgniter\Database\BaseConnection->initialize()
#3 /home/dnzwygdo/djuragancom/vendor/codeigniter4/framework/system/Database/BaseBuilder.php(1669): CodeIgniter\Database\BaseConnection->query()
#4 /home/dnzwygdo/djuragancom/app/Controllers/Api/Notifikasi.php(37): CodeIgniter\Database\BaseBuilder->countAllResults()
#5 /home/dnzwygdo/djuragancom/vendor/codeigniter4/framework/system/CodeIgniter.php(898): App\Controllers\Api\Notifikasi->get()
#6 /home/dnzwygdo/djuragancom/vendor/codeigniter4/framework/system/CodeIgniter.php(457): CodeIgniter\CodeIgniter->runController()
#7 /home/dnzwygdo/djuragancom/vendor/codeigniter4/framework/system/CodeIgniter.php(340): CodeIgniter\CodeIgniter->handleRequest()
#8 /home/dnzwygdo/public_html/index.php(67): CodeIgniter\CodeIgniter->run()
#9 {main}

Next CodeIgniter\Database\Exceptions\DatabaseException: Too many connections in /home/dnzwygdo/djuragancom/vendor/codeigniter4/framework/system/Database/MySQLi/Connection.php:215
Stack trace:
#0 /home/dnzwygdo/djuragancom/vendor/codeigniter4/framework/system/Database/BaseConnection.php(382): CodeIgniter\Database\MySQLi\Connection->connect()
#1 /home/dnzwygdo/djuragancom/vendor/codeigniter4/framework/system/Database/BaseConnection.php(588): CodeIgniter\Database\BaseConnection->initialize()
#2 /home/dnzwygdo/djuragancom/vendor/codeigniter4/framework/system/Database/BaseBuilder.php(1669): CodeIgniter\Database\BaseConnection->query()
#3 /home/dnzwygdo/djuragancom/app/Controllers/Api/Notifikasi.php(37): CodeIgniter\Database\BaseBuilder->countAllResults()
#4 /home/dnzwygdo/djuragancom/vendor/codeigniter4/framework/system/CodeIgniter.php(898): App\Controllers\Api\Notifikasi->get()
#5 /home/dnzwygdo/djuragancom/vendor/codeigniter4/framework/system/CodeIgniter.php(457): CodeIgniter\CodeIgniter->runController()
#6 /home/dnzwygdo/djuragancom/vendor/codeigniter4/framework/system/CodeIgniter.php(340): CodeIgniter\CodeIgniter->handleRequest()
#7 /home/dnzwygdo/public_html/index.php(67): CodeIgniter\CodeIgniter->run()
#8 {main}
CRITICAL - 2024-01-01 14:10:33 --> Unable to connect to the database.
Main connection [MySQLi]: Too many connections
in SYSTEMPATH/Database/BaseConnection.php on line 418.
 1 SYSTEMPATH/Database/BaseConnection.php(588): CodeIgniter\Database\BaseConnection->initialize()
 2 SYSTEMPATH/Database/BaseBuilder.php(1669): CodeIgniter\Database\BaseConnection->query()
 3 APPPATH/Controllers/Api/Notifikasi.php(37): CodeIgniter\Database\BaseBuilder->countAllResults()
 4 SYSTEMPATH/CodeIgniter.php(898): App\Controllers\Api\Notifikasi->get()
 5 SYSTEMPATH/CodeIgniter.php(457): CodeIgniter\CodeIgniter->runController()
 6 SYSTEMPATH/CodeIgniter.php(340): CodeIgniter\CodeIgniter->handleRequest()
 7 FCPATH/index.php(67): CodeIgniter\CodeIgniter->run()
ERROR - 2024-01-01 14:10:57 --> Error connecting to the database: mysqli_sql_exception: Too many connections in /home/dnzwygdo/djuragancom/vendor/codeigniter4/framework/system/Database/MySQLi/Connection.php:171
Stack trace:
#0 /home/dnzwygdo/djuragancom/vendor/codeigniter4/framework/system/Database/MySQLi/Connection.php(171): mysqli->real_connect()
#1 /home/dnzwygdo/djuragancom/vendor/codeigniter4/framework/system/Database/BaseConnection.php(382): CodeIgniter\Database\MySQLi\Connection->connect()
#2 /home/dnzwygdo/djuragancom/vendor/codeigniter4/framework/system/Database/BaseConnection.php(588): CodeIgniter\Database\BaseConnection->initialize()
#3 /home/dnzwygdo/djuragancom/vendor/codeigniter4/framework/system/Database/BaseBuilder.php(1669): CodeIgniter\Database\BaseConnection->query()
#4 /home/dnzwygdo/djuragancom/app/Controllers/Api/Notifikasi.php(37): CodeIgniter\Database\BaseBuilder->countAllResults()
#5 /home/dnzwygdo/djuragancom/vendor/codeigniter4/framework/system/CodeIgniter.php(898): App\Controllers\Api\Notifikasi->get()
#6 /home/dnzwygdo/djuragancom/vendor/codeigniter4/framework/system/CodeIgniter.php(457): CodeIgniter\CodeIgniter->runController()
#7 /home/dnzwygdo/djuragancom/vendor/codeigniter4/framework/system/CodeIgniter.php(340): CodeIgniter\CodeIgniter->handleRequest()
#8 /home/dnzwygdo/public_html/index.php(67): CodeIgniter\CodeIgniter->run()
#9 {main}

Next CodeIgniter\Database\Exceptions\DatabaseException: Too many connections in /home/dnzwygdo/djuragancom/vendor/codeigniter4/framework/system/Database/MySQLi/Connection.php:215
Stack trace:
#0 /home/dnzwygdo/djuragancom/vendor/codeigniter4/framework/system/Database/BaseConnection.php(382): CodeIgniter\Database\MySQLi\Connection->connect()
#1 /home/dnzwygdo/djuragancom/vendor/codeigniter4/framework/system/Database/BaseConnection.php(588): CodeIgniter\Database\BaseConnection->initialize()
#2 /home/dnzwygdo/djuragancom/vendor/codeigniter4/framework/system/Database/BaseBuilder.php(1669): CodeIgniter\Database\BaseConnection->query()
#3 /home/dnzwygdo/djuragancom/app/Controllers/Api/Notifikasi.php(37): CodeIgniter\Database\BaseBuilder->countAllResults()
#4 /home/dnzwygdo/djuragancom/vendor/codeigniter4/framework/system/CodeIgniter.php(898): App\Controllers\Api\Notifikasi->get()
#5 /home/dnzwygdo/djuragancom/vendor/codeigniter4/framework/system/CodeIgniter.php(457): CodeIgniter\CodeIgniter->runController()
#6 /home/dnzwygdo/djuragancom/vendor/codeigniter4/framework/system/CodeIgniter.php(340): CodeIgniter\CodeIgniter->handleRequest()
#7 /home/dnzwygdo/public_html/index.php(67): CodeIgniter\CodeIgniter->run()
#8 {main}
CRITICAL - 2024-01-01 14:10:57 --> Unable to connect to the database.
Main connection [MySQLi]: Too many connections
in SYSTEMPATH/Database/BaseConnection.php on line 418.
 1 SYSTEMPATH/Database/BaseConnection.php(588): CodeIgniter\Database\BaseConnection->initialize()
 2 SYSTEMPATH/Database/BaseBuilder.php(1669): CodeIgniter\Database\BaseConnection->query()
 3 APPPATH/Controllers/Api/Notifikasi.php(37): CodeIgniter\Database\BaseBuilder->countAllResults()
 4 SYSTEMPATH/CodeIgniter.php(898): App\Controllers\Api\Notifikasi->get()
 5 SYSTEMPATH/CodeIgniter.php(457): CodeIgniter\CodeIgniter->runController()
 6 SYSTEMPATH/CodeIgniter.php(340): CodeIgniter\CodeIgniter->handleRequest()
 7 FCPATH/index.php(67): CodeIgniter\CodeIgniter->run()
ERROR - 2024-01-01 14:10:58 --> Error connecting to the database: mysqli_sql_exception: Too many connections in /home/dnzwygdo/djuragancom/vendor/codeigniter4/framework/system/Database/MySQLi/Connection.php:171
Stack trace:
#0 /home/dnzwygdo/djuragancom/vendor/codeigniter4/framework/system/Database/MySQLi/Connection.php(171): mysqli->real_connect()
#1 /home/dnzwygdo/djuragancom/vendor/codeigniter4/framework/system/Database/BaseConnection.php(382): CodeIgniter\Database\MySQLi\Connection->connect()
#2 /home/dnzwygdo/djuragancom/vendor/codeigniter4/framework/system/Database/BaseConnection.php(588): CodeIgniter\Database\BaseConnection->initialize()
#3 /home/dnzwygdo/djuragancom/vendor/codeigniter4/framework/system/Database/BaseBuilder.php(1669): CodeIgniter\Database\BaseConnection->query()
#4 /home/dnzwygdo/djuragancom/app/Controllers/Api/Notifikasi.php(37): CodeIgniter\Database\BaseBuilder->countAllResults()
#5 /home/dnzwygdo/djuragancom/vendor/codeigniter4/framework/system/CodeIgniter.php(898): App\Controllers\Api\Notifikasi->get()
#6 /home/dnzwygdo/djuragancom/vendor/codeigniter4/framework/system/CodeIgniter.php(457): CodeIgniter\CodeIgniter->runController()
#7 /home/dnzwygdo/djuragancom/vendor/codeigniter4/framework/system/CodeIgniter.php(340): CodeIgniter\CodeIgniter->handleRequest()
#8 /home/dnzwygdo/public_html/index.php(67): CodeIgniter\CodeIgniter->run()
#9 {main}

Next CodeIgniter\Database\Exceptions\DatabaseException: Too many connections in /home/dnzwygdo/djuragancom/vendor/codeigniter4/framework/system/Database/MySQLi/Connection.php:215
Stack trace:
#0 /home/dnzwygdo/djuragancom/vendor/codeigniter4/framework/system/Database/BaseConnection.php(382): CodeIgniter\Database\MySQLi\Connection->connect()
#1 /home/dnzwygdo/djuragancom/vendor/codeigniter4/framework/system/Database/BaseConnection.php(588): CodeIgniter\Database\BaseConnection->initialize()
#2 /home/dnzwygdo/djuragancom/vendor/codeigniter4/framework/system/Database/BaseBuilder.php(1669): CodeIgniter\Database\BaseConnection->query()
#3 /home/dnzwygdo/djuragancom/app/Controllers/Api/Notifikasi.php(37): CodeIgniter\Database\BaseBuilder->countAllResults()
#4 /home/dnzwygdo/djuragancom/vendor/codeigniter4/framework/system/CodeIgniter.php(898): App\Controllers\Api\Notifikasi->get()
#5 /home/dnzwygdo/djuragancom/vendor/codeigniter4/framework/system/CodeIgniter.php(457): CodeIgniter\CodeIgniter->runController()
#6 /home/dnzwygdo/djuragancom/vendor/codeigniter4/framework/system/CodeIgniter.php(340): CodeIgniter\CodeIgniter->handleRequest()
#7 /home/dnzwygdo/public_html/index.php(67): CodeIgniter\CodeIgniter->run()
#8 {main}
CRITICAL - 2024-01-01 14:10:58 --> Unable to connect to the database.
Main connection [MySQLi]: Too many connections
in SYSTEMPATH/Database/BaseConnection.php on line 418.
 1 SYSTEMPATH/Database/BaseConnection.php(588): CodeIgniter\Database\BaseConnection->initialize()
 2 SYSTEMPATH/Database/BaseBuilder.php(1669): CodeIgniter\Database\BaseConnection->query()
 3 APPPATH/Controllers/Api/Notifikasi.php(37): CodeIgniter\Database\BaseBuilder->countAllResults()
 4 SYSTEMPATH/CodeIgniter.php(898): App\Controllers\Api\Notifikasi->get()
 5 SYSTEMPATH/CodeIgniter.php(457): CodeIgniter\CodeIgniter->runController()
 6 SYSTEMPATH/CodeIgniter.php(340): CodeIgniter\CodeIgniter->handleRequest()
 7 FCPATH/index.php(67): CodeIgniter\CodeIgniter->run()
ERROR - 2024-01-01 14:11:00 --> Error connecting to the database: mysqli_sql_exception: Too many connections in /home/dnzwygdo/djuragancom/vendor/codeigniter4/framework/system/Database/MySQLi/Connection.php:171
Stack trace:
#0 /home/dnzwygdo/djuragancom/vendor/codeigniter4/framework/system/Database/MySQLi/Connection.php(171): mysqli->real_connect()
#1 /home/dnzwygdo/djuragancom/vendor/codeigniter4/framework/system/Database/BaseConnection.php(382): CodeIgniter\Database\MySQLi\Connection->connect()
#2 /home/dnzwygdo/djuragancom/vendor/codeigniter4/framework/system/Database/BaseConnection.php(588): CodeIgniter\Database\BaseConnection->initialize()
#3 /home/dnzwygdo/djuragancom/vendor/codeigniter4/framework/system/Database/BaseBuilder.php(1669): CodeIgniter\Database\BaseConnection->query()
#4 /home/dnzwygdo/djuragancom/app/Controllers/Api/Notifikasi.php(37): CodeIgniter\Database\BaseBuilder->countAllResults()
#5 /home/dnzwygdo/djuragancom/vendor/codeigniter4/framework/system/CodeIgniter.php(898): App\Controllers\Api\Notifikasi->get()
#6 /home/dnzwygdo/djuragancom/vendor/codeigniter4/framework/system/CodeIgniter.php(457): CodeIgniter\CodeIgniter->runController()
#7 /home/dnzwygdo/djuragancom/vendor/codeigniter4/framework/system/CodeIgniter.php(340): CodeIgniter\CodeIgniter->handleRequest()
#8 /home/dnzwygdo/public_html/index.php(67): CodeIgniter\CodeIgniter->run()
#9 {main}

Next CodeIgniter\Database\Exceptions\DatabaseException: Too many connections in /home/dnzwygdo/djuragancom/vendor/codeigniter4/framework/system/Database/MySQLi/Connection.php:215
Stack trace:
#0 /home/dnzwygdo/djuragancom/vendor/codeigniter4/framework/system/Database/BaseConnection.php(382): CodeIgniter\Database\MySQLi\Connection->connect()
#1 /home/dnzwygdo/djuragancom/vendor/codeigniter4/framework/system/Database/BaseConnection.php(588): CodeIgniter\Database\BaseConnection->initialize()
#2 /home/dnzwygdo/djuragancom/vendor/codeigniter4/framework/system/Database/BaseBuilder.php(1669): CodeIgniter\Database\BaseConnection->query()
#3 /home/dnzwygdo/djuragancom/app/Controllers/Api/Notifikasi.php(37): CodeIgniter\Database\BaseBuilder->countAllResults()
#4 /home/dnzwygdo/djuragancom/vendor/codeigniter4/framework/system/CodeIgniter.php(898): App\Controllers\Api\Notifikasi->get()
#5 /home/dnzwygdo/djuragancom/vendor/codeigniter4/framework/system/CodeIgniter.php(457): CodeIgniter\CodeIgniter->runController()
#6 /home/dnzwygdo/djuragancom/vendor/codeigniter4/framework/system/CodeIgniter.php(340): CodeIgniter\CodeIgniter->handleRequest()
#7 /home/dnzwygdo/public_html/index.php(67): CodeIgniter\CodeIgniter->run()
#8 {main}
CRITICAL - 2024-01-01 14:11:00 --> Unable to connect to the database.
Main connection [MySQLi]: Too many connections
in SYSTEMPATH/Database/BaseConnection.php on line 418.
 1 SYSTEMPATH/Database/BaseConnection.php(588): CodeIgniter\Database\BaseConnection->initialize()
 2 SYSTEMPATH/Database/BaseBuilder.php(1669): CodeIgniter\Database\BaseConnection->query()
 3 APPPATH/Controllers/Api/Notifikasi.php(37): CodeIgniter\Database\BaseBuilder->countAllResults()
 4 SYSTEMPATH/CodeIgniter.php(898): App\Controllers\Api\Notifikasi->get()
 5 SYSTEMPATH/CodeIgniter.php(457): CodeIgniter\CodeIgniter->runController()
 6 SYSTEMPATH/CodeIgniter.php(340): CodeIgniter\CodeIgniter->handleRequest()
 7 FCPATH/index.php(67): CodeIgniter\CodeIgniter->run()
ERROR - 2024-01-01 14:11:27 --> Error connecting to the database: mysqli_sql_exception: Too many connections in /home/dnzwygdo/djuragancom/vendor/codeigniter4/framework/system/Database/MySQLi/Connection.php:171
Stack trace:
#0 /home/dnzwygdo/djuragancom/vendor/codeigniter4/framework/system/Database/MySQLi/Connection.php(171): mysqli->real_connect()
#1 /home/dnzwygdo/djuragancom/vendor/codeigniter4/framework/system/Database/BaseConnection.php(382): CodeIgniter\Database\MySQLi\Connection->connect()
#2 /home/dnzwygdo/djuragancom/vendor/codeigniter4/framework/system/Database/BaseConnection.php(588): CodeIgniter\Database\BaseConnection->initialize()
#3 /home/dnzwygdo/djuragancom/vendor/codeigniter4/framework/system/Database/BaseBuilder.php(1669): CodeIgniter\Database\BaseConnection->query()
#4 /home/dnzwygdo/djuragancom/app/Controllers/Api/Notifikasi.php(37): CodeIgniter\Database\BaseBuilder->countAllResults()
#5 /home/dnzwygdo/djuragancom/vendor/codeigniter4/framework/system/CodeIgniter.php(898): App\Controllers\Api\Notifikasi->get()
#6 /home/dnzwygdo/djuragancom/vendor/codeigniter4/framework/system/CodeIgniter.php(457): CodeIgniter\CodeIgniter->runController()
#7 /home/dnzwygdo/djuragancom/vendor/codeigniter4/framework/system/CodeIgniter.php(340): CodeIgniter\CodeIgniter->handleRequest()
#8 /home/dnzwygdo/public_html/index.php(67): CodeIgniter\CodeIgniter->run()
#9 {main}

Next CodeIgniter\Database\Exceptions\DatabaseException: Too many connections in /home/dnzwygdo/djuragancom/vendor/codeigniter4/framework/system/Database/MySQLi/Connection.php:215
Stack trace:
#0 /home/dnzwygdo/djuragancom/vendor/codeigniter4/framework/system/Database/BaseConnection.php(382): CodeIgniter\Database\MySQLi\Connection->connect()
#1 /home/dnzwygdo/djuragancom/vendor/codeigniter4/framework/system/Database/BaseConnection.php(588): CodeIgniter\Database\BaseConnection->initialize()
#2 /home/dnzwygdo/djuragancom/vendor/codeigniter4/framework/system/Database/BaseBuilder.php(1669): CodeIgniter\Database\BaseConnection->query()
#3 /home/dnzwygdo/djuragancom/app/Controllers/Api/Notifikasi.php(37): CodeIgniter\Database\BaseBuilder->countAllResults()
#4 /home/dnzwygdo/djuragancom/vendor/codeigniter4/framework/system/CodeIgniter.php(898): App\Controllers\Api\Notifikasi->get()
#5 /home/dnzwygdo/djuragancom/vendor/codeigniter4/framework/system/CodeIgniter.php(457): CodeIgniter\CodeIgniter->runController()
#6 /home/dnzwygdo/djuragancom/vendor/codeigniter4/framework/system/CodeIgniter.php(340): CodeIgniter\CodeIgniter->handleRequest()
#7 /home/dnzwygdo/public_html/index.php(67): CodeIgniter\CodeIgniter->run()
#8 {main}
CRITICAL - 2024-01-01 14:11:27 --> Unable to connect to the database.
Main connection [MySQLi]: Too many connections
in SYSTEMPATH/Database/BaseConnection.php on line 418.
 1 SYSTEMPATH/Database/BaseConnection.php(588): CodeIgniter\Database\BaseConnection->initialize()
 2 SYSTEMPATH/Database/BaseBuilder.php(1669): CodeIgniter\Database\BaseConnection->query()
 3 APPPATH/Controllers/Api/Notifikasi.php(37): CodeIgniter\Database\BaseBuilder->countAllResults()
 4 SYSTEMPATH/CodeIgniter.php(898): App\Controllers\Api\Notifikasi->get()
 5 SYSTEMPATH/CodeIgniter.php(457): CodeIgniter\CodeIgniter->runController()
 6 SYSTEMPATH/CodeIgniter.php(340): CodeIgniter\CodeIgniter->handleRequest()
 7 FCPATH/index.php(67): CodeIgniter\CodeIgniter->run()
ERROR - 2024-01-01 14:11:27 --> Error connecting to the database: mysqli_sql_exception: Too many connections in /home/dnzwygdo/djuragancom/vendor/codeigniter4/framework/system/Database/MySQLi/Connection.php:171
Stack trace:
#0 /home/dnzwygdo/djuragancom/vendor/codeigniter4/framework/system/Database/MySQLi/Connection.php(171): mysqli->real_connect()
#1 /home/dnzwygdo/djuragancom/vendor/codeigniter4/framework/system/Database/BaseConnection.php(382): CodeIgniter\Database\MySQLi\Connection->connect()
#2 /home/dnzwygdo/djuragancom/vendor/codeigniter4/framework/system/Database/BaseConnection.php(588): CodeIgniter\Database\BaseConnection->initialize()
#3 /home/dnzwygdo/djuragancom/vendor/codeigniter4/framework/system/Database/BaseBuilder.php(1669): CodeIgniter\Database\BaseConnection->query()
#4 /home/dnzwygdo/djuragancom/app/Controllers/Api/Notifikasi.php(37): CodeIgniter\Database\BaseBuilder->countAllResults()
#5 /home/dnzwygdo/djuragancom/vendor/codeigniter4/framework/system/CodeIgniter.php(898): App\Controllers\Api\Notifikasi->get()
#6 /home/dnzwygdo/djuragancom/vendor/codeigniter4/framework/system/CodeIgniter.php(457): CodeIgniter\CodeIgniter->runController()
#7 /home/dnzwygdo/djuragancom/vendor/codeigniter4/framework/system/CodeIgniter.php(340): CodeIgniter\CodeIgniter->handleRequest()
#8 /home/dnzwygdo/public_html/index.php(67): CodeIgniter\CodeIgniter->run()
#9 {main}

Next CodeIgniter\Database\Exceptions\DatabaseException: Too many connections in /home/dnzwygdo/djuragancom/vendor/codeigniter4/framework/system/Database/MySQLi/Connection.php:215
Stack trace:
#0 /home/dnzwygdo/djuragancom/vendor/codeigniter4/framework/system/Database/BaseConnection.php(382): CodeIgniter\Database\MySQLi\Connection->connect()
#1 /home/dnzwygdo/djuragancom/vendor/codeigniter4/framework/system/Database/BaseConnection.php(588): CodeIgniter\Database\BaseConnection->initialize()
#2 /home/dnzwygdo/djuragancom/vendor/codeigniter4/framework/system/Database/BaseBuilder.php(1669): CodeIgniter\Database\BaseConnection->query()
#3 /home/dnzwygdo/djuragancom/app/Controllers/Api/Notifikasi.php(37): CodeIgniter\Database\BaseBuilder->countAllResults()
#4 /home/dnzwygdo/djuragancom/vendor/codeigniter4/framework/system/CodeIgniter.php(898): App\Controllers\Api\Notifikasi->get()
#5 /home/dnzwygdo/djuragancom/vendor/codeigniter4/framework/system/CodeIgniter.php(457): CodeIgniter\CodeIgniter->runController()
#6 /home/dnzwygdo/djuragancom/vendor/codeigniter4/framework/system/CodeIgniter.php(340): CodeIgniter\CodeIgniter->handleRequest()
#7 /home/dnzwygdo/public_html/index.php(67): CodeIgniter\CodeIgniter->run()
#8 {main}
CRITICAL - 2024-01-01 14:11:27 --> Unable to connect to the database.
Main connection [MySQLi]: Too many connections
in SYSTEMPATH/Database/BaseConnection.php on line 418.
 1 SYSTEMPATH/Database/BaseConnection.php(588): CodeIgniter\Database\BaseConnection->initialize()
 2 SYSTEMPATH/Database/BaseBuilder.php(1669): CodeIgniter\Database\BaseConnection->query()
 3 APPPATH/Controllers/Api/Notifikasi.php(37): CodeIgniter\Database\BaseBuilder->countAllResults()
 4 SYSTEMPATH/CodeIgniter.php(898): App\Controllers\Api\Notifikasi->get()
 5 SYSTEMPATH/CodeIgniter.php(457): CodeIgniter\CodeIgniter->runController()
 6 SYSTEMPATH/CodeIgniter.php(340): CodeIgniter\CodeIgniter->handleRequest()
 7 FCPATH/index.php(67): CodeIgniter\CodeIgniter->run()
ERROR - 2024-01-01 14:11:27 --> Error connecting to the database: mysqli_sql_exception: Too many connections in /home/dnzwygdo/djuragancom/vendor/codeigniter4/framework/system/Database/MySQLi/Connection.php:171
Stack trace:
#0 /home/dnzwygdo/djuragancom/vendor/codeigniter4/framework/system/Database/MySQLi/Connection.php(171): mysqli->real_connect()
#1 /home/dnzwygdo/djuragancom/vendor/codeigniter4/framework/system/Database/BaseConnection.php(382): CodeIgniter\Database\MySQLi\Connection->connect()
#2 /home/dnzwygdo/djuragancom/vendor/codeigniter4/framework/system/Database/BaseConnection.php(588): CodeIgniter\Database\BaseConnection->initialize()
#3 /home/dnzwygdo/djuragancom/vendor/codeigniter4/framework/system/Database/BaseBuilder.php(1669): CodeIgniter\Database\BaseConnection->query()
#4 /home/dnzwygdo/djuragancom/app/Controllers/Api/Notifikasi.php(37): CodeIgniter\Database\BaseBuilder->countAllResults()
#5 /home/dnzwygdo/djuragancom/vendor/codeigniter4/framework/system/CodeIgniter.php(898): App\Controllers\Api\Notifikasi->get()
#6 /home/dnzwygdo/djuragancom/vendor/codeigniter4/framework/system/CodeIgniter.php(457): CodeIgniter\CodeIgniter->runController()
#7 /home/dnzwygdo/djuragancom/vendor/codeigniter4/framework/system/CodeIgniter.php(340): CodeIgniter\CodeIgniter->handleRequest()
#8 /home/dnzwygdo/public_html/index.php(67): CodeIgniter\CodeIgniter->run()
#9 {main}

Next CodeIgniter\Database\Exceptions\DatabaseException: Too many connections in /home/dnzwygdo/djuragancom/vendor/codeigniter4/framework/system/Database/MySQLi/Connection.php:215
Stack trace:
#0 /home/dnzwygdo/djuragancom/vendor/codeigniter4/framework/system/Database/BaseConnection.php(382): CodeIgniter\Database\MySQLi\Connection->connect()
#1 /home/dnzwygdo/djuragancom/vendor/codeigniter4/framework/system/Database/BaseConnection.php(588): CodeIgniter\Database\BaseConnection->initialize()
#2 /home/dnzwygdo/djuragancom/vendor/codeigniter4/framework/system/Database/BaseBuilder.php(1669): CodeIgniter\Database\BaseConnection->query()
#3 /home/dnzwygdo/djuragancom/app/Controllers/Api/Notifikasi.php(37): CodeIgniter\Database\BaseBuilder->countAllResults()
#4 /home/dnzwygdo/djuragancom/vendor/codeigniter4/framework/system/CodeIgniter.php(898): App\Controllers\Api\Notifikasi->get()
#5 /home/dnzwygdo/djuragancom/vendor/codeigniter4/framework/system/CodeIgniter.php(457): CodeIgniter\CodeIgniter->runController()
#6 /home/dnzwygdo/djuragancom/vendor/codeigniter4/framework/system/CodeIgniter.php(340): CodeIgniter\CodeIgniter->handleRequest()
#7 /home/dnzwygdo/public_html/index.php(67): CodeIgniter\CodeIgniter->run()
#8 {main}
CRITICAL - 2024-01-01 14:11:27 --> Unable to connect to the database.
Main connection [MySQLi]: Too many connections
in SYSTEMPATH/Database/BaseConnection.php on line 418.
 1 SYSTEMPATH/Database/BaseConnection.php(588): CodeIgniter\Database\BaseConnection->initialize()
 2 SYSTEMPATH/Database/BaseBuilder.php(1669): CodeIgniter\Database\BaseConnection->query()
 3 APPPATH/Controllers/Api/Notifikasi.php(37): CodeIgniter\Database\BaseBuilder->countAllResults()
 4 SYSTEMPATH/CodeIgniter.php(898): App\Controllers\Api\Notifikasi->get()
 5 SYSTEMPATH/CodeIgniter.php(457): CodeIgniter\CodeIgniter->runController()
 6 SYSTEMPATH/CodeIgniter.php(340): CodeIgniter\CodeIgniter->handleRequest()
 7 FCPATH/index.php(67): CodeIgniter\CodeIgniter->run()
ERROR - 2024-01-01 14:11:27 --> Error connecting to the database: mysqli_sql_exception: Too many connections in /home/dnzwygdo/djuragancom/vendor/codeigniter4/framework/system/Database/MySQLi/Connection.php:171
Stack trace:
#0 /home/dnzwygdo/djuragancom/vendor/codeigniter4/framework/system/Database/MySQLi/Connection.php(171): mysqli->real_connect()
#1 /home/dnzwygdo/djuragancom/vendor/codeigniter4/framework/system/Database/BaseConnection.php(382): CodeIgniter\Database\MySQLi\Connection->connect()
#2 /home/dnzwygdo/djuragancom/vendor/codeigniter4/framework/system/Database/BaseConnection.php(588): CodeIgniter\Database\BaseConnection->initialize()
#3 /home/dnzwygdo/djuragancom/vendor/codeigniter4/framework/system/Database/BaseBuilder.php(1669): CodeIgniter\Database\BaseConnection->query()
#4 /home/dnzwygdo/djuragancom/app/Controllers/Api/Notifikasi.php(37): CodeIgniter\Database\BaseBuilder->countAllResults()
#5 /home/dnzwygdo/djuragancom/vendor/codeigniter4/framework/system/CodeIgniter.php(898): App\Controllers\Api\Notifikasi->get()
#6 /home/dnzwygdo/djuragancom/vendor/codeigniter4/framework/system/CodeIgniter.php(457): CodeIgniter\CodeIgniter->runController()
#7 /home/dnzwygdo/djuragancom/vendor/codeigniter4/framework/system/CodeIgniter.php(340): CodeIgniter\CodeIgniter->handleRequest()
#8 /home/dnzwygdo/public_html/index.php(67): CodeIgniter\CodeIgniter->run()
#9 {main}

Next CodeIgniter\Database\Exceptions\DatabaseException: Too many connections in /home/dnzwygdo/djuragancom/vendor/codeigniter4/framework/system/Database/MySQLi/Connection.php:215
Stack trace:
#0 /home/dnzwygdo/djuragancom/vendor/codeigniter4/framework/system/Database/BaseConnection.php(382): CodeIgniter\Database\MySQLi\Connection->connect()
#1 /home/dnzwygdo/djuragancom/vendor/codeigniter4/framework/system/Database/BaseConnection.php(588): CodeIgniter\Database\BaseConnection->initialize()
#2 /home/dnzwygdo/djuragancom/vendor/codeigniter4/framework/system/Database/BaseBuilder.php(1669): CodeIgniter\Database\BaseConnection->query()
#3 /home/dnzwygdo/djuragancom/app/Controllers/Api/Notifikasi.php(37): CodeIgniter\Database\BaseBuilder->countAllResults()
#4 /home/dnzwygdo/djuragancom/vendor/codeigniter4/framework/system/CodeIgniter.php(898): App\Controllers\Api\Notifikasi->get()
#5 /home/dnzwygdo/djuragancom/vendor/codeigniter4/framework/system/CodeIgniter.php(457): CodeIgniter\CodeIgniter->runController()
#6 /home/dnzwygdo/djuragancom/vendor/codeigniter4/framework/system/CodeIgniter.php(340): CodeIgniter\CodeIgniter->handleRequest()
#7 /home/dnzwygdo/public_html/index.php(67): CodeIgniter\CodeIgniter->run()
#8 {main}
CRITICAL - 2024-01-01 14:11:27 --> Unable to connect to the database.
Main connection [MySQLi]: Too many connections
in SYSTEMPATH/Database/BaseConnection.php on line 418.
 1 SYSTEMPATH/Database/BaseConnection.php(588): CodeIgniter\Database\BaseConnection->initialize()
 2 SYSTEMPATH/Database/BaseBuilder.php(1669): CodeIgniter\Database\BaseConnection->query()
 3 APPPATH/Controllers/Api/Notifikasi.php(37): CodeIgniter\Database\BaseBuilder->countAllResults()
 4 SYSTEMPATH/CodeIgniter.php(898): App\Controllers\Api\Notifikasi->get()
 5 SYSTEMPATH/CodeIgniter.php(457): CodeIgniter\CodeIgniter->runController()
 6 SYSTEMPATH/CodeIgniter.php(340): CodeIgniter\CodeIgniter->handleRequest()
 7 FCPATH/index.php(67): CodeIgniter\CodeIgniter->run()
ERROR - 2024-01-01 14:11:28 --> Error connecting to the database: mysqli_sql_exception: Too many connections in /home/dnzwygdo/djuragancom/vendor/codeigniter4/framework/system/Database/MySQLi/Connection.php:171
Stack trace:
#0 /home/dnzwygdo/djuragancom/vendor/codeigniter4/framework/system/Database/MySQLi/Connection.php(171): mysqli->real_connect()
#1 /home/dnzwygdo/djuragancom/vendor/codeigniter4/framework/system/Database/BaseConnection.php(382): CodeIgniter\Database\MySQLi\Connection->connect()
#2 /home/dnzwygdo/djuragancom/vendor/codeigniter4/framework/system/Database/BaseConnection.php(588): CodeIgniter\Database\BaseConnection->initialize()
#3 /home/dnzwygdo/djuragancom/vendor/codeigniter4/framework/system/Database/BaseBuilder.php(1669): CodeIgniter\Database\BaseConnection->query()
#4 /home/dnzwygdo/djuragancom/app/Controllers/Api/Notifikasi.php(37): CodeIgniter\Database\BaseBuilder->countAllResults()
#5 /home/dnzwygdo/djuragancom/vendor/codeigniter4/framework/system/CodeIgniter.php(898): App\Controllers\Api\Notifikasi->get()
#6 /home/dnzwygdo/djuragancom/vendor/codeigniter4/framework/system/CodeIgniter.php(457): CodeIgniter\CodeIgniter->runController()
#7 /home/dnzwygdo/djuragancom/vendor/codeigniter4/framework/system/CodeIgniter.php(340): CodeIgniter\CodeIgniter->handleRequest()
#8 /home/dnzwygdo/public_html/index.php(67): CodeIgniter\CodeIgniter->run()
#9 {main}

Next CodeIgniter\Database\Exceptions\DatabaseException: Too many connections in /home/dnzwygdo/djuragancom/vendor/codeigniter4/framework/system/Database/MySQLi/Connection.php:215
Stack trace:
#0 /home/dnzwygdo/djuragancom/vendor/codeigniter4/framework/system/Database/BaseConnection.php(382): CodeIgniter\Database\MySQLi\Connection->connect()
#1 /home/dnzwygdo/djuragancom/vendor/codeigniter4/framework/system/Database/BaseConnection.php(588): CodeIgniter\Database\BaseConnection->initialize()
#2 /home/dnzwygdo/djuragancom/vendor/codeigniter4/framework/system/Database/BaseBuilder.php(1669): CodeIgniter\Database\BaseConnection->query()
#3 /home/dnzwygdo/djuragancom/app/Controllers/Api/Notifikasi.php(37): CodeIgniter\Database\BaseBuilder->countAllResults()
#4 /home/dnzwygdo/djuragancom/vendor/codeigniter4/framework/system/CodeIgniter.php(898): App\Controllers\Api\Notifikasi->get()
#5 /home/dnzwygdo/djuragancom/vendor/codeigniter4/framework/system/CodeIgniter.php(457): CodeIgniter\CodeIgniter->runController()
#6 /home/dnzwygdo/djuragancom/vendor/codeigniter4/framework/system/CodeIgniter.php(340): CodeIgniter\CodeIgniter->handleRequest()
#7 /home/dnzwygdo/public_html/index.php(67): CodeIgniter\CodeIgniter->run()
#8 {main}
CRITICAL - 2024-01-01 14:11:28 --> Unable to connect to the database.
Main connection [MySQLi]: Too many connections
in SYSTEMPATH/Database/BaseConnection.php on line 418.
 1 SYSTEMPATH/Database/BaseConnection.php(588): CodeIgniter\Database\BaseConnection->initialize()
 2 SYSTEMPATH/Database/BaseBuilder.php(1669): CodeIgniter\Database\BaseConnection->query()
 3 APPPATH/Controllers/Api/Notifikasi.php(37): CodeIgniter\Database\BaseBuilder->countAllResults()
 4 SYSTEMPATH/CodeIgniter.php(898): App\Controllers\Api\Notifikasi->get()
 5 SYSTEMPATH/CodeIgniter.php(457): CodeIgniter\CodeIgniter->runController()
 6 SYSTEMPATH/CodeIgniter.php(340): CodeIgniter\CodeIgniter->handleRequest()
 7 FCPATH/index.php(67): CodeIgniter\CodeIgniter->run()
ERROR - 2024-01-01 14:11:34 --> Error connecting to the database: mysqli_sql_exception: Too many connections in /home/dnzwygdo/djuragancom/vendor/codeigniter4/framework/system/Database/MySQLi/Connection.php:171
Stack trace:
#0 /home/dnzwygdo/djuragancom/vendor/codeigniter4/framework/system/Database/MySQLi/Connection.php(171): mysqli->real_connect()
#1 /home/dnzwygdo/djuragancom/vendor/codeigniter4/framework/system/Database/BaseConnection.php(382): CodeIgniter\Database\MySQLi\Connection->connect()
#2 /home/dnzwygdo/djuragancom/vendor/codeigniter4/framework/system/Database/BaseConnection.php(588): CodeIgniter\Database\BaseConnection->initialize()
#3 /home/dnzwygdo/djuragancom/vendor/codeigniter4/framework/system/Database/BaseBuilder.php(1669): CodeIgniter\Database\BaseConnection->query()
#4 /home/dnzwygdo/djuragancom/app/Controllers/Api/Notifikasi.php(37): CodeIgniter\Database\BaseBuilder->countAllResults()
#5 /home/dnzwygdo/djuragancom/vendor/codeigniter4/framework/system/CodeIgniter.php(898): App\Controllers\Api\Notifikasi->get()
#6 /home/dnzwygdo/djuragancom/vendor/codeigniter4/framework/system/CodeIgniter.php(457): CodeIgniter\CodeIgniter->runController()
#7 /home/dnzwygdo/djuragancom/vendor/codeigniter4/framework/system/CodeIgniter.php(340): CodeIgniter\CodeIgniter->handleRequest()
#8 /home/dnzwygdo/public_html/index.php(67): CodeIgniter\CodeIgniter->run()
#9 {main}

Next CodeIgniter\Database\Exceptions\DatabaseException: Too many connections in /home/dnzwygdo/djuragancom/vendor/codeigniter4/framework/system/Database/MySQLi/Connection.php:215
Stack trace:
#0 /home/dnzwygdo/djuragancom/vendor/codeigniter4/framework/system/Database/BaseConnection.php(382): CodeIgniter\Database\MySQLi\Connection->connect()
#1 /home/dnzwygdo/djuragancom/vendor/codeigniter4/framework/system/Database/BaseConnection.php(588): CodeIgniter\Database\BaseConnection->initialize()
#2 /home/dnzwygdo/djuragancom/vendor/codeigniter4/framework/system/Database/BaseBuilder.php(1669): CodeIgniter\Database\BaseConnection->query()
#3 /home/dnzwygdo/djuragancom/app/Controllers/Api/Notifikasi.php(37): CodeIgniter\Database\BaseBuilder->countAllResults()
#4 /home/dnzwygdo/djuragancom/vendor/codeigniter4/framework/system/CodeIgniter.php(898): App\Controllers\Api\Notifikasi->get()
#5 /home/dnzwygdo/djuragancom/vendor/codeigniter4/framework/system/CodeIgniter.php(457): CodeIgniter\CodeIgniter->runController()
#6 /home/dnzwygdo/djuragancom/vendor/codeigniter4/framework/system/CodeIgniter.php(340): CodeIgniter\CodeIgniter->handleRequest()
#7 /home/dnzwygdo/public_html/index.php(67): CodeIgniter\CodeIgniter->run()
#8 {main}
CRITICAL - 2024-01-01 14:11:34 --> Unable to connect to the database.
Main connection [MySQLi]: Too many connections
in SYSTEMPATH/Database/BaseConnection.php on line 418.
 1 SYSTEMPATH/Database/BaseConnection.php(588): CodeIgniter\Database\BaseConnection->initialize()
 2 SYSTEMPATH/Database/BaseBuilder.php(1669): CodeIgniter\Database\BaseConnection->query()
 3 APPPATH/Controllers/Api/Notifikasi.php(37): CodeIgniter\Database\BaseBuilder->countAllResults()
 4 SYSTEMPATH/CodeIgniter.php(898): App\Controllers\Api\Notifikasi->get()
 5 SYSTEMPATH/CodeIgniter.php(457): CodeIgniter\CodeIgniter->runController()
 6 SYSTEMPATH/CodeIgniter.php(340): CodeIgniter\CodeIgniter->handleRequest()
 7 FCPATH/index.php(67): CodeIgniter\CodeIgniter->run()
ERROR - 2024-01-01 14:11:38 --> Error connecting to the database: mysqli_sql_exception: Too many connections in /home/dnzwygdo/djuragancom/vendor/codeigniter4/framework/system/Database/MySQLi/Connection.php:171
Stack trace:
#0 /home/dnzwygdo/djuragancom/vendor/codeigniter4/framework/system/Database/MySQLi/Connection.php(171): mysqli->real_connect()
#1 /home/dnzwygdo/djuragancom/vendor/codeigniter4/framework/system/Database/BaseConnection.php(382): CodeIgniter\Database\MySQLi\Connection->connect()
#2 /home/dnzwygdo/djuragancom/vendor/codeigniter4/framework/system/Database/BaseConnection.php(588): CodeIgniter\Database\BaseConnection->initialize()
#3 /home/dnzwygdo/djuragancom/vendor/codeigniter4/framework/system/Database/BaseBuilder.php(1669): CodeIgniter\Database\BaseConnection->query()
#4 /home/dnzwygdo/djuragancom/app/Controllers/Api/Notifikasi.php(37): CodeIgniter\Database\BaseBuilder->countAllResults()
#5 /home/dnzwygdo/djuragancom/vendor/codeigniter4/framework/system/CodeIgniter.php(898): App\Controllers\Api\Notifikasi->get()
#6 /home/dnzwygdo/djuragancom/vendor/codeigniter4/framework/system/CodeIgniter.php(457): CodeIgniter\CodeIgniter->runController()
#7 /home/dnzwygdo/djuragancom/vendor/codeigniter4/framework/system/CodeIgniter.php(340): CodeIgniter\CodeIgniter->handleRequest()
#8 /home/dnzwygdo/public_html/index.php(67): CodeIgniter\CodeIgniter->run()
#9 {main}

Next CodeIgniter\Database\Exceptions\DatabaseException: Too many connections in /home/dnzwygdo/djuragancom/vendor/codeigniter4/framework/system/Database/MySQLi/Connection.php:215
Stack trace:
#0 /home/dnzwygdo/djuragancom/vendor/codeigniter4/framework/system/Database/BaseConnection.php(382): CodeIgniter\Database\MySQLi\Connection->connect()
#1 /home/dnzwygdo/djuragancom/vendor/codeigniter4/framework/system/Database/BaseConnection.php(588): CodeIgniter\Database\BaseConnection->initialize()
#2 /home/dnzwygdo/djuragancom/vendor/codeigniter4/framework/system/Database/BaseBuilder.php(1669): CodeIgniter\Database\BaseConnection->query()
#3 /home/dnzwygdo/djuragancom/app/Controllers/Api/Notifikasi.php(37): CodeIgniter\Database\BaseBuilder->countAllResults()
#4 /home/dnzwygdo/djuragancom/vendor/codeigniter4/framework/system/CodeIgniter.php(898): App\Controllers\Api\Notifikasi->get()
#5 /home/dnzwygdo/djuragancom/vendor/codeigniter4/framework/system/CodeIgniter.php(457): CodeIgniter\CodeIgniter->runController()
#6 /home/dnzwygdo/djuragancom/vendor/codeigniter4/framework/system/CodeIgniter.php(340): CodeIgniter\CodeIgniter->handleRequest()
#7 /home/dnzwygdo/public_html/index.php(67): CodeIgniter\CodeIgniter->run()
#8 {main}
CRITICAL - 2024-01-01 14:11:38 --> Unable to connect to the database.
Main connection [MySQLi]: Too many connections
in SYSTEMPATH/Database/BaseConnection.php on line 418.
 1 SYSTEMPATH/Database/BaseConnection.php(588): CodeIgniter\Database\BaseConnection->initialize()
 2 SYSTEMPATH/Database/BaseBuilder.php(1669): CodeIgniter\Database\BaseConnection->query()
 3 APPPATH/Controllers/Api/Notifikasi.php(37): CodeIgniter\Database\BaseBuilder->countAllResults()
 4 SYSTEMPATH/CodeIgniter.php(898): App\Controllers\Api\Notifikasi->get()
 5 SYSTEMPATH/CodeIgniter.php(457): CodeIgniter\CodeIgniter->runController()
 6 SYSTEMPATH/CodeIgniter.php(340): CodeIgniter\CodeIgniter->handleRequest()
 7 FCPATH/index.php(67): CodeIgniter\CodeIgniter->run()
ERROR - 2024-01-01 14:11:38 --> Error connecting to the database: mysqli_sql_exception: Too many connections in /home/dnzwygdo/djuragancom/vendor/codeigniter4/framework/system/Database/MySQLi/Connection.php:171
Stack trace:
#0 /home/dnzwygdo/djuragancom/vendor/codeigniter4/framework/system/Database/MySQLi/Connection.php(171): mysqli->real_connect()
#1 /home/dnzwygdo/djuragancom/vendor/codeigniter4/framework/system/Database/BaseConnection.php(382): CodeIgniter\Database\MySQLi\Connection->connect()
#2 /home/dnzwygdo/djuragancom/vendor/codeigniter4/framework/system/Database/BaseConnection.php(588): CodeIgniter\Database\BaseConnection->initialize()
#3 /home/dnzwygdo/djuragancom/vendor/codeigniter4/framework/system/Database/BaseBuilder.php(1669): CodeIgniter\Database\BaseConnection->query()
#4 /home/dnzwygdo/djuragancom/app/Controllers/Api/Notifikasi.php(37): CodeIgniter\Database\BaseBuilder->countAllResults()
#5 /home/dnzwygdo/djuragancom/vendor/codeigniter4/framework/system/CodeIgniter.php(898): App\Controllers\Api\Notifikasi->get()
#6 /home/dnzwygdo/djuragancom/vendor/codeigniter4/framework/system/CodeIgniter.php(457): CodeIgniter\CodeIgniter->runController()
#7 /home/dnzwygdo/djuragancom/vendor/codeigniter4/framework/system/CodeIgniter.php(340): CodeIgniter\CodeIgniter->handleRequest()
#8 /home/dnzwygdo/public_html/index.php(67): CodeIgniter\CodeIgniter->run()
#9 {main}

Next CodeIgniter\Database\Exceptions\DatabaseException: Too many connections in /home/dnzwygdo/djuragancom/vendor/codeigniter4/framework/system/Database/MySQLi/Connection.php:215
Stack trace:
#0 /home/dnzwygdo/djuragancom/vendor/codeigniter4/framework/system/Database/BaseConnection.php(382): CodeIgniter\Database\MySQLi\Connection->connect()
#1 /home/dnzwygdo/djuragancom/vendor/codeigniter4/framework/system/Database/BaseConnection.php(588): CodeIgniter\Database\BaseConnection->initialize()
#2 /home/dnzwygdo/djuragancom/vendor/codeigniter4/framework/system/Database/BaseBuilder.php(1669): CodeIgniter\Database\BaseConnection->query()
#3 /home/dnzwygdo/djuragancom/app/Controllers/Api/Notifikasi.php(37): CodeIgniter\Database\BaseBuilder->countAllResults()
#4 /home/dnzwygdo/djuragancom/vendor/codeigniter4/framework/system/CodeIgniter.php(898): App\Controllers\Api\Notifikasi->get()
#5 /home/dnzwygdo/djuragancom/vendor/codeigniter4/framework/system/CodeIgniter.php(457): CodeIgniter\CodeIgniter->runController()
#6 /home/dnzwygdo/djuragancom/vendor/codeigniter4/framework/system/CodeIgniter.php(340): CodeIgniter\CodeIgniter->handleRequest()
#7 /home/dnzwygdo/public_html/index.php(67): CodeIgniter\CodeIgniter->run()
#8 {main}
CRITICAL - 2024-01-01 14:11:38 --> Unable to connect to the database.
Main connection [MySQLi]: Too many connections
in SYSTEMPATH/Database/BaseConnection.php on line 418.
 1 SYSTEMPATH/Database/BaseConnection.php(588): CodeIgniter\Database\BaseConnection->initialize()
 2 SYSTEMPATH/Database/BaseBuilder.php(1669): CodeIgniter\Database\BaseConnection->query()
 3 APPPATH/Controllers/Api/Notifikasi.php(37): CodeIgniter\Database\BaseBuilder->countAllResults()
 4 SYSTEMPATH/CodeIgniter.php(898): App\Controllers\Api\Notifikasi->get()
 5 SYSTEMPATH/CodeIgniter.php(457): CodeIgniter\CodeIgniter->runController()
 6 SYSTEMPATH/CodeIgniter.php(340): CodeIgniter\CodeIgniter->handleRequest()
 7 FCPATH/index.php(67): CodeIgniter\CodeIgniter->run()
ERROR - 2024-01-01 14:11:44 --> Error connecting to the database: mysqli_sql_exception: Too many connections in /home/dnzwygdo/djuragancom/vendor/codeigniter4/framework/system/Database/MySQLi/Connection.php:171
Stack trace:
#0 /home/dnzwygdo/djuragancom/vendor/codeigniter4/framework/system/Database/MySQLi/Connection.php(171): mysqli->real_connect()
#1 /home/dnzwygdo/djuragancom/vendor/codeigniter4/framework/system/Database/BaseConnection.php(382): CodeIgniter\Database\MySQLi\Connection->connect()
#2 /home/dnzwygdo/djuragancom/vendor/codeigniter4/framework/system/Database/BaseConnection.php(588): CodeIgniter\Database\BaseConnection->initialize()
#3 /home/dnzwygdo/djuragancom/vendor/codeigniter4/framework/system/Database/BaseBuilder.php(1669): CodeIgniter\Database\BaseConnection->query()
#4 /home/dnzwygdo/djuragancom/app/Controllers/Api/Notifikasi.php(37): CodeIgniter\Database\BaseBuilder->countAllResults()
#5 /home/dnzwygdo/djuragancom/vendor/codeigniter4/framework/system/CodeIgniter.php(898): App\Controllers\Api\Notifikasi->get()
#6 /home/dnzwygdo/djuragancom/vendor/codeigniter4/framework/system/CodeIgniter.php(457): CodeIgniter\CodeIgniter->runController()
#7 /home/dnzwygdo/djuragancom/vendor/codeigniter4/framework/system/CodeIgniter.php(340): CodeIgniter\CodeIgniter->handleRequest()
#8 /home/dnzwygdo/public_html/index.php(67): CodeIgniter\CodeIgniter->run()
#9 {main}

Next CodeIgniter\Database\Exceptions\DatabaseException: Too many connections in /home/dnzwygdo/djuragancom/vendor/codeigniter4/framework/system/Database/MySQLi/Connection.php:215
Stack trace:
#0 /home/dnzwygdo/djuragancom/vendor/codeigniter4/framework/system/Database/BaseConnection.php(382): CodeIgniter\Database\MySQLi\Connection->connect()
#1 /home/dnzwygdo/djuragancom/vendor/codeigniter4/framework/system/Database/BaseConnection.php(588): CodeIgniter\Database\BaseConnection->initialize()
#2 /home/dnzwygdo/djuragancom/vendor/codeigniter4/framework/system/Database/BaseBuilder.php(1669): CodeIgniter\Database\BaseConnection->query()
#3 /home/dnzwygdo/djuragancom/app/Controllers/Api/Notifikasi.php(37): CodeIgniter\Database\BaseBuilder->countAllResults()
#4 /home/dnzwygdo/djuragancom/vendor/codeigniter4/framework/system/CodeIgniter.php(898): App\Controllers\Api\Notifikasi->get()
#5 /home/dnzwygdo/djuragancom/vendor/codeigniter4/framework/system/CodeIgniter.php(457): CodeIgniter\CodeIgniter->runController()
#6 /home/dnzwygdo/djuragancom/vendor/codeigniter4/framework/system/CodeIgniter.php(340): CodeIgniter\CodeIgniter->handleRequest()
#7 /home/dnzwygdo/public_html/index.php(67): CodeIgniter\CodeIgniter->run()
#8 {main}
CRITICAL - 2024-01-01 14:11:44 --> Unable to connect to the database.
Main connection [MySQLi]: Too many connections
in SYSTEMPATH/Database/BaseConnection.php on line 418.
 1 SYSTEMPATH/Database/BaseConnection.php(588): CodeIgniter\Database\BaseConnection->initialize()
 2 SYSTEMPATH/Database/BaseBuilder.php(1669): CodeIgniter\Database\BaseConnection->query()
 3 APPPATH/Controllers/Api/Notifikasi.php(37): CodeIgniter\Database\BaseBuilder->countAllResults()
 4 SYSTEMPATH/CodeIgniter.php(898): App\Controllers\Api\Notifikasi->get()
 5 SYSTEMPATH/CodeIgniter.php(457): CodeIgniter\CodeIgniter->runController()
 6 SYSTEMPATH/CodeIgniter.php(340): CodeIgniter\CodeIgniter->handleRequest()
 7 FCPATH/index.php(67): CodeIgniter\CodeIgniter->run()
ERROR - 2024-01-01 14:11:48 --> Error connecting to the database: mysqli_sql_exception: Too many connections in /home/dnzwygdo/djuragancom/vendor/codeigniter4/framework/system/Database/MySQLi/Connection.php:171
Stack trace:
#0 /home/dnzwygdo/djuragancom/vendor/codeigniter4/framework/system/Database/MySQLi/Connection.php(171): mysqli->real_connect()
#1 /home/dnzwygdo/djuragancom/vendor/codeigniter4/framework/system/Database/BaseConnection.php(382): CodeIgniter\Database\MySQLi\Connection->connect()
#2 /home/dnzwygdo/djuragancom/vendor/codeigniter4/framework/system/Database/BaseConnection.php(588): CodeIgniter\Database\BaseConnection->initialize()
#3 /home/dnzwygdo/djuragancom/vendor/codeigniter4/framework/system/Database/BaseBuilder.php(1669): CodeIgniter\Database\BaseConnection->query()
#4 /home/dnzwygdo/djuragancom/app/Controllers/Api/Notifikasi.php(37): CodeIgniter\Database\BaseBuilder->countAllResults()
#5 /home/dnzwygdo/djuragancom/vendor/codeigniter4/framework/system/CodeIgniter.php(898): App\Controllers\Api\Notifikasi->get()
#6 /home/dnzwygdo/djuragancom/vendor/codeigniter4/framework/system/CodeIgniter.php(457): CodeIgniter\CodeIgniter->runController()
#7 /home/dnzwygdo/djuragancom/vendor/codeigniter4/framework/system/CodeIgniter.php(340): CodeIgniter\CodeIgniter->handleRequest()
#8 /home/dnzwygdo/public_html/index.php(67): CodeIgniter\CodeIgniter->run()
#9 {main}

Next CodeIgniter\Database\Exceptions\DatabaseException: Too many connections in /home/dnzwygdo/djuragancom/vendor/codeigniter4/framework/system/Database/MySQLi/Connection.php:215
Stack trace:
#0 /home/dnzwygdo/djuragancom/vendor/codeigniter4/framework/system/Database/BaseConnection.php(382): CodeIgniter\Database\MySQLi\Connection->connect()
#1 /home/dnzwygdo/djuragancom/vendor/codeigniter4/framework/system/Database/BaseConnection.php(588): CodeIgniter\Database\BaseConnection->initialize()
#2 /home/dnzwygdo/djuragancom/vendor/codeigniter4/framework/system/Database/BaseBuilder.php(1669): CodeIgniter\Database\BaseConnection->query()
#3 /home/dnzwygdo/djuragancom/app/Controllers/Api/Notifikasi.php(37): CodeIgniter\Database\BaseBuilder->countAllResults()
#4 /home/dnzwygdo/djuragancom/vendor/codeigniter4/framework/system/CodeIgniter.php(898): App\Controllers\Api\Notifikasi->get()
#5 /home/dnzwygdo/djuragancom/vendor/codeigniter4/framework/system/CodeIgniter.php(457): CodeIgniter\CodeIgniter->runController()
#6 /home/dnzwygdo/djuragancom/vendor/codeigniter4/framework/system/CodeIgniter.php(340): CodeIgniter\CodeIgniter->handleRequest()
#7 /home/dnzwygdo/public_html/index.php(67): CodeIgniter\CodeIgniter->run()
#8 {main}
CRITICAL - 2024-01-01 14:11:48 --> Unable to connect to the database.
Main connection [MySQLi]: Too many connections
in SYSTEMPATH/Database/BaseConnection.php on line 418.
 1 SYSTEMPATH/Database/BaseConnection.php(588): CodeIgniter\Database\BaseConnection->initialize()
 2 SYSTEMPATH/Database/BaseBuilder.php(1669): CodeIgniter\Database\BaseConnection->query()
 3 APPPATH/Controllers/Api/Notifikasi.php(37): CodeIgniter\Database\BaseBuilder->countAllResults()
 4 SYSTEMPATH/CodeIgniter.php(898): App\Controllers\Api\Notifikasi->get()
 5 SYSTEMPATH/CodeIgniter.php(457): CodeIgniter\CodeIgniter->runController()
 6 SYSTEMPATH/CodeIgniter.php(340): CodeIgniter\CodeIgniter->handleRequest()
 7 FCPATH/index.php(67): CodeIgniter\CodeIgniter->run()
ERROR - 2024-01-01 14:12:09 --> Error connecting to the database: mysqli_sql_exception: Too many connections in /home/dnzwygdo/djuragancom/vendor/codeigniter4/framework/system/Database/MySQLi/Connection.php:171
Stack trace:
#0 /home/dnzwygdo/djuragancom/vendor/codeigniter4/framework/system/Database/MySQLi/Connection.php(171): mysqli->real_connect()
#1 /home/dnzwygdo/djuragancom/vendor/codeigniter4/framework/system/Database/BaseConnection.php(382): CodeIgniter\Database\MySQLi\Connection->connect()
#2 /home/dnzwygdo/djuragancom/vendor/codeigniter4/framework/system/Database/BaseConnection.php(588): CodeIgniter\Database\BaseConnection->initialize()
#3 /home/dnzwygdo/djuragancom/vendor/codeigniter4/framework/system/Database/BaseBuilder.php(1669): CodeIgniter\Database\BaseConnection->query()
#4 /home/dnzwygdo/djuragancom/app/Controllers/Api/Notifikasi.php(37): CodeIgniter\Database\BaseBuilder->countAllResults()
#5 /home/dnzwygdo/djuragancom/vendor/codeigniter4/framework/system/CodeIgniter.php(898): App\Controllers\Api\Notifikasi->get()
#6 /home/dnzwygdo/djuragancom/vendor/codeigniter4/framework/system/CodeIgniter.php(457): CodeIgniter\CodeIgniter->runController()
#7 /home/dnzwygdo/djuragancom/vendor/codeigniter4/framework/system/CodeIgniter.php(340): CodeIgniter\CodeIgniter->handleRequest()
#8 /home/dnzwygdo/public_html/index.php(67): CodeIgniter\CodeIgniter->run()
#9 {main}

Next CodeIgniter\Database\Exceptions\DatabaseException: Too many connections in /home/dnzwygdo/djuragancom/vendor/codeigniter4/framework/system/Database/MySQLi/Connection.php:215
Stack trace:
#0 /home/dnzwygdo/djuragancom/vendor/codeigniter4/framework/system/Database/BaseConnection.php(382): CodeIgniter\Database\MySQLi\Connection->connect()
#1 /home/dnzwygdo/djuragancom/vendor/codeigniter4/framework/system/Database/BaseConnection.php(588): CodeIgniter\Database\BaseConnection->initialize()
#2 /home/dnzwygdo/djuragancom/vendor/codeigniter4/framework/system/Database/BaseBuilder.php(1669): CodeIgniter\Database\BaseConnection->query()
#3 /home/dnzwygdo/djuragancom/app/Controllers/Api/Notifikasi.php(37): CodeIgniter\Database\BaseBuilder->countAllResults()
#4 /home/dnzwygdo/djuragancom/vendor/codeigniter4/framework/system/CodeIgniter.php(898): App\Controllers\Api\Notifikasi->get()
#5 /home/dnzwygdo/djuragancom/vendor/codeigniter4/framework/system/CodeIgniter.php(457): CodeIgniter\CodeIgniter->runController()
#6 /home/dnzwygdo/djuragancom/vendor/codeigniter4/framework/system/CodeIgniter.php(340): CodeIgniter\CodeIgniter->handleRequest()
#7 /home/dnzwygdo/public_html/index.php(67): CodeIgniter\CodeIgniter->run()
#8 {main}
CRITICAL - 2024-01-01 14:12:09 --> Unable to connect to the database.
Main connection [MySQLi]: Too many connections
in SYSTEMPATH/Database/BaseConnection.php on line 418.
 1 SYSTEMPATH/Database/BaseConnection.php(588): CodeIgniter\Database\BaseConnection->initialize()
 2 SYSTEMPATH/Database/BaseBuilder.php(1669): CodeIgniter\Database\BaseConnection->query()
 3 APPPATH/Controllers/Api/Notifikasi.php(37): CodeIgniter\Database\BaseBuilder->countAllResults()
 4 SYSTEMPATH/CodeIgniter.php(898): App\Controllers\Api\Notifikasi->get()
 5 SYSTEMPATH/CodeIgniter.php(457): CodeIgniter\CodeIgniter->runController()
 6 SYSTEMPATH/CodeIgniter.php(340): CodeIgniter\CodeIgniter->handleRequest()
 7 FCPATH/index.php(67): CodeIgniter\CodeIgniter->run()
ERROR - 2024-01-01 14:12:09 --> Error connecting to the database: mysqli_sql_exception: Too many connections in /home/dnzwygdo/djuragancom/vendor/codeigniter4/framework/system/Database/MySQLi/Connection.php:171
Stack trace:
#0 /home/dnzwygdo/djuragancom/vendor/codeigniter4/framework/system/Database/MySQLi/Connection.php(171): mysqli->real_connect()
#1 /home/dnzwygdo/djuragancom/vendor/codeigniter4/framework/system/Database/BaseConnection.php(382): CodeIgniter\Database\MySQLi\Connection->connect()
#2 /home/dnzwygdo/djuragancom/vendor/codeigniter4/framework/system/Database/BaseConnection.php(588): CodeIgniter\Database\BaseConnection->initialize()
#3 /home/dnzwygdo/djuragancom/vendor/codeigniter4/framework/system/Database/BaseBuilder.php(1669): CodeIgniter\Database\BaseConnection->query()
#4 /home/dnzwygdo/djuragancom/app/Controllers/Api/Notifikasi.php(37): CodeIgniter\Database\BaseBuilder->countAllResults()
#5 /home/dnzwygdo/djuragancom/vendor/codeigniter4/framework/system/CodeIgniter.php(898): App\Controllers\Api\Notifikasi->get()
#6 /home/dnzwygdo/djuragancom/vendor/codeigniter4/framework/system/CodeIgniter.php(457): CodeIgniter\CodeIgniter->runController()
#7 /home/dnzwygdo/djuragancom/vendor/codeigniter4/framework/system/CodeIgniter.php(340): CodeIgniter\CodeIgniter->handleRequest()
#8 /home/dnzwygdo/public_html/index.php(67): CodeIgniter\CodeIgniter->run()
#9 {main}

Next CodeIgniter\Database\Exceptions\DatabaseException: Too many connections in /home/dnzwygdo/djuragancom/vendor/codeigniter4/framework/system/Database/MySQLi/Connection.php:215
Stack trace:
#0 /home/dnzwygdo/djuragancom/vendor/codeigniter4/framework/system/Database/BaseConnection.php(382): CodeIgniter\Database\MySQLi\Connection->connect()
#1 /home/dnzwygdo/djuragancom/vendor/codeigniter4/framework/system/Database/BaseConnection.php(588): CodeIgniter\Database\BaseConnection->initialize()
#2 /home/dnzwygdo/djuragancom/vendor/codeigniter4/framework/system/Database/BaseBuilder.php(1669): CodeIgniter\Database\BaseConnection->query()
#3 /home/dnzwygdo/djuragancom/app/Controllers/Api/Notifikasi.php(37): CodeIgniter\Database\BaseBuilder->countAllResults()
#4 /home/dnzwygdo/djuragancom/vendor/codeigniter4/framework/system/CodeIgniter.php(898): App\Controllers\Api\Notifikasi->get()
#5 /home/dnzwygdo/djuragancom/vendor/codeigniter4/framework/system/CodeIgniter.php(457): CodeIgniter\CodeIgniter->runController()
#6 /home/dnzwygdo/djuragancom/vendor/codeigniter4/framework/system/CodeIgniter.php(340): CodeIgniter\CodeIgniter->handleRequest()
#7 /home/dnzwygdo/public_html/index.php(67): CodeIgniter\CodeIgniter->run()
#8 {main}
CRITICAL - 2024-01-01 14:12:09 --> Unable to connect to the database.
Main connection [MySQLi]: Too many connections
in SYSTEMPATH/Database/BaseConnection.php on line 418.
 1 SYSTEMPATH/Database/BaseConnection.php(588): CodeIgniter\Database\BaseConnection->initialize()
 2 SYSTEMPATH/Database/BaseBuilder.php(1669): CodeIgniter\Database\BaseConnection->query()
 3 APPPATH/Controllers/Api/Notifikasi.php(37): CodeIgniter\Database\BaseBuilder->countAllResults()
 4 SYSTEMPATH/CodeIgniter.php(898): App\Controllers\Api\Notifikasi->get()
 5 SYSTEMPATH/CodeIgniter.php(457): CodeIgniter\CodeIgniter->runController()
 6 SYSTEMPATH/CodeIgniter.php(340): CodeIgniter\CodeIgniter->handleRequest()
 7 FCPATH/index.php(67): CodeIgniter\CodeIgniter->run()
ERROR - 2024-01-01 14:12:18 --> Error connecting to the database: mysqli_sql_exception: Too many connections in /home/dnzwygdo/djuragancom/vendor/codeigniter4/framework/system/Database/MySQLi/Connection.php:171
Stack trace:
#0 /home/dnzwygdo/djuragancom/vendor/codeigniter4/framework/system/Database/MySQLi/Connection.php(171): mysqli->real_connect()
#1 /home/dnzwygdo/djuragancom/vendor/codeigniter4/framework/system/Database/BaseConnection.php(382): CodeIgniter\Database\MySQLi\Connection->connect()
#2 /home/dnzwygdo/djuragancom/vendor/codeigniter4/framework/system/Database/BaseConnection.php(588): CodeIgniter\Database\BaseConnection->initialize()
#3 /home/dnzwygdo/djuragancom/vendor/codeigniter4/framework/system/Database/BaseBuilder.php(1669): CodeIgniter\Database\BaseConnection->query()
#4 /home/dnzwygdo/djuragancom/app/Controllers/Api/Notifikasi.php(37): CodeIgniter\Database\BaseBuilder->countAllResults()
#5 /home/dnzwygdo/djuragancom/vendor/codeigniter4/framework/system/CodeIgniter.php(898): App\Controllers\Api\Notifikasi->get()
#6 /home/dnzwygdo/djuragancom/vendor/codeigniter4/framework/system/CodeIgniter.php(457): CodeIgniter\CodeIgniter->runController()
#7 /home/dnzwygdo/djuragancom/vendor/codeigniter4/framework/system/CodeIgniter.php(340): CodeIgniter\CodeIgniter->handleRequest()
#8 /home/dnzwygdo/public_html/index.php(67): CodeIgniter\CodeIgniter->run()
#9 {main}

Next CodeIgniter\Database\Exceptions\DatabaseException: Too many connections in /home/dnzwygdo/djuragancom/vendor/codeigniter4/framework/system/Database/MySQLi/Connection.php:215
Stack trace:
#0 /home/dnzwygdo/djuragancom/vendor/codeigniter4/framework/system/Database/BaseConnection.php(382): CodeIgniter\Database\MySQLi\Connection->connect()
#1 /home/dnzwygdo/djuragancom/vendor/codeigniter4/framework/system/Database/BaseConnection.php(588): CodeIgniter\Database\BaseConnection->initialize()
#2 /home/dnzwygdo/djuragancom/vendor/codeigniter4/framework/system/Database/BaseBuilder.php(1669): CodeIgniter\Database\BaseConnection->query()
#3 /home/dnzwygdo/djuragancom/app/Controllers/Api/Notifikasi.php(37): CodeIgniter\Database\BaseBuilder->countAllResults()
#4 /home/dnzwygdo/djuragancom/vendor/codeigniter4/framework/system/CodeIgniter.php(898): App\Controllers\Api\Notifikasi->get()
#5 /home/dnzwygdo/djuragancom/vendor/codeigniter4/framework/system/CodeIgniter.php(457): CodeIgniter\CodeIgniter->runController()
#6 /home/dnzwygdo/djuragancom/vendor/codeigniter4/framework/system/CodeIgniter.php(340): CodeIgniter\CodeIgniter->handleRequest()
#7 /home/dnzwygdo/public_html/index.php(67): CodeIgniter\CodeIgniter->run()
#8 {main}
CRITICAL - 2024-01-01 14:12:18 --> Unable to connect to the database.
Main connection [MySQLi]: Too many connections
in SYSTEMPATH/Database/BaseConnection.php on line 418.
 1 SYSTEMPATH/Database/BaseConnection.php(588): CodeIgniter\Database\BaseConnection->initialize()
 2 SYSTEMPATH/Database/BaseBuilder.php(1669): CodeIgniter\Database\BaseConnection->query()
 3 APPPATH/Controllers/Api/Notifikasi.php(37): CodeIgniter\Database\BaseBuilder->countAllResults()
 4 SYSTEMPATH/CodeIgniter.php(898): App\Controllers\Api\Notifikasi->get()
 5 SYSTEMPATH/CodeIgniter.php(457): CodeIgniter\CodeIgniter->runController()
 6 SYSTEMPATH/CodeIgniter.php(340): CodeIgniter\CodeIgniter->handleRequest()
 7 FCPATH/index.php(67): CodeIgniter\CodeIgniter->run()
ERROR - 2024-01-01 14:12:18 --> Error connecting to the database: mysqli_sql_exception: Too many connections in /home/dnzwygdo/djuragancom/vendor/codeigniter4/framework/system/Database/MySQLi/Connection.php:171
Stack trace:
#0 /home/dnzwygdo/djuragancom/vendor/codeigniter4/framework/system/Database/MySQLi/Connection.php(171): mysqli->real_connect()
#1 /home/dnzwygdo/djuragancom/vendor/codeigniter4/framework/system/Database/BaseConnection.php(382): CodeIgniter\Database\MySQLi\Connection->connect()
#2 /home/dnzwygdo/djuragancom/vendor/codeigniter4/framework/system/Database/BaseConnection.php(588): CodeIgniter\Database\BaseConnection->initialize()
#3 /home/dnzwygdo/djuragancom/vendor/codeigniter4/framework/system/Database/BaseBuilder.php(1669): CodeIgniter\Database\BaseConnection->query()
#4 /home/dnzwygdo/djuragancom/app/Controllers/Api/Notifikasi.php(37): CodeIgniter\Database\BaseBuilder->countAllResults()
#5 /home/dnzwygdo/djuragancom/vendor/codeigniter4/framework/system/CodeIgniter.php(898): App\Controllers\Api\Notifikasi->get()
#6 /home/dnzwygdo/djuragancom/vendor/codeigniter4/framework/system/CodeIgniter.php(457): CodeIgniter\CodeIgniter->runController()
#7 /home/dnzwygdo/djuragancom/vendor/codeigniter4/framework/system/CodeIgniter.php(340): CodeIgniter\CodeIgniter->handleRequest()
#8 /home/dnzwygdo/public_html/index.php(67): CodeIgniter\CodeIgniter->run()
#9 {main}

Next CodeIgniter\Database\Exceptions\DatabaseException: Too many connections in /home/dnzwygdo/djuragancom/vendor/codeigniter4/framework/system/Database/MySQLi/Connection.php:215
Stack trace:
#0 /home/dnzwygdo/djuragancom/vendor/codeigniter4/framework/system/Database/BaseConnection.php(382): CodeIgniter\Database\MySQLi\Connection->connect()
#1 /home/dnzwygdo/djuragancom/vendor/codeigniter4/framework/system/Database/BaseConnection.php(588): CodeIgniter\Database\BaseConnection->initialize()
#2 /home/dnzwygdo/djuragancom/vendor/codeigniter4/framework/system/Database/BaseBuilder.php(1669): CodeIgniter\Database\BaseConnection->query()
#3 /home/dnzwygdo/djuragancom/app/Controllers/Api/Notifikasi.php(37): CodeIgniter\Database\BaseBuilder->countAllResults()
#4 /home/dnzwygdo/djuragancom/vendor/codeigniter4/framework/system/CodeIgniter.php(898): App\Controllers\Api\Notifikasi->get()
#5 /home/dnzwygdo/djuragancom/vendor/codeigniter4/framework/system/CodeIgniter.php(457): CodeIgniter\CodeIgniter->runController()
#6 /home/dnzwygdo/djuragancom/vendor/codeigniter4/framework/system/CodeIgniter.php(340): CodeIgniter\CodeIgniter->handleRequest()
#7 /home/dnzwygdo/public_html/index.php(67): CodeIgniter\CodeIgniter->run()
#8 {main}
CRITICAL - 2024-01-01 14:12:18 --> Unable to connect to the database.
Main connection [MySQLi]: Too many connections
in SYSTEMPATH/Database/BaseConnection.php on line 418.
 1 SYSTEMPATH/Database/BaseConnection.php(588): CodeIgniter\Database\BaseConnection->initialize()
 2 SYSTEMPATH/Database/BaseBuilder.php(1669): CodeIgniter\Database\BaseConnection->query()
 3 APPPATH/Controllers/Api/Notifikasi.php(37): CodeIgniter\Database\BaseBuilder->countAllResults()
 4 SYSTEMPATH/CodeIgniter.php(898): App\Controllers\Api\Notifikasi->get()
 5 SYSTEMPATH/CodeIgniter.php(457): CodeIgniter\CodeIgniter->runController()
 6 SYSTEMPATH/CodeIgniter.php(340): CodeIgniter\CodeIgniter->handleRequest()
 7 FCPATH/index.php(67): CodeIgniter\CodeIgniter->run()
ERROR - 2024-01-01 14:12:59 --> Error connecting to the database: mysqli_sql_exception: Too many connections in /home/dnzwygdo/djuragancom/vendor/codeigniter4/framework/system/Database/MySQLi/Connection.php:171
Stack trace:
#0 /home/dnzwygdo/djuragancom/vendor/codeigniter4/framework/system/Database/MySQLi/Connection.php(171): mysqli->real_connect()
#1 /home/dnzwygdo/djuragancom/vendor/codeigniter4/framework/system/Database/BaseConnection.php(382): CodeIgniter\Database\MySQLi\Connection->connect()
#2 /home/dnzwygdo/djuragancom/vendor/codeigniter4/framework/system/Database/BaseConnection.php(588): CodeIgniter\Database\BaseConnection->initialize()
#3 /home/dnzwygdo/djuragancom/vendor/codeigniter4/framework/system/Database/BaseBuilder.php(1669): CodeIgniter\Database\BaseConnection->query()
#4 /home/dnzwygdo/djuragancom/app/Controllers/Api/Notifikasi.php(37): CodeIgniter\Database\BaseBuilder->countAllResults()
#5 /home/dnzwygdo/djuragancom/vendor/codeigniter4/framework/system/CodeIgniter.php(898): App\Controllers\Api\Notifikasi->get()
#6 /home/dnzwygdo/djuragancom/vendor/codeigniter4/framework/system/CodeIgniter.php(457): CodeIgniter\CodeIgniter->runController()
#7 /home/dnzwygdo/djuragancom/vendor/codeigniter4/framework/system/CodeIgniter.php(340): CodeIgniter\CodeIgniter->handleRequest()
#8 /home/dnzwygdo/public_html/index.php(67): CodeIgniter\CodeIgniter->run()
#9 {main}

Next CodeIgniter\Database\Exceptions\DatabaseException: Too many connections in /home/dnzwygdo/djuragancom/vendor/codeigniter4/framework/system/Database/MySQLi/Connection.php:215
Stack trace:
#0 /home/dnzwygdo/djuragancom/vendor/codeigniter4/framework/system/Database/BaseConnection.php(382): CodeIgniter\Database\MySQLi\Connection->connect()
#1 /home/dnzwygdo/djuragancom/vendor/codeigniter4/framework/system/Database/BaseConnection.php(588): CodeIgniter\Database\BaseConnection->initialize()
#2 /home/dnzwygdo/djuragancom/vendor/codeigniter4/framework/system/Database/BaseBuilder.php(1669): CodeIgniter\Database\BaseConnection->query()
#3 /home/dnzwygdo/djuragancom/app/Controllers/Api/Notifikasi.php(37): CodeIgniter\Database\BaseBuilder->countAllResults()
#4 /home/dnzwygdo/djuragancom/vendor/codeigniter4/framework/system/CodeIgniter.php(898): App\Controllers\Api\Notifikasi->get()
#5 /home/dnzwygdo/djuragancom/vendor/codeigniter4/framework/system/CodeIgniter.php(457): CodeIgniter\CodeIgniter->runController()
#6 /home/dnzwygdo/djuragancom/vendor/codeigniter4/framework/system/CodeIgniter.php(340): CodeIgniter\CodeIgniter->handleRequest()
#7 /home/dnzwygdo/public_html/index.php(67): CodeIgniter\CodeIgniter->run()
#8 {main}
CRITICAL - 2024-01-01 14:12:59 --> Unable to connect to the database.
Main connection [MySQLi]: Too many connections
in SYSTEMPATH/Database/BaseConnection.php on line 418.
 1 SYSTEMPATH/Database/BaseConnection.php(588): CodeIgniter\Database\BaseConnection->initialize()
 2 SYSTEMPATH/Database/BaseBuilder.php(1669): CodeIgniter\Database\BaseConnection->query()
 3 APPPATH/Controllers/Api/Notifikasi.php(37): CodeIgniter\Database\BaseBuilder->countAllResults()
 4 SYSTEMPATH/CodeIgniter.php(898): App\Controllers\Api\Notifikasi->get()
 5 SYSTEMPATH/CodeIgniter.php(457): CodeIgniter\CodeIgniter->runController()
 6 SYSTEMPATH/CodeIgniter.php(340): CodeIgniter\CodeIgniter->handleRequest()
 7 FCPATH/index.php(67): CodeIgniter\CodeIgniter->run()
ERROR - 2024-01-01 14:13:03 --> Error connecting to the database: mysqli_sql_exception: Too many connections in /home/dnzwygdo/djuragancom/vendor/codeigniter4/framework/system/Database/MySQLi/Connection.php:171
Stack trace:
#0 /home/dnzwygdo/djuragancom/vendor/codeigniter4/framework/system/Database/MySQLi/Connection.php(171): mysqli->real_connect()
#1 /home/dnzwygdo/djuragancom/vendor/codeigniter4/framework/system/Database/BaseConnection.php(382): CodeIgniter\Database\MySQLi\Connection->connect()
#2 /home/dnzwygdo/djuragancom/vendor/codeigniter4/framework/system/Database/BaseConnection.php(588): CodeIgniter\Database\BaseConnection->initialize()
#3 /home/dnzwygdo/djuragancom/vendor/codeigniter4/framework/system/Database/BaseBuilder.php(1669): CodeIgniter\Database\BaseConnection->query()
#4 /home/dnzwygdo/djuragancom/app/Controllers/Api/Notifikasi.php(37): CodeIgniter\Database\BaseBuilder->countAllResults()
#5 /home/dnzwygdo/djuragancom/vendor/codeigniter4/framework/system/CodeIgniter.php(898): App\Controllers\Api\Notifikasi->get()
#6 /home/dnzwygdo/djuragancom/vendor/codeigniter4/framework/system/CodeIgniter.php(457): CodeIgniter\CodeIgniter->runController()
#7 /home/dnzwygdo/djuragancom/vendor/codeigniter4/framework/system/CodeIgniter.php(340): CodeIgniter\CodeIgniter->handleRequest()
#8 /home/dnzwygdo/public_html/index.php(67): CodeIgniter\CodeIgniter->run()
#9 {main}

Next CodeIgniter\Database\Exceptions\DatabaseException: Too many connections in /home/dnzwygdo/djuragancom/vendor/codeigniter4/framework/system/Database/MySQLi/Connection.php:215
Stack trace:
#0 /home/dnzwygdo/djuragancom/vendor/codeigniter4/framework/system/Database/BaseConnection.php(382): CodeIgniter\Database\MySQLi\Connection->connect()
#1 /home/dnzwygdo/djuragancom/vendor/codeigniter4/framework/system/Database/BaseConnection.php(588): CodeIgniter\Database\BaseConnection->initialize()
#2 /home/dnzwygdo/djuragancom/vendor/codeigniter4/framework/system/Database/BaseBuilder.php(1669): CodeIgniter\Database\BaseConnection->query()
#3 /home/dnzwygdo/djuragancom/app/Controllers/Api/Notifikasi.php(37): CodeIgniter\Database\BaseBuilder->countAllResults()
#4 /home/dnzwygdo/djuragancom/vendor/codeigniter4/framework/system/CodeIgniter.php(898): App\Controllers\Api\Notifikasi->get()
#5 /home/dnzwygdo/djuragancom/vendor/codeigniter4/framework/system/CodeIgniter.php(457): CodeIgniter\CodeIgniter->runController()
#6 /home/dnzwygdo/djuragancom/vendor/codeigniter4/framework/system/CodeIgniter.php(340): CodeIgniter\CodeIgniter->handleRequest()
#7 /home/dnzwygdo/public_html/index.php(67): CodeIgniter\CodeIgniter->run()
#8 {main}
CRITICAL - 2024-01-01 14:13:03 --> Unable to connect to the database.
Main connection [MySQLi]: Too many connections
in SYSTEMPATH/Database/BaseConnection.php on line 418.
 1 SYSTEMPATH/Database/BaseConnection.php(588): CodeIgniter\Database\BaseConnection->initialize()
 2 SYSTEMPATH/Database/BaseBuilder.php(1669): CodeIgniter\Database\BaseConnection->query()
 3 APPPATH/Controllers/Api/Notifikasi.php(37): CodeIgniter\Database\BaseBuilder->countAllResults()
 4 SYSTEMPATH/CodeIgniter.php(898): App\Controllers\Api\Notifikasi->get()
 5 SYSTEMPATH/CodeIgniter.php(457): CodeIgniter\CodeIgniter->runController()
 6 SYSTEMPATH/CodeIgniter.php(340): CodeIgniter\CodeIgniter->handleRequest()
 7 FCPATH/index.php(67): CodeIgniter\CodeIgniter->run()
ERROR - 2024-01-01 14:13:09 --> Error connecting to the database: mysqli_sql_exception: Too many connections in /home/dnzwygdo/djuragancom/vendor/codeigniter4/framework/system/Database/MySQLi/Connection.php:171
Stack trace:
#0 /home/dnzwygdo/djuragancom/vendor/codeigniter4/framework/system/Database/MySQLi/Connection.php(171): mysqli->real_connect()
#1 /home/dnzwygdo/djuragancom/vendor/codeigniter4/framework/system/Database/BaseConnection.php(382): CodeIgniter\Database\MySQLi\Connection->connect()
#2 /home/dnzwygdo/djuragancom/vendor/codeigniter4/framework/system/Database/BaseConnection.php(588): CodeIgniter\Database\BaseConnection->initialize()
#3 /home/dnzwygdo/djuragancom/vendor/codeigniter4/framework/system/Database/BaseBuilder.php(1669): CodeIgniter\Database\BaseConnection->query()
#4 /home/dnzwygdo/djuragancom/app/Controllers/Api/Notifikasi.php(37): CodeIgniter\Database\BaseBuilder->countAllResults()
#5 /home/dnzwygdo/djuragancom/vendor/codeigniter4/framework/system/CodeIgniter.php(898): App\Controllers\Api\Notifikasi->get()
#6 /home/dnzwygdo/djuragancom/vendor/codeigniter4/framework/system/CodeIgniter.php(457): CodeIgniter\CodeIgniter->runController()
#7 /home/dnzwygdo/djuragancom/vendor/codeigniter4/framework/system/CodeIgniter.php(340): CodeIgniter\CodeIgniter->handleRequest()
#8 /home/dnzwygdo/public_html/index.php(67): CodeIgniter\CodeIgniter->run()
#9 {main}

Next CodeIgniter\Database\Exceptions\DatabaseException: Too many connections in /home/dnzwygdo/djuragancom/vendor/codeigniter4/framework/system/Database/MySQLi/Connection.php:215
Stack trace:
#0 /home/dnzwygdo/djuragancom/vendor/codeigniter4/framework/system/Database/BaseConnection.php(382): CodeIgniter\Database\MySQLi\Connection->connect()
#1 /home/dnzwygdo/djuragancom/vendor/codeigniter4/framework/system/Database/BaseConnection.php(588): CodeIgniter\Database\BaseConnection->initialize()
#2 /home/dnzwygdo/djuragancom/vendor/codeigniter4/framework/system/Database/BaseBuilder.php(1669): CodeIgniter\Database\BaseConnection->query()
#3 /home/dnzwygdo/djuragancom/app/Controllers/Api/Notifikasi.php(37): CodeIgniter\Database\BaseBuilder->countAllResults()
#4 /home/dnzwygdo/djuragancom/vendor/codeigniter4/framework/system/CodeIgniter.php(898): App\Controllers\Api\Notifikasi->get()
#5 /home/dnzwygdo/djuragancom/vendor/codeigniter4/framework/system/CodeIgniter.php(457): CodeIgniter\CodeIgniter->runController()
#6 /home/dnzwygdo/djuragancom/vendor/codeigniter4/framework/system/CodeIgniter.php(340): CodeIgniter\CodeIgniter->handleRequest()
#7 /home/dnzwygdo/public_html/index.php(67): CodeIgniter\CodeIgniter->run()
#8 {main}
CRITICAL - 2024-01-01 14:13:09 --> Unable to connect to the database.
Main connection [MySQLi]: Too many connections
in SYSTEMPATH/Database/BaseConnection.php on line 418.
 1 SYSTEMPATH/Database/BaseConnection.php(588): CodeIgniter\Database\BaseConnection->initialize()
 2 SYSTEMPATH/Database/BaseBuilder.php(1669): CodeIgniter\Database\BaseConnection->query()
 3 APPPATH/Controllers/Api/Notifikasi.php(37): CodeIgniter\Database\BaseBuilder->countAllResults()
 4 SYSTEMPATH/CodeIgniter.php(898): App\Controllers\Api\Notifikasi->get()
 5 SYSTEMPATH/CodeIgniter.php(457): CodeIgniter\CodeIgniter->runController()
 6 SYSTEMPATH/CodeIgniter.php(340): CodeIgniter\CodeIgniter->handleRequest()
 7 FCPATH/index.php(67): CodeIgniter\CodeIgniter->run()
ERROR - 2024-01-01 14:13:09 --> Error connecting to the database: mysqli_sql_exception: Too many connections in /home/dnzwygdo/djuragancom/vendor/codeigniter4/framework/system/Database/MySQLi/Connection.php:171
Stack trace:
#0 /home/dnzwygdo/djuragancom/vendor/codeigniter4/framework/system/Database/MySQLi/Connection.php(171): mysqli->real_connect()
#1 /home/dnzwygdo/djuragancom/vendor/codeigniter4/framework/system/Database/BaseConnection.php(382): CodeIgniter\Database\MySQLi\Connection->connect()
#2 /home/dnzwygdo/djuragancom/vendor/codeigniter4/framework/system/Database/BaseConnection.php(588): CodeIgniter\Database\BaseConnection->initialize()
#3 /home/dnzwygdo/djuragancom/vendor/codeigniter4/framework/system/Database/BaseBuilder.php(1669): CodeIgniter\Database\BaseConnection->query()
#4 /home/dnzwygdo/djuragancom/app/Controllers/Api/Notifikasi.php(37): CodeIgniter\Database\BaseBuilder->countAllResults()
#5 /home/dnzwygdo/djuragancom/vendor/codeigniter4/framework/system/CodeIgniter.php(898): App\Controllers\Api\Notifikasi->get()
#6 /home/dnzwygdo/djuragancom/vendor/codeigniter4/framework/system/CodeIgniter.php(457): CodeIgniter\CodeIgniter->runController()
#7 /home/dnzwygdo/djuragancom/vendor/codeigniter4/framework/system/CodeIgniter.php(340): CodeIgniter\CodeIgniter->handleRequest()
#8 /home/dnzwygdo/public_html/index.php(67): CodeIgniter\CodeIgniter->run()
#9 {main}

Next CodeIgniter\Database\Exceptions\DatabaseException: Too many connections in /home/dnzwygdo/djuragancom/vendor/codeigniter4/framework/system/Database/MySQLi/Connection.php:215
Stack trace:
#0 /home/dnzwygdo/djuragancom/vendor/codeigniter4/framework/system/Database/BaseConnection.php(382): CodeIgniter\Database\MySQLi\Connection->connect()
#1 /home/dnzwygdo/djuragancom/vendor/codeigniter4/framework/system/Database/BaseConnection.php(588): CodeIgniter\Database\BaseConnection->initialize()
#2 /home/dnzwygdo/djuragancom/vendor/codeigniter4/framework/system/Database/BaseBuilder.php(1669): CodeIgniter\Database\BaseConnection->query()
#3 /home/dnzwygdo/djuragancom/app/Controllers/Api/Notifikasi.php(37): CodeIgniter\Database\BaseBuilder->countAllResults()
#4 /home/dnzwygdo/djuragancom/vendor/codeigniter4/framework/system/CodeIgniter.php(898): App\Controllers\Api\Notifikasi->get()
#5 /home/dnzwygdo/djuragancom/vendor/codeigniter4/framework/system/CodeIgniter.php(457): CodeIgniter\CodeIgniter->runController()
#6 /home/dnzwygdo/djuragancom/vendor/codeigniter4/framework/system/CodeIgniter.php(340): CodeIgniter\CodeIgniter->handleRequest()
#7 /home/dnzwygdo/public_html/index.php(67): CodeIgniter\CodeIgniter->run()
#8 {main}
CRITICAL - 2024-01-01 14:13:09 --> Unable to connect to the database.
Main connection [MySQLi]: Too many connections
in SYSTEMPATH/Database/BaseConnection.php on line 418.
 1 SYSTEMPATH/Database/BaseConnection.php(588): CodeIgniter\Database\BaseConnection->initialize()
 2 SYSTEMPATH/Database/BaseBuilder.php(1669): CodeIgniter\Database\BaseConnection->query()
 3 APPPATH/Controllers/Api/Notifikasi.php(37): CodeIgniter\Database\BaseBuilder->countAllResults()
 4 SYSTEMPATH/CodeIgniter.php(898): App\Controllers\Api\Notifikasi->get()
 5 SYSTEMPATH/CodeIgniter.php(457): CodeIgniter\CodeIgniter->runController()
 6 SYSTEMPATH/CodeIgniter.php(340): CodeIgniter\CodeIgniter->handleRequest()
 7 FCPATH/index.php(67): CodeIgniter\CodeIgniter->run()
ERROR - 2024-01-01 14:13:14 --> Error connecting to the database: mysqli_sql_exception: Too many connections in /home/dnzwygdo/djuragancom/vendor/codeigniter4/framework/system/Database/MySQLi/Connection.php:171
Stack trace:
#0 /home/dnzwygdo/djuragancom/vendor/codeigniter4/framework/system/Database/MySQLi/Connection.php(171): mysqli->real_connect()
#1 /home/dnzwygdo/djuragancom/vendor/codeigniter4/framework/system/Database/BaseConnection.php(382): CodeIgniter\Database\MySQLi\Connection->connect()
#2 /home/dnzwygdo/djuragancom/vendor/codeigniter4/framework/system/Database/BaseConnection.php(588): CodeIgniter\Database\BaseConnection->initialize()
#3 /home/dnzwygdo/djuragancom/vendor/codeigniter4/framework/system/Database/BaseBuilder.php(1669): CodeIgniter\Database\BaseConnection->query()
#4 /home/dnzwygdo/djuragancom/app/Controllers/Api/Notifikasi.php(37): CodeIgniter\Database\BaseBuilder->countAllResults()
#5 /home/dnzwygdo/djuragancom/vendor/codeigniter4/framework/system/CodeIgniter.php(898): App\Controllers\Api\Notifikasi->get()
#6 /home/dnzwygdo/djuragancom/vendor/codeigniter4/framework/system/CodeIgniter.php(457): CodeIgniter\CodeIgniter->runController()
#7 /home/dnzwygdo/djuragancom/vendor/codeigniter4/framework/system/CodeIgniter.php(340): CodeIgniter\CodeIgniter->handleRequest()
#8 /home/dnzwygdo/public_html/index.php(67): CodeIgniter\CodeIgniter->run()
#9 {main}

Next CodeIgniter\Database\Exceptions\DatabaseException: Too many connections in /home/dnzwygdo/djuragancom/vendor/codeigniter4/framework/system/Database/MySQLi/Connection.php:215
Stack trace:
#0 /home/dnzwygdo/djuragancom/vendor/codeigniter4/framework/system/Database/BaseConnection.php(382): CodeIgniter\Database\MySQLi\Connection->connect()
#1 /home/dnzwygdo/djuragancom/vendor/codeigniter4/framework/system/Database/BaseConnection.php(588): CodeIgniter\Database\BaseConnection->initialize()
#2 /home/dnzwygdo/djuragancom/vendor/codeigniter4/framework/system/Database/BaseBuilder.php(1669): CodeIgniter\Database\BaseConnection->query()
#3 /home/dnzwygdo/djuragancom/app/Controllers/Api/Notifikasi.php(37): CodeIgniter\Database\BaseBuilder->countAllResults()
#4 /home/dnzwygdo/djuragancom/vendor/codeigniter4/framework/system/CodeIgniter.php(898): App\Controllers\Api\Notifikasi->get()
#5 /home/dnzwygdo/djuragancom/vendor/codeigniter4/framework/system/CodeIgniter.php(457): CodeIgniter\CodeIgniter->runController()
#6 /home/dnzwygdo/djuragancom/vendor/codeigniter4/framework/system/CodeIgniter.php(340): CodeIgniter\CodeIgniter->handleRequest()
#7 /home/dnzwygdo/public_html/index.php(67): CodeIgniter\CodeIgniter->run()
#8 {main}
CRITICAL - 2024-01-01 14:13:14 --> Unable to connect to the database.
Main connection [MySQLi]: Too many connections
in SYSTEMPATH/Database/BaseConnection.php on line 418.
 1 SYSTEMPATH/Database/BaseConnection.php(588): CodeIgniter\Database\BaseConnection->initialize()
 2 SYSTEMPATH/Database/BaseBuilder.php(1669): CodeIgniter\Database\BaseConnection->query()
 3 APPPATH/Controllers/Api/Notifikasi.php(37): CodeIgniter\Database\BaseBuilder->countAllResults()
 4 SYSTEMPATH/CodeIgniter.php(898): App\Controllers\Api\Notifikasi->get()
 5 SYSTEMPATH/CodeIgniter.php(457): CodeIgniter\CodeIgniter->runController()
 6 SYSTEMPATH/CodeIgniter.php(340): CodeIgniter\CodeIgniter->handleRequest()
 7 FCPATH/index.php(67): CodeIgniter\CodeIgniter->run()
ERROR - 2024-01-01 14:13:20 --> Error connecting to the database: mysqli_sql_exception: Too many connections in /home/dnzwygdo/djuragancom/vendor/codeigniter4/framework/system/Database/MySQLi/Connection.php:171
Stack trace:
#0 /home/dnzwygdo/djuragancom/vendor/codeigniter4/framework/system/Database/MySQLi/Connection.php(171): mysqli->real_connect()
#1 /home/dnzwygdo/djuragancom/vendor/codeigniter4/framework/system/Database/BaseConnection.php(382): CodeIgniter\Database\MySQLi\Connection->connect()
#2 /home/dnzwygdo/djuragancom/vendor/codeigniter4/framework/system/Database/BaseConnection.php(588): CodeIgniter\Database\BaseConnection->initialize()
#3 /home/dnzwygdo/djuragancom/vendor/codeigniter4/framework/system/Database/BaseBuilder.php(1669): CodeIgniter\Database\BaseConnection->query()
#4 /home/dnzwygdo/djuragancom/app/Controllers/Api/Notifikasi.php(37): CodeIgniter\Database\BaseBuilder->countAllResults()
#5 /home/dnzwygdo/djuragancom/vendor/codeigniter4/framework/system/CodeIgniter.php(898): App\Controllers\Api\Notifikasi->get()
#6 /home/dnzwygdo/djuragancom/vendor/codeigniter4/framework/system/CodeIgniter.php(457): CodeIgniter\CodeIgniter->runController()
#7 /home/dnzwygdo/djuragancom/vendor/codeigniter4/framework/system/CodeIgniter.php(340): CodeIgniter\CodeIgniter->handleRequest()
#8 /home/dnzwygdo/public_html/index.php(67): CodeIgniter\CodeIgniter->run()
#9 {main}

Next CodeIgniter\Database\Exceptions\DatabaseException: Too many connections in /home/dnzwygdo/djuragancom/vendor/codeigniter4/framework/system/Database/MySQLi/Connection.php:215
Stack trace:
#0 /home/dnzwygdo/djuragancom/vendor/codeigniter4/framework/system/Database/BaseConnection.php(382): CodeIgniter\Database\MySQLi\Connection->connect()
#1 /home/dnzwygdo/djuragancom/vendor/codeigniter4/framework/system/Database/BaseConnection.php(588): CodeIgniter\Database\BaseConnection->initialize()
#2 /home/dnzwygdo/djuragancom/vendor/codeigniter4/framework/system/Database/BaseBuilder.php(1669): CodeIgniter\Database\BaseConnection->query()
#3 /home/dnzwygdo/djuragancom/app/Controllers/Api/Notifikasi.php(37): CodeIgniter\Database\BaseBuilder->countAllResults()
#4 /home/dnzwygdo/djuragancom/vendor/codeigniter4/framework/system/CodeIgniter.php(898): App\Controllers\Api\Notifikasi->get()
#5 /home/dnzwygdo/djuragancom/vendor/codeigniter4/framework/system/CodeIgniter.php(457): CodeIgniter\CodeIgniter->runController()
#6 /home/dnzwygdo/djuragancom/vendor/codeigniter4/framework/system/CodeIgniter.php(340): CodeIgniter\CodeIgniter->handleRequest()
#7 /home/dnzwygdo/public_html/index.php(67): CodeIgniter\CodeIgniter->run()
#8 {main}
CRITICAL - 2024-01-01 14:13:20 --> Unable to connect to the database.
Main connection [MySQLi]: Too many connections
in SYSTEMPATH/Database/BaseConnection.php on line 418.
 1 SYSTEMPATH/Database/BaseConnection.php(588): CodeIgniter\Database\BaseConnection->initialize()
 2 SYSTEMPATH/Database/BaseBuilder.php(1669): CodeIgniter\Database\BaseConnection->query()
 3 APPPATH/Controllers/Api/Notifikasi.php(37): CodeIgniter\Database\BaseBuilder->countAllResults()
 4 SYSTEMPATH/CodeIgniter.php(898): App\Controllers\Api\Notifikasi->get()
 5 SYSTEMPATH/CodeIgniter.php(457): CodeIgniter\CodeIgniter->runController()
 6 SYSTEMPATH/CodeIgniter.php(340): CodeIgniter\CodeIgniter->handleRequest()
 7 FCPATH/index.php(67): CodeIgniter\CodeIgniter->run()
ERROR - 2024-01-01 14:13:20 --> Error connecting to the database: mysqli_sql_exception: Too many connections in /home/dnzwygdo/djuragancom/vendor/codeigniter4/framework/system/Database/MySQLi/Connection.php:171
Stack trace:
#0 /home/dnzwygdo/djuragancom/vendor/codeigniter4/framework/system/Database/MySQLi/Connection.php(171): mysqli->real_connect()
#1 /home/dnzwygdo/djuragancom/vendor/codeigniter4/framework/system/Database/BaseConnection.php(382): CodeIgniter\Database\MySQLi\Connection->connect()
#2 /home/dnzwygdo/djuragancom/vendor/codeigniter4/framework/system/Database/BaseConnection.php(588): CodeIgniter\Database\BaseConnection->initialize()
#3 /home/dnzwygdo/djuragancom/vendor/codeigniter4/framework/system/Database/BaseBuilder.php(1669): CodeIgniter\Database\BaseConnection->query()
#4 /home/dnzwygdo/djuragancom/app/Controllers/Api/Notifikasi.php(37): CodeIgniter\Database\BaseBuilder->countAllResults()
#5 /home/dnzwygdo/djuragancom/vendor/codeigniter4/framework/system/CodeIgniter.php(898): App\Controllers\Api\Notifikasi->get()
#6 /home/dnzwygdo/djuragancom/vendor/codeigniter4/framework/system/CodeIgniter.php(457): CodeIgniter\CodeIgniter->runController()
#7 /home/dnzwygdo/djuragancom/vendor/codeigniter4/framework/system/CodeIgniter.php(340): CodeIgniter\CodeIgniter->handleRequest()
#8 /home/dnzwygdo/public_html/index.php(67): CodeIgniter\CodeIgniter->run()
#9 {main}

Next CodeIgniter\Database\Exceptions\DatabaseException: Too many connections in /home/dnzwygdo/djuragancom/vendor/codeigniter4/framework/system/Database/MySQLi/Connection.php:215
Stack trace:
#0 /home/dnzwygdo/djuragancom/vendor/codeigniter4/framework/system/Database/BaseConnection.php(382): CodeIgniter\Database\MySQLi\Connection->connect()
#1 /home/dnzwygdo/djuragancom/vendor/codeigniter4/framework/system/Database/BaseConnection.php(588): CodeIgniter\Database\BaseConnection->initialize()
#2 /home/dnzwygdo/djuragancom/vendor/codeigniter4/framework/system/Database/BaseBuilder.php(1669): CodeIgniter\Database\BaseConnection->query()
#3 /home/dnzwygdo/djuragancom/app/Controllers/Api/Notifikasi.php(37): CodeIgniter\Database\BaseBuilder->countAllResults()
#4 /home/dnzwygdo/djuragancom/vendor/codeigniter4/framework/system/CodeIgniter.php(898): App\Controllers\Api\Notifikasi->get()
#5 /home/dnzwygdo/djuragancom/vendor/codeigniter4/framework/system/CodeIgniter.php(457): CodeIgniter\CodeIgniter->runController()
#6 /home/dnzwygdo/djuragancom/vendor/codeigniter4/framework/system/CodeIgniter.php(340): CodeIgniter\CodeIgniter->handleRequest()
#7 /home/dnzwygdo/public_html/index.php(67): CodeIgniter\CodeIgniter->run()
#8 {main}
CRITICAL - 2024-01-01 14:13:20 --> Unable to connect to the database.
Main connection [MySQLi]: Too many connections
in SYSTEMPATH/Database/BaseConnection.php on line 418.
 1 SYSTEMPATH/Database/BaseConnection.php(588): CodeIgniter\Database\BaseConnection->initialize()
 2 SYSTEMPATH/Database/BaseBuilder.php(1669): CodeIgniter\Database\BaseConnection->query()
 3 APPPATH/Controllers/Api/Notifikasi.php(37): CodeIgniter\Database\BaseBuilder->countAllResults()
 4 SYSTEMPATH/CodeIgniter.php(898): App\Controllers\Api\Notifikasi->get()
 5 SYSTEMPATH/CodeIgniter.php(457): CodeIgniter\CodeIgniter->runController()
 6 SYSTEMPATH/CodeIgniter.php(340): CodeIgniter\CodeIgniter->handleRequest()
 7 FCPATH/index.php(67): CodeIgniter\CodeIgniter->run()
ERROR - 2024-01-01 14:13:26 --> Error connecting to the database: mysqli_sql_exception: Too many connections in /home/dnzwygdo/djuragancom/vendor/codeigniter4/framework/system/Database/MySQLi/Connection.php:171
Stack trace:
#0 /home/dnzwygdo/djuragancom/vendor/codeigniter4/framework/system/Database/MySQLi/Connection.php(171): mysqli->real_connect()
#1 /home/dnzwygdo/djuragancom/vendor/codeigniter4/framework/system/Database/BaseConnection.php(382): CodeIgniter\Database\MySQLi\Connection->connect()
#2 /home/dnzwygdo/djuragancom/vendor/codeigniter4/framework/system/Database/BaseConnection.php(588): CodeIgniter\Database\BaseConnection->initialize()
#3 /home/dnzwygdo/djuragancom/vendor/codeigniter4/framework/system/Database/BaseBuilder.php(1669): CodeIgniter\Database\BaseConnection->query()
#4 /home/dnzwygdo/djuragancom/app/Controllers/Api/Notifikasi.php(37): CodeIgniter\Database\BaseBuilder->countAllResults()
#5 /home/dnzwygdo/djuragancom/vendor/codeigniter4/framework/system/CodeIgniter.php(898): App\Controllers\Api\Notifikasi->get()
#6 /home/dnzwygdo/djuragancom/vendor/codeigniter4/framework/system/CodeIgniter.php(457): CodeIgniter\CodeIgniter->runController()
#7 /home/dnzwygdo/djuragancom/vendor/codeigniter4/framework/system/CodeIgniter.php(340): CodeIgniter\CodeIgniter->handleRequest()
#8 /home/dnzwygdo/public_html/index.php(67): CodeIgniter\CodeIgniter->run()
#9 {main}

Next CodeIgniter\Database\Exceptions\DatabaseException: Too many connections in /home/dnzwygdo/djuragancom/vendor/codeigniter4/framework/system/Database/MySQLi/Connection.php:215
Stack trace:
#0 /home/dnzwygdo/djuragancom/vendor/codeigniter4/framework/system/Database/BaseConnection.php(382): CodeIgniter\Database\MySQLi\Connection->connect()
#1 /home/dnzwygdo/djuragancom/vendor/codeigniter4/framework/system/Database/BaseConnection.php(588): CodeIgniter\Database\BaseConnection->initialize()
#2 /home/dnzwygdo/djuragancom/vendor/codeigniter4/framework/system/Database/BaseBuilder.php(1669): CodeIgniter\Database\BaseConnection->query()
#3 /home/dnzwygdo/djuragancom/app/Controllers/Api/Notifikasi.php(37): CodeIgniter\Database\BaseBuilder->countAllResults()
#4 /home/dnzwygdo/djuragancom/vendor/codeigniter4/framework/system/CodeIgniter.php(898): App\Controllers\Api\Notifikasi->get()
#5 /home/dnzwygdo/djuragancom/vendor/codeigniter4/framework/system/CodeIgniter.php(457): CodeIgniter\CodeIgniter->runController()
#6 /home/dnzwygdo/djuragancom/vendor/codeigniter4/framework/system/CodeIgniter.php(340): CodeIgniter\CodeIgniter->handleRequest()
#7 /home/dnzwygdo/public_html/index.php(67): CodeIgniter\CodeIgniter->run()
#8 {main}
CRITICAL - 2024-01-01 14:13:26 --> Unable to connect to the database.
Main connection [MySQLi]: Too many connections
in SYSTEMPATH/Database/BaseConnection.php on line 418.
 1 SYSTEMPATH/Database/BaseConnection.php(588): CodeIgniter\Database\BaseConnection->initialize()
 2 SYSTEMPATH/Database/BaseBuilder.php(1669): CodeIgniter\Database\BaseConnection->query()
 3 APPPATH/Controllers/Api/Notifikasi.php(37): CodeIgniter\Database\BaseBuilder->countAllResults()
 4 SYSTEMPATH/CodeIgniter.php(898): App\Controllers\Api\Notifikasi->get()
 5 SYSTEMPATH/CodeIgniter.php(457): CodeIgniter\CodeIgniter->runController()
 6 SYSTEMPATH/CodeIgniter.php(340): CodeIgniter\CodeIgniter->handleRequest()
 7 FCPATH/index.php(67): CodeIgniter\CodeIgniter->run()
ERROR - 2024-01-01 14:13:28 --> Error connecting to the database: mysqli_sql_exception: Too many connections in /home/dnzwygdo/djuragancom/vendor/codeigniter4/framework/system/Database/MySQLi/Connection.php:171
Stack trace:
#0 /home/dnzwygdo/djuragancom/vendor/codeigniter4/framework/system/Database/MySQLi/Connection.php(171): mysqli->real_connect()
#1 /home/dnzwygdo/djuragancom/vendor/codeigniter4/framework/system/Database/BaseConnection.php(382): CodeIgniter\Database\MySQLi\Connection->connect()
#2 /home/dnzwygdo/djuragancom/vendor/codeigniter4/framework/system/Database/BaseConnection.php(588): CodeIgniter\Database\BaseConnection->initialize()
#3 /home/dnzwygdo/djuragancom/vendor/codeigniter4/framework/system/Database/BaseBuilder.php(1669): CodeIgniter\Database\BaseConnection->query()
#4 /home/dnzwygdo/djuragancom/app/Controllers/Api/Notifikasi.php(37): CodeIgniter\Database\BaseBuilder->countAllResults()
#5 /home/dnzwygdo/djuragancom/vendor/codeigniter4/framework/system/CodeIgniter.php(898): App\Controllers\Api\Notifikasi->get()
#6 /home/dnzwygdo/djuragancom/vendor/codeigniter4/framework/system/CodeIgniter.php(457): CodeIgniter\CodeIgniter->runController()
#7 /home/dnzwygdo/djuragancom/vendor/codeigniter4/framework/system/CodeIgniter.php(340): CodeIgniter\CodeIgniter->handleRequest()
#8 /home/dnzwygdo/public_html/index.php(67): CodeIgniter\CodeIgniter->run()
#9 {main}

Next CodeIgniter\Database\Exceptions\DatabaseException: Too many connections in /home/dnzwygdo/djuragancom/vendor/codeigniter4/framework/system/Database/MySQLi/Connection.php:215
Stack trace:
#0 /home/dnzwygdo/djuragancom/vendor/codeigniter4/framework/system/Database/BaseConnection.php(382): CodeIgniter\Database\MySQLi\Connection->connect()
#1 /home/dnzwygdo/djuragancom/vendor/codeigniter4/framework/system/Database/BaseConnection.php(588): CodeIgniter\Database\BaseConnection->initialize()
#2 /home/dnzwygdo/djuragancom/vendor/codeigniter4/framework/system/Database/BaseBuilder.php(1669): CodeIgniter\Database\BaseConnection->query()
#3 /home/dnzwygdo/djuragancom/app/Controllers/Api/Notifikasi.php(37): CodeIgniter\Database\BaseBuilder->countAllResults()
#4 /home/dnzwygdo/djuragancom/vendor/codeigniter4/framework/system/CodeIgniter.php(898): App\Controllers\Api\Notifikasi->get()
#5 /home/dnzwygdo/djuragancom/vendor/codeigniter4/framework/system/CodeIgniter.php(457): CodeIgniter\CodeIgniter->runController()
#6 /home/dnzwygdo/djuragancom/vendor/codeigniter4/framework/system/CodeIgniter.php(340): CodeIgniter\CodeIgniter->handleRequest()
#7 /home/dnzwygdo/public_html/index.php(67): CodeIgniter\CodeIgniter->run()
#8 {main}
CRITICAL - 2024-01-01 14:13:28 --> Unable to connect to the database.
Main connection [MySQLi]: Too many connections
in SYSTEMPATH/Database/BaseConnection.php on line 418.
 1 SYSTEMPATH/Database/BaseConnection.php(588): CodeIgniter\Database\BaseConnection->initialize()
 2 SYSTEMPATH/Database/BaseBuilder.php(1669): CodeIgniter\Database\BaseConnection->query()
 3 APPPATH/Controllers/Api/Notifikasi.php(37): CodeIgniter\Database\BaseBuilder->countAllResults()
 4 SYSTEMPATH/CodeIgniter.php(898): App\Controllers\Api\Notifikasi->get()
 5 SYSTEMPATH/CodeIgniter.php(457): CodeIgniter\CodeIgniter->runController()
 6 SYSTEMPATH/CodeIgniter.php(340): CodeIgniter\CodeIgniter->handleRequest()
 7 FCPATH/index.php(67): CodeIgniter\CodeIgniter->run()
ERROR - 2024-01-01 14:13:28 --> Error connecting to the database: mysqli_sql_exception: Too many connections in /home/dnzwygdo/djuragancom/vendor/codeigniter4/framework/system/Database/MySQLi/Connection.php:171
Stack trace:
#0 /home/dnzwygdo/djuragancom/vendor/codeigniter4/framework/system/Database/MySQLi/Connection.php(171): mysqli->real_connect()
#1 /home/dnzwygdo/djuragancom/vendor/codeigniter4/framework/system/Database/BaseConnection.php(382): CodeIgniter\Database\MySQLi\Connection->connect()
#2 /home/dnzwygdo/djuragancom/vendor/codeigniter4/framework/system/Database/BaseConnection.php(588): CodeIgniter\Database\BaseConnection->initialize()
#3 /home/dnzwygdo/djuragancom/vendor/codeigniter4/framework/system/Database/BaseBuilder.php(1669): CodeIgniter\Database\BaseConnection->query()
#4 /home/dnzwygdo/djuragancom/app/Controllers/Api/Notifikasi.php(37): CodeIgniter\Database\BaseBuilder->countAllResults()
#5 /home/dnzwygdo/djuragancom/vendor/codeigniter4/framework/system/CodeIgniter.php(898): App\Controllers\Api\Notifikasi->get()
#6 /home/dnzwygdo/djuragancom/vendor/codeigniter4/framework/system/CodeIgniter.php(457): CodeIgniter\CodeIgniter->runController()
#7 /home/dnzwygdo/djuragancom/vendor/codeigniter4/framework/system/CodeIgniter.php(340): CodeIgniter\CodeIgniter->handleRequest()
#8 /home/dnzwygdo/public_html/index.php(67): CodeIgniter\CodeIgniter->run()
#9 {main}

Next CodeIgniter\Database\Exceptions\DatabaseException: Too many connections in /home/dnzwygdo/djuragancom/vendor/codeigniter4/framework/system/Database/MySQLi/Connection.php:215
Stack trace:
#0 /home/dnzwygdo/djuragancom/vendor/codeigniter4/framework/system/Database/BaseConnection.php(382): CodeIgniter\Database\MySQLi\Connection->connect()
#1 /home/dnzwygdo/djuragancom/vendor/codeigniter4/framework/system/Database/BaseConnection.php(588): CodeIgniter\Database\BaseConnection->initialize()
#2 /home/dnzwygdo/djuragancom/vendor/codeigniter4/framework/system/Database/BaseBuilder.php(1669): CodeIgniter\Database\BaseConnection->query()
#3 /home/dnzwygdo/djuragancom/app/Controllers/Api/Notifikasi.php(37): CodeIgniter\Database\BaseBuilder->countAllResults()
#4 /home/dnzwygdo/djuragancom/vendor/codeigniter4/framework/system/CodeIgniter.php(898): App\Controllers\Api\Notifikasi->get()
#5 /home/dnzwygdo/djuragancom/vendor/codeigniter4/framework/system/CodeIgniter.php(457): CodeIgniter\CodeIgniter->runController()
#6 /home/dnzwygdo/djuragancom/vendor/codeigniter4/framework/system/CodeIgniter.php(340): CodeIgniter\CodeIgniter->handleRequest()
#7 /home/dnzwygdo/public_html/index.php(67): CodeIgniter\CodeIgniter->run()
#8 {main}
CRITICAL - 2024-01-01 14:13:28 --> Unable to connect to the database.
Main connection [MySQLi]: Too many connections
in SYSTEMPATH/Database/BaseConnection.php on line 418.
 1 SYSTEMPATH/Database/BaseConnection.php(588): CodeIgniter\Database\BaseConnection->initialize()
 2 SYSTEMPATH/Database/BaseBuilder.php(1669): CodeIgniter\Database\BaseConnection->query()
 3 APPPATH/Controllers/Api/Notifikasi.php(37): CodeIgniter\Database\BaseBuilder->countAllResults()
 4 SYSTEMPATH/CodeIgniter.php(898): App\Controllers\Api\Notifikasi->get()
 5 SYSTEMPATH/CodeIgniter.php(457): CodeIgniter\CodeIgniter->runController()
 6 SYSTEMPATH/CodeIgniter.php(340): CodeIgniter\CodeIgniter->handleRequest()
 7 FCPATH/index.php(67): CodeIgniter\CodeIgniter->run()
ERROR - 2024-01-01 14:13:34 --> Error connecting to the database: mysqli_sql_exception: Too many connections in /home/dnzwygdo/djuragancom/vendor/codeigniter4/framework/system/Database/MySQLi/Connection.php:171
Stack trace:
#0 /home/dnzwygdo/djuragancom/vendor/codeigniter4/framework/system/Database/MySQLi/Connection.php(171): mysqli->real_connect()
#1 /home/dnzwygdo/djuragancom/vendor/codeigniter4/framework/system/Database/BaseConnection.php(382): CodeIgniter\Database\MySQLi\Connection->connect()
#2 /home/dnzwygdo/djuragancom/vendor/codeigniter4/framework/system/Database/BaseConnection.php(588): CodeIgniter\Database\BaseConnection->initialize()
#3 /home/dnzwygdo/djuragancom/vendor/codeigniter4/framework/system/Database/BaseBuilder.php(1669): CodeIgniter\Database\BaseConnection->query()
#4 /home/dnzwygdo/djuragancom/app/Controllers/Api/Notifikasi.php(37): CodeIgniter\Database\BaseBuilder->countAllResults()
#5 /home/dnzwygdo/djuragancom/vendor/codeigniter4/framework/system/CodeIgniter.php(898): App\Controllers\Api\Notifikasi->get()
#6 /home/dnzwygdo/djuragancom/vendor/codeigniter4/framework/system/CodeIgniter.php(457): CodeIgniter\CodeIgniter->runController()
#7 /home/dnzwygdo/djuragancom/vendor/codeigniter4/framework/system/CodeIgniter.php(340): CodeIgniter\CodeIgniter->handleRequest()
#8 /home/dnzwygdo/public_html/index.php(67): CodeIgniter\CodeIgniter->run()
#9 {main}

Next CodeIgniter\Database\Exceptions\DatabaseException: Too many connections in /home/dnzwygdo/djuragancom/vendor/codeigniter4/framework/system/Database/MySQLi/Connection.php:215
Stack trace:
#0 /home/dnzwygdo/djuragancom/vendor/codeigniter4/framework/system/Database/BaseConnection.php(382): CodeIgniter\Database\MySQLi\Connection->connect()
#1 /home/dnzwygdo/djuragancom/vendor/codeigniter4/framework/system/Database/BaseConnection.php(588): CodeIgniter\Database\BaseConnection->initialize()
#2 /home/dnzwygdo/djuragancom/vendor/codeigniter4/framework/system/Database/BaseBuilder.php(1669): CodeIgniter\Database\BaseConnection->query()
#3 /home/dnzwygdo/djuragancom/app/Controllers/Api/Notifikasi.php(37): CodeIgniter\Database\BaseBuilder->countAllResults()
#4 /home/dnzwygdo/djuragancom/vendor/codeigniter4/framework/system/CodeIgniter.php(898): App\Controllers\Api\Notifikasi->get()
#5 /home/dnzwygdo/djuragancom/vendor/codeigniter4/framework/system/CodeIgniter.php(457): CodeIgniter\CodeIgniter->runController()
#6 /home/dnzwygdo/djuragancom/vendor/codeigniter4/framework/system/CodeIgniter.php(340): CodeIgniter\CodeIgniter->handleRequest()
#7 /home/dnzwygdo/public_html/index.php(67): CodeIgniter\CodeIgniter->run()
#8 {main}
CRITICAL - 2024-01-01 14:13:34 --> Unable to connect to the database.
Main connection [MySQLi]: Too many connections
in SYSTEMPATH/Database/BaseConnection.php on line 418.
 1 SYSTEMPATH/Database/BaseConnection.php(588): CodeIgniter\Database\BaseConnection->initialize()
 2 SYSTEMPATH/Database/BaseBuilder.php(1669): CodeIgniter\Database\BaseConnection->query()
 3 APPPATH/Controllers/Api/Notifikasi.php(37): CodeIgniter\Database\BaseBuilder->countAllResults()
 4 SYSTEMPATH/CodeIgniter.php(898): App\Controllers\Api\Notifikasi->get()
 5 SYSTEMPATH/CodeIgniter.php(457): CodeIgniter\CodeIgniter->runController()
 6 SYSTEMPATH/CodeIgniter.php(340): CodeIgniter\CodeIgniter->handleRequest()
 7 FCPATH/index.php(67): CodeIgniter\CodeIgniter->run()
ERROR - 2024-01-01 14:13:40 --> Error connecting to the database: mysqli_sql_exception: Too many connections in /home/dnzwygdo/djuragancom/vendor/codeigniter4/framework/system/Database/MySQLi/Connection.php:171
Stack trace:
#0 /home/dnzwygdo/djuragancom/vendor/codeigniter4/framework/system/Database/MySQLi/Connection.php(171): mysqli->real_connect()
#1 /home/dnzwygdo/djuragancom/vendor/codeigniter4/framework/system/Database/BaseConnection.php(382): CodeIgniter\Database\MySQLi\Connection->connect()
#2 /home/dnzwygdo/djuragancom/vendor/codeigniter4/framework/system/Database/BaseConnection.php(588): CodeIgniter\Database\BaseConnection->initialize()
#3 /home/dnzwygdo/djuragancom/vendor/codeigniter4/framework/system/Database/BaseBuilder.php(1669): CodeIgniter\Database\BaseConnection->query()
#4 /home/dnzwygdo/djuragancom/app/Controllers/Api/Notifikasi.php(37): CodeIgniter\Database\BaseBuilder->countAllResults()
#5 /home/dnzwygdo/djuragancom/vendor/codeigniter4/framework/system/CodeIgniter.php(898): App\Controllers\Api\Notifikasi->get()
#6 /home/dnzwygdo/djuragancom/vendor/codeigniter4/framework/system/CodeIgniter.php(457): CodeIgniter\CodeIgniter->runController()
#7 /home/dnzwygdo/djuragancom/vendor/codeigniter4/framework/system/CodeIgniter.php(340): CodeIgniter\CodeIgniter->handleRequest()
#8 /home/dnzwygdo/public_html/index.php(67): CodeIgniter\CodeIgniter->run()
#9 {main}

Next CodeIgniter\Database\Exceptions\DatabaseException: Too many connections in /home/dnzwygdo/djuragancom/vendor/codeigniter4/framework/system/Database/MySQLi/Connection.php:215
Stack trace:
#0 /home/dnzwygdo/djuragancom/vendor/codeigniter4/framework/system/Database/BaseConnection.php(382): CodeIgniter\Database\MySQLi\Connection->connect()
#1 /home/dnzwygdo/djuragancom/vendor/codeigniter4/framework/system/Database/BaseConnection.php(588): CodeIgniter\Database\BaseConnection->initialize()
#2 /home/dnzwygdo/djuragancom/vendor/codeigniter4/framework/system/Database/BaseBuilder.php(1669): CodeIgniter\Database\BaseConnection->query()
#3 /home/dnzwygdo/djuragancom/app/Controllers/Api/Notifikasi.php(37): CodeIgniter\Database\BaseBuilder->countAllResults()
#4 /home/dnzwygdo/djuragancom/vendor/codeigniter4/framework/system/CodeIgniter.php(898): App\Controllers\Api\Notifikasi->get()
#5 /home/dnzwygdo/djuragancom/vendor/codeigniter4/framework/system/CodeIgniter.php(457): CodeIgniter\CodeIgniter->runController()
#6 /home/dnzwygdo/djuragancom/vendor/codeigniter4/framework/system/CodeIgniter.php(340): CodeIgniter\CodeIgniter->handleRequest()
#7 /home/dnzwygdo/public_html/index.php(67): CodeIgniter\CodeIgniter->run()
#8 {main}
CRITICAL - 2024-01-01 14:13:40 --> Unable to connect to the database.
Main connection [MySQLi]: Too many connections
in SYSTEMPATH/Database/BaseConnection.php on line 418.
 1 SYSTEMPATH/Database/BaseConnection.php(588): CodeIgniter\Database\BaseConnection->initialize()
 2 SYSTEMPATH/Database/BaseBuilder.php(1669): CodeIgniter\Database\BaseConnection->query()
 3 APPPATH/Controllers/Api/Notifikasi.php(37): CodeIgniter\Database\BaseBuilder->countAllResults()
 4 SYSTEMPATH/CodeIgniter.php(898): App\Controllers\Api\Notifikasi->get()
 5 SYSTEMPATH/CodeIgniter.php(457): CodeIgniter\CodeIgniter->runController()
 6 SYSTEMPATH/CodeIgniter.php(340): CodeIgniter\CodeIgniter->handleRequest()
 7 FCPATH/index.php(67): CodeIgniter\CodeIgniter->run()
ERROR - 2024-01-01 14:13:51 --> Error connecting to the database: mysqli_sql_exception: Too many connections in /home/dnzwygdo/djuragancom/vendor/codeigniter4/framework/system/Database/MySQLi/Connection.php:171
Stack trace:
#0 /home/dnzwygdo/djuragancom/vendor/codeigniter4/framework/system/Database/MySQLi/Connection.php(171): mysqli->real_connect()
#1 /home/dnzwygdo/djuragancom/vendor/codeigniter4/framework/system/Database/BaseConnection.php(382): CodeIgniter\Database\MySQLi\Connection->connect()
#2 /home/dnzwygdo/djuragancom/vendor/codeigniter4/framework/system/Database/BaseConnection.php(588): CodeIgniter\Database\BaseConnection->initialize()
#3 /home/dnzwygdo/djuragancom/vendor/codeigniter4/framework/system/Database/BaseBuilder.php(1669): CodeIgniter\Database\BaseConnection->query()
#4 /home/dnzwygdo/djuragancom/app/Controllers/Api/Notifikasi.php(37): CodeIgniter\Database\BaseBuilder->countAllResults()
#5 /home/dnzwygdo/djuragancom/vendor/codeigniter4/framework/system/CodeIgniter.php(898): App\Controllers\Api\Notifikasi->get()
#6 /home/dnzwygdo/djuragancom/vendor/codeigniter4/framework/system/CodeIgniter.php(457): CodeIgniter\CodeIgniter->runController()
#7 /home/dnzwygdo/djuragancom/vendor/codeigniter4/framework/system/CodeIgniter.php(340): CodeIgniter\CodeIgniter->handleRequest()
#8 /home/dnzwygdo/public_html/index.php(67): CodeIgniter\CodeIgniter->run()
#9 {main}

Next CodeIgniter\Database\Exceptions\DatabaseException: Too many connections in /home/dnzwygdo/djuragancom/vendor/codeigniter4/framework/system/Database/MySQLi/Connection.php:215
Stack trace:
#0 /home/dnzwygdo/djuragancom/vendor/codeigniter4/framework/system/Database/BaseConnection.php(382): CodeIgniter\Database\MySQLi\Connection->connect()
#1 /home/dnzwygdo/djuragancom/vendor/codeigniter4/framework/system/Database/BaseConnection.php(588): CodeIgniter\Database\BaseConnection->initialize()
#2 /home/dnzwygdo/djuragancom/vendor/codeigniter4/framework/system/Database/BaseBuilder.php(1669): CodeIgniter\Database\BaseConnection->query()
#3 /home/dnzwygdo/djuragancom/app/Controllers/Api/Notifikasi.php(37): CodeIgniter\Database\BaseBuilder->countAllResults()
#4 /home/dnzwygdo/djuragancom/vendor/codeigniter4/framework/system/CodeIgniter.php(898): App\Controllers\Api\Notifikasi->get()
#5 /home/dnzwygdo/djuragancom/vendor/codeigniter4/framework/system/CodeIgniter.php(457): CodeIgniter\CodeIgniter->runController()
#6 /home/dnzwygdo/djuragancom/vendor/codeigniter4/framework/system/CodeIgniter.php(340): CodeIgniter\CodeIgniter->handleRequest()
#7 /home/dnzwygdo/public_html/index.php(67): CodeIgniter\CodeIgniter->run()
#8 {main}
CRITICAL - 2024-01-01 14:13:51 --> Unable to connect to the database.
Main connection [MySQLi]: Too many connections
in SYSTEMPATH/Database/BaseConnection.php on line 418.
 1 SYSTEMPATH/Database/BaseConnection.php(588): CodeIgniter\Database\BaseConnection->initialize()
 2 SYSTEMPATH/Database/BaseBuilder.php(1669): CodeIgniter\Database\BaseConnection->query()
 3 APPPATH/Controllers/Api/Notifikasi.php(37): CodeIgniter\Database\BaseBuilder->countAllResults()
 4 SYSTEMPATH/CodeIgniter.php(898): App\Controllers\Api\Notifikasi->get()
 5 SYSTEMPATH/CodeIgniter.php(457): CodeIgniter\CodeIgniter->runController()
 6 SYSTEMPATH/CodeIgniter.php(340): CodeIgniter\CodeIgniter->handleRequest()
 7 FCPATH/index.php(67): CodeIgniter\CodeIgniter->run()
ERROR - 2024-01-01 14:13:51 --> Error connecting to the database: mysqli_sql_exception: Too many connections in /home/dnzwygdo/djuragancom/vendor/codeigniter4/framework/system/Database/MySQLi/Connection.php:171
Stack trace:
#0 /home/dnzwygdo/djuragancom/vendor/codeigniter4/framework/system/Database/MySQLi/Connection.php(171): mysqli->real_connect()
#1 /home/dnzwygdo/djuragancom/vendor/codeigniter4/framework/system/Database/BaseConnection.php(382): CodeIgniter\Database\MySQLi\Connection->connect()
#2 /home/dnzwygdo/djuragancom/vendor/codeigniter4/framework/system/Database/BaseConnection.php(588): CodeIgniter\Database\BaseConnection->initialize()
#3 /home/dnzwygdo/djuragancom/vendor/codeigniter4/framework/system/Database/BaseBuilder.php(1669): CodeIgniter\Database\BaseConnection->query()
#4 /home/dnzwygdo/djuragancom/app/Controllers/Api/Notifikasi.php(37): CodeIgniter\Database\BaseBuilder->countAllResults()
#5 /home/dnzwygdo/djuragancom/vendor/codeigniter4/framework/system/CodeIgniter.php(898): App\Controllers\Api\Notifikasi->get()
#6 /home/dnzwygdo/djuragancom/vendor/codeigniter4/framework/system/CodeIgniter.php(457): CodeIgniter\CodeIgniter->runController()
#7 /home/dnzwygdo/djuragancom/vendor/codeigniter4/framework/system/CodeIgniter.php(340): CodeIgniter\CodeIgniter->handleRequest()
#8 /home/dnzwygdo/public_html/index.php(67): CodeIgniter\CodeIgniter->run()
#9 {main}

Next CodeIgniter\Database\Exceptions\DatabaseException: Too many connections in /home/dnzwygdo/djuragancom/vendor/codeigniter4/framework/system/Database/MySQLi/Connection.php:215
Stack trace:
#0 /home/dnzwygdo/djuragancom/vendor/codeigniter4/framework/system/Database/BaseConnection.php(382): CodeIgniter\Database\MySQLi\Connection->connect()
#1 /home/dnzwygdo/djuragancom/vendor/codeigniter4/framework/system/Database/BaseConnection.php(588): CodeIgniter\Database\BaseConnection->initialize()
#2 /home/dnzwygdo/djuragancom/vendor/codeigniter4/framework/system/Database/BaseBuilder.php(1669): CodeIgniter\Database\BaseConnection->query()
#3 /home/dnzwygdo/djuragancom/app/Controllers/Api/Notifikasi.php(37): CodeIgniter\Database\BaseBuilder->countAllResults()
#4 /home/dnzwygdo/djuragancom/vendor/codeigniter4/framework/system/CodeIgniter.php(898): App\Controllers\Api\Notifikasi->get()
#5 /home/dnzwygdo/djuragancom/vendor/codeigniter4/framework/system/CodeIgniter.php(457): CodeIgniter\CodeIgniter->runController()
#6 /home/dnzwygdo/djuragancom/vendor/codeigniter4/framework/system/CodeIgniter.php(340): CodeIgniter\CodeIgniter->handleRequest()
#7 /home/dnzwygdo/public_html/index.php(67): CodeIgniter\CodeIgniter->run()
#8 {main}
CRITICAL - 2024-01-01 14:13:51 --> Unable to connect to the database.
Main connection [MySQLi]: Too many connections
in SYSTEMPATH/Database/BaseConnection.php on line 418.
 1 SYSTEMPATH/Database/BaseConnection.php(588): CodeIgniter\Database\BaseConnection->initialize()
 2 SYSTEMPATH/Database/BaseBuilder.php(1669): CodeIgniter\Database\BaseConnection->query()
 3 APPPATH/Controllers/Api/Notifikasi.php(37): CodeIgniter\Database\BaseBuilder->countAllResults()
 4 SYSTEMPATH/CodeIgniter.php(898): App\Controllers\Api\Notifikasi->get()
 5 SYSTEMPATH/CodeIgniter.php(457): CodeIgniter\CodeIgniter->runController()
 6 SYSTEMPATH/CodeIgniter.php(340): CodeIgniter\CodeIgniter->handleRequest()
 7 FCPATH/index.php(67): CodeIgniter\CodeIgniter->run()
ERROR - 2024-01-01 14:14:04 --> Error connecting to the database: mysqli_sql_exception: Too many connections in /home/dnzwygdo/djuragancom/vendor/codeigniter4/framework/system/Database/MySQLi/Connection.php:171
Stack trace:
#0 /home/dnzwygdo/djuragancom/vendor/codeigniter4/framework/system/Database/MySQLi/Connection.php(171): mysqli->real_connect()
#1 /home/dnzwygdo/djuragancom/vendor/codeigniter4/framework/system/Database/BaseConnection.php(382): CodeIgniter\Database\MySQLi\Connection->connect()
#2 /home/dnzwygdo/djuragancom/vendor/codeigniter4/framework/system/Database/BaseConnection.php(588): CodeIgniter\Database\BaseConnection->initialize()
#3 /home/dnzwygdo/djuragancom/vendor/codeigniter4/framework/system/Database/BaseBuilder.php(1669): CodeIgniter\Database\BaseConnection->query()
#4 /home/dnzwygdo/djuragancom/app/Controllers/Api/Notifikasi.php(37): CodeIgniter\Database\BaseBuilder->countAllResults()
#5 /home/dnzwygdo/djuragancom/vendor/codeigniter4/framework/system/CodeIgniter.php(898): App\Controllers\Api\Notifikasi->get()
#6 /home/dnzwygdo/djuragancom/vendor/codeigniter4/framework/system/CodeIgniter.php(457): CodeIgniter\CodeIgniter->runController()
#7 /home/dnzwygdo/djuragancom/vendor/codeigniter4/framework/system/CodeIgniter.php(340): CodeIgniter\CodeIgniter->handleRequest()
#8 /home/dnzwygdo/public_html/index.php(67): CodeIgniter\CodeIgniter->run()
#9 {main}

Next CodeIgniter\Database\Exceptions\DatabaseException: Too many connections in /home/dnzwygdo/djuragancom/vendor/codeigniter4/framework/system/Database/MySQLi/Connection.php:215
Stack trace:
#0 /home/dnzwygdo/djuragancom/vendor/codeigniter4/framework/system/Database/BaseConnection.php(382): CodeIgniter\Database\MySQLi\Connection->connect()
#1 /home/dnzwygdo/djuragancom/vendor/codeigniter4/framework/system/Database/BaseConnection.php(588): CodeIgniter\Database\BaseConnection->initialize()
#2 /home/dnzwygdo/djuragancom/vendor/codeigniter4/framework/system/Database/BaseBuilder.php(1669): CodeIgniter\Database\BaseConnection->query()
#3 /home/dnzwygdo/djuragancom/app/Controllers/Api/Notifikasi.php(37): CodeIgniter\Database\BaseBuilder->countAllResults()
#4 /home/dnzwygdo/djuragancom/vendor/codeigniter4/framework/system/CodeIgniter.php(898): App\Controllers\Api\Notifikasi->get()
#5 /home/dnzwygdo/djuragancom/vendor/codeigniter4/framework/system/CodeIgniter.php(457): CodeIgniter\CodeIgniter->runController()
#6 /home/dnzwygdo/djuragancom/vendor/codeigniter4/framework/system/CodeIgniter.php(340): CodeIgniter\CodeIgniter->handleRequest()
#7 /home/dnzwygdo/public_html/index.php(67): CodeIgniter\CodeIgniter->run()
#8 {main}
CRITICAL - 2024-01-01 14:14:04 --> Unable to connect to the database.
Main connection [MySQLi]: Too many connections
in SYSTEMPATH/Database/BaseConnection.php on line 418.
 1 SYSTEMPATH/Database/BaseConnection.php(588): CodeIgniter\Database\BaseConnection->initialize()
 2 SYSTEMPATH/Database/BaseBuilder.php(1669): CodeIgniter\Database\BaseConnection->query()
 3 APPPATH/Controllers/Api/Notifikasi.php(37): CodeIgniter\Database\BaseBuilder->countAllResults()
 4 SYSTEMPATH/CodeIgniter.php(898): App\Controllers\Api\Notifikasi->get()
 5 SYSTEMPATH/CodeIgniter.php(457): CodeIgniter\CodeIgniter->runController()
 6 SYSTEMPATH/CodeIgniter.php(340): CodeIgniter\CodeIgniter->handleRequest()
 7 FCPATH/index.php(67): CodeIgniter\CodeIgniter->run()
ERROR - 2024-01-01 14:14:04 --> Error connecting to the database: mysqli_sql_exception: Too many connections in /home/dnzwygdo/djuragancom/vendor/codeigniter4/framework/system/Database/MySQLi/Connection.php:171
Stack trace:
#0 /home/dnzwygdo/djuragancom/vendor/codeigniter4/framework/system/Database/MySQLi/Connection.php(171): mysqli->real_connect()
#1 /home/dnzwygdo/djuragancom/vendor/codeigniter4/framework/system/Database/BaseConnection.php(382): CodeIgniter\Database\MySQLi\Connection->connect()
#2 /home/dnzwygdo/djuragancom/vendor/codeigniter4/framework/system/Database/BaseConnection.php(588): CodeIgniter\Database\BaseConnection->initialize()
#3 /home/dnzwygdo/djuragancom/vendor/codeigniter4/framework/system/Database/BaseBuilder.php(1669): CodeIgniter\Database\BaseConnection->query()
#4 /home/dnzwygdo/djuragancom/app/Controllers/Api/Notifikasi.php(37): CodeIgniter\Database\BaseBuilder->countAllResults()
#5 /home/dnzwygdo/djuragancom/vendor/codeigniter4/framework/system/CodeIgniter.php(898): App\Controllers\Api\Notifikasi->get()
#6 /home/dnzwygdo/djuragancom/vendor/codeigniter4/framework/system/CodeIgniter.php(457): CodeIgniter\CodeIgniter->runController()
#7 /home/dnzwygdo/djuragancom/vendor/codeigniter4/framework/system/CodeIgniter.php(340): CodeIgniter\CodeIgniter->handleRequest()
#8 /home/dnzwygdo/public_html/index.php(67): CodeIgniter\CodeIgniter->run()
#9 {main}

Next CodeIgniter\Database\Exceptions\DatabaseException: Too many connections in /home/dnzwygdo/djuragancom/vendor/codeigniter4/framework/system/Database/MySQLi/Connection.php:215
Stack trace:
#0 /home/dnzwygdo/djuragancom/vendor/codeigniter4/framework/system/Database/BaseConnection.php(382): CodeIgniter\Database\MySQLi\Connection->connect()
#1 /home/dnzwygdo/djuragancom/vendor/codeigniter4/framework/system/Database/BaseConnection.php(588): CodeIgniter\Database\BaseConnection->initialize()
#2 /home/dnzwygdo/djuragancom/vendor/codeigniter4/framework/system/Database/BaseBuilder.php(1669): CodeIgniter\Database\BaseConnection->query()
#3 /home/dnzwygdo/djuragancom/app/Controllers/Api/Notifikasi.php(37): CodeIgniter\Database\BaseBuilder->countAllResults()
#4 /home/dnzwygdo/djuragancom/vendor/codeigniter4/framework/system/CodeIgniter.php(898): App\Controllers\Api\Notifikasi->get()
#5 /home/dnzwygdo/djuragancom/vendor/codeigniter4/framework/system/CodeIgniter.php(457): CodeIgniter\CodeIgniter->runController()
#6 /home/dnzwygdo/djuragancom/vendor/codeigniter4/framework/system/CodeIgniter.php(340): CodeIgniter\CodeIgniter->handleRequest()
#7 /home/dnzwygdo/public_html/index.php(67): CodeIgniter\CodeIgniter->run()
#8 {main}
CRITICAL - 2024-01-01 14:14:04 --> Unable to connect to the database.
Main connection [MySQLi]: Too many connections
in SYSTEMPATH/Database/BaseConnection.php on line 418.
 1 SYSTEMPATH/Database/BaseConnection.php(588): CodeIgniter\Database\BaseConnection->initialize()
 2 SYSTEMPATH/Database/BaseBuilder.php(1669): CodeIgniter\Database\BaseConnection->query()
 3 APPPATH/Controllers/Api/Notifikasi.php(37): CodeIgniter\Database\BaseBuilder->countAllResults()
 4 SYSTEMPATH/CodeIgniter.php(898): App\Controllers\Api\Notifikasi->get()
 5 SYSTEMPATH/CodeIgniter.php(457): CodeIgniter\CodeIgniter->runController()
 6 SYSTEMPATH/CodeIgniter.php(340): CodeIgniter\CodeIgniter->handleRequest()
 7 FCPATH/index.php(67): CodeIgniter\CodeIgniter->run()
ERROR - 2024-01-01 14:14:04 --> Error connecting to the database: mysqli_sql_exception: Too many connections in /home/dnzwygdo/djuragancom/vendor/codeigniter4/framework/system/Database/MySQLi/Connection.php:171
Stack trace:
#0 /home/dnzwygdo/djuragancom/vendor/codeigniter4/framework/system/Database/MySQLi/Connection.php(171): mysqli->real_connect()
#1 /home/dnzwygdo/djuragancom/vendor/codeigniter4/framework/system/Database/BaseConnection.php(382): CodeIgniter\Database\MySQLi\Connection->connect()
#2 /home/dnzwygdo/djuragancom/vendor/codeigniter4/framework/system/Database/BaseConnection.php(588): CodeIgniter\Database\BaseConnection->initialize()
#3 /home/dnzwygdo/djuragancom/vendor/codeigniter4/framework/system/Database/BaseBuilder.php(1669): CodeIgniter\Database\BaseConnection->query()
#4 /home/dnzwygdo/djuragancom/app/Controllers/Api/Notifikasi.php(37): CodeIgniter\Database\BaseBuilder->countAllResults()
#5 /home/dnzwygdo/djuragancom/vendor/codeigniter4/framework/system/CodeIgniter.php(898): App\Controllers\Api\Notifikasi->get()
#6 /home/dnzwygdo/djuragancom/vendor/codeigniter4/framework/system/CodeIgniter.php(457): CodeIgniter\CodeIgniter->runController()
#7 /home/dnzwygdo/djuragancom/vendor/codeigniter4/framework/system/CodeIgniter.php(340): CodeIgniter\CodeIgniter->handleRequest()
#8 /home/dnzwygdo/public_html/index.php(67): CodeIgniter\CodeIgniter->run()
#9 {main}

Next CodeIgniter\Database\Exceptions\DatabaseException: Too many connections in /home/dnzwygdo/djuragancom/vendor/codeigniter4/framework/system/Database/MySQLi/Connection.php:215
Stack trace:
#0 /home/dnzwygdo/djuragancom/vendor/codeigniter4/framework/system/Database/BaseConnection.php(382): CodeIgniter\Database\MySQLi\Connection->connect()
#1 /home/dnzwygdo/djuragancom/vendor/codeigniter4/framework/system/Database/BaseConnection.php(588): CodeIgniter\Database\BaseConnection->initialize()
#2 /home/dnzwygdo/djuragancom/vendor/codeigniter4/framework/system/Database/BaseBuilder.php(1669): CodeIgniter\Database\BaseConnection->query()
#3 /home/dnzwygdo/djuragancom/app/Controllers/Api/Notifikasi.php(37): CodeIgniter\Database\BaseBuilder->countAllResults()
#4 /home/dnzwygdo/djuragancom/vendor/codeigniter4/framework/system/CodeIgniter.php(898): App\Controllers\Api\Notifikasi->get()
#5 /home/dnzwygdo/djuragancom/vendor/codeigniter4/framework/system/CodeIgniter.php(457): CodeIgniter\CodeIgniter->runController()
#6 /home/dnzwygdo/djuragancom/vendor/codeigniter4/framework/system/CodeIgniter.php(340): CodeIgniter\CodeIgniter->handleRequest()
#7 /home/dnzwygdo/public_html/index.php(67): CodeIgniter\CodeIgniter->run()
#8 {main}
CRITICAL - 2024-01-01 14:14:04 --> Unable to connect to the database.
Main connection [MySQLi]: Too many connections
in SYSTEMPATH/Database/BaseConnection.php on line 418.
 1 SYSTEMPATH/Database/BaseConnection.php(588): CodeIgniter\Database\BaseConnection->initialize()
 2 SYSTEMPATH/Database/BaseBuilder.php(1669): CodeIgniter\Database\BaseConnection->query()
 3 APPPATH/Controllers/Api/Notifikasi.php(37): CodeIgniter\Database\BaseBuilder->countAllResults()
 4 SYSTEMPATH/CodeIgniter.php(898): App\Controllers\Api\Notifikasi->get()
 5 SYSTEMPATH/CodeIgniter.php(457): CodeIgniter\CodeIgniter->runController()
 6 SYSTEMPATH/CodeIgniter.php(340): CodeIgniter\CodeIgniter->handleRequest()
 7 FCPATH/index.php(67): CodeIgniter\CodeIgniter->run()
ERROR - 2024-01-01 14:14:08 --> Error connecting to the database: mysqli_sql_exception: Too many connections in /home/dnzwygdo/djuragancom/vendor/codeigniter4/framework/system/Database/MySQLi/Connection.php:171
Stack trace:
#0 /home/dnzwygdo/djuragancom/vendor/codeigniter4/framework/system/Database/MySQLi/Connection.php(171): mysqli->real_connect()
#1 /home/dnzwygdo/djuragancom/vendor/codeigniter4/framework/system/Database/BaseConnection.php(382): CodeIgniter\Database\MySQLi\Connection->connect()
#2 /home/dnzwygdo/djuragancom/vendor/codeigniter4/framework/system/Database/BaseConnection.php(588): CodeIgniter\Database\BaseConnection->initialize()
#3 /home/dnzwygdo/djuragancom/vendor/codeigniter4/framework/system/Database/BaseBuilder.php(1669): CodeIgniter\Database\BaseConnection->query()
#4 /home/dnzwygdo/djuragancom/app/Controllers/Api/Notifikasi.php(37): CodeIgniter\Database\BaseBuilder->countAllResults()
#5 /home/dnzwygdo/djuragancom/vendor/codeigniter4/framework/system/CodeIgniter.php(898): App\Controllers\Api\Notifikasi->get()
#6 /home/dnzwygdo/djuragancom/vendor/codeigniter4/framework/system/CodeIgniter.php(457): CodeIgniter\CodeIgniter->runController()
#7 /home/dnzwygdo/djuragancom/vendor/codeigniter4/framework/system/CodeIgniter.php(340): CodeIgniter\CodeIgniter->handleRequest()
#8 /home/dnzwygdo/public_html/index.php(67): CodeIgniter\CodeIgniter->run()
#9 {main}

Next CodeIgniter\Database\Exceptions\DatabaseException: Too many connections in /home/dnzwygdo/djuragancom/vendor/codeigniter4/framework/system/Database/MySQLi/Connection.php:215
Stack trace:
#0 /home/dnzwygdo/djuragancom/vendor/codeigniter4/framework/system/Database/BaseConnection.php(382): CodeIgniter\Database\MySQLi\Connection->connect()
#1 /home/dnzwygdo/djuragancom/vendor/codeigniter4/framework/system/Database/BaseConnection.php(588): CodeIgniter\Database\BaseConnection->initialize()
#2 /home/dnzwygdo/djuragancom/vendor/codeigniter4/framework/system/Database/BaseBuilder.php(1669): CodeIgniter\Database\BaseConnection->query()
#3 /home/dnzwygdo/djuragancom/app/Controllers/Api/Notifikasi.php(37): CodeIgniter\Database\BaseBuilder->countAllResults()
#4 /home/dnzwygdo/djuragancom/vendor/codeigniter4/framework/system/CodeIgniter.php(898): App\Controllers\Api\Notifikasi->get()
#5 /home/dnzwygdo/djuragancom/vendor/codeigniter4/framework/system/CodeIgniter.php(457): CodeIgniter\CodeIgniter->runController()
#6 /home/dnzwygdo/djuragancom/vendor/codeigniter4/framework/system/CodeIgniter.php(340): CodeIgniter\CodeIgniter->handleRequest()
#7 /home/dnzwygdo/public_html/index.php(67): CodeIgniter\CodeIgniter->run()
#8 {main}
CRITICAL - 2024-01-01 14:14:08 --> Unable to connect to the database.
Main connection [MySQLi]: Too many connections
in SYSTEMPATH/Database/BaseConnection.php on line 418.
 1 SYSTEMPATH/Database/BaseConnection.php(588): CodeIgniter\Database\BaseConnection->initialize()
 2 SYSTEMPATH/Database/BaseBuilder.php(1669): CodeIgniter\Database\BaseConnection->query()
 3 APPPATH/Controllers/Api/Notifikasi.php(37): CodeIgniter\Database\BaseBuilder->countAllResults()
 4 SYSTEMPATH/CodeIgniter.php(898): App\Controllers\Api\Notifikasi->get()
 5 SYSTEMPATH/CodeIgniter.php(457): CodeIgniter\CodeIgniter->runController()
 6 SYSTEMPATH/CodeIgniter.php(340): CodeIgniter\CodeIgniter->handleRequest()
 7 FCPATH/index.php(67): CodeIgniter\CodeIgniter->run()
ERROR - 2024-01-01 14:14:08 --> Error connecting to the database: mysqli_sql_exception: Too many connections in /home/dnzwygdo/djuragancom/vendor/codeigniter4/framework/system/Database/MySQLi/Connection.php:171
Stack trace:
#0 /home/dnzwygdo/djuragancom/vendor/codeigniter4/framework/system/Database/MySQLi/Connection.php(171): mysqli->real_connect()
#1 /home/dnzwygdo/djuragancom/vendor/codeigniter4/framework/system/Database/BaseConnection.php(382): CodeIgniter\Database\MySQLi\Connection->connect()
#2 /home/dnzwygdo/djuragancom/vendor/codeigniter4/framework/system/Database/BaseConnection.php(588): CodeIgniter\Database\BaseConnection->initialize()
#3 /home/dnzwygdo/djuragancom/vendor/codeigniter4/framework/system/Database/BaseBuilder.php(1669): CodeIgniter\Database\BaseConnection->query()
#4 /home/dnzwygdo/djuragancom/app/Controllers/Api/Notifikasi.php(37): CodeIgniter\Database\BaseBuilder->countAllResults()
#5 /home/dnzwygdo/djuragancom/vendor/codeigniter4/framework/system/CodeIgniter.php(898): App\Controllers\Api\Notifikasi->get()
#6 /home/dnzwygdo/djuragancom/vendor/codeigniter4/framework/system/CodeIgniter.php(457): CodeIgniter\CodeIgniter->runController()
#7 /home/dnzwygdo/djuragancom/vendor/codeigniter4/framework/system/CodeIgniter.php(340): CodeIgniter\CodeIgniter->handleRequest()
#8 /home/dnzwygdo/public_html/index.php(67): CodeIgniter\CodeIgniter->run()
#9 {main}

Next CodeIgniter\Database\Exceptions\DatabaseException: Too many connections in /home/dnzwygdo/djuragancom/vendor/codeigniter4/framework/system/Database/MySQLi/Connection.php:215
Stack trace:
#0 /home/dnzwygdo/djuragancom/vendor/codeigniter4/framework/system/Database/BaseConnection.php(382): CodeIgniter\Database\MySQLi\Connection->connect()
#1 /home/dnzwygdo/djuragancom/vendor/codeigniter4/framework/system/Database/BaseConnection.php(588): CodeIgniter\Database\BaseConnection->initialize()
#2 /home/dnzwygdo/djuragancom/vendor/codeigniter4/framework/system/Database/BaseBuilder.php(1669): CodeIgniter\Database\BaseConnection->query()
#3 /home/dnzwygdo/djuragancom/app/Controllers/Api/Notifikasi.php(37): CodeIgniter\Database\BaseBuilder->countAllResults()
#4 /home/dnzwygdo/djuragancom/vendor/codeigniter4/framework/system/CodeIgniter.php(898): App\Controllers\Api\Notifikasi->get()
#5 /home/dnzwygdo/djuragancom/vendor/codeigniter4/framework/system/CodeIgniter.php(457): CodeIgniter\CodeIgniter->runController()
#6 /home/dnzwygdo/djuragancom/vendor/codeigniter4/framework/system/CodeIgniter.php(340): CodeIgniter\CodeIgniter->handleRequest()
#7 /home/dnzwygdo/public_html/index.php(67): CodeIgniter\CodeIgniter->run()
#8 {main}
CRITICAL - 2024-01-01 14:14:08 --> Unable to connect to the database.
Main connection [MySQLi]: Too many connections
in SYSTEMPATH/Database/BaseConnection.php on line 418.
 1 SYSTEMPATH/Database/BaseConnection.php(588): CodeIgniter\Database\BaseConnection->initialize()
 2 SYSTEMPATH/Database/BaseBuilder.php(1669): CodeIgniter\Database\BaseConnection->query()
 3 APPPATH/Controllers/Api/Notifikasi.php(37): CodeIgniter\Database\BaseBuilder->countAllResults()
 4 SYSTEMPATH/CodeIgniter.php(898): App\Controllers\Api\Notifikasi->get()
 5 SYSTEMPATH/CodeIgniter.php(457): CodeIgniter\CodeIgniter->runController()
 6 SYSTEMPATH/CodeIgniter.php(340): CodeIgniter\CodeIgniter->handleRequest()
 7 FCPATH/index.php(67): CodeIgniter\CodeIgniter->run()
ERROR - 2024-01-01 14:14:15 --> Error connecting to the database: mysqli_sql_exception: Too many connections in /home/dnzwygdo/djuragancom/vendor/codeigniter4/framework/system/Database/MySQLi/Connection.php:171
Stack trace:
#0 /home/dnzwygdo/djuragancom/vendor/codeigniter4/framework/system/Database/MySQLi/Connection.php(171): mysqli->real_connect()
#1 /home/dnzwygdo/djuragancom/vendor/codeigniter4/framework/system/Database/BaseConnection.php(382): CodeIgniter\Database\MySQLi\Connection->connect()
#2 /home/dnzwygdo/djuragancom/vendor/codeigniter4/framework/system/Database/BaseConnection.php(588): CodeIgniter\Database\BaseConnection->initialize()
#3 /home/dnzwygdo/djuragancom/vendor/codeigniter4/framework/system/Database/BaseBuilder.php(1669): CodeIgniter\Database\BaseConnection->query()
#4 /home/dnzwygdo/djuragancom/app/Controllers/Api/Notifikasi.php(37): CodeIgniter\Database\BaseBuilder->countAllResults()
#5 /home/dnzwygdo/djuragancom/vendor/codeigniter4/framework/system/CodeIgniter.php(898): App\Controllers\Api\Notifikasi->get()
#6 /home/dnzwygdo/djuragancom/vendor/codeigniter4/framework/system/CodeIgniter.php(457): CodeIgniter\CodeIgniter->runController()
#7 /home/dnzwygdo/djuragancom/vendor/codeigniter4/framework/system/CodeIgniter.php(340): CodeIgniter\CodeIgniter->handleRequest()
#8 /home/dnzwygdo/public_html/index.php(67): CodeIgniter\CodeIgniter->run()
#9 {main}

Next CodeIgniter\Database\Exceptions\DatabaseException: Too many connections in /home/dnzwygdo/djuragancom/vendor/codeigniter4/framework/system/Database/MySQLi/Connection.php:215
Stack trace:
#0 /home/dnzwygdo/djuragancom/vendor/codeigniter4/framework/system/Database/BaseConnection.php(382): CodeIgniter\Database\MySQLi\Connection->connect()
#1 /home/dnzwygdo/djuragancom/vendor/codeigniter4/framework/system/Database/BaseConnection.php(588): CodeIgniter\Database\BaseConnection->initialize()
#2 /home/dnzwygdo/djuragancom/vendor/codeigniter4/framework/system/Database/BaseBuilder.php(1669): CodeIgniter\Database\BaseConnection->query()
#3 /home/dnzwygdo/djuragancom/app/Controllers/Api/Notifikasi.php(37): CodeIgniter\Database\BaseBuilder->countAllResults()
#4 /home/dnzwygdo/djuragancom/vendor/codeigniter4/framework/system/CodeIgniter.php(898): App\Controllers\Api\Notifikasi->get()
#5 /home/dnzwygdo/djuragancom/vendor/codeigniter4/framework/system/CodeIgniter.php(457): CodeIgniter\CodeIgniter->runController()
#6 /home/dnzwygdo/djuragancom/vendor/codeigniter4/framework/system/CodeIgniter.php(340): CodeIgniter\CodeIgniter->handleRequest()
#7 /home/dnzwygdo/public_html/index.php(67): CodeIgniter\CodeIgniter->run()
#8 {main}
CRITICAL - 2024-01-01 14:14:15 --> Unable to connect to the database.
Main connection [MySQLi]: Too many connections
in SYSTEMPATH/Database/BaseConnection.php on line 418.
 1 SYSTEMPATH/Database/BaseConnection.php(588): CodeIgniter\Database\BaseConnection->initialize()
 2 SYSTEMPATH/Database/BaseBuilder.php(1669): CodeIgniter\Database\BaseConnection->query()
 3 APPPATH/Controllers/Api/Notifikasi.php(37): CodeIgniter\Database\BaseBuilder->countAllResults()
 4 SYSTEMPATH/CodeIgniter.php(898): App\Controllers\Api\Notifikasi->get()
 5 SYSTEMPATH/CodeIgniter.php(457): CodeIgniter\CodeIgniter->runController()
 6 SYSTEMPATH/CodeIgniter.php(340): CodeIgniter\CodeIgniter->handleRequest()
 7 FCPATH/index.php(67): CodeIgniter\CodeIgniter->run()
ERROR - 2024-01-01 14:14:19 --> Error connecting to the database: mysqli_sql_exception: Too many connections in /home/dnzwygdo/djuragancom/vendor/codeigniter4/framework/system/Database/MySQLi/Connection.php:171
Stack trace:
#0 /home/dnzwygdo/djuragancom/vendor/codeigniter4/framework/system/Database/MySQLi/Connection.php(171): mysqli->real_connect()
#1 /home/dnzwygdo/djuragancom/vendor/codeigniter4/framework/system/Database/BaseConnection.php(382): CodeIgniter\Database\MySQLi\Connection->connect()
#2 /home/dnzwygdo/djuragancom/vendor/codeigniter4/framework/system/Database/BaseConnection.php(588): CodeIgniter\Database\BaseConnection->initialize()
#3 /home/dnzwygdo/djuragancom/vendor/codeigniter4/framework/system/Database/BaseBuilder.php(1669): CodeIgniter\Database\BaseConnection->query()
#4 /home/dnzwygdo/djuragancom/app/Controllers/Api/Notifikasi.php(37): CodeIgniter\Database\BaseBuilder->countAllResults()
#5 /home/dnzwygdo/djuragancom/vendor/codeigniter4/framework/system/CodeIgniter.php(898): App\Controllers\Api\Notifikasi->get()
#6 /home/dnzwygdo/djuragancom/vendor/codeigniter4/framework/system/CodeIgniter.php(457): CodeIgniter\CodeIgniter->runController()
#7 /home/dnzwygdo/djuragancom/vendor/codeigniter4/framework/system/CodeIgniter.php(340): CodeIgniter\CodeIgniter->handleRequest()
#8 /home/dnzwygdo/public_html/index.php(67): CodeIgniter\CodeIgniter->run()
#9 {main}

Next CodeIgniter\Database\Exceptions\DatabaseException: Too many connections in /home/dnzwygdo/djuragancom/vendor/codeigniter4/framework/system/Database/MySQLi/Connection.php:215
Stack trace:
#0 /home/dnzwygdo/djuragancom/vendor/codeigniter4/framework/system/Database/BaseConnection.php(382): CodeIgniter\Database\MySQLi\Connection->connect()
#1 /home/dnzwygdo/djuragancom/vendor/codeigniter4/framework/system/Database/BaseConnection.php(588): CodeIgniter\Database\BaseConnection->initialize()
#2 /home/dnzwygdo/djuragancom/vendor/codeigniter4/framework/system/Database/BaseBuilder.php(1669): CodeIgniter\Database\BaseConnection->query()
#3 /home/dnzwygdo/djuragancom/app/Controllers/Api/Notifikasi.php(37): CodeIgniter\Database\BaseBuilder->countAllResults()
#4 /home/dnzwygdo/djuragancom/vendor/codeigniter4/framework/system/CodeIgniter.php(898): App\Controllers\Api\Notifikasi->get()
#5 /home/dnzwygdo/djuragancom/vendor/codeigniter4/framework/system/CodeIgniter.php(457): CodeIgniter\CodeIgniter->runController()
#6 /home/dnzwygdo/djuragancom/vendor/codeigniter4/framework/system/CodeIgniter.php(340): CodeIgniter\CodeIgniter->handleRequest()
#7 /home/dnzwygdo/public_html/index.php(67): CodeIgniter\CodeIgniter->run()
#8 {main}
CRITICAL - 2024-01-01 14:14:19 --> Unable to connect to the database.
Main connection [MySQLi]: Too many connections
in SYSTEMPATH/Database/BaseConnection.php on line 418.
 1 SYSTEMPATH/Database/BaseConnection.php(588): CodeIgniter\Database\BaseConnection->initialize()
 2 SYSTEMPATH/Database/BaseBuilder.php(1669): CodeIgniter\Database\BaseConnection->query()
 3 APPPATH/Controllers/Api/Notifikasi.php(37): CodeIgniter\Database\BaseBuilder->countAllResults()
 4 SYSTEMPATH/CodeIgniter.php(898): App\Controllers\Api\Notifikasi->get()
 5 SYSTEMPATH/CodeIgniter.php(457): CodeIgniter\CodeIgniter->runController()
 6 SYSTEMPATH/CodeIgniter.php(340): CodeIgniter\CodeIgniter->handleRequest()
 7 FCPATH/index.php(67): CodeIgniter\CodeIgniter->run()
ERROR - 2024-01-01 14:15:44 --> Error connecting to the database: mysqli_sql_exception: Too many connections in /home/dnzwygdo/djuragancom/vendor/codeigniter4/framework/system/Database/MySQLi/Connection.php:171
Stack trace:
#0 /home/dnzwygdo/djuragancom/vendor/codeigniter4/framework/system/Database/MySQLi/Connection.php(171): mysqli->real_connect()
#1 /home/dnzwygdo/djuragancom/vendor/codeigniter4/framework/system/Database/BaseConnection.php(382): CodeIgniter\Database\MySQLi\Connection->connect()
#2 /home/dnzwygdo/djuragancom/vendor/codeigniter4/framework/system/Database/BaseConnection.php(588): CodeIgniter\Database\BaseConnection->initialize()
#3 /home/dnzwygdo/djuragancom/vendor/codeigniter4/framework/system/Database/BaseBuilder.php(1669): CodeIgniter\Database\BaseConnection->query()
#4 /home/dnzwygdo/djuragancom/app/Controllers/Api/Notifikasi.php(37): CodeIgniter\Database\BaseBuilder->countAllResults()
#5 /home/dnzwygdo/djuragancom/vendor/codeigniter4/framework/system/CodeIgniter.php(898): App\Controllers\Api\Notifikasi->get()
#6 /home/dnzwygdo/djuragancom/vendor/codeigniter4/framework/system/CodeIgniter.php(457): CodeIgniter\CodeIgniter->runController()
#7 /home/dnzwygdo/djuragancom/vendor/codeigniter4/framework/system/CodeIgniter.php(340): CodeIgniter\CodeIgniter->handleRequest()
#8 /home/dnzwygdo/public_html/index.php(67): CodeIgniter\CodeIgniter->run()
#9 {main}

Next CodeIgniter\Database\Exceptions\DatabaseException: Too many connections in /home/dnzwygdo/djuragancom/vendor/codeigniter4/framework/system/Database/MySQLi/Connection.php:215
Stack trace:
#0 /home/dnzwygdo/djuragancom/vendor/codeigniter4/framework/system/Database/BaseConnection.php(382): CodeIgniter\Database\MySQLi\Connection->connect()
#1 /home/dnzwygdo/djuragancom/vendor/codeigniter4/framework/system/Database/BaseConnection.php(588): CodeIgniter\Database\BaseConnection->initialize()
#2 /home/dnzwygdo/djuragancom/vendor/codeigniter4/framework/system/Database/BaseBuilder.php(1669): CodeIgniter\Database\BaseConnection->query()
#3 /home/dnzwygdo/djuragancom/app/Controllers/Api/Notifikasi.php(37): CodeIgniter\Database\BaseBuilder->countAllResults()
#4 /home/dnzwygdo/djuragancom/vendor/codeigniter4/framework/system/CodeIgniter.php(898): App\Controllers\Api\Notifikasi->get()
#5 /home/dnzwygdo/djuragancom/vendor/codeigniter4/framework/system/CodeIgniter.php(457): CodeIgniter\CodeIgniter->runController()
#6 /home/dnzwygdo/djuragancom/vendor/codeigniter4/framework/system/CodeIgniter.php(340): CodeIgniter\CodeIgniter->handleRequest()
#7 /home/dnzwygdo/public_html/index.php(67): CodeIgniter\CodeIgniter->run()
#8 {main}
ERROR - 2024-01-01 14:15:44 --> Error connecting to the database: mysqli_sql_exception: Too many connections in /home/dnzwygdo/djuragancom/vendor/codeigniter4/framework/system/Database/MySQLi/Connection.php:171
Stack trace:
#0 /home/dnzwygdo/djuragancom/vendor/codeigniter4/framework/system/Database/MySQLi/Connection.php(171): mysqli->real_connect()
#1 /home/dnzwygdo/djuragancom/vendor/codeigniter4/framework/system/Database/BaseConnection.php(382): CodeIgniter\Database\MySQLi\Connection->connect()
#2 /home/dnzwygdo/djuragancom/vendor/codeigniter4/framework/system/Database/BaseConnection.php(588): CodeIgniter\Database\BaseConnection->initialize()
#3 /home/dnzwygdo/djuragancom/vendor/codeigniter4/framework/system/Database/BaseBuilder.php(1669): CodeIgniter\Database\BaseConnection->query()
#4 /home/dnzwygdo/djuragancom/app/Controllers/Api/Notifikasi.php(37): CodeIgniter\Database\BaseBuilder->countAllResults()
#5 /home/dnzwygdo/djuragancom/vendor/codeigniter4/framework/system/CodeIgniter.php(898): App\Controllers\Api\Notifikasi->get()
#6 /home/dnzwygdo/djuragancom/vendor/codeigniter4/framework/system/CodeIgniter.php(457): CodeIgniter\CodeIgniter->runController()
#7 /home/dnzwygdo/djuragancom/vendor/codeigniter4/framework/system/CodeIgniter.php(340): CodeIgniter\CodeIgniter->handleRequest()
#8 /home/dnzwygdo/public_html/index.php(67): CodeIgniter\CodeIgniter->run()
#9 {main}

Next CodeIgniter\Database\Exceptions\DatabaseException: Too many connections in /home/dnzwygdo/djuragancom/vendor/codeigniter4/framework/system/Database/MySQLi/Connection.php:215
Stack trace:
#0 /home/dnzwygdo/djuragancom/vendor/codeigniter4/framework/system/Database/BaseConnection.php(382): CodeIgniter\Database\MySQLi\Connection->connect()
#1 /home/dnzwygdo/djuragancom/vendor/codeigniter4/framework/system/Database/BaseConnection.php(588): CodeIgniter\Database\BaseConnection->initialize()
#2 /home/dnzwygdo/djuragancom/vendor/codeigniter4/framework/system/Database/BaseBuilder.php(1669): CodeIgniter\Database\BaseConnection->query()
#3 /home/dnzwygdo/djuragancom/app/Controllers/Api/Notifikasi.php(37): CodeIgniter\Database\BaseBuilder->countAllResults()
#4 /home/dnzwygdo/djuragancom/vendor/codeigniter4/framework/system/CodeIgniter.php(898): App\Controllers\Api\Notifikasi->get()
#5 /home/dnzwygdo/djuragancom/vendor/codeigniter4/framework/system/CodeIgniter.php(457): CodeIgniter\CodeIgniter->runController()
#6 /home/dnzwygdo/djuragancom/vendor/codeigniter4/framework/system/CodeIgniter.php(340): CodeIgniter\CodeIgniter->handleRequest()
#7 /home/dnzwygdo/public_html/index.php(67): CodeIgniter\CodeIgniter->run()
#8 {main}
CRITICAL - 2024-01-01 14:15:45 --> Unable to connect to the database.
Main connection [MySQLi]: Too many connections
in SYSTEMPATH/Database/BaseConnection.php on line 418.
 1 SYSTEMPATH/Database/BaseConnection.php(588): CodeIgniter\Database\BaseConnection->initialize()
 2 SYSTEMPATH/Database/BaseBuilder.php(1669): CodeIgniter\Database\BaseConnection->query()
 3 APPPATH/Controllers/Api/Notifikasi.php(37): CodeIgniter\Database\BaseBuilder->countAllResults()
 4 SYSTEMPATH/CodeIgniter.php(898): App\Controllers\Api\Notifikasi->get()
 5 SYSTEMPATH/CodeIgniter.php(457): CodeIgniter\CodeIgniter->runController()
 6 SYSTEMPATH/CodeIgniter.php(340): CodeIgniter\CodeIgniter->handleRequest()
 7 FCPATH/index.php(67): CodeIgniter\CodeIgniter->run()
CRITICAL - 2024-01-01 14:15:45 --> Unable to connect to the database.
Main connection [MySQLi]: Too many connections
in SYSTEMPATH/Database/BaseConnection.php on line 418.
 1 SYSTEMPATH/Database/BaseConnection.php(588): CodeIgniter\Database\BaseConnection->initialize()
 2 SYSTEMPATH/Database/BaseBuilder.php(1669): CodeIgniter\Database\BaseConnection->query()
 3 APPPATH/Controllers/Api/Notifikasi.php(37): CodeIgniter\Database\BaseBuilder->countAllResults()
 4 SYSTEMPATH/CodeIgniter.php(898): App\Controllers\Api\Notifikasi->get()
 5 SYSTEMPATH/CodeIgniter.php(457): CodeIgniter\CodeIgniter->runController()
 6 SYSTEMPATH/CodeIgniter.php(340): CodeIgniter\CodeIgniter->handleRequest()
 7 FCPATH/index.php(67): CodeIgniter\CodeIgniter->run()
ERROR - 2024-01-01 14:15:54 --> Error connecting to the database: mysqli_sql_exception: Too many connections in /home/dnzwygdo/djuragancom/vendor/codeigniter4/framework/system/Database/MySQLi/Connection.php:171
Stack trace:
#0 /home/dnzwygdo/djuragancom/vendor/codeigniter4/framework/system/Database/MySQLi/Connection.php(171): mysqli->real_connect()
#1 /home/dnzwygdo/djuragancom/vendor/codeigniter4/framework/system/Database/BaseConnection.php(382): CodeIgniter\Database\MySQLi\Connection->connect()
#2 /home/dnzwygdo/djuragancom/vendor/codeigniter4/framework/system/Database/BaseConnection.php(588): CodeIgniter\Database\BaseConnection->initialize()
#3 /home/dnzwygdo/djuragancom/vendor/codeigniter4/framework/system/Database/BaseBuilder.php(1669): CodeIgniter\Database\BaseConnection->query()
#4 /home/dnzwygdo/djuragancom/app/Controllers/Api/Notifikasi.php(37): CodeIgniter\Database\BaseBuilder->countAllResults()
#5 /home/dnzwygdo/djuragancom/vendor/codeigniter4/framework/system/CodeIgniter.php(898): App\Controllers\Api\Notifikasi->get()
#6 /home/dnzwygdo/djuragancom/vendor/codeigniter4/framework/system/CodeIgniter.php(457): CodeIgniter\CodeIgniter->runController()
#7 /home/dnzwygdo/djuragancom/vendor/codeigniter4/framework/system/CodeIgniter.php(340): CodeIgniter\CodeIgniter->handleRequest()
#8 /home/dnzwygdo/public_html/index.php(67): CodeIgniter\CodeIgniter->run()
#9 {main}

Next CodeIgniter\Database\Exceptions\DatabaseException: Too many connections in /home/dnzwygdo/djuragancom/vendor/codeigniter4/framework/system/Database/MySQLi/Connection.php:215
Stack trace:
#0 /home/dnzwygdo/djuragancom/vendor/codeigniter4/framework/system/Database/BaseConnection.php(382): CodeIgniter\Database\MySQLi\Connection->connect()
#1 /home/dnzwygdo/djuragancom/vendor/codeigniter4/framework/system/Database/BaseConnection.php(588): CodeIgniter\Database\BaseConnection->initialize()
#2 /home/dnzwygdo/djuragancom/vendor/codeigniter4/framework/system/Database/BaseBuilder.php(1669): CodeIgniter\Database\BaseConnection->query()
#3 /home/dnzwygdo/djuragancom/app/Controllers/Api/Notifikasi.php(37): CodeIgniter\Database\BaseBuilder->countAllResults()
#4 /home/dnzwygdo/djuragancom/vendor/codeigniter4/framework/system/CodeIgniter.php(898): App\Controllers\Api\Notifikasi->get()
#5 /home/dnzwygdo/djuragancom/vendor/codeigniter4/framework/system/CodeIgniter.php(457): CodeIgniter\CodeIgniter->runController()
#6 /home/dnzwygdo/djuragancom/vendor/codeigniter4/framework/system/CodeIgniter.php(340): CodeIgniter\CodeIgniter->handleRequest()
#7 /home/dnzwygdo/public_html/index.php(67): CodeIgniter\CodeIgniter->run()
#8 {main}
CRITICAL - 2024-01-01 14:15:54 --> Unable to connect to the database.
Main connection [MySQLi]: Too many connections
in SYSTEMPATH/Database/BaseConnection.php on line 418.
 1 SYSTEMPATH/Database/BaseConnection.php(588): CodeIgniter\Database\BaseConnection->initialize()
 2 SYSTEMPATH/Database/BaseBuilder.php(1669): CodeIgniter\Database\BaseConnection->query()
 3 APPPATH/Controllers/Api/Notifikasi.php(37): CodeIgniter\Database\BaseBuilder->countAllResults()
 4 SYSTEMPATH/CodeIgniter.php(898): App\Controllers\Api\Notifikasi->get()
 5 SYSTEMPATH/CodeIgniter.php(457): CodeIgniter\CodeIgniter->runController()
 6 SYSTEMPATH/CodeIgniter.php(340): CodeIgniter\CodeIgniter->handleRequest()
 7 FCPATH/index.php(67): CodeIgniter\CodeIgniter->run()
ERROR - 2024-01-01 14:15:58 --> Error connecting to the database: mysqli_sql_exception: Too many connections in /home/dnzwygdo/djuragancom/vendor/codeigniter4/framework/system/Database/MySQLi/Connection.php:171
Stack trace:
#0 /home/dnzwygdo/djuragancom/vendor/codeigniter4/framework/system/Database/MySQLi/Connection.php(171): mysqli->real_connect()
#1 /home/dnzwygdo/djuragancom/vendor/codeigniter4/framework/system/Database/BaseConnection.php(382): CodeIgniter\Database\MySQLi\Connection->connect()
#2 /home/dnzwygdo/djuragancom/vendor/codeigniter4/framework/system/Database/BaseConnection.php(588): CodeIgniter\Database\BaseConnection->initialize()
#3 /home/dnzwygdo/djuragancom/vendor/codeigniter4/framework/system/Database/BaseBuilder.php(1669): CodeIgniter\Database\BaseConnection->query()
#4 /home/dnzwygdo/djuragancom/app/Controllers/Api/Notifikasi.php(37): CodeIgniter\Database\BaseBuilder->countAllResults()
#5 /home/dnzwygdo/djuragancom/vendor/codeigniter4/framework/system/CodeIgniter.php(898): App\Controllers\Api\Notifikasi->get()
#6 /home/dnzwygdo/djuragancom/vendor/codeigniter4/framework/system/CodeIgniter.php(457): CodeIgniter\CodeIgniter->runController()
#7 /home/dnzwygdo/djuragancom/vendor/codeigniter4/framework/system/CodeIgniter.php(340): CodeIgniter\CodeIgniter->handleRequest()
#8 /home/dnzwygdo/public_html/index.php(67): CodeIgniter\CodeIgniter->run()
#9 {main}

Next CodeIgniter\Database\Exceptions\DatabaseException: Too many connections in /home/dnzwygdo/djuragancom/vendor/codeigniter4/framework/system/Database/MySQLi/Connection.php:215
Stack trace:
#0 /home/dnzwygdo/djuragancom/vendor/codeigniter4/framework/system/Database/BaseConnection.php(382): CodeIgniter\Database\MySQLi\Connection->connect()
#1 /home/dnzwygdo/djuragancom/vendor/codeigniter4/framework/system/Database/BaseConnection.php(588): CodeIgniter\Database\BaseConnection->initialize()
#2 /home/dnzwygdo/djuragancom/vendor/codeigniter4/framework/system/Database/BaseBuilder.php(1669): CodeIgniter\Database\BaseConnection->query()
#3 /home/dnzwygdo/djuragancom/app/Controllers/Api/Notifikasi.php(37): CodeIgniter\Database\BaseBuilder->countAllResults()
#4 /home/dnzwygdo/djuragancom/vendor/codeigniter4/framework/system/CodeIgniter.php(898): App\Controllers\Api\Notifikasi->get()
#5 /home/dnzwygdo/djuragancom/vendor/codeigniter4/framework/system/CodeIgniter.php(457): CodeIgniter\CodeIgniter->runController()
#6 /home/dnzwygdo/djuragancom/vendor/codeigniter4/framework/system/CodeIgniter.php(340): CodeIgniter\CodeIgniter->handleRequest()
#7 /home/dnzwygdo/public_html/index.php(67): CodeIgniter\CodeIgniter->run()
#8 {main}
CRITICAL - 2024-01-01 14:15:58 --> Unable to connect to the database.
Main connection [MySQLi]: Too many connections
in SYSTEMPATH/Database/BaseConnection.php on line 418.
 1 SYSTEMPATH/Database/BaseConnection.php(588): CodeIgniter\Database\BaseConnection->initialize()
 2 SYSTEMPATH/Database/BaseBuilder.php(1669): CodeIgniter\Database\BaseConnection->query()
 3 APPPATH/Controllers/Api/Notifikasi.php(37): CodeIgniter\Database\BaseBuilder->countAllResults()
 4 SYSTEMPATH/CodeIgniter.php(898): App\Controllers\Api\Notifikasi->get()
 5 SYSTEMPATH/CodeIgniter.php(457): CodeIgniter\CodeIgniter->runController()
 6 SYSTEMPATH/CodeIgniter.php(340): CodeIgniter\CodeIgniter->handleRequest()
 7 FCPATH/index.php(67): CodeIgniter\CodeIgniter->run()
ERROR - 2024-01-01 16:19:32 --> Error connecting to the database: mysqli_sql_exception: Too many connections in /home/dnzwygdo/djuragancom/vendor/codeigniter4/framework/system/Database/MySQLi/Connection.php:171
Stack trace:
#0 /home/dnzwygdo/djuragancom/vendor/codeigniter4/framework/system/Database/MySQLi/Connection.php(171): mysqli->real_connect()
#1 /home/dnzwygdo/djuragancom/vendor/codeigniter4/framework/system/Database/BaseConnection.php(382): CodeIgniter\Database\MySQLi\Connection->connect()
#2 /home/dnzwygdo/djuragancom/vendor/codeigniter4/framework/system/Database/BaseConnection.php(588): CodeIgniter\Database\BaseConnection->initialize()
#3 /home/dnzwygdo/djuragancom/vendor/codeigniter4/framework/system/Database/BaseBuilder.php(1669): CodeIgniter\Database\BaseConnection->query()
#4 /home/dnzwygdo/djuragancom/app/Controllers/Api/Notifikasi.php(37): CodeIgniter\Database\BaseBuilder->countAllResults()
#5 /home/dnzwygdo/djuragancom/vendor/codeigniter4/framework/system/CodeIgniter.php(898): App\Controllers\Api\Notifikasi->get()
#6 /home/dnzwygdo/djuragancom/vendor/codeigniter4/framework/system/CodeIgniter.php(457): CodeIgniter\CodeIgniter->runController()
#7 /home/dnzwygdo/djuragancom/vendor/codeigniter4/framework/system/CodeIgniter.php(340): CodeIgniter\CodeIgniter->handleRequest()
#8 /home/dnzwygdo/public_html/index.php(67): CodeIgniter\CodeIgniter->run()
#9 {main}

Next CodeIgniter\Database\Exceptions\DatabaseException: Too many connections in /home/dnzwygdo/djuragancom/vendor/codeigniter4/framework/system/Database/MySQLi/Connection.php:215
Stack trace:
#0 /home/dnzwygdo/djuragancom/vendor/codeigniter4/framework/system/Database/BaseConnection.php(382): CodeIgniter\Database\MySQLi\Connection->connect()
#1 /home/dnzwygdo/djuragancom/vendor/codeigniter4/framework/system/Database/BaseConnection.php(588): CodeIgniter\Database\BaseConnection->initialize()
#2 /home/dnzwygdo/djuragancom/vendor/codeigniter4/framework/system/Database/BaseBuilder.php(1669): CodeIgniter\Database\BaseConnection->query()
#3 /home/dnzwygdo/djuragancom/app/Controllers/Api/Notifikasi.php(37): CodeIgniter\Database\BaseBuilder->countAllResults()
#4 /home/dnzwygdo/djuragancom/vendor/codeigniter4/framework/system/CodeIgniter.php(898): App\Controllers\Api\Notifikasi->get()
#5 /home/dnzwygdo/djuragancom/vendor/codeigniter4/framework/system/CodeIgniter.php(457): CodeIgniter\CodeIgniter->runController()
#6 /home/dnzwygdo/djuragancom/vendor/codeigniter4/framework/system/CodeIgniter.php(340): CodeIgniter\CodeIgniter->handleRequest()
#7 /home/dnzwygdo/public_html/index.php(67): CodeIgniter\CodeIgniter->run()
#8 {main}
CRITICAL - 2024-01-01 16:19:32 --> Unable to connect to the database.
Main connection [MySQLi]: Too many connections
in SYSTEMPATH/Database/BaseConnection.php on line 418.
 1 SYSTEMPATH/Database/BaseConnection.php(588): CodeIgniter\Database\BaseConnection->initialize()
 2 SYSTEMPATH/Database/BaseBuilder.php(1669): CodeIgniter\Database\BaseConnection->query()
 3 APPPATH/Controllers/Api/Notifikasi.php(37): CodeIgniter\Database\BaseBuilder->countAllResults()
 4 SYSTEMPATH/CodeIgniter.php(898): App\Controllers\Api\Notifikasi->get()
 5 SYSTEMPATH/CodeIgniter.php(457): CodeIgniter\CodeIgniter->runController()
 6 SYSTEMPATH/CodeIgniter.php(340): CodeIgniter\CodeIgniter->handleRequest()
 7 FCPATH/index.php(67): CodeIgniter\CodeIgniter->run()
ERROR - 2024-01-01 16:22:31 --> Error connecting to the database: mysqli_sql_exception: Too many connections in /home/dnzwygdo/djuragancom/vendor/codeigniter4/framework/system/Database/MySQLi/Connection.php:171
Stack trace:
#0 /home/dnzwygdo/djuragancom/vendor/codeigniter4/framework/system/Database/MySQLi/Connection.php(171): mysqli->real_connect()
#1 /home/dnzwygdo/djuragancom/vendor/codeigniter4/framework/system/Database/BaseConnection.php(382): CodeIgniter\Database\MySQLi\Connection->connect()
#2 /home/dnzwygdo/djuragancom/vendor/codeigniter4/framework/system/Database/BaseConnection.php(588): CodeIgniter\Database\BaseConnection->initialize()
#3 /home/dnzwygdo/djuragancom/vendor/codeigniter4/framework/system/Database/BaseBuilder.php(1669): CodeIgniter\Database\BaseConnection->query()
#4 /home/dnzwygdo/djuragancom/app/Controllers/Api/Notifikasi.php(37): CodeIgniter\Database\BaseBuilder->countAllResults()
#5 /home/dnzwygdo/djuragancom/vendor/codeigniter4/framework/system/CodeIgniter.php(898): App\Controllers\Api\Notifikasi->get()
#6 /home/dnzwygdo/djuragancom/vendor/codeigniter4/framework/system/CodeIgniter.php(457): CodeIgniter\CodeIgniter->runController()
#7 /home/dnzwygdo/djuragancom/vendor/codeigniter4/framework/system/CodeIgniter.php(340): CodeIgniter\CodeIgniter->handleRequest()
#8 /home/dnzwygdo/public_html/index.php(67): CodeIgniter\CodeIgniter->run()
#9 {main}

Next CodeIgniter\Database\Exceptions\DatabaseException: Too many connections in /home/dnzwygdo/djuragancom/vendor/codeigniter4/framework/system/Database/MySQLi/Connection.php:215
Stack trace:
#0 /home/dnzwygdo/djuragancom/vendor/codeigniter4/framework/system/Database/BaseConnection.php(382): CodeIgniter\Database\MySQLi\Connection->connect()
#1 /home/dnzwygdo/djuragancom/vendor/codeigniter4/framework/system/Database/BaseConnection.php(588): CodeIgniter\Database\BaseConnection->initialize()
#2 /home/dnzwygdo/djuragancom/vendor/codeigniter4/framework/system/Database/BaseBuilder.php(1669): CodeIgniter\Database\BaseConnection->query()
#3 /home/dnzwygdo/djuragancom/app/Controllers/Api/Notifikasi.php(37): CodeIgniter\Database\BaseBuilder->countAllResults()
#4 /home/dnzwygdo/djuragancom/vendor/codeigniter4/framework/system/CodeIgniter.php(898): App\Controllers\Api\Notifikasi->get()
#5 /home/dnzwygdo/djuragancom/vendor/codeigniter4/framework/system/CodeIgniter.php(457): CodeIgniter\CodeIgniter->runController()
#6 /home/dnzwygdo/djuragancom/vendor/codeigniter4/framework/system/CodeIgniter.php(340): CodeIgniter\CodeIgniter->handleRequest()
#7 /home/dnzwygdo/public_html/index.php(67): CodeIgniter\CodeIgniter->run()
#8 {main}
CRITICAL - 2024-01-01 16:22:31 --> Unable to connect to the database.
Main connection [MySQLi]: Too many connections
in SYSTEMPATH/Database/BaseConnection.php on line 418.
 1 SYSTEMPATH/Database/BaseConnection.php(588): CodeIgniter\Database\BaseConnection->initialize()
 2 SYSTEMPATH/Database/BaseBuilder.php(1669): CodeIgniter\Database\BaseConnection->query()
 3 APPPATH/Controllers/Api/Notifikasi.php(37): CodeIgniter\Database\BaseBuilder->countAllResults()
 4 SYSTEMPATH/CodeIgniter.php(898): App\Controllers\Api\Notifikasi->get()
 5 SYSTEMPATH/CodeIgniter.php(457): CodeIgniter\CodeIgniter->runController()
 6 SYSTEMPATH/CodeIgniter.php(340): CodeIgniter\CodeIgniter->handleRequest()
 7 FCPATH/index.php(67): CodeIgniter\CodeIgniter->run()
ERROR - 2024-01-01 16:22:31 --> Error connecting to the database: mysqli_sql_exception: Too many connections in /home/dnzwygdo/djuragancom/vendor/codeigniter4/framework/system/Database/MySQLi/Connection.php:171
Stack trace:
#0 /home/dnzwygdo/djuragancom/vendor/codeigniter4/framework/system/Database/MySQLi/Connection.php(171): mysqli->real_connect()
#1 /home/dnzwygdo/djuragancom/vendor/codeigniter4/framework/system/Database/BaseConnection.php(382): CodeIgniter\Database\MySQLi\Connection->connect()
#2 /home/dnzwygdo/djuragancom/vendor/codeigniter4/framework/system/Database/BaseConnection.php(588): CodeIgniter\Database\BaseConnection->initialize()
#3 /home/dnzwygdo/djuragancom/vendor/codeigniter4/framework/system/Database/BaseBuilder.php(1585): CodeIgniter\Database\BaseConnection->query()
#4 /home/dnzwygdo/djuragancom/vendor/codeigniter4/framework/system/Model.php(222): CodeIgniter\Database\BaseBuilder->get()
#5 /home/dnzwygdo/djuragancom/vendor/codeigniter4/framework/system/BaseModel.php(584): CodeIgniter\Model->doFindAll()
#6 /home/dnzwygdo/djuragancom/app/Models/InvoiceModel.php(297): CodeIgniter\BaseModel->findAll()
#7 /home/dnzwygdo/djuragancom/app/Models/InvoiceModel.php(47): App\Models\InvoiceModel->ambilIds()
#8 /home/dnzwygdo/djuragancom/app/Controllers/Admin/Invoices.php(66): App\Models\InvoiceModel->getAll()
#9 /home/dnzwygdo/djuragancom/vendor/codeigniter4/framework/system/CodeIgniter.php(898): App\Controllers\Admin\Invoices->lihat()
#10 /home/dnzwygdo/djuragancom/vendor/codeigniter4/framework/system/CodeIgniter.php(457): CodeIgniter\CodeIgniter->runController()
#11 /home/dnzwygdo/djuragancom/vendor/codeigniter4/framework/system/CodeIgniter.php(340): CodeIgniter\CodeIgniter->handleRequest()
#12 /home/dnzwygdo/public_html/index.php(67): CodeIgniter\CodeIgniter->run()
#13 {main}

Next CodeIgniter\Database\Exceptions\DatabaseException: Too many connections in /home/dnzwygdo/djuragancom/vendor/codeigniter4/framework/system/Database/MySQLi/Connection.php:215
Stack trace:
#0 /home/dnzwygdo/djuragancom/vendor/codeigniter4/framework/system/Database/BaseConnection.php(382): CodeIgniter\Database\MySQLi\Connection->connect()
#1 /home/dnzwygdo/djuragancom/vendor/codeigniter4/framework/system/Database/BaseConnection.php(588): CodeIgniter\Database\BaseConnection->initialize()
#2 /home/dnzwygdo/djuragancom/vendor/codeigniter4/framework/system/Database/BaseBuilder.php(1585): CodeIgniter\Database\BaseConnection->query()
#3 /home/dnzwygdo/djuragancom/vendor/codeigniter4/framework/system/Model.php(222): CodeIgniter\Database\BaseBuilder->get()
#4 /home/dnzwygdo/djuragancom/vendor/codeigniter4/framework/system/BaseModel.php(584): CodeIgniter\Model->doFindAll()
#5 /home/dnzwygdo/djuragancom/app/Models/InvoiceModel.php(297): CodeIgniter\BaseModel->findAll()
#6 /home/dnzwygdo/djuragancom/app/Models/InvoiceModel.php(47): App\Models\InvoiceModel->ambilIds()
#7 /home/dnzwygdo/djuragancom/app/Controllers/Admin/Invoices.php(66): App\Models\InvoiceModel->getAll()
#8 /home/dnzwygdo/djuragancom/vendor/codeigniter4/framework/system/CodeIgniter.php(898): App\Controllers\Admin\Invoices->lihat()
#9 /home/dnzwygdo/djuragancom/vendor/codeigniter4/framework/system/CodeIgniter.php(457): CodeIgniter\CodeIgniter->runController()
#10 /home/dnzwygdo/djuragancom/vendor/codeigniter4/framework/system/CodeIgniter.php(340): CodeIgniter\CodeIgniter->handleRequest()
#11 /home/dnzwygdo/public_html/index.php(67): CodeIgniter\CodeIgniter->run()
#12 {main}
CRITICAL - 2024-01-01 16:22:31 --> Unable to connect to the database.
Main connection [MySQLi]: Too many connections
in SYSTEMPATH/Database/BaseConnection.php on line 418.
 1 SYSTEMPATH/Database/BaseConnection.php(588): CodeIgniter\Database\BaseConnection->initialize()
 2 SYSTEMPATH/Database/BaseBuilder.php(1585): CodeIgniter\Database\BaseConnection->query()
 3 SYSTEMPATH/Model.php(222): CodeIgniter\Database\BaseBuilder->get()
 4 SYSTEMPATH/BaseModel.php(584): CodeIgniter\Model->doFindAll()
 5 APPPATH/Models/InvoiceModel.php(297): CodeIgniter\BaseModel->findAll()
 6 APPPATH/Models/InvoiceModel.php(47): App\Models\InvoiceModel->ambilIds()
 7 APPPATH/Controllers/Admin/Invoices.php(66): App\Models\InvoiceModel->getAll()
 8 SYSTEMPATH/CodeIgniter.php(898): App\Controllers\Admin\Invoices->lihat()
 9 SYSTEMPATH/CodeIgniter.php(457): CodeIgniter\CodeIgniter->runController()
10 SYSTEMPATH/CodeIgniter.php(340): CodeIgniter\CodeIgniter->handleRequest()
11 FCPATH/index.php(67): CodeIgniter\CodeIgniter->run()
ERROR - 2024-01-01 16:22:32 --> Error connecting to the database: mysqli_sql_exception: Too many connections in /home/dnzwygdo/djuragancom/vendor/codeigniter4/framework/system/Database/MySQLi/Connection.php:171
Stack trace:
#0 /home/dnzwygdo/djuragancom/vendor/codeigniter4/framework/system/Database/MySQLi/Connection.php(171): mysqli->real_connect()
#1 /home/dnzwygdo/djuragancom/vendor/codeigniter4/framework/system/Database/BaseConnection.php(382): CodeIgniter\Database\MySQLi\Connection->connect()
#2 /home/dnzwygdo/djuragancom/vendor/codeigniter4/framework/system/Database/BaseConnection.php(588): CodeIgniter\Database\BaseConnection->initialize()
#3 /home/dnzwygdo/djuragancom/vendor/codeigniter4/framework/system/Database/BaseBuilder.php(1669): CodeIgniter\Database\BaseConnection->query()
#4 /home/dnzwygdo/djuragancom/app/Controllers/Api/Notifikasi.php(37): CodeIgniter\Database\BaseBuilder->countAllResults()
#5 /home/dnzwygdo/djuragancom/vendor/codeigniter4/framework/system/CodeIgniter.php(898): App\Controllers\Api\Notifikasi->get()
#6 /home/dnzwygdo/djuragancom/vendor/codeigniter4/framework/system/CodeIgniter.php(457): CodeIgniter\CodeIgniter->runController()
#7 /home/dnzwygdo/djuragancom/vendor/codeigniter4/framework/system/CodeIgniter.php(340): CodeIgniter\CodeIgniter->handleRequest()
#8 /home/dnzwygdo/public_html/index.php(67): CodeIgniter\CodeIgniter->run()
#9 {main}

Next CodeIgniter\Database\Exceptions\DatabaseException: Too many connections in /home/dnzwygdo/djuragancom/vendor/codeigniter4/framework/system/Database/MySQLi/Connection.php:215
Stack trace:
#0 /home/dnzwygdo/djuragancom/vendor/codeigniter4/framework/system/Database/BaseConnection.php(382): CodeIgniter\Database\MySQLi\Connection->connect()
#1 /home/dnzwygdo/djuragancom/vendor/codeigniter4/framework/system/Database/BaseConnection.php(588): CodeIgniter\Database\BaseConnection->initialize()
#2 /home/dnzwygdo/djuragancom/vendor/codeigniter4/framework/system/Database/BaseBuilder.php(1669): CodeIgniter\Database\BaseConnection->query()
#3 /home/dnzwygdo/djuragancom/app/Controllers/Api/Notifikasi.php(37): CodeIgniter\Database\BaseBuilder->countAllResults()
#4 /home/dnzwygdo/djuragancom/vendor/codeigniter4/framework/system/CodeIgniter.php(898): App\Controllers\Api\Notifikasi->get()
#5 /home/dnzwygdo/djuragancom/vendor/codeigniter4/framework/system/CodeIgniter.php(457): CodeIgniter\CodeIgniter->runController()
#6 /home/dnzwygdo/djuragancom/vendor/codeigniter4/framework/system/CodeIgniter.php(340): CodeIgniter\CodeIgniter->handleRequest()
#7 /home/dnzwygdo/public_html/index.php(67): CodeIgniter\CodeIgniter->run()
#8 {main}
CRITICAL - 2024-01-01 16:22:32 --> Unable to connect to the database.
Main connection [MySQLi]: Too many connections
in SYSTEMPATH/Database/BaseConnection.php on line 418.
 1 SYSTEMPATH/Database/BaseConnection.php(588): CodeIgniter\Database\BaseConnection->initialize()
 2 SYSTEMPATH/Database/BaseBuilder.php(1669): CodeIgniter\Database\BaseConnection->query()
 3 APPPATH/Controllers/Api/Notifikasi.php(37): CodeIgniter\Database\BaseBuilder->countAllResults()
 4 SYSTEMPATH/CodeIgniter.php(898): App\Controllers\Api\Notifikasi->get()
 5 SYSTEMPATH/CodeIgniter.php(457): CodeIgniter\CodeIgniter->runController()
 6 SYSTEMPATH/CodeIgniter.php(340): CodeIgniter\CodeIgniter->handleRequest()
 7 FCPATH/index.php(67): CodeIgniter\CodeIgniter->run()
ERROR - 2024-01-01 16:22:32 --> Error connecting to the database: mysqli_sql_exception: Too many connections in /home/dnzwygdo/djuragancom/vendor/codeigniter4/framework/system/Database/MySQLi/Connection.php:171
Stack trace:
#0 /home/dnzwygdo/djuragancom/vendor/codeigniter4/framework/system/Database/MySQLi/Connection.php(171): mysqli->real_connect()
#1 /home/dnzwygdo/djuragancom/vendor/codeigniter4/framework/system/Database/BaseConnection.php(382): CodeIgniter\Database\MySQLi\Connection->connect()
#2 /home/dnzwygdo/djuragancom/vendor/codeigniter4/framework/system/Database/BaseConnection.php(588): CodeIgniter\Database\BaseConnection->initialize()
#3 /home/dnzwygdo/djuragancom/vendor/codeigniter4/framework/system/Database/BaseBuilder.php(1669): CodeIgniter\Database\BaseConnection->query()
#4 /home/dnzwygdo/djuragancom/vendor/codeigniter4/framework/system/Model.php(550): CodeIgniter\Database\BaseBuilder->countAllResults()
#5 /home/dnzwygdo/djuragancom/app/Models/InvoiceModel.php(202): CodeIgniter\Model->countAllResults()
#6 /home/dnzwygdo/djuragancom/app/Models/InvoiceModel.php(136): App\Models\InvoiceModel->counts()
#7 /home/dnzwygdo/djuragancom/app/Controllers/Api/Invoice.php(17): App\Models\InvoiceModel->getCount()
#8 /home/dnzwygdo/djuragancom/vendor/codeigniter4/framework/system/CodeIgniter.php(898): App\Controllers\Api\Invoice->counter_tab()
#9 /home/dnzwygdo/djuragancom/vendor/codeigniter4/framework/system/CodeIgniter.php(457): CodeIgniter\CodeIgniter->runController()
#10 /home/dnzwygdo/djuragancom/vendor/codeigniter4/framework/system/CodeIgniter.php(340): CodeIgniter\CodeIgniter->handleRequest()
#11 /home/dnzwygdo/public_html/index.php(67): CodeIgniter\CodeIgniter->run()
#12 {main}

Next CodeIgniter\Database\Exceptions\DatabaseException: Too many connections in /home/dnzwygdo/djuragancom/vendor/codeigniter4/framework/system/Database/MySQLi/Connection.php:215
Stack trace:
#0 /home/dnzwygdo/djuragancom/vendor/codeigniter4/framework/system/Database/BaseConnection.php(382): CodeIgniter\Database\MySQLi\Connection->connect()
#1 /home/dnzwygdo/djuragancom/vendor/codeigniter4/framework/system/Database/BaseConnection.php(588): CodeIgniter\Database\BaseConnection->initialize()
#2 /home/dnzwygdo/djuragancom/vendor/codeigniter4/framework/system/Database/BaseBuilder.php(1669): CodeIgniter\Database\BaseConnection->query()
#3 /home/dnzwygdo/djuragancom/vendor/codeigniter4/framework/system/Model.php(550): CodeIgniter\Database\BaseBuilder->countAllResults()
#4 /home/dnzwygdo/djuragancom/app/Models/InvoiceModel.php(202): CodeIgniter\Model->countAllResults()
#5 /home/dnzwygdo/djuragancom/app/Models/InvoiceModel.php(136): App\Models\InvoiceModel->counts()
#6 /home/dnzwygdo/djuragancom/app/Controllers/Api/Invoice.php(17): App\Models\InvoiceModel->getCount()
#7 /home/dnzwygdo/djuragancom/vendor/codeigniter4/framework/system/CodeIgniter.php(898): App\Controllers\Api\Invoice->counter_tab()
#8 /home/dnzwygdo/djuragancom/vendor/codeigniter4/framework/system/CodeIgniter.php(457): CodeIgniter\CodeIgniter->runController()
#9 /home/dnzwygdo/djuragancom/vendor/codeigniter4/framework/system/CodeIgniter.php(340): CodeIgniter\CodeIgniter->handleRequest()
#10 /home/dnzwygdo/public_html/index.php(67): CodeIgniter\CodeIgniter->run()
#11 {main}
CRITICAL - 2024-01-01 16:22:32 --> Unable to connect to the database.
Main connection [MySQLi]: Too many connections
in SYSTEMPATH/Database/BaseConnection.php on line 418.
 1 SYSTEMPATH/Database/BaseConnection.php(588): CodeIgniter\Database\BaseConnection->initialize()
 2 SYSTEMPATH/Database/BaseBuilder.php(1669): CodeIgniter\Database\BaseConnection->query()
 3 SYSTEMPATH/Model.php(550): CodeIgniter\Database\BaseBuilder->countAllResults()
 4 APPPATH/Models/InvoiceModel.php(202): CodeIgniter\Model->countAllResults()
 5 APPPATH/Models/InvoiceModel.php(136): App\Models\InvoiceModel->counts()
 6 APPPATH/Controllers/Api/Invoice.php(17): App\Models\InvoiceModel->getCount()
 7 SYSTEMPATH/CodeIgniter.php(898): App\Controllers\Api\Invoice->counter_tab()
 8 SYSTEMPATH/CodeIgniter.php(457): CodeIgniter\CodeIgniter->runController()
 9 SYSTEMPATH/CodeIgniter.php(340): CodeIgniter\CodeIgniter->handleRequest()
10 FCPATH/index.php(67): CodeIgniter\CodeIgniter->run()
ERROR - 2024-01-01 16:22:35 --> Error connecting to the database: mysqli_sql_exception: Too many connections in /home/dnzwygdo/djuragancom/vendor/codeigniter4/framework/system/Database/MySQLi/Connection.php:171
Stack trace:
#0 /home/dnzwygdo/djuragancom/vendor/codeigniter4/framework/system/Database/MySQLi/Connection.php(171): mysqli->real_connect()
#1 /home/dnzwygdo/djuragancom/vendor/codeigniter4/framework/system/Database/BaseConnection.php(382): CodeIgniter\Database\MySQLi\Connection->connect()
#2 /home/dnzwygdo/djuragancom/vendor/codeigniter4/framework/system/Database/BaseConnection.php(588): CodeIgniter\Database\BaseConnection->initialize()
#3 /home/dnzwygdo/djuragancom/vendor/codeigniter4/framework/system/Database/BaseBuilder.php(1669): CodeIgniter\Database\BaseConnection->query()
#4 /home/dnzwygdo/djuragancom/app/Controllers/Api/Notifikasi.php(37): CodeIgniter\Database\BaseBuilder->countAllResults()
#5 /home/dnzwygdo/djuragancom/vendor/codeigniter4/framework/system/CodeIgniter.php(898): App\Controllers\Api\Notifikasi->get()
#6 /home/dnzwygdo/djuragancom/vendor/codeigniter4/framework/system/CodeIgniter.php(457): CodeIgniter\CodeIgniter->runController()
#7 /home/dnzwygdo/djuragancom/vendor/codeigniter4/framework/system/CodeIgniter.php(340): CodeIgniter\CodeIgniter->handleRequest()
#8 /home/dnzwygdo/public_html/index.php(67): CodeIgniter\CodeIgniter->run()
#9 {main}

Next CodeIgniter\Database\Exceptions\DatabaseException: Too many connections in /home/dnzwygdo/djuragancom/vendor/codeigniter4/framework/system/Database/MySQLi/Connection.php:215
Stack trace:
#0 /home/dnzwygdo/djuragancom/vendor/codeigniter4/framework/system/Database/BaseConnection.php(382): CodeIgniter\Database\MySQLi\Connection->connect()
#1 /home/dnzwygdo/djuragancom/vendor/codeigniter4/framework/system/Database/BaseConnection.php(588): CodeIgniter\Database\BaseConnection->initialize()
#2 /home/dnzwygdo/djuragancom/vendor/codeigniter4/framework/system/Database/BaseBuilder.php(1669): CodeIgniter\Database\BaseConnection->query()
#3 /home/dnzwygdo/djuragancom/app/Controllers/Api/Notifikasi.php(37): CodeIgniter\Database\BaseBuilder->countAllResults()
#4 /home/dnzwygdo/djuragancom/vendor/codeigniter4/framework/system/CodeIgniter.php(898): App\Controllers\Api\Notifikasi->get()
#5 /home/dnzwygdo/djuragancom/vendor/codeigniter4/framework/system/CodeIgniter.php(457): CodeIgniter\CodeIgniter->runController()
#6 /home/dnzwygdo/djuragancom/vendor/codeigniter4/framework/system/CodeIgniter.php(340): CodeIgniter\CodeIgniter->handleRequest()
#7 /home/dnzwygdo/public_html/index.php(67): CodeIgniter\CodeIgniter->run()
#8 {main}
CRITICAL - 2024-01-01 16:22:35 --> Unable to connect to the database.
Main connection [MySQLi]: Too many connections
in SYSTEMPATH/Database/BaseConnection.php on line 418.
 1 SYSTEMPATH/Database/BaseConnection.php(588): CodeIgniter\Database\BaseConnection->initialize()
 2 SYSTEMPATH/Database/BaseBuilder.php(1669): CodeIgniter\Database\BaseConnection->query()
 3 APPPATH/Controllers/Api/Notifikasi.php(37): CodeIgniter\Database\BaseBuilder->countAllResults()
 4 SYSTEMPATH/CodeIgniter.php(898): App\Controllers\Api\Notifikasi->get()
 5 SYSTEMPATH/CodeIgniter.php(457): CodeIgniter\CodeIgniter->runController()
 6 SYSTEMPATH/CodeIgniter.php(340): CodeIgniter\CodeIgniter->handleRequest()
 7 FCPATH/index.php(67): CodeIgniter\CodeIgniter->run()
ERROR - 2024-01-01 16:22:41 --> Error connecting to the database: mysqli_sql_exception: Too many connections in /home/dnzwygdo/djuragancom/vendor/codeigniter4/framework/system/Database/MySQLi/Connection.php:171
Stack trace:
#0 /home/dnzwygdo/djuragancom/vendor/codeigniter4/framework/system/Database/MySQLi/Connection.php(171): mysqli->real_connect()
#1 /home/dnzwygdo/djuragancom/vendor/codeigniter4/framework/system/Database/BaseConnection.php(382): CodeIgniter\Database\MySQLi\Connection->connect()
#2 /home/dnzwygdo/djuragancom/vendor/codeigniter4/framework/system/Database/BaseConnection.php(588): CodeIgniter\Database\BaseConnection->initialize()
#3 /home/dnzwygdo/djuragancom/vendor/codeigniter4/framework/system/Database/BaseBuilder.php(1669): CodeIgniter\Database\BaseConnection->query()
#4 /home/dnzwygdo/djuragancom/app/Controllers/Api/Notifikasi.php(37): CodeIgniter\Database\BaseBuilder->countAllResults()
#5 /home/dnzwygdo/djuragancom/vendor/codeigniter4/framework/system/CodeIgniter.php(898): App\Controllers\Api\Notifikasi->get()
#6 /home/dnzwygdo/djuragancom/vendor/codeigniter4/framework/system/CodeIgniter.php(457): CodeIgniter\CodeIgniter->runController()
#7 /home/dnzwygdo/djuragancom/vendor/codeigniter4/framework/system/CodeIgniter.php(340): CodeIgniter\CodeIgniter->handleRequest()
#8 /home/dnzwygdo/public_html/index.php(67): CodeIgniter\CodeIgniter->run()
#9 {main}

Next CodeIgniter\Database\Exceptions\DatabaseException: Too many connections in /home/dnzwygdo/djuragancom/vendor/codeigniter4/framework/system/Database/MySQLi/Connection.php:215
Stack trace:
#0 /home/dnzwygdo/djuragancom/vendor/codeigniter4/framework/system/Database/BaseConnection.php(382): CodeIgniter\Database\MySQLi\Connection->connect()
#1 /home/dnzwygdo/djuragancom/vendor/codeigniter4/framework/system/Database/BaseConnection.php(588): CodeIgniter\Database\BaseConnection->initialize()
#2 /home/dnzwygdo/djuragancom/vendor/codeigniter4/framework/system/Database/BaseBuilder.php(1669): CodeIgniter\Database\BaseConnection->query()
#3 /home/dnzwygdo/djuragancom/app/Controllers/Api/Notifikasi.php(37): CodeIgniter\Database\BaseBuilder->countAllResults()
#4 /home/dnzwygdo/djuragancom/vendor/codeigniter4/framework/system/CodeIgniter.php(898): App\Controllers\Api\Notifikasi->get()
#5 /home/dnzwygdo/djuragancom/vendor/codeigniter4/framework/system/CodeIgniter.php(457): CodeIgniter\CodeIgniter->runController()
#6 /home/dnzwygdo/djuragancom/vendor/codeigniter4/framework/system/CodeIgniter.php(340): CodeIgniter\CodeIgniter->handleRequest()
#7 /home/dnzwygdo/public_html/index.php(67): CodeIgniter\CodeIgniter->run()
#8 {main}
CRITICAL - 2024-01-01 16:22:41 --> Unable to connect to the database.
Main connection [MySQLi]: Too many connections
in SYSTEMPATH/Database/BaseConnection.php on line 418.
 1 SYSTEMPATH/Database/BaseConnection.php(588): CodeIgniter\Database\BaseConnection->initialize()
 2 SYSTEMPATH/Database/BaseBuilder.php(1669): CodeIgniter\Database\BaseConnection->query()
 3 APPPATH/Controllers/Api/Notifikasi.php(37): CodeIgniter\Database\BaseBuilder->countAllResults()
 4 SYSTEMPATH/CodeIgniter.php(898): App\Controllers\Api\Notifikasi->get()
 5 SYSTEMPATH/CodeIgniter.php(457): CodeIgniter\CodeIgniter->runController()
 6 SYSTEMPATH/CodeIgniter.php(340): CodeIgniter\CodeIgniter->handleRequest()
 7 FCPATH/index.php(67): CodeIgniter\CodeIgniter->run()
ERROR - 2024-01-01 16:22:44 --> Error connecting to the database: mysqli_sql_exception: Too many connections in /home/dnzwygdo/djuragancom/vendor/codeigniter4/framework/system/Database/MySQLi/Connection.php:171
Stack trace:
#0 /home/dnzwygdo/djuragancom/vendor/codeigniter4/framework/system/Database/MySQLi/Connection.php(171): mysqli->real_connect()
#1 /home/dnzwygdo/djuragancom/vendor/codeigniter4/framework/system/Database/BaseConnection.php(382): CodeIgniter\Database\MySQLi\Connection->connect()
#2 /home/dnzwygdo/djuragancom/vendor/codeigniter4/framework/system/Database/BaseConnection.php(588): CodeIgniter\Database\BaseConnection->initialize()
#3 /home/dnzwygdo/djuragancom/vendor/codeigniter4/framework/system/Database/BaseBuilder.php(1585): CodeIgniter\Database\BaseConnection->query()
#4 /home/dnzwygdo/djuragancom/vendor/codeigniter4/framework/system/Model.php(222): CodeIgniter\Database\BaseBuilder->get()
#5 /home/dnzwygdo/djuragancom/vendor/codeigniter4/framework/system/BaseModel.php(584): CodeIgniter\Model->doFindAll()
#6 /home/dnzwygdo/djuragancom/app/Models/InvoiceModel.php(297): CodeIgniter\BaseModel->findAll()
#7 /home/dnzwygdo/djuragancom/app/Models/InvoiceModel.php(47): App\Models\InvoiceModel->ambilIds()
#8 /home/dnzwygdo/djuragancom/app/Controllers/Admin/Invoices.php(66): App\Models\InvoiceModel->getAll()
#9 /home/dnzwygdo/djuragancom/vendor/codeigniter4/framework/system/CodeIgniter.php(898): App\Controllers\Admin\Invoices->lihat()
#10 /home/dnzwygdo/djuragancom/vendor/codeigniter4/framework/system/CodeIgniter.php(457): CodeIgniter\CodeIgniter->runController()
#11 /home/dnzwygdo/djuragancom/vendor/codeigniter4/framework/system/CodeIgniter.php(340): CodeIgniter\CodeIgniter->handleRequest()
#12 /home/dnzwygdo/public_html/index.php(67): CodeIgniter\CodeIgniter->run()
#13 {main}

Next CodeIgniter\Database\Exceptions\DatabaseException: Too many connections in /home/dnzwygdo/djuragancom/vendor/codeigniter4/framework/system/Database/MySQLi/Connection.php:215
Stack trace:
#0 /home/dnzwygdo/djuragancom/vendor/codeigniter4/framework/system/Database/BaseConnection.php(382): CodeIgniter\Database\MySQLi\Connection->connect()
#1 /home/dnzwygdo/djuragancom/vendor/codeigniter4/framework/system/Database/BaseConnection.php(588): CodeIgniter\Database\BaseConnection->initialize()
#2 /home/dnzwygdo/djuragancom/vendor/codeigniter4/framework/system/Database/BaseBuilder.php(1585): CodeIgniter\Database\BaseConnection->query()
#3 /home/dnzwygdo/djuragancom/vendor/codeigniter4/framework/system/Model.php(222): CodeIgniter\Database\BaseBuilder->get()
#4 /home/dnzwygdo/djuragancom/vendor/codeigniter4/framework/system/BaseModel.php(584): CodeIgniter\Model->doFindAll()
#5 /home/dnzwygdo/djuragancom/app/Models/InvoiceModel.php(297): CodeIgniter\BaseModel->findAll()
#6 /home/dnzwygdo/djuragancom/app/Models/InvoiceModel.php(47): App\Models\InvoiceModel->ambilIds()
#7 /home/dnzwygdo/djuragancom/app/Controllers/Admin/Invoices.php(66): App\Models\InvoiceModel->getAll()
#8 /home/dnzwygdo/djuragancom/vendor/codeigniter4/framework/system/CodeIgniter.php(898): App\Controllers\Admin\Invoices->lihat()
#9 /home/dnzwygdo/djuragancom/vendor/codeigniter4/framework/system/CodeIgniter.php(457): CodeIgniter\CodeIgniter->runController()
#10 /home/dnzwygdo/djuragancom/vendor/codeigniter4/framework/system/CodeIgniter.php(340): CodeIgniter\CodeIgniter->handleRequest()
#11 /home/dnzwygdo/public_html/index.php(67): CodeIgniter\CodeIgniter->run()
#12 {main}
CRITICAL - 2024-01-01 16:22:44 --> Unable to connect to the database.
Main connection [MySQLi]: Too many connections
in SYSTEMPATH/Database/BaseConnection.php on line 418.
 1 SYSTEMPATH/Database/BaseConnection.php(588): CodeIgniter\Database\BaseConnection->initialize()
 2 SYSTEMPATH/Database/BaseBuilder.php(1585): CodeIgniter\Database\BaseConnection->query()
 3 SYSTEMPATH/Model.php(222): CodeIgniter\Database\BaseBuilder->get()
 4 SYSTEMPATH/BaseModel.php(584): CodeIgniter\Model->doFindAll()
 5 APPPATH/Models/InvoiceModel.php(297): CodeIgniter\BaseModel->findAll()
 6 APPPATH/Models/InvoiceModel.php(47): App\Models\InvoiceModel->ambilIds()
 7 APPPATH/Controllers/Admin/Invoices.php(66): App\Models\InvoiceModel->getAll()
 8 SYSTEMPATH/CodeIgniter.php(898): App\Controllers\Admin\Invoices->lihat()
 9 SYSTEMPATH/CodeIgniter.php(457): CodeIgniter\CodeIgniter->runController()
10 SYSTEMPATH/CodeIgniter.php(340): CodeIgniter\CodeIgniter->handleRequest()
11 FCPATH/index.php(67): CodeIgniter\CodeIgniter->run()
ERROR - 2024-01-01 16:22:45 --> Error connecting to the database: mysqli_sql_exception: Too many connections in /home/dnzwygdo/djuragancom/vendor/codeigniter4/framework/system/Database/MySQLi/Connection.php:171
Stack trace:
#0 /home/dnzwygdo/djuragancom/vendor/codeigniter4/framework/system/Database/MySQLi/Connection.php(171): mysqli->real_connect()
#1 /home/dnzwygdo/djuragancom/vendor/codeigniter4/framework/system/Database/BaseConnection.php(382): CodeIgniter\Database\MySQLi\Connection->connect()
#2 /home/dnzwygdo/djuragancom/vendor/codeigniter4/framework/system/Database/BaseConnection.php(588): CodeIgniter\Database\BaseConnection->initialize()
#3 /home/dnzwygdo/djuragancom/vendor/codeigniter4/framework/system/Database/BaseBuilder.php(1669): CodeIgniter\Database\BaseConnection->query()
#4 /home/dnzwygdo/djuragancom/app/Controllers/Api/Notifikasi.php(37): CodeIgniter\Database\BaseBuilder->countAllResults()
#5 /home/dnzwygdo/djuragancom/vendor/codeigniter4/framework/system/CodeIgniter.php(898): App\Controllers\Api\Notifikasi->get()
#6 /home/dnzwygdo/djuragancom/vendor/codeigniter4/framework/system/CodeIgniter.php(457): CodeIgniter\CodeIgniter->runController()
#7 /home/dnzwygdo/djuragancom/vendor/codeigniter4/framework/system/CodeIgniter.php(340): CodeIgniter\CodeIgniter->handleRequest()
#8 /home/dnzwygdo/public_html/index.php(67): CodeIgniter\CodeIgniter->run()
#9 {main}

Next CodeIgniter\Database\Exceptions\DatabaseException: Too many connections in /home/dnzwygdo/djuragancom/vendor/codeigniter4/framework/system/Database/MySQLi/Connection.php:215
Stack trace:
#0 /home/dnzwygdo/djuragancom/vendor/codeigniter4/framework/system/Database/BaseConnection.php(382): CodeIgniter\Database\MySQLi\Connection->connect()
#1 /home/dnzwygdo/djuragancom/vendor/codeigniter4/framework/system/Database/BaseConnection.php(588): CodeIgniter\Database\BaseConnection->initialize()
#2 /home/dnzwygdo/djuragancom/vendor/codeigniter4/framework/system/Database/BaseBuilder.php(1669): CodeIgniter\Database\BaseConnection->query()
#3 /home/dnzwygdo/djuragancom/app/Controllers/Api/Notifikasi.php(37): CodeIgniter\Database\BaseBuilder->countAllResults()
#4 /home/dnzwygdo/djuragancom/vendor/codeigniter4/framework/system/CodeIgniter.php(898): App\Controllers\Api\Notifikasi->get()
#5 /home/dnzwygdo/djuragancom/vendor/codeigniter4/framework/system/CodeIgniter.php(457): CodeIgniter\CodeIgniter->runController()
#6 /home/dnzwygdo/djuragancom/vendor/codeigniter4/framework/system/CodeIgniter.php(340): CodeIgniter\CodeIgniter->handleRequest()
#7 /home/dnzwygdo/public_html/index.php(67): CodeIgniter\CodeIgniter->run()
#8 {main}
CRITICAL - 2024-01-01 16:22:45 --> Unable to connect to the database.
Main connection [MySQLi]: Too many connections
in SYSTEMPATH/Database/BaseConnection.php on line 418.
 1 SYSTEMPATH/Database/BaseConnection.php(588): CodeIgniter\Database\BaseConnection->initialize()
 2 SYSTEMPATH/Database/BaseBuilder.php(1669): CodeIgniter\Database\BaseConnection->query()
 3 APPPATH/Controllers/Api/Notifikasi.php(37): CodeIgniter\Database\BaseBuilder->countAllResults()
 4 SYSTEMPATH/CodeIgniter.php(898): App\Controllers\Api\Notifikasi->get()
 5 SYSTEMPATH/CodeIgniter.php(457): CodeIgniter\CodeIgniter->runController()
 6 SYSTEMPATH/CodeIgniter.php(340): CodeIgniter\CodeIgniter->handleRequest()
 7 FCPATH/index.php(67): CodeIgniter\CodeIgniter->run()
ERROR - 2024-01-01 16:22:46 --> Error connecting to the database: mysqli_sql_exception: Too many connections in /home/dnzwygdo/djuragancom/vendor/codeigniter4/framework/system/Database/MySQLi/Connection.php:171
Stack trace:
#0 /home/dnzwygdo/djuragancom/vendor/codeigniter4/framework/system/Database/MySQLi/Connection.php(171): mysqli->real_connect()
#1 /home/dnzwygdo/djuragancom/vendor/codeigniter4/framework/system/Database/BaseConnection.php(382): CodeIgniter\Database\MySQLi\Connection->connect()
#2 /home/dnzwygdo/djuragancom/vendor/codeigniter4/framework/system/Database/BaseConnection.php(588): CodeIgniter\Database\BaseConnection->initialize()
#3 /home/dnzwygdo/djuragancom/vendor/codeigniter4/framework/system/Database/BaseBuilder.php(1585): CodeIgniter\Database\BaseConnection->query()
#4 /home/dnzwygdo/djuragancom/vendor/codeigniter4/framework/system/Model.php(222): CodeIgniter\Database\BaseBuilder->get()
#5 /home/dnzwygdo/djuragancom/vendor/codeigniter4/framework/system/BaseModel.php(584): CodeIgniter\Model->doFindAll()
#6 /home/dnzwygdo/djuragancom/app/Models/InvoiceModel.php(297): CodeIgniter\BaseModel->findAll()
#7 /home/dnzwygdo/djuragancom/app/Models/InvoiceModel.php(47): App\Models\InvoiceModel->ambilIds()
#8 /home/dnzwygdo/djuragancom/app/Controllers/Admin/Invoices.php(66): App\Models\InvoiceModel->getAll()
#9 /home/dnzwygdo/djuragancom/vendor/codeigniter4/framework/system/CodeIgniter.php(898): App\Controllers\Admin\Invoices->lihat()
#10 /home/dnzwygdo/djuragancom/vendor/codeigniter4/framework/system/CodeIgniter.php(457): CodeIgniter\CodeIgniter->runController()
#11 /home/dnzwygdo/djuragancom/vendor/codeigniter4/framework/system/CodeIgniter.php(340): CodeIgniter\CodeIgniter->handleRequest()
#12 /home/dnzwygdo/public_html/index.php(67): CodeIgniter\CodeIgniter->run()
#13 {main}

Next CodeIgniter\Database\Exceptions\DatabaseException: Too many connections in /home/dnzwygdo/djuragancom/vendor/codeigniter4/framework/system/Database/MySQLi/Connection.php:215
Stack trace:
#0 /home/dnzwygdo/djuragancom/vendor/codeigniter4/framework/system/Database/BaseConnection.php(382): CodeIgniter\Database\MySQLi\Connection->connect()
#1 /home/dnzwygdo/djuragancom/vendor/codeigniter4/framework/system/Database/BaseConnection.php(588): CodeIgniter\Database\BaseConnection->initialize()
#2 /home/dnzwygdo/djuragancom/vendor/codeigniter4/framework/system/Database/BaseBuilder.php(1585): CodeIgniter\Database\BaseConnection->query()
#3 /home/dnzwygdo/djuragancom/vendor/codeigniter4/framework/system/Model.php(222): CodeIgniter\Database\BaseBuilder->get()
#4 /home/dnzwygdo/djuragancom/vendor/codeigniter4/framework/system/BaseModel.php(584): CodeIgniter\Model->doFindAll()
#5 /home/dnzwygdo/djuragancom/app/Models/InvoiceModel.php(297): CodeIgniter\BaseModel->findAll()
#6 /home/dnzwygdo/djuragancom/app/Models/InvoiceModel.php(47): App\Models\InvoiceModel->ambilIds()
#7 /home/dnzwygdo/djuragancom/app/Controllers/Admin/Invoices.php(66): App\Models\InvoiceModel->getAll()
#8 /home/dnzwygdo/djuragancom/vendor/codeigniter4/framework/system/CodeIgniter.php(898): App\Controllers\Admin\Invoices->lihat()
#9 /home/dnzwygdo/djuragancom/vendor/codeigniter4/framework/system/CodeIgniter.php(457): CodeIgniter\CodeIgniter->runController()
#10 /home/dnzwygdo/djuragancom/vendor/codeigniter4/framework/system/CodeIgniter.php(340): CodeIgniter\CodeIgniter->handleRequest()
#11 /home/dnzwygdo/public_html/index.php(67): CodeIgniter\CodeIgniter->run()
#12 {main}
CRITICAL - 2024-01-01 16:22:46 --> Unable to connect to the database.
Main connection [MySQLi]: Too many connections
in SYSTEMPATH/Database/BaseConnection.php on line 418.
 1 SYSTEMPATH/Database/BaseConnection.php(588): CodeIgniter\Database\BaseConnection->initialize()
 2 SYSTEMPATH/Database/BaseBuilder.php(1585): CodeIgniter\Database\BaseConnection->query()
 3 SYSTEMPATH/Model.php(222): CodeIgniter\Database\BaseBuilder->get()
 4 SYSTEMPATH/BaseModel.php(584): CodeIgniter\Model->doFindAll()
 5 APPPATH/Models/InvoiceModel.php(297): CodeIgniter\BaseModel->findAll()
 6 APPPATH/Models/InvoiceModel.php(47): App\Models\InvoiceModel->ambilIds()
 7 APPPATH/Controllers/Admin/Invoices.php(66): App\Models\InvoiceModel->getAll()
 8 SYSTEMPATH/CodeIgniter.php(898): App\Controllers\Admin\Invoices->lihat()
 9 SYSTEMPATH/CodeIgniter.php(457): CodeIgniter\CodeIgniter->runController()
10 SYSTEMPATH/CodeIgniter.php(340): CodeIgniter\CodeIgniter->handleRequest()
11 FCPATH/index.php(67): CodeIgniter\CodeIgniter->run()
ERROR - 2024-01-01 16:22:57 --> Error connecting to the database: mysqli_sql_exception: Too many connections in /home/dnzwygdo/djuragancom/vendor/codeigniter4/framework/system/Database/MySQLi/Connection.php:171
Stack trace:
#0 /home/dnzwygdo/djuragancom/vendor/codeigniter4/framework/system/Database/MySQLi/Connection.php(171): mysqli->real_connect()
#1 /home/dnzwygdo/djuragancom/vendor/codeigniter4/framework/system/Database/BaseConnection.php(382): CodeIgniter\Database\MySQLi\Connection->connect()
#2 /home/dnzwygdo/djuragancom/vendor/codeigniter4/framework/system/Database/BaseConnection.php(588): CodeIgniter\Database\BaseConnection->initialize()
#3 /home/dnzwygdo/djuragancom/vendor/codeigniter4/framework/system/Database/BaseBuilder.php(1669): CodeIgniter\Database\BaseConnection->query()
#4 /home/dnzwygdo/djuragancom/app/Controllers/Api/Notifikasi.php(37): CodeIgniter\Database\BaseBuilder->countAllResults()
#5 /home/dnzwygdo/djuragancom/vendor/codeigniter4/framework/system/CodeIgniter.php(898): App\Controllers\Api\Notifikasi->get()
#6 /home/dnzwygdo/djuragancom/vendor/codeigniter4/framework/system/CodeIgniter.php(457): CodeIgniter\CodeIgniter->runController()
#7 /home/dnzwygdo/djuragancom/vendor/codeigniter4/framework/system/CodeIgniter.php(340): CodeIgniter\CodeIgniter->handleRequest()
#8 /home/dnzwygdo/public_html/index.php(67): CodeIgniter\CodeIgniter->run()
#9 {main}

Next CodeIgniter\Database\Exceptions\DatabaseException: Too many connections in /home/dnzwygdo/djuragancom/vendor/codeigniter4/framework/system/Database/MySQLi/Connection.php:215
Stack trace:
#0 /home/dnzwygdo/djuragancom/vendor/codeigniter4/framework/system/Database/BaseConnection.php(382): CodeIgniter\Database\MySQLi\Connection->connect()
#1 /home/dnzwygdo/djuragancom/vendor/codeigniter4/framework/system/Database/BaseConnection.php(588): CodeIgniter\Database\BaseConnection->initialize()
#2 /home/dnzwygdo/djuragancom/vendor/codeigniter4/framework/system/Database/BaseBuilder.php(1669): CodeIgniter\Database\BaseConnection->query()
#3 /home/dnzwygdo/djuragancom/app/Controllers/Api/Notifikasi.php(37): CodeIgniter\Database\BaseBuilder->countAllResults()
#4 /home/dnzwygdo/djuragancom/vendor/codeigniter4/framework/system/CodeIgniter.php(898): App\Controllers\Api\Notifikasi->get()
#5 /home/dnzwygdo/djuragancom/vendor/codeigniter4/framework/system/CodeIgniter.php(457): CodeIgniter\CodeIgniter->runController()
#6 /home/dnzwygdo/djuragancom/vendor/codeigniter4/framework/system/CodeIgniter.php(340): CodeIgniter\CodeIgniter->handleRequest()
#7 /home/dnzwygdo/public_html/index.php(67): CodeIgniter\CodeIgniter->run()
#8 {main}
CRITICAL - 2024-01-01 16:22:57 --> Unable to connect to the database.
Main connection [MySQLi]: Too many connections
in SYSTEMPATH/Database/BaseConnection.php on line 418.
 1 SYSTEMPATH/Database/BaseConnection.php(588): CodeIgniter\Database\BaseConnection->initialize()
 2 SYSTEMPATH/Database/BaseBuilder.php(1669): CodeIgniter\Database\BaseConnection->query()
 3 APPPATH/Controllers/Api/Notifikasi.php(37): CodeIgniter\Database\BaseBuilder->countAllResults()
 4 SYSTEMPATH/CodeIgniter.php(898): App\Controllers\Api\Notifikasi->get()
 5 SYSTEMPATH/CodeIgniter.php(457): CodeIgniter\CodeIgniter->runController()
 6 SYSTEMPATH/CodeIgniter.php(340): CodeIgniter\CodeIgniter->handleRequest()
 7 FCPATH/index.php(67): CodeIgniter\CodeIgniter->run()
ERROR - 2024-01-01 16:22:57 --> Error connecting to the database: mysqli_sql_exception: Too many connections in /home/dnzwygdo/djuragancom/vendor/codeigniter4/framework/system/Database/MySQLi/Connection.php:171
Stack trace:
#0 /home/dnzwygdo/djuragancom/vendor/codeigniter4/framework/system/Database/MySQLi/Connection.php(171): mysqli->real_connect()
#1 /home/dnzwygdo/djuragancom/vendor/codeigniter4/framework/system/Database/BaseConnection.php(382): CodeIgniter\Database\MySQLi\Connection->connect()
#2 /home/dnzwygdo/djuragancom/vendor/codeigniter4/framework/system/Database/BaseConnection.php(588): CodeIgniter\Database\BaseConnection->initialize()
#3 /home/dnzwygdo/djuragancom/vendor/codeigniter4/framework/system/Database/BaseBuilder.php(1669): CodeIgniter\Database\BaseConnection->query()
#4 /home/dnzwygdo/djuragancom/vendor/codeigniter4/framework/system/Model.php(550): CodeIgniter\Database\BaseBuilder->countAllResults()
#5 /home/dnzwygdo/djuragancom/app/Models/InvoiceModel.php(202): CodeIgniter\Model->countAllResults()
#6 /home/dnzwygdo/djuragancom/app/Models/InvoiceModel.php(136): App\Models\InvoiceModel->counts()
#7 /home/dnzwygdo/djuragancom/app/Controllers/Api/Invoice.php(17): App\Models\InvoiceModel->getCount()
#8 /home/dnzwygdo/djuragancom/vendor/codeigniter4/framework/system/CodeIgniter.php(898): App\Controllers\Api\Invoice->counter_tab()
#9 /home/dnzwygdo/djuragancom/vendor/codeigniter4/framework/system/CodeIgniter.php(457): CodeIgniter\CodeIgniter->runController()
#10 /home/dnzwygdo/djuragancom/vendor/codeigniter4/framework/system/CodeIgniter.php(340): CodeIgniter\CodeIgniter->handleRequest()
#11 /home/dnzwygdo/public_html/index.php(67): CodeIgniter\CodeIgniter->run()
#12 {main}

Next CodeIgniter\Database\Exceptions\DatabaseException: Too many connections in /home/dnzwygdo/djuragancom/vendor/codeigniter4/framework/system/Database/MySQLi/Connection.php:215
Stack trace:
#0 /home/dnzwygdo/djuragancom/vendor/codeigniter4/framework/system/Database/BaseConnection.php(382): CodeIgniter\Database\MySQLi\Connection->connect()
#1 /home/dnzwygdo/djuragancom/vendor/codeigniter4/framework/system/Database/BaseConnection.php(588): CodeIgniter\Database\BaseConnection->initialize()
#2 /home/dnzwygdo/djuragancom/vendor/codeigniter4/framework/system/Database/BaseBuilder.php(1669): CodeIgniter\Database\BaseConnection->query()
#3 /home/dnzwygdo/djuragancom/vendor/codeigniter4/framework/system/Model.php(550): CodeIgniter\Database\BaseBuilder->countAllResults()
#4 /home/dnzwygdo/djuragancom/app/Models/InvoiceModel.php(202): CodeIgniter\Model->countAllResults()
#5 /home/dnzwygdo/djuragancom/app/Models/InvoiceModel.php(136): App\Models\InvoiceModel->counts()
#6 /home/dnzwygdo/djuragancom/app/Controllers/Api/Invoice.php(17): App\Models\InvoiceModel->getCount()
#7 /home/dnzwygdo/djuragancom/vendor/codeigniter4/framework/system/CodeIgniter.php(898): App\Controllers\Api\Invoice->counter_tab()
#8 /home/dnzwygdo/djuragancom/vendor/codeigniter4/framework/system/CodeIgniter.php(457): CodeIgniter\CodeIgniter->runController()
#9 /home/dnzwygdo/djuragancom/vendor/codeigniter4/framework/system/CodeIgniter.php(340): CodeIgniter\CodeIgniter->handleRequest()
#10 /home/dnzwygdo/public_html/index.php(67): CodeIgniter\CodeIgniter->run()
#11 {main}
CRITICAL - 2024-01-01 16:22:57 --> Unable to connect to the database.
Main connection [MySQLi]: Too many connections
in SYSTEMPATH/Database/BaseConnection.php on line 418.
 1 SYSTEMPATH/Database/BaseConnection.php(588): CodeIgniter\Database\BaseConnection->initialize()
 2 SYSTEMPATH/Database/BaseBuilder.php(1669): CodeIgniter\Database\BaseConnection->query()
 3 SYSTEMPATH/Model.php(550): CodeIgniter\Database\BaseBuilder->countAllResults()
 4 APPPATH/Models/InvoiceModel.php(202): CodeIgniter\Model->countAllResults()
 5 APPPATH/Models/InvoiceModel.php(136): App\Models\InvoiceModel->counts()
 6 APPPATH/Controllers/Api/Invoice.php(17): App\Models\InvoiceModel->getCount()
 7 SYSTEMPATH/CodeIgniter.php(898): App\Controllers\Api\Invoice->counter_tab()
 8 SYSTEMPATH/CodeIgniter.php(457): CodeIgniter\CodeIgniter->runController()
 9 SYSTEMPATH/CodeIgniter.php(340): CodeIgniter\CodeIgniter->handleRequest()
10 FCPATH/index.php(67): CodeIgniter\CodeIgniter->run()
ERROR - 2024-01-01 16:23:05 --> Error connecting to the database: mysqli_sql_exception: Too many connections in /home/dnzwygdo/djuragancom/vendor/codeigniter4/framework/system/Database/MySQLi/Connection.php:171
Stack trace:
#0 /home/dnzwygdo/djuragancom/vendor/codeigniter4/framework/system/Database/MySQLi/Connection.php(171): mysqli->real_connect()
#1 /home/dnzwygdo/djuragancom/vendor/codeigniter4/framework/system/Database/BaseConnection.php(382): CodeIgniter\Database\MySQLi\Connection->connect()
#2 /home/dnzwygdo/djuragancom/vendor/codeigniter4/framework/system/Database/BaseConnection.php(588): CodeIgniter\Database\BaseConnection->initialize()
#3 /home/dnzwygdo/djuragancom/vendor/codeigniter4/framework/system/Database/BaseBuilder.php(1669): CodeIgniter\Database\BaseConnection->query()
#4 /home/dnzwygdo/djuragancom/app/Controllers/Api/Notifikasi.php(37): CodeIgniter\Database\BaseBuilder->countAllResults()
#5 /home/dnzwygdo/djuragancom/vendor/codeigniter4/framework/system/CodeIgniter.php(898): App\Controllers\Api\Notifikasi->get()
#6 /home/dnzwygdo/djuragancom/vendor/codeigniter4/framework/system/CodeIgniter.php(457): CodeIgniter\CodeIgniter->runController()
#7 /home/dnzwygdo/djuragancom/vendor/codeigniter4/framework/system/CodeIgniter.php(340): CodeIgniter\CodeIgniter->handleRequest()
#8 /home/dnzwygdo/public_html/index.php(67): CodeIgniter\CodeIgniter->run()
#9 {main}

Next CodeIgniter\Database\Exceptions\DatabaseException: Too many connections in /home/dnzwygdo/djuragancom/vendor/codeigniter4/framework/system/Database/MySQLi/Connection.php:215
Stack trace:
#0 /home/dnzwygdo/djuragancom/vendor/codeigniter4/framework/system/Database/BaseConnection.php(382): CodeIgniter\Database\MySQLi\Connection->connect()
#1 /home/dnzwygdo/djuragancom/vendor/codeigniter4/framework/system/Database/BaseConnection.php(588): CodeIgniter\Database\BaseConnection->initialize()
#2 /home/dnzwygdo/djuragancom/vendor/codeigniter4/framework/system/Database/BaseBuilder.php(1669): CodeIgniter\Database\BaseConnection->query()
#3 /home/dnzwygdo/djuragancom/app/Controllers/Api/Notifikasi.php(37): CodeIgniter\Database\BaseBuilder->countAllResults()
#4 /home/dnzwygdo/djuragancom/vendor/codeigniter4/framework/system/CodeIgniter.php(898): App\Controllers\Api\Notifikasi->get()
#5 /home/dnzwygdo/djuragancom/vendor/codeigniter4/framework/system/CodeIgniter.php(457): CodeIgniter\CodeIgniter->runController()
#6 /home/dnzwygdo/djuragancom/vendor/codeigniter4/framework/system/CodeIgniter.php(340): CodeIgniter\CodeIgniter->handleRequest()
#7 /home/dnzwygdo/public_html/index.php(67): CodeIgniter\CodeIgniter->run()
#8 {main}
CRITICAL - 2024-01-01 16:23:05 --> Unable to connect to the database.
Main connection [MySQLi]: Too many connections
in SYSTEMPATH/Database/BaseConnection.php on line 418.
 1 SYSTEMPATH/Database/BaseConnection.php(588): CodeIgniter\Database\BaseConnection->initialize()
 2 SYSTEMPATH/Database/BaseBuilder.php(1669): CodeIgniter\Database\BaseConnection->query()
 3 APPPATH/Controllers/Api/Notifikasi.php(37): CodeIgniter\Database\BaseBuilder->countAllResults()
 4 SYSTEMPATH/CodeIgniter.php(898): App\Controllers\Api\Notifikasi->get()
 5 SYSTEMPATH/CodeIgniter.php(457): CodeIgniter\CodeIgniter->runController()
 6 SYSTEMPATH/CodeIgniter.php(340): CodeIgniter\CodeIgniter->handleRequest()
 7 FCPATH/index.php(67): CodeIgniter\CodeIgniter->run()
ERROR - 2024-01-01 16:23:08 --> Error connecting to the database: mysqli_sql_exception: Too many connections in /home/dnzwygdo/djuragancom/vendor/codeigniter4/framework/system/Database/MySQLi/Connection.php:171
Stack trace:
#0 /home/dnzwygdo/djuragancom/vendor/codeigniter4/framework/system/Database/MySQLi/Connection.php(171): mysqli->real_connect()
#1 /home/dnzwygdo/djuragancom/vendor/codeigniter4/framework/system/Database/BaseConnection.php(382): CodeIgniter\Database\MySQLi\Connection->connect()
#2 /home/dnzwygdo/djuragancom/vendor/codeigniter4/framework/system/Database/BaseConnection.php(588): CodeIgniter\Database\BaseConnection->initialize()
#3 /home/dnzwygdo/djuragancom/vendor/codeigniter4/framework/system/Database/BaseBuilder.php(1669): CodeIgniter\Database\BaseConnection->query()
#4 /home/dnzwygdo/djuragancom/app/Controllers/Api/Notifikasi.php(37): CodeIgniter\Database\BaseBuilder->countAllResults()
#5 /home/dnzwygdo/djuragancom/vendor/codeigniter4/framework/system/CodeIgniter.php(898): App\Controllers\Api\Notifikasi->get()
#6 /home/dnzwygdo/djuragancom/vendor/codeigniter4/framework/system/CodeIgniter.php(457): CodeIgniter\CodeIgniter->runController()
#7 /home/dnzwygdo/djuragancom/vendor/codeigniter4/framework/system/CodeIgniter.php(340): CodeIgniter\CodeIgniter->handleRequest()
#8 /home/dnzwygdo/public_html/index.php(67): CodeIgniter\CodeIgniter->run()
#9 {main}

Next CodeIgniter\Database\Exceptions\DatabaseException: Too many connections in /home/dnzwygdo/djuragancom/vendor/codeigniter4/framework/system/Database/MySQLi/Connection.php:215
Stack trace:
#0 /home/dnzwygdo/djuragancom/vendor/codeigniter4/framework/system/Database/BaseConnection.php(382): CodeIgniter\Database\MySQLi\Connection->connect()
#1 /home/dnzwygdo/djuragancom/vendor/codeigniter4/framework/system/Database/BaseConnection.php(588): CodeIgniter\Database\BaseConnection->initialize()
#2 /home/dnzwygdo/djuragancom/vendor/codeigniter4/framework/system/Database/BaseBuilder.php(1669): CodeIgniter\Database\BaseConnection->query()
#3 /home/dnzwygdo/djuragancom/app/Controllers/Api/Notifikasi.php(37): CodeIgniter\Database\BaseBuilder->countAllResults()
#4 /home/dnzwygdo/djuragancom/vendor/codeigniter4/framework/system/CodeIgniter.php(898): App\Controllers\Api\Notifikasi->get()
#5 /home/dnzwygdo/djuragancom/vendor/codeigniter4/framework/system/CodeIgniter.php(457): CodeIgniter\CodeIgniter->runController()
#6 /home/dnzwygdo/djuragancom/vendor/codeigniter4/framework/system/CodeIgniter.php(340): CodeIgniter\CodeIgniter->handleRequest()
#7 /home/dnzwygdo/public_html/index.php(67): CodeIgniter\CodeIgniter->run()
#8 {main}
CRITICAL - 2024-01-01 16:23:08 --> Unable to connect to the database.
Main connection [MySQLi]: Too many connections
in SYSTEMPATH/Database/BaseConnection.php on line 418.
 1 SYSTEMPATH/Database/BaseConnection.php(588): CodeIgniter\Database\BaseConnection->initialize()
 2 SYSTEMPATH/Database/BaseBuilder.php(1669): CodeIgniter\Database\BaseConnection->query()
 3 APPPATH/Controllers/Api/Notifikasi.php(37): CodeIgniter\Database\BaseBuilder->countAllResults()
 4 SYSTEMPATH/CodeIgniter.php(898): App\Controllers\Api\Notifikasi->get()
 5 SYSTEMPATH/CodeIgniter.php(457): CodeIgniter\CodeIgniter->runController()
 6 SYSTEMPATH/CodeIgniter.php(340): CodeIgniter\CodeIgniter->handleRequest()
 7 FCPATH/index.php(67): CodeIgniter\CodeIgniter->run()
ERROR - 2024-01-01 16:23:27 --> Error connecting to the database: mysqli_sql_exception: Too many connections in /home/dnzwygdo/djuragancom/vendor/codeigniter4/framework/system/Database/MySQLi/Connection.php:171
Stack trace:
#0 /home/dnzwygdo/djuragancom/vendor/codeigniter4/framework/system/Database/MySQLi/Connection.php(171): mysqli->real_connect()
#1 /home/dnzwygdo/djuragancom/vendor/codeigniter4/framework/system/Database/BaseConnection.php(382): CodeIgniter\Database\MySQLi\Connection->connect()
#2 /home/dnzwygdo/djuragancom/vendor/codeigniter4/framework/system/Database/BaseConnection.php(588): CodeIgniter\Database\BaseConnection->initialize()
#3 /home/dnzwygdo/djuragancom/vendor/codeigniter4/framework/system/Database/BaseBuilder.php(1669): CodeIgniter\Database\BaseConnection->query()
#4 /home/dnzwygdo/djuragancom/app/Controllers/Api/Notifikasi.php(37): CodeIgniter\Database\BaseBuilder->countAllResults()
#5 /home/dnzwygdo/djuragancom/vendor/codeigniter4/framework/system/CodeIgniter.php(898): App\Controllers\Api\Notifikasi->get()
#6 /home/dnzwygdo/djuragancom/vendor/codeigniter4/framework/system/CodeIgniter.php(457): CodeIgniter\CodeIgniter->runController()
#7 /home/dnzwygdo/djuragancom/vendor/codeigniter4/framework/system/CodeIgniter.php(340): CodeIgniter\CodeIgniter->handleRequest()
#8 /home/dnzwygdo/public_html/index.php(67): CodeIgniter\CodeIgniter->run()
#9 {main}

Next CodeIgniter\Database\Exceptions\DatabaseException: Too many connections in /home/dnzwygdo/djuragancom/vendor/codeigniter4/framework/system/Database/MySQLi/Connection.php:215
Stack trace:
#0 /home/dnzwygdo/djuragancom/vendor/codeigniter4/framework/system/Database/BaseConnection.php(382): CodeIgniter\Database\MySQLi\Connection->connect()
#1 /home/dnzwygdo/djuragancom/vendor/codeigniter4/framework/system/Database/BaseConnection.php(588): CodeIgniter\Database\BaseConnection->initialize()
#2 /home/dnzwygdo/djuragancom/vendor/codeigniter4/framework/system/Database/BaseBuilder.php(1669): CodeIgniter\Database\BaseConnection->query()
#3 /home/dnzwygdo/djuragancom/app/Controllers/Api/Notifikasi.php(37): CodeIgniter\Database\BaseBuilder->countAllResults()
#4 /home/dnzwygdo/djuragancom/vendor/codeigniter4/framework/system/CodeIgniter.php(898): App\Controllers\Api\Notifikasi->get()
#5 /home/dnzwygdo/djuragancom/vendor/codeigniter4/framework/system/CodeIgniter.php(457): CodeIgniter\CodeIgniter->runController()
#6 /home/dnzwygdo/djuragancom/vendor/codeigniter4/framework/system/CodeIgniter.php(340): CodeIgniter\CodeIgniter->handleRequest()
#7 /home/dnzwygdo/public_html/index.php(67): CodeIgniter\CodeIgniter->run()
#8 {main}
CRITICAL - 2024-01-01 16:23:27 --> Unable to connect to the database.
Main connection [MySQLi]: Too many connections
in SYSTEMPATH/Database/BaseConnection.php on line 418.
 1 SYSTEMPATH/Database/BaseConnection.php(588): CodeIgniter\Database\BaseConnection->initialize()
 2 SYSTEMPATH/Database/BaseBuilder.php(1669): CodeIgniter\Database\BaseConnection->query()
 3 APPPATH/Controllers/Api/Notifikasi.php(37): CodeIgniter\Database\BaseBuilder->countAllResults()
 4 SYSTEMPATH/CodeIgniter.php(898): App\Controllers\Api\Notifikasi->get()
 5 SYSTEMPATH/CodeIgniter.php(457): CodeIgniter\CodeIgniter->runController()
 6 SYSTEMPATH/CodeIgniter.php(340): CodeIgniter\CodeIgniter->handleRequest()
 7 FCPATH/index.php(67): CodeIgniter\CodeIgniter->run()
ERROR - 2024-01-01 16:23:57 --> Error connecting to the database: mysqli_sql_exception: Too many connections in /home/dnzwygdo/djuragancom/vendor/codeigniter4/framework/system/Database/MySQLi/Connection.php:171
Stack trace:
#0 /home/dnzwygdo/djuragancom/vendor/codeigniter4/framework/system/Database/MySQLi/Connection.php(171): mysqli->real_connect()
#1 /home/dnzwygdo/djuragancom/vendor/codeigniter4/framework/system/Database/BaseConnection.php(382): CodeIgniter\Database\MySQLi\Connection->connect()
#2 /home/dnzwygdo/djuragancom/vendor/codeigniter4/framework/system/Database/BaseConnection.php(588): CodeIgniter\Database\BaseConnection->initialize()
#3 /home/dnzwygdo/djuragancom/vendor/codeigniter4/framework/system/Database/BaseBuilder.php(1669): CodeIgniter\Database\BaseConnection->query()
#4 /home/dnzwygdo/djuragancom/app/Controllers/Api/Notifikasi.php(37): CodeIgniter\Database\BaseBuilder->countAllResults()
#5 /home/dnzwygdo/djuragancom/vendor/codeigniter4/framework/system/CodeIgniter.php(898): App\Controllers\Api\Notifikasi->get()
#6 /home/dnzwygdo/djuragancom/vendor/codeigniter4/framework/system/CodeIgniter.php(457): CodeIgniter\CodeIgniter->runController()
#7 /home/dnzwygdo/djuragancom/vendor/codeigniter4/framework/system/CodeIgniter.php(340): CodeIgniter\CodeIgniter->handleRequest()
#8 /home/dnzwygdo/public_html/index.php(67): CodeIgniter\CodeIgniter->run()
#9 {main}

Next CodeIgniter\Database\Exceptions\DatabaseException: Too many connections in /home/dnzwygdo/djuragancom/vendor/codeigniter4/framework/system/Database/MySQLi/Connection.php:215
Stack trace:
#0 /home/dnzwygdo/djuragancom/vendor/codeigniter4/framework/system/Database/BaseConnection.php(382): CodeIgniter\Database\MySQLi\Connection->connect()
#1 /home/dnzwygdo/djuragancom/vendor/codeigniter4/framework/system/Database/BaseConnection.php(588): CodeIgniter\Database\BaseConnection->initialize()
#2 /home/dnzwygdo/djuragancom/vendor/codeigniter4/framework/system/Database/BaseBuilder.php(1669): CodeIgniter\Database\BaseConnection->query()
#3 /home/dnzwygdo/djuragancom/app/Controllers/Api/Notifikasi.php(37): CodeIgniter\Database\BaseBuilder->countAllResults()
#4 /home/dnzwygdo/djuragancom/vendor/codeigniter4/framework/system/CodeIgniter.php(898): App\Controllers\Api\Notifikasi->get()
#5 /home/dnzwygdo/djuragancom/vendor/codeigniter4/framework/system/CodeIgniter.php(457): CodeIgniter\CodeIgniter->runController()
#6 /home/dnzwygdo/djuragancom/vendor/codeigniter4/framework/system/CodeIgniter.php(340): CodeIgniter\CodeIgniter->handleRequest()
#7 /home/dnzwygdo/public_html/index.php(67): CodeIgniter\CodeIgniter->run()
#8 {main}
CRITICAL - 2024-01-01 16:23:57 --> Unable to connect to the database.
Main connection [MySQLi]: Too many connections
in SYSTEMPATH/Database/BaseConnection.php on line 418.
 1 SYSTEMPATH/Database/BaseConnection.php(588): CodeIgniter\Database\BaseConnection->initialize()
 2 SYSTEMPATH/Database/BaseBuilder.php(1669): CodeIgniter\Database\BaseConnection->query()
 3 APPPATH/Controllers/Api/Notifikasi.php(37): CodeIgniter\Database\BaseBuilder->countAllResults()
 4 SYSTEMPATH/CodeIgniter.php(898): App\Controllers\Api\Notifikasi->get()
 5 SYSTEMPATH/CodeIgniter.php(457): CodeIgniter\CodeIgniter->runController()
 6 SYSTEMPATH/CodeIgniter.php(340): CodeIgniter\CodeIgniter->handleRequest()
 7 FCPATH/index.php(67): CodeIgniter\CodeIgniter->run()
ERROR - 2024-01-01 16:24:35 --> Error connecting to the database: mysqli_sql_exception: Too many connections in /home/dnzwygdo/djuragancom/vendor/codeigniter4/framework/system/Database/MySQLi/Connection.php:171
Stack trace:
#0 /home/dnzwygdo/djuragancom/vendor/codeigniter4/framework/system/Database/MySQLi/Connection.php(171): mysqli->real_connect()
#1 /home/dnzwygdo/djuragancom/vendor/codeigniter4/framework/system/Database/BaseConnection.php(382): CodeIgniter\Database\MySQLi\Connection->connect()
#2 /home/dnzwygdo/djuragancom/vendor/codeigniter4/framework/system/Database/BaseConnection.php(588): CodeIgniter\Database\BaseConnection->initialize()
#3 /home/dnzwygdo/djuragancom/vendor/codeigniter4/framework/system/Database/BaseBuilder.php(1669): CodeIgniter\Database\BaseConnection->query()
#4 /home/dnzwygdo/djuragancom/app/Controllers/Api/Notifikasi.php(37): CodeIgniter\Database\BaseBuilder->countAllResults()
#5 /home/dnzwygdo/djuragancom/vendor/codeigniter4/framework/system/CodeIgniter.php(898): App\Controllers\Api\Notifikasi->get()
#6 /home/dnzwygdo/djuragancom/vendor/codeigniter4/framework/system/CodeIgniter.php(457): CodeIgniter\CodeIgniter->runController()
#7 /home/dnzwygdo/djuragancom/vendor/codeigniter4/framework/system/CodeIgniter.php(340): CodeIgniter\CodeIgniter->handleRequest()
#8 /home/dnzwygdo/public_html/index.php(67): CodeIgniter\CodeIgniter->run()
#9 {main}

Next CodeIgniter\Database\Exceptions\DatabaseException: Too many connections in /home/dnzwygdo/djuragancom/vendor/codeigniter4/framework/system/Database/MySQLi/Connection.php:215
Stack trace:
#0 /home/dnzwygdo/djuragancom/vendor/codeigniter4/framework/system/Database/BaseConnection.php(382): CodeIgniter\Database\MySQLi\Connection->connect()
#1 /home/dnzwygdo/djuragancom/vendor/codeigniter4/framework/system/Database/BaseConnection.php(588): CodeIgniter\Database\BaseConnection->initialize()
#2 /home/dnzwygdo/djuragancom/vendor/codeigniter4/framework/system/Database/BaseBuilder.php(1669): CodeIgniter\Database\BaseConnection->query()
#3 /home/dnzwygdo/djuragancom/app/Controllers/Api/Notifikasi.php(37): CodeIgniter\Database\BaseBuilder->countAllResults()
#4 /home/dnzwygdo/djuragancom/vendor/codeigniter4/framework/system/CodeIgniter.php(898): App\Controllers\Api\Notifikasi->get()
#5 /home/dnzwygdo/djuragancom/vendor/codeigniter4/framework/system/CodeIgniter.php(457): CodeIgniter\CodeIgniter->runController()
#6 /home/dnzwygdo/djuragancom/vendor/codeigniter4/framework/system/CodeIgniter.php(340): CodeIgniter\CodeIgniter->handleRequest()
#7 /home/dnzwygdo/public_html/index.php(67): CodeIgniter\CodeIgniter->run()
#8 {main}
CRITICAL - 2024-01-01 16:24:35 --> Unable to connect to the database.
Main connection [MySQLi]: Too many connections
in SYSTEMPATH/Database/BaseConnection.php on line 418.
 1 SYSTEMPATH/Database/BaseConnection.php(588): CodeIgniter\Database\BaseConnection->initialize()
 2 SYSTEMPATH/Database/BaseBuilder.php(1669): CodeIgniter\Database\BaseConnection->query()
 3 APPPATH/Controllers/Api/Notifikasi.php(37): CodeIgniter\Database\BaseBuilder->countAllResults()
 4 SYSTEMPATH/CodeIgniter.php(898): App\Controllers\Api\Notifikasi->get()
 5 SYSTEMPATH/CodeIgniter.php(457): CodeIgniter\CodeIgniter->runController()
 6 SYSTEMPATH/CodeIgniter.php(340): CodeIgniter\CodeIgniter->handleRequest()
 7 FCPATH/index.php(67): CodeIgniter\CodeIgniter->run()
ERROR - 2024-01-01 16:24:49 --> Error connecting to the database: mysqli_sql_exception: Too many connections in /home/dnzwygdo/djuragancom/vendor/codeigniter4/framework/system/Database/MySQLi/Connection.php:171
Stack trace:
#0 /home/dnzwygdo/djuragancom/vendor/codeigniter4/framework/system/Database/MySQLi/Connection.php(171): mysqli->real_connect()
#1 /home/dnzwygdo/djuragancom/vendor/codeigniter4/framework/system/Database/BaseConnection.php(382): CodeIgniter\Database\MySQLi\Connection->connect()
#2 /home/dnzwygdo/djuragancom/vendor/codeigniter4/framework/system/Database/BaseConnection.php(588): CodeIgniter\Database\BaseConnection->initialize()
#3 /home/dnzwygdo/djuragancom/vendor/codeigniter4/framework/system/Database/BaseBuilder.php(1669): CodeIgniter\Database\BaseConnection->query()
#4 /home/dnzwygdo/djuragancom/app/Controllers/Api/Notifikasi.php(37): CodeIgniter\Database\BaseBuilder->countAllResults()
#5 /home/dnzwygdo/djuragancom/vendor/codeigniter4/framework/system/CodeIgniter.php(898): App\Controllers\Api\Notifikasi->get()
#6 /home/dnzwygdo/djuragancom/vendor/codeigniter4/framework/system/CodeIgniter.php(457): CodeIgniter\CodeIgniter->runController()
#7 /home/dnzwygdo/djuragancom/vendor/codeigniter4/framework/system/CodeIgniter.php(340): CodeIgniter\CodeIgniter->handleRequest()
#8 /home/dnzwygdo/public_html/index.php(67): CodeIgniter\CodeIgniter->run()
#9 {main}

Next CodeIgniter\Database\Exceptions\DatabaseException: Too many connections in /home/dnzwygdo/djuragancom/vendor/codeigniter4/framework/system/Database/MySQLi/Connection.php:215
Stack trace:
#0 /home/dnzwygdo/djuragancom/vendor/codeigniter4/framework/system/Database/BaseConnection.php(382): CodeIgniter\Database\MySQLi\Connection->connect()
#1 /home/dnzwygdo/djuragancom/vendor/codeigniter4/framework/system/Database/BaseConnection.php(588): CodeIgniter\Database\BaseConnection->initialize()
#2 /home/dnzwygdo/djuragancom/vendor/codeigniter4/framework/system/Database/BaseBuilder.php(1669): CodeIgniter\Database\BaseConnection->query()
#3 /home/dnzwygdo/djuragancom/app/Controllers/Api/Notifikasi.php(37): CodeIgniter\Database\BaseBuilder->countAllResults()
#4 /home/dnzwygdo/djuragancom/vendor/codeigniter4/framework/system/CodeIgniter.php(898): App\Controllers\Api\Notifikasi->get()
#5 /home/dnzwygdo/djuragancom/vendor/codeigniter4/framework/system/CodeIgniter.php(457): CodeIgniter\CodeIgniter->runController()
#6 /home/dnzwygdo/djuragancom/vendor/codeigniter4/framework/system/CodeIgniter.php(340): CodeIgniter\CodeIgniter->handleRequest()
#7 /home/dnzwygdo/public_html/index.php(67): CodeIgniter\CodeIgniter->run()
#8 {main}
CRITICAL - 2024-01-01 16:24:49 --> Unable to connect to the database.
Main connection [MySQLi]: Too many connections
in SYSTEMPATH/Database/BaseConnection.php on line 418.
 1 SYSTEMPATH/Database/BaseConnection.php(588): CodeIgniter\Database\BaseConnection->initialize()
 2 SYSTEMPATH/Database/BaseBuilder.php(1669): CodeIgniter\Database\BaseConnection->query()
 3 APPPATH/Controllers/Api/Notifikasi.php(37): CodeIgniter\Database\BaseBuilder->countAllResults()
 4 SYSTEMPATH/CodeIgniter.php(898): App\Controllers\Api\Notifikasi->get()
 5 SYSTEMPATH/CodeIgniter.php(457): CodeIgniter\CodeIgniter->runController()
 6 SYSTEMPATH/CodeIgniter.php(340): CodeIgniter\CodeIgniter->handleRequest()
 7 FCPATH/index.php(67): CodeIgniter\CodeIgniter->run()
ERROR - 2024-01-01 16:24:49 --> Error connecting to the database: mysqli_sql_exception: Too many connections in /home/dnzwygdo/djuragancom/vendor/codeigniter4/framework/system/Database/MySQLi/Connection.php:171
Stack trace:
#0 /home/dnzwygdo/djuragancom/vendor/codeigniter4/framework/system/Database/MySQLi/Connection.php(171): mysqli->real_connect()
#1 /home/dnzwygdo/djuragancom/vendor/codeigniter4/framework/system/Database/BaseConnection.php(382): CodeIgniter\Database\MySQLi\Connection->connect()
#2 /home/dnzwygdo/djuragancom/vendor/codeigniter4/framework/system/Database/BaseConnection.php(588): CodeIgniter\Database\BaseConnection->initialize()
#3 /home/dnzwygdo/djuragancom/vendor/codeigniter4/framework/system/Database/BaseBuilder.php(1669): CodeIgniter\Database\BaseConnection->query()
#4 /home/dnzwygdo/djuragancom/app/Controllers/Api/Notifikasi.php(37): CodeIgniter\Database\BaseBuilder->countAllResults()
#5 /home/dnzwygdo/djuragancom/vendor/codeigniter4/framework/system/CodeIgniter.php(898): App\Controllers\Api\Notifikasi->get()
#6 /home/dnzwygdo/djuragancom/vendor/codeigniter4/framework/system/CodeIgniter.php(457): CodeIgniter\CodeIgniter->runController()
#7 /home/dnzwygdo/djuragancom/vendor/codeigniter4/framework/system/CodeIgniter.php(340): CodeIgniter\CodeIgniter->handleRequest()
#8 /home/dnzwygdo/public_html/index.php(67): CodeIgniter\CodeIgniter->run()
#9 {main}

Next CodeIgniter\Database\Exceptions\DatabaseException: Too many connections in /home/dnzwygdo/djuragancom/vendor/codeigniter4/framework/system/Database/MySQLi/Connection.php:215
Stack trace:
#0 /home/dnzwygdo/djuragancom/vendor/codeigniter4/framework/system/Database/BaseConnection.php(382): CodeIgniter\Database\MySQLi\Connection->connect()
#1 /home/dnzwygdo/djuragancom/vendor/codeigniter4/framework/system/Database/BaseConnection.php(588): CodeIgniter\Database\BaseConnection->initialize()
#2 /home/dnzwygdo/djuragancom/vendor/codeigniter4/framework/system/Database/BaseBuilder.php(1669): CodeIgniter\Database\BaseConnection->query()
#3 /home/dnzwygdo/djuragancom/app/Controllers/Api/Notifikasi.php(37): CodeIgniter\Database\BaseBuilder->countAllResults()
#4 /home/dnzwygdo/djuragancom/vendor/codeigniter4/framework/system/CodeIgniter.php(898): App\Controllers\Api\Notifikasi->get()
#5 /home/dnzwygdo/djuragancom/vendor/codeigniter4/framework/system/CodeIgniter.php(457): CodeIgniter\CodeIgniter->runController()
#6 /home/dnzwygdo/djuragancom/vendor/codeigniter4/framework/system/CodeIgniter.php(340): CodeIgniter\CodeIgniter->handleRequest()
#7 /home/dnzwygdo/public_html/index.php(67): CodeIgniter\CodeIgniter->run()
#8 {main}
CRITICAL - 2024-01-01 16:24:49 --> Unable to connect to the database.
Main connection [MySQLi]: Too many connections
in SYSTEMPATH/Database/BaseConnection.php on line 418.
 1 SYSTEMPATH/Database/BaseConnection.php(588): CodeIgniter\Database\BaseConnection->initialize()
 2 SYSTEMPATH/Database/BaseBuilder.php(1669): CodeIgniter\Database\BaseConnection->query()
 3 APPPATH/Controllers/Api/Notifikasi.php(37): CodeIgniter\Database\BaseBuilder->countAllResults()
 4 SYSTEMPATH/CodeIgniter.php(898): App\Controllers\Api\Notifikasi->get()
 5 SYSTEMPATH/CodeIgniter.php(457): CodeIgniter\CodeIgniter->runController()
 6 SYSTEMPATH/CodeIgniter.php(340): CodeIgniter\CodeIgniter->handleRequest()
 7 FCPATH/index.php(67): CodeIgniter\CodeIgniter->run()
ERROR - 2024-01-01 16:24:55 --> Error connecting to the database: mysqli_sql_exception: Too many connections in /home/dnzwygdo/djuragancom/vendor/codeigniter4/framework/system/Database/MySQLi/Connection.php:171
Stack trace:
#0 /home/dnzwygdo/djuragancom/vendor/codeigniter4/framework/system/Database/MySQLi/Connection.php(171): mysqli->real_connect()
#1 /home/dnzwygdo/djuragancom/vendor/codeigniter4/framework/system/Database/BaseConnection.php(382): CodeIgniter\Database\MySQLi\Connection->connect()
#2 /home/dnzwygdo/djuragancom/vendor/codeigniter4/framework/system/Database/BaseConnection.php(588): CodeIgniter\Database\BaseConnection->initialize()
#3 /home/dnzwygdo/djuragancom/vendor/codeigniter4/framework/system/Database/BaseBuilder.php(1669): CodeIgniter\Database\BaseConnection->query()
#4 /home/dnzwygdo/djuragancom/app/Controllers/Api/Notifikasi.php(37): CodeIgniter\Database\BaseBuilder->countAllResults()
#5 /home/dnzwygdo/djuragancom/vendor/codeigniter4/framework/system/CodeIgniter.php(898): App\Controllers\Api\Notifikasi->get()
#6 /home/dnzwygdo/djuragancom/vendor/codeigniter4/framework/system/CodeIgniter.php(457): CodeIgniter\CodeIgniter->runController()
#7 /home/dnzwygdo/djuragancom/vendor/codeigniter4/framework/system/CodeIgniter.php(340): CodeIgniter\CodeIgniter->handleRequest()
#8 /home/dnzwygdo/public_html/index.php(67): CodeIgniter\CodeIgniter->run()
#9 {main}

Next CodeIgniter\Database\Exceptions\DatabaseException: Too many connections in /home/dnzwygdo/djuragancom/vendor/codeigniter4/framework/system/Database/MySQLi/Connection.php:215
Stack trace:
#0 /home/dnzwygdo/djuragancom/vendor/codeigniter4/framework/system/Database/BaseConnection.php(382): CodeIgniter\Database\MySQLi\Connection->connect()
#1 /home/dnzwygdo/djuragancom/vendor/codeigniter4/framework/system/Database/BaseConnection.php(588): CodeIgniter\Database\BaseConnection->initialize()
#2 /home/dnzwygdo/djuragancom/vendor/codeigniter4/framework/system/Database/BaseBuilder.php(1669): CodeIgniter\Database\BaseConnection->query()
#3 /home/dnzwygdo/djuragancom/app/Controllers/Api/Notifikasi.php(37): CodeIgniter\Database\BaseBuilder->countAllResults()
#4 /home/dnzwygdo/djuragancom/vendor/codeigniter4/framework/system/CodeIgniter.php(898): App\Controllers\Api\Notifikasi->get()
#5 /home/dnzwygdo/djuragancom/vendor/codeigniter4/framework/system/CodeIgniter.php(457): CodeIgniter\CodeIgniter->runController()
#6 /home/dnzwygdo/djuragancom/vendor/codeigniter4/framework/system/CodeIgniter.php(340): CodeIgniter\CodeIgniter->handleRequest()
#7 /home/dnzwygdo/public_html/index.php(67): CodeIgniter\CodeIgniter->run()
#8 {main}
CRITICAL - 2024-01-01 16:24:55 --> Unable to connect to the database.
Main connection [MySQLi]: Too many connections
in SYSTEMPATH/Database/BaseConnection.php on line 418.
 1 SYSTEMPATH/Database/BaseConnection.php(588): CodeIgniter\Database\BaseConnection->initialize()
 2 SYSTEMPATH/Database/BaseBuilder.php(1669): CodeIgniter\Database\BaseConnection->query()
 3 APPPATH/Controllers/Api/Notifikasi.php(37): CodeIgniter\Database\BaseBuilder->countAllResults()
 4 SYSTEMPATH/CodeIgniter.php(898): App\Controllers\Api\Notifikasi->get()
 5 SYSTEMPATH/CodeIgniter.php(457): CodeIgniter\CodeIgniter->runController()
 6 SYSTEMPATH/CodeIgniter.php(340): CodeIgniter\CodeIgniter->handleRequest()
 7 FCPATH/index.php(67): CodeIgniter\CodeIgniter->run()
ERROR - 2024-01-01 16:25:31 --> Error connecting to the database: mysqli_sql_exception: Too many connections in /home/dnzwygdo/djuragancom/vendor/codeigniter4/framework/system/Database/MySQLi/Connection.php:171
Stack trace:
#0 /home/dnzwygdo/djuragancom/vendor/codeigniter4/framework/system/Database/MySQLi/Connection.php(171): mysqli->real_connect()
#1 /home/dnzwygdo/djuragancom/vendor/codeigniter4/framework/system/Database/BaseConnection.php(382): CodeIgniter\Database\MySQLi\Connection->connect()
#2 /home/dnzwygdo/djuragancom/vendor/codeigniter4/framework/system/Database/BaseConnection.php(588): CodeIgniter\Database\BaseConnection->initialize()
#3 /home/dnzwygdo/djuragancom/vendor/codeigniter4/framework/system/Database/BaseBuilder.php(1669): CodeIgniter\Database\BaseConnection->query()
#4 /home/dnzwygdo/djuragancom/app/Controllers/Api/Notifikasi.php(37): CodeIgniter\Database\BaseBuilder->countAllResults()
#5 /home/dnzwygdo/djuragancom/vendor/codeigniter4/framework/system/CodeIgniter.php(898): App\Controllers\Api\Notifikasi->get()
#6 /home/dnzwygdo/djuragancom/vendor/codeigniter4/framework/system/CodeIgniter.php(457): CodeIgniter\CodeIgniter->runController()
#7 /home/dnzwygdo/djuragancom/vendor/codeigniter4/framework/system/CodeIgniter.php(340): CodeIgniter\CodeIgniter->handleRequest()
#8 /home/dnzwygdo/public_html/index.php(67): CodeIgniter\CodeIgniter->run()
#9 {main}

Next CodeIgniter\Database\Exceptions\DatabaseException: Too many connections in /home/dnzwygdo/djuragancom/vendor/codeigniter4/framework/system/Database/MySQLi/Connection.php:215
Stack trace:
#0 /home/dnzwygdo/djuragancom/vendor/codeigniter4/framework/system/Database/BaseConnection.php(382): CodeIgniter\Database\MySQLi\Connection->connect()
#1 /home/dnzwygdo/djuragancom/vendor/codeigniter4/framework/system/Database/BaseConnection.php(588): CodeIgniter\Database\BaseConnection->initialize()
#2 /home/dnzwygdo/djuragancom/vendor/codeigniter4/framework/system/Database/BaseBuilder.php(1669): CodeIgniter\Database\BaseConnection->query()
#3 /home/dnzwygdo/djuragancom/app/Controllers/Api/Notifikasi.php(37): CodeIgniter\Database\BaseBuilder->countAllResults()
#4 /home/dnzwygdo/djuragancom/vendor/codeigniter4/framework/system/CodeIgniter.php(898): App\Controllers\Api\Notifikasi->get()
#5 /home/dnzwygdo/djuragancom/vendor/codeigniter4/framework/system/CodeIgniter.php(457): CodeIgniter\CodeIgniter->runController()
#6 /home/dnzwygdo/djuragancom/vendor/codeigniter4/framework/system/CodeIgniter.php(340): CodeIgniter\CodeIgniter->handleRequest()
#7 /home/dnzwygdo/public_html/index.php(67): CodeIgniter\CodeIgniter->run()
#8 {main}
CRITICAL - 2024-01-01 16:25:31 --> Unable to connect to the database.
Main connection [MySQLi]: Too many connections
in SYSTEMPATH/Database/BaseConnection.php on line 418.
 1 SYSTEMPATH/Database/BaseConnection.php(588): CodeIgniter\Database\BaseConnection->initialize()
 2 SYSTEMPATH/Database/BaseBuilder.php(1669): CodeIgniter\Database\BaseConnection->query()
 3 APPPATH/Controllers/Api/Notifikasi.php(37): CodeIgniter\Database\BaseBuilder->countAllResults()
 4 SYSTEMPATH/CodeIgniter.php(898): App\Controllers\Api\Notifikasi->get()
 5 SYSTEMPATH/CodeIgniter.php(457): CodeIgniter\CodeIgniter->runController()
 6 SYSTEMPATH/CodeIgniter.php(340): CodeIgniter\CodeIgniter->handleRequest()
 7 FCPATH/index.php(67): CodeIgniter\CodeIgniter->run()
ERROR - 2024-01-01 16:25:39 --> Error connecting to the database: mysqli_sql_exception: Too many connections in /home/dnzwygdo/djuragancom/vendor/codeigniter4/framework/system/Database/MySQLi/Connection.php:171
Stack trace:
#0 /home/dnzwygdo/djuragancom/vendor/codeigniter4/framework/system/Database/MySQLi/Connection.php(171): mysqli->real_connect()
#1 /home/dnzwygdo/djuragancom/vendor/codeigniter4/framework/system/Database/BaseConnection.php(382): CodeIgniter\Database\MySQLi\Connection->connect()
#2 /home/dnzwygdo/djuragancom/vendor/codeigniter4/framework/system/Database/BaseConnection.php(588): CodeIgniter\Database\BaseConnection->initialize()
#3 /home/dnzwygdo/djuragancom/vendor/codeigniter4/framework/system/Database/BaseBuilder.php(1669): CodeIgniter\Database\BaseConnection->query()
#4 /home/dnzwygdo/djuragancom/app/Controllers/Api/Notifikasi.php(37): CodeIgniter\Database\BaseBuilder->countAllResults()
#5 /home/dnzwygdo/djuragancom/vendor/codeigniter4/framework/system/CodeIgniter.php(898): App\Controllers\Api\Notifikasi->get()
#6 /home/dnzwygdo/djuragancom/vendor/codeigniter4/framework/system/CodeIgniter.php(457): CodeIgniter\CodeIgniter->runController()
#7 /home/dnzwygdo/djuragancom/vendor/codeigniter4/framework/system/CodeIgniter.php(340): CodeIgniter\CodeIgniter->handleRequest()
#8 /home/dnzwygdo/public_html/index.php(67): CodeIgniter\CodeIgniter->run()
#9 {main}

Next CodeIgniter\Database\Exceptions\DatabaseException: Too many connections in /home/dnzwygdo/djuragancom/vendor/codeigniter4/framework/system/Database/MySQLi/Connection.php:215
Stack trace:
#0 /home/dnzwygdo/djuragancom/vendor/codeigniter4/framework/system/Database/BaseConnection.php(382): CodeIgniter\Database\MySQLi\Connection->connect()
#1 /home/dnzwygdo/djuragancom/vendor/codeigniter4/framework/system/Database/BaseConnection.php(588): CodeIgniter\Database\BaseConnection->initialize()
#2 /home/dnzwygdo/djuragancom/vendor/codeigniter4/framework/system/Database/BaseBuilder.php(1669): CodeIgniter\Database\BaseConnection->query()
#3 /home/dnzwygdo/djuragancom/app/Controllers/Api/Notifikasi.php(37): CodeIgniter\Database\BaseBuilder->countAllResults()
#4 /home/dnzwygdo/djuragancom/vendor/codeigniter4/framework/system/CodeIgniter.php(898): App\Controllers\Api\Notifikasi->get()
#5 /home/dnzwygdo/djuragancom/vendor/codeigniter4/framework/system/CodeIgniter.php(457): CodeIgniter\CodeIgniter->runController()
#6 /home/dnzwygdo/djuragancom/vendor/codeigniter4/framework/system/CodeIgniter.php(340): CodeIgniter\CodeIgniter->handleRequest()
#7 /home/dnzwygdo/public_html/index.php(67): CodeIgniter\CodeIgniter->run()
#8 {main}
CRITICAL - 2024-01-01 16:25:39 --> Unable to connect to the database.
Main connection [MySQLi]: Too many connections
in SYSTEMPATH/Database/BaseConnection.php on line 418.
 1 SYSTEMPATH/Database/BaseConnection.php(588): CodeIgniter\Database\BaseConnection->initialize()
 2 SYSTEMPATH/Database/BaseBuilder.php(1669): CodeIgniter\Database\BaseConnection->query()
 3 APPPATH/Controllers/Api/Notifikasi.php(37): CodeIgniter\Database\BaseBuilder->countAllResults()
 4 SYSTEMPATH/CodeIgniter.php(898): App\Controllers\Api\Notifikasi->get()
 5 SYSTEMPATH/CodeIgniter.php(457): CodeIgniter\CodeIgniter->runController()
 6 SYSTEMPATH/CodeIgniter.php(340): CodeIgniter\CodeIgniter->handleRequest()
 7 FCPATH/index.php(67): CodeIgniter\CodeIgniter->run()
ERROR - 2024-01-01 16:25:40 --> Error connecting to the database: mysqli_sql_exception: Too many connections in /home/dnzwygdo/djuragancom/vendor/codeigniter4/framework/system/Database/MySQLi/Connection.php:171
Stack trace:
#0 /home/dnzwygdo/djuragancom/vendor/codeigniter4/framework/system/Database/MySQLi/Connection.php(171): mysqli->real_connect()
#1 /home/dnzwygdo/djuragancom/vendor/codeigniter4/framework/system/Database/BaseConnection.php(382): CodeIgniter\Database\MySQLi\Connection->connect()
#2 /home/dnzwygdo/djuragancom/vendor/codeigniter4/framework/system/Database/BaseConnection.php(588): CodeIgniter\Database\BaseConnection->initialize()
#3 /home/dnzwygdo/djuragancom/vendor/codeigniter4/framework/system/Database/BaseBuilder.php(1669): CodeIgniter\Database\BaseConnection->query()
#4 /home/dnzwygdo/djuragancom/app/Controllers/Api/Notifikasi.php(37): CodeIgniter\Database\BaseBuilder->countAllResults()
#5 /home/dnzwygdo/djuragancom/vendor/codeigniter4/framework/system/CodeIgniter.php(898): App\Controllers\Api\Notifikasi->get()
#6 /home/dnzwygdo/djuragancom/vendor/codeigniter4/framework/system/CodeIgniter.php(457): CodeIgniter\CodeIgniter->runController()
#7 /home/dnzwygdo/djuragancom/vendor/codeigniter4/framework/system/CodeIgniter.php(340): CodeIgniter\CodeIgniter->handleRequest()
#8 /home/dnzwygdo/public_html/index.php(67): CodeIgniter\CodeIgniter->run()
#9 {main}

Next CodeIgniter\Database\Exceptions\DatabaseException: Too many connections in /home/dnzwygdo/djuragancom/vendor/codeigniter4/framework/system/Database/MySQLi/Connection.php:215
Stack trace:
#0 /home/dnzwygdo/djuragancom/vendor/codeigniter4/framework/system/Database/BaseConnection.php(382): CodeIgniter\Database\MySQLi\Connection->connect()
#1 /home/dnzwygdo/djuragancom/vendor/codeigniter4/framework/system/Database/BaseConnection.php(588): CodeIgniter\Database\BaseConnection->initialize()
#2 /home/dnzwygdo/djuragancom/vendor/codeigniter4/framework/system/Database/BaseBuilder.php(1669): CodeIgniter\Database\BaseConnection->query()
#3 /home/dnzwygdo/djuragancom/app/Controllers/Api/Notifikasi.php(37): CodeIgniter\Database\BaseBuilder->countAllResults()
#4 /home/dnzwygdo/djuragancom/vendor/codeigniter4/framework/system/CodeIgniter.php(898): App\Controllers\Api\Notifikasi->get()
#5 /home/dnzwygdo/djuragancom/vendor/codeigniter4/framework/system/CodeIgniter.php(457): CodeIgniter\CodeIgniter->runController()
#6 /home/dnzwygdo/djuragancom/vendor/codeigniter4/framework/system/CodeIgniter.php(340): CodeIgniter\CodeIgniter->handleRequest()
#7 /home/dnzwygdo/public_html/index.php(67): CodeIgniter\CodeIgniter->run()
#8 {main}
CRITICAL - 2024-01-01 16:25:40 --> Unable to connect to the database.
Main connection [MySQLi]: Too many connections
in SYSTEMPATH/Database/BaseConnection.php on line 418.
 1 SYSTEMPATH/Database/BaseConnection.php(588): CodeIgniter\Database\BaseConnection->initialize()
 2 SYSTEMPATH/Database/BaseBuilder.php(1669): CodeIgniter\Database\BaseConnection->query()
 3 APPPATH/Controllers/Api/Notifikasi.php(37): CodeIgniter\Database\BaseBuilder->countAllResults()
 4 SYSTEMPATH/CodeIgniter.php(898): App\Controllers\Api\Notifikasi->get()
 5 SYSTEMPATH/CodeIgniter.php(457): CodeIgniter\CodeIgniter->runController()
 6 SYSTEMPATH/CodeIgniter.php(340): CodeIgniter\CodeIgniter->handleRequest()
 7 FCPATH/index.php(67): CodeIgniter\CodeIgniter->run()
ERROR - 2024-01-01 16:25:45 --> Error connecting to the database: mysqli_sql_exception: Too many connections in /home/dnzwygdo/djuragancom/vendor/codeigniter4/framework/system/Database/MySQLi/Connection.php:171
Stack trace:
#0 /home/dnzwygdo/djuragancom/vendor/codeigniter4/framework/system/Database/MySQLi/Connection.php(171): mysqli->real_connect()
#1 /home/dnzwygdo/djuragancom/vendor/codeigniter4/framework/system/Database/BaseConnection.php(382): CodeIgniter\Database\MySQLi\Connection->connect()
#2 /home/dnzwygdo/djuragancom/vendor/codeigniter4/framework/system/Database/BaseConnection.php(588): CodeIgniter\Database\BaseConnection->initialize()
#3 /home/dnzwygdo/djuragancom/vendor/codeigniter4/framework/system/Database/BaseBuilder.php(1669): CodeIgniter\Database\BaseConnection->query()
#4 /home/dnzwygdo/djuragancom/app/Controllers/Api/Notifikasi.php(37): CodeIgniter\Database\BaseBuilder->countAllResults()
#5 /home/dnzwygdo/djuragancom/vendor/codeigniter4/framework/system/CodeIgniter.php(898): App\Controllers\Api\Notifikasi->get()
#6 /home/dnzwygdo/djuragancom/vendor/codeigniter4/framework/system/CodeIgniter.php(457): CodeIgniter\CodeIgniter->runController()
#7 /home/dnzwygdo/djuragancom/vendor/codeigniter4/framework/system/CodeIgniter.php(340): CodeIgniter\CodeIgniter->handleRequest()
#8 /home/dnzwygdo/public_html/index.php(67): CodeIgniter\CodeIgniter->run()
#9 {main}

Next CodeIgniter\Database\Exceptions\DatabaseException: Too many connections in /home/dnzwygdo/djuragancom/vendor/codeigniter4/framework/system/Database/MySQLi/Connection.php:215
Stack trace:
#0 /home/dnzwygdo/djuragancom/vendor/codeigniter4/framework/system/Database/BaseConnection.php(382): CodeIgniter\Database\MySQLi\Connection->connect()
#1 /home/dnzwygdo/djuragancom/vendor/codeigniter4/framework/system/Database/BaseConnection.php(588): CodeIgniter\Database\BaseConnection->initialize()
#2 /home/dnzwygdo/djuragancom/vendor/codeigniter4/framework/system/Database/BaseBuilder.php(1669): CodeIgniter\Database\BaseConnection->query()
#3 /home/dnzwygdo/djuragancom/app/Controllers/Api/Notifikasi.php(37): CodeIgniter\Database\BaseBuilder->countAllResults()
#4 /home/dnzwygdo/djuragancom/vendor/codeigniter4/framework/system/CodeIgniter.php(898): App\Controllers\Api\Notifikasi->get()
#5 /home/dnzwygdo/djuragancom/vendor/codeigniter4/framework/system/CodeIgniter.php(457): CodeIgniter\CodeIgniter->runController()
#6 /home/dnzwygdo/djuragancom/vendor/codeigniter4/framework/system/CodeIgniter.php(340): CodeIgniter\CodeIgniter->handleRequest()
#7 /home/dnzwygdo/public_html/index.php(67): CodeIgniter\CodeIgniter->run()
#8 {main}
CRITICAL - 2024-01-01 16:25:45 --> Unable to connect to the database.
Main connection [MySQLi]: Too many connections
in SYSTEMPATH/Database/BaseConnection.php on line 418.
 1 SYSTEMPATH/Database/BaseConnection.php(588): CodeIgniter\Database\BaseConnection->initialize()
 2 SYSTEMPATH/Database/BaseBuilder.php(1669): CodeIgniter\Database\BaseConnection->query()
 3 APPPATH/Controllers/Api/Notifikasi.php(37): CodeIgniter\Database\BaseBuilder->countAllResults()
 4 SYSTEMPATH/CodeIgniter.php(898): App\Controllers\Api\Notifikasi->get()
 5 SYSTEMPATH/CodeIgniter.php(457): CodeIgniter\CodeIgniter->runController()
 6 SYSTEMPATH/CodeIgniter.php(340): CodeIgniter\CodeIgniter->handleRequest()
 7 FCPATH/index.php(67): CodeIgniter\CodeIgniter->run()
ERROR - 2024-01-01 16:25:48 --> Error connecting to the database: mysqli_sql_exception: Too many connections in /home/dnzwygdo/djuragancom/vendor/codeigniter4/framework/system/Database/MySQLi/Connection.php:171
Stack trace:
#0 /home/dnzwygdo/djuragancom/vendor/codeigniter4/framework/system/Database/MySQLi/Connection.php(171): mysqli->real_connect()
#1 /home/dnzwygdo/djuragancom/vendor/codeigniter4/framework/system/Database/BaseConnection.php(382): CodeIgniter\Database\MySQLi\Connection->connect()
#2 /home/dnzwygdo/djuragancom/vendor/codeigniter4/framework/system/Database/BaseConnection.php(588): CodeIgniter\Database\BaseConnection->initialize()
#3 /home/dnzwygdo/djuragancom/vendor/codeigniter4/framework/system/Database/BaseBuilder.php(1669): CodeIgniter\Database\BaseConnection->query()
#4 /home/dnzwygdo/djuragancom/app/Controllers/Api/Notifikasi.php(37): CodeIgniter\Database\BaseBuilder->countAllResults()
#5 /home/dnzwygdo/djuragancom/vendor/codeigniter4/framework/system/CodeIgniter.php(898): App\Controllers\Api\Notifikasi->get()
#6 /home/dnzwygdo/djuragancom/vendor/codeigniter4/framework/system/CodeIgniter.php(457): CodeIgniter\CodeIgniter->runController()
#7 /home/dnzwygdo/djuragancom/vendor/codeigniter4/framework/system/CodeIgniter.php(340): CodeIgniter\CodeIgniter->handleRequest()
#8 /home/dnzwygdo/public_html/index.php(67): CodeIgniter\CodeIgniter->run()
#9 {main}

Next CodeIgniter\Database\Exceptions\DatabaseException: Too many connections in /home/dnzwygdo/djuragancom/vendor/codeigniter4/framework/system/Database/MySQLi/Connection.php:215
Stack trace:
#0 /home/dnzwygdo/djuragancom/vendor/codeigniter4/framework/system/Database/BaseConnection.php(382): CodeIgniter\Database\MySQLi\Connection->connect()
#1 /home/dnzwygdo/djuragancom/vendor/codeigniter4/framework/system/Database/BaseConnection.php(588): CodeIgniter\Database\BaseConnection->initialize()
#2 /home/dnzwygdo/djuragancom/vendor/codeigniter4/framework/system/Database/BaseBuilder.php(1669): CodeIgniter\Database\BaseConnection->query()
#3 /home/dnzwygdo/djuragancom/app/Controllers/Api/Notifikasi.php(37): CodeIgniter\Database\BaseBuilder->countAllResults()
#4 /home/dnzwygdo/djuragancom/vendor/codeigniter4/framework/system/CodeIgniter.php(898): App\Controllers\Api\Notifikasi->get()
#5 /home/dnzwygdo/djuragancom/vendor/codeigniter4/framework/system/CodeIgniter.php(457): CodeIgniter\CodeIgniter->runController()
#6 /home/dnzwygdo/djuragancom/vendor/codeigniter4/framework/system/CodeIgniter.php(340): CodeIgniter\CodeIgniter->handleRequest()
#7 /home/dnzwygdo/public_html/index.php(67): CodeIgniter\CodeIgniter->run()
#8 {main}
CRITICAL - 2024-01-01 16:25:48 --> Unable to connect to the database.
Main connection [MySQLi]: Too many connections
in SYSTEMPATH/Database/BaseConnection.php on line 418.
 1 SYSTEMPATH/Database/BaseConnection.php(588): CodeIgniter\Database\BaseConnection->initialize()
 2 SYSTEMPATH/Database/BaseBuilder.php(1669): CodeIgniter\Database\BaseConnection->query()
 3 APPPATH/Controllers/Api/Notifikasi.php(37): CodeIgniter\Database\BaseBuilder->countAllResults()
 4 SYSTEMPATH/CodeIgniter.php(898): App\Controllers\Api\Notifikasi->get()
 5 SYSTEMPATH/CodeIgniter.php(457): CodeIgniter\CodeIgniter->runController()
 6 SYSTEMPATH/CodeIgniter.php(340): CodeIgniter\CodeIgniter->handleRequest()
 7 FCPATH/index.php(67): CodeIgniter\CodeIgniter->run()
ERROR - 2024-01-01 16:25:58 --> Error connecting to the database: mysqli_sql_exception: Too many connections in /home/dnzwygdo/djuragancom/vendor/codeigniter4/framework/system/Database/MySQLi/Connection.php:171
Stack trace:
#0 /home/dnzwygdo/djuragancom/vendor/codeigniter4/framework/system/Database/MySQLi/Connection.php(171): mysqli->real_connect()
#1 /home/dnzwygdo/djuragancom/vendor/codeigniter4/framework/system/Database/BaseConnection.php(382): CodeIgniter\Database\MySQLi\Connection->connect()
#2 /home/dnzwygdo/djuragancom/vendor/codeigniter4/framework/system/Database/BaseConnection.php(588): CodeIgniter\Database\BaseConnection->initialize()
#3 /home/dnzwygdo/djuragancom/vendor/codeigniter4/framework/system/Database/BaseBuilder.php(1669): CodeIgniter\Database\BaseConnection->query()
#4 /home/dnzwygdo/djuragancom/app/Controllers/Api/Notifikasi.php(37): CodeIgniter\Database\BaseBuilder->countAllResults()
#5 /home/dnzwygdo/djuragancom/vendor/codeigniter4/framework/system/CodeIgniter.php(898): App\Controllers\Api\Notifikasi->get()
#6 /home/dnzwygdo/djuragancom/vendor/codeigniter4/framework/system/CodeIgniter.php(457): CodeIgniter\CodeIgniter->runController()
#7 /home/dnzwygdo/djuragancom/vendor/codeigniter4/framework/system/CodeIgniter.php(340): CodeIgniter\CodeIgniter->handleRequest()
#8 /home/dnzwygdo/public_html/index.php(67): CodeIgniter\CodeIgniter->run()
#9 {main}

Next CodeIgniter\Database\Exceptions\DatabaseException: Too many connections in /home/dnzwygdo/djuragancom/vendor/codeigniter4/framework/system/Database/MySQLi/Connection.php:215
Stack trace:
#0 /home/dnzwygdo/djuragancom/vendor/codeigniter4/framework/system/Database/BaseConnection.php(382): CodeIgniter\Database\MySQLi\Connection->connect()
#1 /home/dnzwygdo/djuragancom/vendor/codeigniter4/framework/system/Database/BaseConnection.php(588): CodeIgniter\Database\BaseConnection->initialize()
#2 /home/dnzwygdo/djuragancom/vendor/codeigniter4/framework/system/Database/BaseBuilder.php(1669): CodeIgniter\Database\BaseConnection->query()
#3 /home/dnzwygdo/djuragancom/app/Controllers/Api/Notifikasi.php(37): CodeIgniter\Database\BaseBuilder->countAllResults()
#4 /home/dnzwygdo/djuragancom/vendor/codeigniter4/framework/system/CodeIgniter.php(898): App\Controllers\Api\Notifikasi->get()
#5 /home/dnzwygdo/djuragancom/vendor/codeigniter4/framework/system/CodeIgniter.php(457): CodeIgniter\CodeIgniter->runController()
#6 /home/dnzwygdo/djuragancom/vendor/codeigniter4/framework/system/CodeIgniter.php(340): CodeIgniter\CodeIgniter->handleRequest()
#7 /home/dnzwygdo/public_html/index.php(67): CodeIgniter\CodeIgniter->run()
#8 {main}
CRITICAL - 2024-01-01 16:25:58 --> Unable to connect to the database.
Main connection [MySQLi]: Too many connections
in SYSTEMPATH/Database/BaseConnection.php on line 418.
 1 SYSTEMPATH/Database/BaseConnection.php(588): CodeIgniter\Database\BaseConnection->initialize()
 2 SYSTEMPATH/Database/BaseBuilder.php(1669): CodeIgniter\Database\BaseConnection->query()
 3 APPPATH/Controllers/Api/Notifikasi.php(37): CodeIgniter\Database\BaseBuilder->countAllResults()
 4 SYSTEMPATH/CodeIgniter.php(898): App\Controllers\Api\Notifikasi->get()
 5 SYSTEMPATH/CodeIgniter.php(457): CodeIgniter\CodeIgniter->runController()
 6 SYSTEMPATH/CodeIgniter.php(340): CodeIgniter\CodeIgniter->handleRequest()
 7 FCPATH/index.php(67): CodeIgniter\CodeIgniter->run()
ERROR - 2024-01-01 16:26:08 --> Error connecting to the database: mysqli_sql_exception: Too many connections in /home/dnzwygdo/djuragancom/vendor/codeigniter4/framework/system/Database/MySQLi/Connection.php:171
Stack trace:
#0 /home/dnzwygdo/djuragancom/vendor/codeigniter4/framework/system/Database/MySQLi/Connection.php(171): mysqli->real_connect()
#1 /home/dnzwygdo/djuragancom/vendor/codeigniter4/framework/system/Database/BaseConnection.php(382): CodeIgniter\Database\MySQLi\Connection->connect()
#2 /home/dnzwygdo/djuragancom/vendor/codeigniter4/framework/system/Database/BaseConnection.php(588): CodeIgniter\Database\BaseConnection->initialize()
#3 /home/dnzwygdo/djuragancom/vendor/codeigniter4/framework/system/Database/BaseBuilder.php(1669): CodeIgniter\Database\BaseConnection->query()
#4 /home/dnzwygdo/djuragancom/app/Controllers/Api/Notifikasi.php(37): CodeIgniter\Database\BaseBuilder->countAllResults()
#5 /home/dnzwygdo/djuragancom/vendor/codeigniter4/framework/system/CodeIgniter.php(898): App\Controllers\Api\Notifikasi->get()
#6 /home/dnzwygdo/djuragancom/vendor/codeigniter4/framework/system/CodeIgniter.php(457): CodeIgniter\CodeIgniter->runController()
#7 /home/dnzwygdo/djuragancom/vendor/codeigniter4/framework/system/CodeIgniter.php(340): CodeIgniter\CodeIgniter->handleRequest()
#8 /home/dnzwygdo/public_html/index.php(67): CodeIgniter\CodeIgniter->run()
#9 {main}

Next CodeIgniter\Database\Exceptions\DatabaseException: Too many connections in /home/dnzwygdo/djuragancom/vendor/codeigniter4/framework/system/Database/MySQLi/Connection.php:215
Stack trace:
#0 /home/dnzwygdo/djuragancom/vendor/codeigniter4/framework/system/Database/BaseConnection.php(382): CodeIgniter\Database\MySQLi\Connection->connect()
#1 /home/dnzwygdo/djuragancom/vendor/codeigniter4/framework/system/Database/BaseConnection.php(588): CodeIgniter\Database\BaseConnection->initialize()
#2 /home/dnzwygdo/djuragancom/vendor/codeigniter4/framework/system/Database/BaseBuilder.php(1669): CodeIgniter\Database\BaseConnection->query()
#3 /home/dnzwygdo/djuragancom/app/Controllers/Api/Notifikasi.php(37): CodeIgniter\Database\BaseBuilder->countAllResults()
#4 /home/dnzwygdo/djuragancom/vendor/codeigniter4/framework/system/CodeIgniter.php(898): App\Controllers\Api\Notifikasi->get()
#5 /home/dnzwygdo/djuragancom/vendor/codeigniter4/framework/system/CodeIgniter.php(457): CodeIgniter\CodeIgniter->runController()
#6 /home/dnzwygdo/djuragancom/vendor/codeigniter4/framework/system/CodeIgniter.php(340): CodeIgniter\CodeIgniter->handleRequest()
#7 /home/dnzwygdo/public_html/index.php(67): CodeIgniter\CodeIgniter->run()
#8 {main}
CRITICAL - 2024-01-01 16:26:08 --> Unable to connect to the database.
Main connection [MySQLi]: Too many connections
in SYSTEMPATH/Database/BaseConnection.php on line 418.
 1 SYSTEMPATH/Database/BaseConnection.php(588): CodeIgniter\Database\BaseConnection->initialize()
 2 SYSTEMPATH/Database/BaseBuilder.php(1669): CodeIgniter\Database\BaseConnection->query()
 3 APPPATH/Controllers/Api/Notifikasi.php(37): CodeIgniter\Database\BaseBuilder->countAllResults()
 4 SYSTEMPATH/CodeIgniter.php(898): App\Controllers\Api\Notifikasi->get()
 5 SYSTEMPATH/CodeIgniter.php(457): CodeIgniter\CodeIgniter->runController()
 6 SYSTEMPATH/CodeIgniter.php(340): CodeIgniter\CodeIgniter->handleRequest()
 7 FCPATH/index.php(67): CodeIgniter\CodeIgniter->run()
ERROR - 2024-01-01 16:26:18 --> Error connecting to the database: mysqli_sql_exception: Too many connections in /home/dnzwygdo/djuragancom/vendor/codeigniter4/framework/system/Database/MySQLi/Connection.php:171
Stack trace:
#0 /home/dnzwygdo/djuragancom/vendor/codeigniter4/framework/system/Database/MySQLi/Connection.php(171): mysqli->real_connect()
#1 /home/dnzwygdo/djuragancom/vendor/codeigniter4/framework/system/Database/BaseConnection.php(382): CodeIgniter\Database\MySQLi\Connection->connect()
#2 /home/dnzwygdo/djuragancom/vendor/codeigniter4/framework/system/Database/BaseConnection.php(588): CodeIgniter\Database\BaseConnection->initialize()
#3 /home/dnzwygdo/djuragancom/vendor/codeigniter4/framework/system/Database/BaseBuilder.php(1669): CodeIgniter\Database\BaseConnection->query()
#4 /home/dnzwygdo/djuragancom/app/Controllers/Api/Notifikasi.php(37): CodeIgniter\Database\BaseBuilder->countAllResults()
#5 /home/dnzwygdo/djuragancom/vendor/codeigniter4/framework/system/CodeIgniter.php(898): App\Controllers\Api\Notifikasi->get()
#6 /home/dnzwygdo/djuragancom/vendor/codeigniter4/framework/system/CodeIgniter.php(457): CodeIgniter\CodeIgniter->runController()
#7 /home/dnzwygdo/djuragancom/vendor/codeigniter4/framework/system/CodeIgniter.php(340): CodeIgniter\CodeIgniter->handleRequest()
#8 /home/dnzwygdo/public_html/index.php(67): CodeIgniter\CodeIgniter->run()
#9 {main}

Next CodeIgniter\Database\Exceptions\DatabaseException: Too many connections in /home/dnzwygdo/djuragancom/vendor/codeigniter4/framework/system/Database/MySQLi/Connection.php:215
Stack trace:
#0 /home/dnzwygdo/djuragancom/vendor/codeigniter4/framework/system/Database/BaseConnection.php(382): CodeIgniter\Database\MySQLi\Connection->connect()
#1 /home/dnzwygdo/djuragancom/vendor/codeigniter4/framework/system/Database/BaseConnection.php(588): CodeIgniter\Database\BaseConnection->initialize()
#2 /home/dnzwygdo/djuragancom/vendor/codeigniter4/framework/system/Database/BaseBuilder.php(1669): CodeIgniter\Database\BaseConnection->query()
#3 /home/dnzwygdo/djuragancom/app/Controllers/Api/Notifikasi.php(37): CodeIgniter\Database\BaseBuilder->countAllResults()
#4 /home/dnzwygdo/djuragancom/vendor/codeigniter4/framework/system/CodeIgniter.php(898): App\Controllers\Api\Notifikasi->get()
#5 /home/dnzwygdo/djuragancom/vendor/codeigniter4/framework/system/CodeIgniter.php(457): CodeIgniter\CodeIgniter->runController()
#6 /home/dnzwygdo/djuragancom/vendor/codeigniter4/framework/system/CodeIgniter.php(340): CodeIgniter\CodeIgniter->handleRequest()
#7 /home/dnzwygdo/public_html/index.php(67): CodeIgniter\CodeIgniter->run()
#8 {main}
CRITICAL - 2024-01-01 16:26:18 --> Unable to connect to the database.
Main connection [MySQLi]: Too many connections
in SYSTEMPATH/Database/BaseConnection.php on line 418.
 1 SYSTEMPATH/Database/BaseConnection.php(588): CodeIgniter\Database\BaseConnection->initialize()
 2 SYSTEMPATH/Database/BaseBuilder.php(1669): CodeIgniter\Database\BaseConnection->query()
 3 APPPATH/Controllers/Api/Notifikasi.php(37): CodeIgniter\Database\BaseBuilder->countAllResults()
 4 SYSTEMPATH/CodeIgniter.php(898): App\Controllers\Api\Notifikasi->get()
 5 SYSTEMPATH/CodeIgniter.php(457): CodeIgniter\CodeIgniter->runController()
 6 SYSTEMPATH/CodeIgniter.php(340): CodeIgniter\CodeIgniter->handleRequest()
 7 FCPATH/index.php(67): CodeIgniter\CodeIgniter->run()
ERROR - 2024-01-01 16:26:30 --> Error connecting to the database: mysqli_sql_exception: Too many connections in /home/dnzwygdo/djuragancom/vendor/codeigniter4/framework/system/Database/MySQLi/Connection.php:171
Stack trace:
#0 /home/dnzwygdo/djuragancom/vendor/codeigniter4/framework/system/Database/MySQLi/Connection.php(171): mysqli->real_connect()
#1 /home/dnzwygdo/djuragancom/vendor/codeigniter4/framework/system/Database/BaseConnection.php(382): CodeIgniter\Database\MySQLi\Connection->connect()
#2 /home/dnzwygdo/djuragancom/vendor/codeigniter4/framework/system/Database/BaseConnection.php(588): CodeIgniter\Database\BaseConnection->initialize()
#3 /home/dnzwygdo/djuragancom/vendor/codeigniter4/framework/system/Database/BaseBuilder.php(1669): CodeIgniter\Database\BaseConnection->query()
#4 /home/dnzwygdo/djuragancom/app/Controllers/Api/Notifikasi.php(37): CodeIgniter\Database\BaseBuilder->countAllResults()
#5 /home/dnzwygdo/djuragancom/vendor/codeigniter4/framework/system/CodeIgniter.php(898): App\Controllers\Api\Notifikasi->get()
#6 /home/dnzwygdo/djuragancom/vendor/codeigniter4/framework/system/CodeIgniter.php(457): CodeIgniter\CodeIgniter->runController()
#7 /home/dnzwygdo/djuragancom/vendor/codeigniter4/framework/system/CodeIgniter.php(340): CodeIgniter\CodeIgniter->handleRequest()
#8 /home/dnzwygdo/public_html/index.php(67): CodeIgniter\CodeIgniter->run()
#9 {main}

Next CodeIgniter\Database\Exceptions\DatabaseException: Too many connections in /home/dnzwygdo/djuragancom/vendor/codeigniter4/framework/system/Database/MySQLi/Connection.php:215
Stack trace:
#0 /home/dnzwygdo/djuragancom/vendor/codeigniter4/framework/system/Database/BaseConnection.php(382): CodeIgniter\Database\MySQLi\Connection->connect()
#1 /home/dnzwygdo/djuragancom/vendor/codeigniter4/framework/system/Database/BaseConnection.php(588): CodeIgniter\Database\BaseConnection->initialize()
#2 /home/dnzwygdo/djuragancom/vendor/codeigniter4/framework/system/Database/BaseBuilder.php(1669): CodeIgniter\Database\BaseConnection->query()
#3 /home/dnzwygdo/djuragancom/app/Controllers/Api/Notifikasi.php(37): CodeIgniter\Database\BaseBuilder->countAllResults()
#4 /home/dnzwygdo/djuragancom/vendor/codeigniter4/framework/system/CodeIgniter.php(898): App\Controllers\Api\Notifikasi->get()
#5 /home/dnzwygdo/djuragancom/vendor/codeigniter4/framework/system/CodeIgniter.php(457): CodeIgniter\CodeIgniter->runController()
#6 /home/dnzwygdo/djuragancom/vendor/codeigniter4/framework/system/CodeIgniter.php(340): CodeIgniter\CodeIgniter->handleRequest()
#7 /home/dnzwygdo/public_html/index.php(67): CodeIgniter\CodeIgniter->run()
#8 {main}
CRITICAL - 2024-01-01 16:26:30 --> Unable to connect to the database.
Main connection [MySQLi]: Too many connections
in SYSTEMPATH/Database/BaseConnection.php on line 418.
 1 SYSTEMPATH/Database/BaseConnection.php(588): CodeIgniter\Database\BaseConnection->initialize()
 2 SYSTEMPATH/Database/BaseBuilder.php(1669): CodeIgniter\Database\BaseConnection->query()
 3 APPPATH/Controllers/Api/Notifikasi.php(37): CodeIgniter\Database\BaseBuilder->countAllResults()
 4 SYSTEMPATH/CodeIgniter.php(898): App\Controllers\Api\Notifikasi->get()
 5 SYSTEMPATH/CodeIgniter.php(457): CodeIgniter\CodeIgniter->runController()
 6 SYSTEMPATH/CodeIgniter.php(340): CodeIgniter\CodeIgniter->handleRequest()
 7 FCPATH/index.php(67): CodeIgniter\CodeIgniter->run()
ERROR - 2024-01-01 16:26:30 --> Error connecting to the database: mysqli_sql_exception: Too many connections in /home/dnzwygdo/djuragancom/vendor/codeigniter4/framework/system/Database/MySQLi/Connection.php:171
Stack trace:
#0 /home/dnzwygdo/djuragancom/vendor/codeigniter4/framework/system/Database/MySQLi/Connection.php(171): mysqli->real_connect()
#1 /home/dnzwygdo/djuragancom/vendor/codeigniter4/framework/system/Database/BaseConnection.php(382): CodeIgniter\Database\MySQLi\Connection->connect()
#2 /home/dnzwygdo/djuragancom/vendor/codeigniter4/framework/system/Database/BaseConnection.php(588): CodeIgniter\Database\BaseConnection->initialize()
#3 /home/dnzwygdo/djuragancom/vendor/codeigniter4/framework/system/Database/BaseBuilder.php(1669): CodeIgniter\Database\BaseConnection->query()
#4 /home/dnzwygdo/djuragancom/app/Controllers/Api/Notifikasi.php(37): CodeIgniter\Database\BaseBuilder->countAllResults()
#5 /home/dnzwygdo/djuragancom/vendor/codeigniter4/framework/system/CodeIgniter.php(898): App\Controllers\Api\Notifikasi->get()
#6 /home/dnzwygdo/djuragancom/vendor/codeigniter4/framework/system/CodeIgniter.php(457): CodeIgniter\CodeIgniter->runController()
#7 /home/dnzwygdo/djuragancom/vendor/codeigniter4/framework/system/CodeIgniter.php(340): CodeIgniter\CodeIgniter->handleRequest()
#8 /home/dnzwygdo/public_html/index.php(67): CodeIgniter\CodeIgniter->run()
#9 {main}

Next CodeIgniter\Database\Exceptions\DatabaseException: Too many connections in /home/dnzwygdo/djuragancom/vendor/codeigniter4/framework/system/Database/MySQLi/Connection.php:215
Stack trace:
#0 /home/dnzwygdo/djuragancom/vendor/codeigniter4/framework/system/Database/BaseConnection.php(382): CodeIgniter\Database\MySQLi\Connection->connect()
#1 /home/dnzwygdo/djuragancom/vendor/codeigniter4/framework/system/Database/BaseConnection.php(588): CodeIgniter\Database\BaseConnection->initialize()
#2 /home/dnzwygdo/djuragancom/vendor/codeigniter4/framework/system/Database/BaseBuilder.php(1669): CodeIgniter\Database\BaseConnection->query()
#3 /home/dnzwygdo/djuragancom/app/Controllers/Api/Notifikasi.php(37): CodeIgniter\Database\BaseBuilder->countAllResults()
#4 /home/dnzwygdo/djuragancom/vendor/codeigniter4/framework/system/CodeIgniter.php(898): App\Controllers\Api\Notifikasi->get()
#5 /home/dnzwygdo/djuragancom/vendor/codeigniter4/framework/system/CodeIgniter.php(457): CodeIgniter\CodeIgniter->runController()
#6 /home/dnzwygdo/djuragancom/vendor/codeigniter4/framework/system/CodeIgniter.php(340): CodeIgniter\CodeIgniter->handleRequest()
#7 /home/dnzwygdo/public_html/index.php(67): CodeIgniter\CodeIgniter->run()
#8 {main}
CRITICAL - 2024-01-01 16:26:30 --> Unable to connect to the database.
Main connection [MySQLi]: Too many connections
in SYSTEMPATH/Database/BaseConnection.php on line 418.
 1 SYSTEMPATH/Database/BaseConnection.php(588): CodeIgniter\Database\BaseConnection->initialize()
 2 SYSTEMPATH/Database/BaseBuilder.php(1669): CodeIgniter\Database\BaseConnection->query()
 3 APPPATH/Controllers/Api/Notifikasi.php(37): CodeIgniter\Database\BaseBuilder->countAllResults()
 4 SYSTEMPATH/CodeIgniter.php(898): App\Controllers\Api\Notifikasi->get()
 5 SYSTEMPATH/CodeIgniter.php(457): CodeIgniter\CodeIgniter->runController()
 6 SYSTEMPATH/CodeIgniter.php(340): CodeIgniter\CodeIgniter->handleRequest()
 7 FCPATH/index.php(67): CodeIgniter\CodeIgniter->run()
ERROR - 2024-01-01 16:26:39 --> Error connecting to the database: mysqli_sql_exception: Too many connections in /home/dnzwygdo/djuragancom/vendor/codeigniter4/framework/system/Database/MySQLi/Connection.php:171
Stack trace:
#0 /home/dnzwygdo/djuragancom/vendor/codeigniter4/framework/system/Database/MySQLi/Connection.php(171): mysqli->real_connect()
#1 /home/dnzwygdo/djuragancom/vendor/codeigniter4/framework/system/Database/BaseConnection.php(382): CodeIgniter\Database\MySQLi\Connection->connect()
#2 /home/dnzwygdo/djuragancom/vendor/codeigniter4/framework/system/Database/BaseConnection.php(588): CodeIgniter\Database\BaseConnection->initialize()
#3 /home/dnzwygdo/djuragancom/vendor/codeigniter4/framework/system/Database/BaseBuilder.php(1669): CodeIgniter\Database\BaseConnection->query()
#4 /home/dnzwygdo/djuragancom/app/Controllers/Api/Notifikasi.php(37): CodeIgniter\Database\BaseBuilder->countAllResults()
#5 /home/dnzwygdo/djuragancom/vendor/codeigniter4/framework/system/CodeIgniter.php(898): App\Controllers\Api\Notifikasi->get()
#6 /home/dnzwygdo/djuragancom/vendor/codeigniter4/framework/system/CodeIgniter.php(457): CodeIgniter\CodeIgniter->runController()
#7 /home/dnzwygdo/djuragancom/vendor/codeigniter4/framework/system/CodeIgniter.php(340): CodeIgniter\CodeIgniter->handleRequest()
#8 /home/dnzwygdo/public_html/index.php(67): CodeIgniter\CodeIgniter->run()
#9 {main}

Next CodeIgniter\Database\Exceptions\DatabaseException: Too many connections in /home/dnzwygdo/djuragancom/vendor/codeigniter4/framework/system/Database/MySQLi/Connection.php:215
Stack trace:
#0 /home/dnzwygdo/djuragancom/vendor/codeigniter4/framework/system/Database/BaseConnection.php(382): CodeIgniter\Database\MySQLi\Connection->connect()
#1 /home/dnzwygdo/djuragancom/vendor/codeigniter4/framework/system/Database/BaseConnection.php(588): CodeIgniter\Database\BaseConnection->initialize()
#2 /home/dnzwygdo/djuragancom/vendor/codeigniter4/framework/system/Database/BaseBuilder.php(1669): CodeIgniter\Database\BaseConnection->query()
#3 /home/dnzwygdo/djuragancom/app/Controllers/Api/Notifikasi.php(37): CodeIgniter\Database\BaseBuilder->countAllResults()
#4 /home/dnzwygdo/djuragancom/vendor/codeigniter4/framework/system/CodeIgniter.php(898): App\Controllers\Api\Notifikasi->get()
#5 /home/dnzwygdo/djuragancom/vendor/codeigniter4/framework/system/CodeIgniter.php(457): CodeIgniter\CodeIgniter->runController()
#6 /home/dnzwygdo/djuragancom/vendor/codeigniter4/framework/system/CodeIgniter.php(340): CodeIgniter\CodeIgniter->handleRequest()
#7 /home/dnzwygdo/public_html/index.php(67): CodeIgniter\CodeIgniter->run()
#8 {main}
CRITICAL - 2024-01-01 16:26:39 --> Unable to connect to the database.
Main connection [MySQLi]: Too many connections
in SYSTEMPATH/Database/BaseConnection.php on line 418.
 1 SYSTEMPATH/Database/BaseConnection.php(588): CodeIgniter\Database\BaseConnection->initialize()
 2 SYSTEMPATH/Database/BaseBuilder.php(1669): CodeIgniter\Database\BaseConnection->query()
 3 APPPATH/Controllers/Api/Notifikasi.php(37): CodeIgniter\Database\BaseBuilder->countAllResults()
 4 SYSTEMPATH/CodeIgniter.php(898): App\Controllers\Api\Notifikasi->get()
 5 SYSTEMPATH/CodeIgniter.php(457): CodeIgniter\CodeIgniter->runController()
 6 SYSTEMPATH/CodeIgniter.php(340): CodeIgniter\CodeIgniter->handleRequest()
 7 FCPATH/index.php(67): CodeIgniter\CodeIgniter->run()
ERROR - 2024-01-01 16:26:41 --> Error connecting to the database: mysqli_sql_exception: Too many connections in /home/dnzwygdo/djuragancom/vendor/codeigniter4/framework/system/Database/MySQLi/Connection.php:171
Stack trace:
#0 /home/dnzwygdo/djuragancom/vendor/codeigniter4/framework/system/Database/MySQLi/Connection.php(171): mysqli->real_connect()
#1 /home/dnzwygdo/djuragancom/vendor/codeigniter4/framework/system/Database/BaseConnection.php(382): CodeIgniter\Database\MySQLi\Connection->connect()
#2 /home/dnzwygdo/djuragancom/vendor/codeigniter4/framework/system/Database/BaseConnection.php(588): CodeIgniter\Database\BaseConnection->initialize()
#3 /home/dnzwygdo/djuragancom/vendor/codeigniter4/framework/system/Database/BaseBuilder.php(1669): CodeIgniter\Database\BaseConnection->query()
#4 /home/dnzwygdo/djuragancom/app/Controllers/Api/Notifikasi.php(37): CodeIgniter\Database\BaseBuilder->countAllResults()
#5 /home/dnzwygdo/djuragancom/vendor/codeigniter4/framework/system/CodeIgniter.php(898): App\Controllers\Api\Notifikasi->get()
#6 /home/dnzwygdo/djuragancom/vendor/codeigniter4/framework/system/CodeIgniter.php(457): CodeIgniter\CodeIgniter->runController()
#7 /home/dnzwygdo/djuragancom/vendor/codeigniter4/framework/system/CodeIgniter.php(340): CodeIgniter\CodeIgniter->handleRequest()
#8 /home/dnzwygdo/public_html/index.php(67): CodeIgniter\CodeIgniter->run()
#9 {main}

Next CodeIgniter\Database\Exceptions\DatabaseException: Too many connections in /home/dnzwygdo/djuragancom/vendor/codeigniter4/framework/system/Database/MySQLi/Connection.php:215
Stack trace:
#0 /home/dnzwygdo/djuragancom/vendor/codeigniter4/framework/system/Database/BaseConnection.php(382): CodeIgniter\Database\MySQLi\Connection->connect()
#1 /home/dnzwygdo/djuragancom/vendor/codeigniter4/framework/system/Database/BaseConnection.php(588): CodeIgniter\Database\BaseConnection->initialize()
#2 /home/dnzwygdo/djuragancom/vendor/codeigniter4/framework/system/Database/BaseBuilder.php(1669): CodeIgniter\Database\BaseConnection->query()
#3 /home/dnzwygdo/djuragancom/app/Controllers/Api/Notifikasi.php(37): CodeIgniter\Database\BaseBuilder->countAllResults()
#4 /home/dnzwygdo/djuragancom/vendor/codeigniter4/framework/system/CodeIgniter.php(898): App\Controllers\Api\Notifikasi->get()
#5 /home/dnzwygdo/djuragancom/vendor/codeigniter4/framework/system/CodeIgniter.php(457): CodeIgniter\CodeIgniter->runController()
#6 /home/dnzwygdo/djuragancom/vendor/codeigniter4/framework/system/CodeIgniter.php(340): CodeIgniter\CodeIgniter->handleRequest()
#7 /home/dnzwygdo/public_html/index.php(67): CodeIgniter\CodeIgniter->run()
#8 {main}
CRITICAL - 2024-01-01 16:26:41 --> Unable to connect to the database.
Main connection [MySQLi]: Too many connections
in SYSTEMPATH/Database/BaseConnection.php on line 418.
 1 SYSTEMPATH/Database/BaseConnection.php(588): CodeIgniter\Database\BaseConnection->initialize()
 2 SYSTEMPATH/Database/BaseBuilder.php(1669): CodeIgniter\Database\BaseConnection->query()
 3 APPPATH/Controllers/Api/Notifikasi.php(37): CodeIgniter\Database\BaseBuilder->countAllResults()
 4 SYSTEMPATH/CodeIgniter.php(898): App\Controllers\Api\Notifikasi->get()
 5 SYSTEMPATH/CodeIgniter.php(457): CodeIgniter\CodeIgniter->runController()
 6 SYSTEMPATH/CodeIgniter.php(340): CodeIgniter\CodeIgniter->handleRequest()
 7 FCPATH/index.php(67): CodeIgniter\CodeIgniter->run()
ERROR - 2024-01-01 16:26:49 --> Error connecting to the database: mysqli_sql_exception: Too many connections in /home/dnzwygdo/djuragancom/vendor/codeigniter4/framework/system/Database/MySQLi/Connection.php:171
Stack trace:
#0 /home/dnzwygdo/djuragancom/vendor/codeigniter4/framework/system/Database/MySQLi/Connection.php(171): mysqli->real_connect()
#1 /home/dnzwygdo/djuragancom/vendor/codeigniter4/framework/system/Database/BaseConnection.php(382): CodeIgniter\Database\MySQLi\Connection->connect()
#2 /home/dnzwygdo/djuragancom/vendor/codeigniter4/framework/system/Database/BaseConnection.php(588): CodeIgniter\Database\BaseConnection->initialize()
#3 /home/dnzwygdo/djuragancom/vendor/codeigniter4/framework/system/Database/BaseBuilder.php(1669): CodeIgniter\Database\BaseConnection->query()
#4 /home/dnzwygdo/djuragancom/app/Controllers/Api/Notifikasi.php(37): CodeIgniter\Database\BaseBuilder->countAllResults()
#5 /home/dnzwygdo/djuragancom/vendor/codeigniter4/framework/system/CodeIgniter.php(898): App\Controllers\Api\Notifikasi->get()
#6 /home/dnzwygdo/djuragancom/vendor/codeigniter4/framework/system/CodeIgniter.php(457): CodeIgniter\CodeIgniter->runController()
#7 /home/dnzwygdo/djuragancom/vendor/codeigniter4/framework/system/CodeIgniter.php(340): CodeIgniter\CodeIgniter->handleRequest()
#8 /home/dnzwygdo/public_html/index.php(67): CodeIgniter\CodeIgniter->run()
#9 {main}

Next CodeIgniter\Database\Exceptions\DatabaseException: Too many connections in /home/dnzwygdo/djuragancom/vendor/codeigniter4/framework/system/Database/MySQLi/Connection.php:215
Stack trace:
#0 /home/dnzwygdo/djuragancom/vendor/codeigniter4/framework/system/Database/BaseConnection.php(382): CodeIgniter\Database\MySQLi\Connection->connect()
#1 /home/dnzwygdo/djuragancom/vendor/codeigniter4/framework/system/Database/BaseConnection.php(588): CodeIgniter\Database\BaseConnection->initialize()
#2 /home/dnzwygdo/djuragancom/vendor/codeigniter4/framework/system/Database/BaseBuilder.php(1669): CodeIgniter\Database\BaseConnection->query()
#3 /home/dnzwygdo/djuragancom/app/Controllers/Api/Notifikasi.php(37): CodeIgniter\Database\BaseBuilder->countAllResults()
#4 /home/dnzwygdo/djuragancom/vendor/codeigniter4/framework/system/CodeIgniter.php(898): App\Controllers\Api\Notifikasi->get()
#5 /home/dnzwygdo/djuragancom/vendor/codeigniter4/framework/system/CodeIgniter.php(457): CodeIgniter\CodeIgniter->runController()
#6 /home/dnzwygdo/djuragancom/vendor/codeigniter4/framework/system/CodeIgniter.php(340): CodeIgniter\CodeIgniter->handleRequest()
#7 /home/dnzwygdo/public_html/index.php(67): CodeIgniter\CodeIgniter->run()
#8 {main}
CRITICAL - 2024-01-01 16:26:49 --> Unable to connect to the database.
Main connection [MySQLi]: Too many connections
in SYSTEMPATH/Database/BaseConnection.php on line 418.
 1 SYSTEMPATH/Database/BaseConnection.php(588): CodeIgniter\Database\BaseConnection->initialize()
 2 SYSTEMPATH/Database/BaseBuilder.php(1669): CodeIgniter\Database\BaseConnection->query()
 3 APPPATH/Controllers/Api/Notifikasi.php(37): CodeIgniter\Database\BaseBuilder->countAllResults()
 4 SYSTEMPATH/CodeIgniter.php(898): App\Controllers\Api\Notifikasi->get()
 5 SYSTEMPATH/CodeIgniter.php(457): CodeIgniter\CodeIgniter->runController()
 6 SYSTEMPATH/CodeIgniter.php(340): CodeIgniter\CodeIgniter->handleRequest()
 7 FCPATH/index.php(67): CodeIgniter\CodeIgniter->run()
ERROR - 2024-01-01 16:27:08 --> Error connecting to the database: mysqli_sql_exception: Too many connections in /home/dnzwygdo/djuragancom/vendor/codeigniter4/framework/system/Database/MySQLi/Connection.php:171
Stack trace:
#0 /home/dnzwygdo/djuragancom/vendor/codeigniter4/framework/system/Database/MySQLi/Connection.php(171): mysqli->real_connect()
#1 /home/dnzwygdo/djuragancom/vendor/codeigniter4/framework/system/Database/BaseConnection.php(382): CodeIgniter\Database\MySQLi\Connection->connect()
#2 /home/dnzwygdo/djuragancom/vendor/codeigniter4/framework/system/Database/BaseConnection.php(588): CodeIgniter\Database\BaseConnection->initialize()
#3 /home/dnzwygdo/djuragancom/vendor/codeigniter4/framework/system/Database/BaseBuilder.php(1669): CodeIgniter\Database\BaseConnection->query()
#4 /home/dnzwygdo/djuragancom/app/Controllers/Api/Notifikasi.php(37): CodeIgniter\Database\BaseBuilder->countAllResults()
#5 /home/dnzwygdo/djuragancom/vendor/codeigniter4/framework/system/CodeIgniter.php(898): App\Controllers\Api\Notifikasi->get()
#6 /home/dnzwygdo/djuragancom/vendor/codeigniter4/framework/system/CodeIgniter.php(457): CodeIgniter\CodeIgniter->runController()
#7 /home/dnzwygdo/djuragancom/vendor/codeigniter4/framework/system/CodeIgniter.php(340): CodeIgniter\CodeIgniter->handleRequest()
#8 /home/dnzwygdo/public_html/index.php(67): CodeIgniter\CodeIgniter->run()
#9 {main}

Next CodeIgniter\Database\Exceptions\DatabaseException: Too many connections in /home/dnzwygdo/djuragancom/vendor/codeigniter4/framework/system/Database/MySQLi/Connection.php:215
Stack trace:
#0 /home/dnzwygdo/djuragancom/vendor/codeigniter4/framework/system/Database/BaseConnection.php(382): CodeIgniter\Database\MySQLi\Connection->connect()
#1 /home/dnzwygdo/djuragancom/vendor/codeigniter4/framework/system/Database/BaseConnection.php(588): CodeIgniter\Database\BaseConnection->initialize()
#2 /home/dnzwygdo/djuragancom/vendor/codeigniter4/framework/system/Database/BaseBuilder.php(1669): CodeIgniter\Database\BaseConnection->query()
#3 /home/dnzwygdo/djuragancom/app/Controllers/Api/Notifikasi.php(37): CodeIgniter\Database\BaseBuilder->countAllResults()
#4 /home/dnzwygdo/djuragancom/vendor/codeigniter4/framework/system/CodeIgniter.php(898): App\Controllers\Api\Notifikasi->get()
#5 /home/dnzwygdo/djuragancom/vendor/codeigniter4/framework/system/CodeIgniter.php(457): CodeIgniter\CodeIgniter->runController()
#6 /home/dnzwygdo/djuragancom/vendor/codeigniter4/framework/system/CodeIgniter.php(340): CodeIgniter\CodeIgniter->handleRequest()
#7 /home/dnzwygdo/public_html/index.php(67): CodeIgniter\CodeIgniter->run()
#8 {main}
CRITICAL - 2024-01-01 16:27:08 --> Unable to connect to the database.
Main connection [MySQLi]: Too many connections
in SYSTEMPATH/Database/BaseConnection.php on line 418.
 1 SYSTEMPATH/Database/BaseConnection.php(588): CodeIgniter\Database\BaseConnection->initialize()
 2 SYSTEMPATH/Database/BaseBuilder.php(1669): CodeIgniter\Database\BaseConnection->query()
 3 APPPATH/Controllers/Api/Notifikasi.php(37): CodeIgniter\Database\BaseBuilder->countAllResults()
 4 SYSTEMPATH/CodeIgniter.php(898): App\Controllers\Api\Notifikasi->get()
 5 SYSTEMPATH/CodeIgniter.php(457): CodeIgniter\CodeIgniter->runController()
 6 SYSTEMPATH/CodeIgniter.php(340): CodeIgniter\CodeIgniter->handleRequest()
 7 FCPATH/index.php(67): CodeIgniter\CodeIgniter->run()
