CRITICAL - 2025-05-27 08:23:58 --> Allowed memory size of 134217728 bytes exhausted (tried to allocate 20480 bytes)
in SYSTEMPATH/Database/MySQLi/Result.php on line 148.
 1 [internal function]: CodeIgniter\Debug\Exceptions->shutdownHandler()
CRITICAL - 2025-05-27 11:43:13 --> Allowed memory size of 134217728 bytes exhausted (tried to allocate 4096 bytes)
in SYSTEMPATH/Database/BaseResult.php on line 228.
 1 [internal function]: CodeIgniter\Debug\Exceptions->shutdownHandler()
CRITICAL - 2025-05-27 11:43:17 --> Allowed memory size of 134217728 bytes exhausted (tried to allocate 20480 bytes)
in SYSTEMPATH/Database/MySQLi/Result.php on line 148.
 1 [internal function]: CodeIgniter\Debug\Exceptions->shutdownHandler()
CRITICAL - 2025-05-27 11:43:18 --> Allowed memory size of 134217728 bytes exhausted (tried to allocate 20480 bytes)
in SYSTEMPATH/Database/MySQLi/Result.php on line 148.
 1 [internal function]: CodeIgniter\Debug\Exceptions->shutdownHandler()
CRITICAL - 2025-05-27 11:43:20 --> Allowed memory size of 134217728 bytes exhausted (tried to allocate 20480 bytes)
in SYSTEMPATH/Database/MySQLi/Result.php on line 148.
 1 [internal function]: CodeIgniter\Debug\Exceptions->shutdownHandler()
CRITICAL - 2025-05-27 12:17:15 --> Allowed memory size of 134217728 bytes exhausted (tried to allocate 4096 bytes)
in SYSTEMPATH/Database/BaseResult.php on line 228.
 1 [internal function]: CodeIgniter\Debug\Exceptions->shutdownHandler()
CRITICAL - 2025-05-27 12:17:18 --> Allowed memory size of 134217728 bytes exhausted (tried to allocate 20480 bytes)
in SYSTEMPATH/Database/MySQLi/Result.php on line 148.
 1 [internal function]: CodeIgniter\Debug\Exceptions->shutdownHandler()
CRITICAL - 2025-05-27 12:17:20 --> Allowed memory size of 134217728 bytes exhausted (tried to allocate 20480 bytes)
in SYSTEMPATH/Database/MySQLi/Result.php on line 148.
 1 [internal function]: CodeIgniter\Debug\Exceptions->shutdownHandler()
CRITICAL - 2025-05-27 12:17:22 --> Allowed memory size of 134217728 bytes exhausted (tried to allocate 20480 bytes)
in SYSTEMPATH/Database/MySQLi/Result.php on line 148.
 1 [internal function]: CodeIgniter\Debug\Exceptions->shutdownHandler()
CRITICAL - 2025-05-27 12:17:23 --> Allowed memory size of 134217728 bytes exhausted (tried to allocate 20480 bytes)
in SYSTEMPATH/Database/MySQLi/Result.php on line 148.
 1 [internal function]: CodeIgniter\Debug\Exceptions->shutdownHandler()
CRITICAL - 2025-05-27 12:38:18 --> Allowed memory size of 134217728 bytes exhausted (tried to allocate 20480 bytes)
in SYSTEMPATH/Database/MySQLi/Result.php on line 148.
 1 [internal function]: CodeIgniter\Debug\Exceptions->shutdownHandler()
CRITICAL - 2025-05-27 12:38:19 --> Allowed memory size of 134217728 bytes exhausted (tried to allocate 20480 bytes)
in SYSTEMPATH/Database/MySQLi/Result.php on line 148.
 1 [internal function]: CodeIgniter\Debug\Exceptions->shutdownHandler()
CRITICAL - 2025-05-27 12:38:20 --> Allowed memory size of 134217728 bytes exhausted (tried to allocate 20480 bytes)
in SYSTEMPATH/Database/MySQLi/Result.php on line 148.
 1 [internal function]: CodeIgniter\Debug\Exceptions->shutdownHandler()
CRITICAL - 2025-05-27 12:38:21 --> Allowed memory size of 134217728 bytes exhausted (tried to allocate 20480 bytes)
in SYSTEMPATH/Database/MySQLi/Result.php on line 148.
 1 [internal function]: CodeIgniter\Debug\Exceptions->shutdownHandler()
CRITICAL - 2025-05-27 13:18:59 --> Allowed memory size of 134217728 bytes exhausted (tried to allocate 4096 bytes)
in SYSTEMPATH/Database/BaseResult.php on line 228.
 1 [internal function]: CodeIgniter\Debug\Exceptions->shutdownHandler()
CRITICAL - 2025-05-27 13:19:06 --> Allowed memory size of 134217728 bytes exhausted (tried to allocate 20480 bytes)
in SYSTEMPATH/Database/MySQLi/Result.php on line 148.
 1 [internal function]: CodeIgniter\Debug\Exceptions->shutdownHandler()
CRITICAL - 2025-05-27 13:19:08 --> Allowed memory size of 134217728 bytes exhausted (tried to allocate 20480 bytes)
in SYSTEMPATH/Database/MySQLi/Result.php on line 148.
 1 [internal function]: CodeIgniter\Debug\Exceptions->shutdownHandler()
CRITICAL - 2025-05-27 13:20:48 --> Allowed memory size of 134217728 bytes exhausted (tried to allocate 20480 bytes)
in SYSTEMPATH/Database/MySQLi/Result.php on line 148.
 1 [internal function]: CodeIgniter\Debug\Exceptions->shutdownHandler()
CRITICAL - 2025-05-27 13:20:50 --> Allowed memory size of 134217728 bytes exhausted (tried to allocate 20480 bytes)
in SYSTEMPATH/Database/MySQLi/Result.php on line 148.
 1 [internal function]: CodeIgniter\Debug\Exceptions->shutdownHandler()
CRITICAL - 2025-05-27 13:20:50 --> Allowed memory size of 134217728 bytes exhausted (tried to allocate 20480 bytes)
in SYSTEMPATH/Database/MySQLi/Result.php on line 148.
 1 [internal function]: CodeIgniter\Debug\Exceptions->shutdownHandler()
CRITICAL - 2025-05-27 13:20:52 --> Allowed memory size of 134217728 bytes exhausted (tried to allocate 20480 bytes)
in SYSTEMPATH/Database/MySQLi/Result.php on line 148.
 1 [internal function]: CodeIgniter\Debug\Exceptions->shutdownHandler()
CRITICAL - 2025-05-27 13:23:43 --> Allowed memory size of 134217728 bytes exhausted (tried to allocate 20480 bytes)
in SYSTEMPATH/Database/MySQLi/Result.php on line 148.
 1 [internal function]: CodeIgniter\Debug\Exceptions->shutdownHandler()
CRITICAL - 2025-05-27 13:23:45 --> Allowed memory size of 134217728 bytes exhausted (tried to allocate 20480 bytes)
in SYSTEMPATH/Database/MySQLi/Result.php on line 148.
 1 [internal function]: CodeIgniter\Debug\Exceptions->shutdownHandler()
CRITICAL - 2025-05-27 13:23:46 --> Allowed memory size of 134217728 bytes exhausted (tried to allocate 20480 bytes)
in SYSTEMPATH/Database/MySQLi/Result.php on line 148.
 1 [internal function]: CodeIgniter\Debug\Exceptions->shutdownHandler()
ERROR - 2025-05-27 13:29:51 --> mysqli_sql_exception: You have an error in your SQL syntax; check the manual that corresponds to your MySQL server version for the right syntax to use near ')
AND `order_invoice`.`deleted_at` IS NULL
ORDER BY `status_pesanan` ASC, `tangg' at line 3 in /home/dnzwygdo/djuragancom/vendor/codeigniter4/framework/system/Database/MySQLi/Connection.php:292
Stack trace:
#0 /home/dnzwygdo/djuragancom/vendor/codeigniter4/framework/system/Database/MySQLi/Connection.php(292): mysqli->query('SELECT *\nFROM `...', 0)
#1 /home/dnzwygdo/djuragancom/vendor/codeigniter4/framework/system/Database/BaseConnection.php(693): CodeIgniter\Database\MySQLi\Connection->execute('SELECT *\nFROM `...')
#2 /home/dnzwygdo/djuragancom/vendor/codeigniter4/framework/system/Database/BaseConnection.php(620): CodeIgniter\Database\BaseConnection->simpleQuery('SELECT *\nFROM `...')
#3 /home/dnzwygdo/djuragancom/vendor/codeigniter4/framework/system/Database/BaseBuilder.php(1585): CodeIgniter\Database\BaseConnection->query('SELECT *\nFROM `...', Array, false)
#4 /home/dnzwygdo/djuragancom/vendor/codeigniter4/framework/system/Model.php(222): CodeIgniter\Database\BaseBuilder->get()
#5 /home/dnzwygdo/djuragancom/vendor/codeigniter4/framework/system/BaseModel.php(584): CodeIgniter\Model->doFindAll(20, 0)
#6 /home/dnzwygdo/djuragancom/app/Models/InvoiceModel.php(74): CodeIgniter\BaseModel->findAll(20, 0)
#7 /home/dnzwygdo/djuragancom/app/Controllers/Admin/Invoices.php(66): App\Models\InvoiceModel->getAll('semua', 0, Array, 20, 0)
#8 /home/dnzwygdo/djuragancom/vendor/codeigniter4/framework/system/CodeIgniter.php(898): App\Controllers\Admin\Invoices->lihat('semua', 'semua')
#9 /home/dnzwygdo/djuragancom/vendor/codeigniter4/framework/system/CodeIgniter.php(457): CodeIgniter\CodeIgniter->runController(Object(App\Controllers\Admin\Invoices))
#10 /home/dnzwygdo/djuragancom/vendor/codeigniter4/framework/system/CodeIgniter.php(340): CodeIgniter\CodeIgniter->handleRequest(NULL, Object(Config\Cache), false)
#11 /home/dnzwygdo/public_html/index.php(67): CodeIgniter\CodeIgniter->run()
#12 {main}
CRITICAL - 2025-05-27 13:29:51 --> Call to a member function getResult() on bool
in SYSTEMPATH/Model.php on line 223.
 1 SYSTEMPATH/BaseModel.php(584): CodeIgniter\Model->doFindAll(20, 0)
 2 APPPATH/Models/InvoiceModel.php(74): CodeIgniter\BaseModel->findAll(20, 0)
 3 APPPATH/Controllers/Admin/Invoices.php(66): App\Models\InvoiceModel->getAll('semua', 0, [...], 20, 0)
 4 SYSTEMPATH/CodeIgniter.php(898): App\Controllers\Admin\Invoices->lihat('semua', 'semua')
 5 SYSTEMPATH/CodeIgniter.php(457): CodeIgniter\CodeIgniter->runController(Object(App\Controllers\Admin\Invoices))
 6 SYSTEMPATH/CodeIgniter.php(340): CodeIgniter\CodeIgniter->handleRequest(null, Object(Config\Cache), false)
 7 FCPATH/index.php(67): CodeIgniter\CodeIgniter->run()
CRITICAL - 2025-05-27 13:36:29 --> Allowed memory size of 134217728 bytes exhausted (tried to allocate 4096 bytes)
in SYSTEMPATH/Database/MySQLi/Result.php on line 148.
 1 [internal function]: CodeIgniter\Debug\Exceptions->shutdownHandler()
CRITICAL - 2025-05-27 13:36:31 --> Allowed memory size of 134217728 bytes exhausted (tried to allocate 20480 bytes)
in SYSTEMPATH/Database/MySQLi/Result.php on line 148.
 1 [internal function]: CodeIgniter\Debug\Exceptions->shutdownHandler()
CRITICAL - 2025-05-27 13:36:32 --> Allowed memory size of 134217728 bytes exhausted (tried to allocate 20480 bytes)
in SYSTEMPATH/Database/MySQLi/Result.php on line 148.
 1 [internal function]: CodeIgniter\Debug\Exceptions->shutdownHandler()
ERROR - 2025-05-27 16:20:48 --> Error connecting to the database: mysqli_sql_exception: Too many connections in /home/dnzwygdo/djuragancom/vendor/codeigniter4/framework/system/Database/MySQLi/Connection.php:171
Stack trace:
#0 /home/dnzwygdo/djuragancom/vendor/codeigniter4/framework/system/Database/MySQLi/Connection.php(171): mysqli->real_connect('localhost', 'dnzwygdo_jura94...', 'v[,S+a7zlZd0', 'dnzwygdo_juraga...', 3306, '', 0)
#1 /home/dnzwygdo/djuragancom/vendor/codeigniter4/framework/system/Database/BaseConnection.php(382): CodeIgniter\Database\MySQLi\Connection->connect(false)
#2 /home/dnzwygdo/djuragancom/vendor/codeigniter4/framework/system/Database/BaseConnection.php(588): CodeIgniter\Database\BaseConnection->initialize()
#3 /home/dnzwygdo/djuragancom/vendor/codeigniter4/framework/system/Database/BaseBuilder.php(1669): CodeIgniter\Database\BaseConnection->query('SELECT COUNT(*)...', Array, false)
#4 /home/dnzwygdo/djuragancom/app/Controllers/Api/Notifikasi.php(37): CodeIgniter\Database\BaseBuilder->countAllResults()
#5 /home/dnzwygdo/djuragancom/vendor/codeigniter4/framework/system/CodeIgniter.php(898): App\Controllers\Api\Notifikasi->get()
#6 /home/dnzwygdo/djuragancom/vendor/codeigniter4/framework/system/CodeIgniter.php(457): CodeIgniter\CodeIgniter->runController(Object(App\Controllers\Api\Notifikasi))
#7 /home/dnzwygdo/djuragancom/vendor/codeigniter4/framework/system/CodeIgniter.php(340): CodeIgniter\CodeIgniter->handleRequest(NULL, Object(Config\Cache), false)
#8 /home/dnzwygdo/public_html/index.php(67): CodeIgniter\CodeIgniter->run()
#9 {main}

Next CodeIgniter\Database\Exceptions\DatabaseException: Too many connections in /home/dnzwygdo/djuragancom/vendor/codeigniter4/framework/system/Database/MySQLi/Connection.php:215
Stack trace:
#0 /home/dnzwygdo/djuragancom/vendor/codeigniter4/framework/system/Database/BaseConnection.php(382): CodeIgniter\Database\MySQLi\Connection->connect(false)
#1 /home/dnzwygdo/djuragancom/vendor/codeigniter4/framework/system/Database/BaseConnection.php(588): CodeIgniter\Database\BaseConnection->initialize()
#2 /home/dnzwygdo/djuragancom/vendor/codeigniter4/framework/system/Database/BaseBuilder.php(1669): CodeIgniter\Database\BaseConnection->query('SELECT COUNT(*)...', Array, false)
#3 /home/dnzwygdo/djuragancom/app/Controllers/Api/Notifikasi.php(37): CodeIgniter\Database\BaseBuilder->countAllResults()
#4 /home/dnzwygdo/djuragancom/vendor/codeigniter4/framework/system/CodeIgniter.php(898): App\Controllers\Api\Notifikasi->get()
#5 /home/dnzwygdo/djuragancom/vendor/codeigniter4/framework/system/CodeIgniter.php(457): CodeIgniter\CodeIgniter->runController(Object(App\Controllers\Api\Notifikasi))
#6 /home/dnzwygdo/djuragancom/vendor/codeigniter4/framework/system/CodeIgniter.php(340): CodeIgniter\CodeIgniter->handleRequest(NULL, Object(Config\Cache), false)
#7 /home/dnzwygdo/public_html/index.php(67): CodeIgniter\CodeIgniter->run()
#8 {main}
CRITICAL - 2025-05-27 16:20:48 --> Unable to connect to the database.
Main connection [MySQLi]: Too many connections
in SYSTEMPATH/Database/BaseConnection.php on line 418.
 1 SYSTEMPATH/Database/BaseConnection.php(588): CodeIgniter\Database\BaseConnection->initialize()
 2 SYSTEMPATH/Database/BaseBuilder.php(1669): CodeIgniter\Database\BaseConnection->query('SELECT COUNT(*) AS `numrows`
FROM `order_notifikasi` `n`
LEFT JOIN `order_invoice` `i` ON `n`.`invoice_id` = `i`.`id_invoice`
LEFT JOIN `order_user` `p` ON `n`.`from` = `p`.`id`
LEFT JOIN `order_juragan` `j` ON `j`.`id_juragan` = `n`.`juragan_id`
WHERE `n`.`for` = :n.for:
AND `n`.`read_at` IS NULL', [...], false)
 3 APPPATH/Controllers/Api/Notifikasi.php(37): CodeIgniter\Database\BaseBuilder->countAllResults()
 4 SYSTEMPATH/CodeIgniter.php(898): App\Controllers\Api\Notifikasi->get()
 5 SYSTEMPATH/CodeIgniter.php(457): CodeIgniter\CodeIgniter->runController(Object(App\Controllers\Api\Notifikasi))
 6 SYSTEMPATH/CodeIgniter.php(340): CodeIgniter\CodeIgniter->handleRequest(null, Object(Config\Cache), false)
 7 FCPATH/index.php(67): CodeIgniter\CodeIgniter->run()
ERROR - 2025-05-27 16:21:08 --> Error connecting to the database: mysqli_sql_exception: Too many connections in /home/dnzwygdo/djuragancom/vendor/codeigniter4/framework/system/Database/MySQLi/Connection.php:171
Stack trace:
#0 /home/dnzwygdo/djuragancom/vendor/codeigniter4/framework/system/Database/MySQLi/Connection.php(171): mysqli->real_connect('localhost', 'dnzwygdo_jura94...', 'v[,S+a7zlZd0', 'dnzwygdo_juraga...', 3306, '', 0)
#1 /home/dnzwygdo/djuragancom/vendor/codeigniter4/framework/system/Database/BaseConnection.php(382): CodeIgniter\Database\MySQLi\Connection->connect(false)
#2 /home/dnzwygdo/djuragancom/vendor/codeigniter4/framework/system/Database/BaseConnection.php(588): CodeIgniter\Database\BaseConnection->initialize()
#3 /home/dnzwygdo/djuragancom/vendor/codeigniter4/framework/system/Database/BaseBuilder.php(1669): CodeIgniter\Database\BaseConnection->query('SELECT COUNT(*)...', Array, false)
#4 /home/dnzwygdo/djuragancom/app/Controllers/Api/Notifikasi.php(37): CodeIgniter\Database\BaseBuilder->countAllResults()
#5 /home/dnzwygdo/djuragancom/vendor/codeigniter4/framework/system/CodeIgniter.php(898): App\Controllers\Api\Notifikasi->get()
#6 /home/dnzwygdo/djuragancom/vendor/codeigniter4/framework/system/CodeIgniter.php(457): CodeIgniter\CodeIgniter->runController(Object(App\Controllers\Api\Notifikasi))
#7 /home/dnzwygdo/djuragancom/vendor/codeigniter4/framework/system/CodeIgniter.php(340): CodeIgniter\CodeIgniter->handleRequest(NULL, Object(Config\Cache), false)
#8 /home/dnzwygdo/public_html/index.php(67): CodeIgniter\CodeIgniter->run()
#9 {main}

Next CodeIgniter\Database\Exceptions\DatabaseException: Too many connections in /home/dnzwygdo/djuragancom/vendor/codeigniter4/framework/system/Database/MySQLi/Connection.php:215
Stack trace:
#0 /home/dnzwygdo/djuragancom/vendor/codeigniter4/framework/system/Database/BaseConnection.php(382): CodeIgniter\Database\MySQLi\Connection->connect(false)
#1 /home/dnzwygdo/djuragancom/vendor/codeigniter4/framework/system/Database/BaseConnection.php(588): CodeIgniter\Database\BaseConnection->initialize()
#2 /home/dnzwygdo/djuragancom/vendor/codeigniter4/framework/system/Database/BaseBuilder.php(1669): CodeIgniter\Database\BaseConnection->query('SELECT COUNT(*)...', Array, false)
#3 /home/dnzwygdo/djuragancom/app/Controllers/Api/Notifikasi.php(37): CodeIgniter\Database\BaseBuilder->countAllResults()
#4 /home/dnzwygdo/djuragancom/vendor/codeigniter4/framework/system/CodeIgniter.php(898): App\Controllers\Api\Notifikasi->get()
#5 /home/dnzwygdo/djuragancom/vendor/codeigniter4/framework/system/CodeIgniter.php(457): CodeIgniter\CodeIgniter->runController(Object(App\Controllers\Api\Notifikasi))
#6 /home/dnzwygdo/djuragancom/vendor/codeigniter4/framework/system/CodeIgniter.php(340): CodeIgniter\CodeIgniter->handleRequest(NULL, Object(Config\Cache), false)
#7 /home/dnzwygdo/public_html/index.php(67): CodeIgniter\CodeIgniter->run()
#8 {main}
CRITICAL - 2025-05-27 16:21:08 --> Unable to connect to the database.
Main connection [MySQLi]: Too many connections
in SYSTEMPATH/Database/BaseConnection.php on line 418.
 1 SYSTEMPATH/Database/BaseConnection.php(588): CodeIgniter\Database\BaseConnection->initialize()
 2 SYSTEMPATH/Database/BaseBuilder.php(1669): CodeIgniter\Database\BaseConnection->query('SELECT COUNT(*) AS `numrows`
FROM `order_notifikasi` `n`
LEFT JOIN `order_invoice` `i` ON `n`.`invoice_id` = `i`.`id_invoice`
LEFT JOIN `order_user` `p` ON `n`.`from` = `p`.`id`
LEFT JOIN `order_juragan` `j` ON `j`.`id_juragan` = `n`.`juragan_id`
WHERE `n`.`for` = :n.for:
AND `n`.`read_at` IS NULL', [...], false)
 3 APPPATH/Controllers/Api/Notifikasi.php(37): CodeIgniter\Database\BaseBuilder->countAllResults()
 4 SYSTEMPATH/CodeIgniter.php(898): App\Controllers\Api\Notifikasi->get()
 5 SYSTEMPATH/CodeIgniter.php(457): CodeIgniter\CodeIgniter->runController(Object(App\Controllers\Api\Notifikasi))
 6 SYSTEMPATH/CodeIgniter.php(340): CodeIgniter\CodeIgniter->handleRequest(null, Object(Config\Cache), false)
 7 FCPATH/index.php(67): CodeIgniter\CodeIgniter->run()
ERROR - 2025-05-27 16:21:18 --> Error connecting to the database: mysqli_sql_exception: Too many connections in /home/dnzwygdo/djuragancom/vendor/codeigniter4/framework/system/Database/MySQLi/Connection.php:171
Stack trace:
#0 /home/dnzwygdo/djuragancom/vendor/codeigniter4/framework/system/Database/MySQLi/Connection.php(171): mysqli->real_connect('localhost', 'dnzwygdo_jura94...', 'v[,S+a7zlZd0', 'dnzwygdo_juraga...', 3306, '', 0)
#1 /home/dnzwygdo/djuragancom/vendor/codeigniter4/framework/system/Database/BaseConnection.php(382): CodeIgniter\Database\MySQLi\Connection->connect(false)
#2 /home/dnzwygdo/djuragancom/vendor/codeigniter4/framework/system/Database/BaseConnection.php(588): CodeIgniter\Database\BaseConnection->initialize()
#3 /home/dnzwygdo/djuragancom/vendor/codeigniter4/framework/system/Database/BaseBuilder.php(1669): CodeIgniter\Database\BaseConnection->query('SELECT COUNT(*)...', Array, false)
#4 /home/dnzwygdo/djuragancom/app/Controllers/Api/Notifikasi.php(37): CodeIgniter\Database\BaseBuilder->countAllResults()
#5 /home/dnzwygdo/djuragancom/vendor/codeigniter4/framework/system/CodeIgniter.php(898): App\Controllers\Api\Notifikasi->get()
#6 /home/dnzwygdo/djuragancom/vendor/codeigniter4/framework/system/CodeIgniter.php(457): CodeIgniter\CodeIgniter->runController(Object(App\Controllers\Api\Notifikasi))
#7 /home/dnzwygdo/djuragancom/vendor/codeigniter4/framework/system/CodeIgniter.php(340): CodeIgniter\CodeIgniter->handleRequest(NULL, Object(Config\Cache), false)
#8 /home/dnzwygdo/public_html/index.php(67): CodeIgniter\CodeIgniter->run()
#9 {main}

Next CodeIgniter\Database\Exceptions\DatabaseException: Too many connections in /home/dnzwygdo/djuragancom/vendor/codeigniter4/framework/system/Database/MySQLi/Connection.php:215
Stack trace:
#0 /home/dnzwygdo/djuragancom/vendor/codeigniter4/framework/system/Database/BaseConnection.php(382): CodeIgniter\Database\MySQLi\Connection->connect(false)
#1 /home/dnzwygdo/djuragancom/vendor/codeigniter4/framework/system/Database/BaseConnection.php(588): CodeIgniter\Database\BaseConnection->initialize()
#2 /home/dnzwygdo/djuragancom/vendor/codeigniter4/framework/system/Database/BaseBuilder.php(1669): CodeIgniter\Database\BaseConnection->query('SELECT COUNT(*)...', Array, false)
#3 /home/dnzwygdo/djuragancom/app/Controllers/Api/Notifikasi.php(37): CodeIgniter\Database\BaseBuilder->countAllResults()
#4 /home/dnzwygdo/djuragancom/vendor/codeigniter4/framework/system/CodeIgniter.php(898): App\Controllers\Api\Notifikasi->get()
#5 /home/dnzwygdo/djuragancom/vendor/codeigniter4/framework/system/CodeIgniter.php(457): CodeIgniter\CodeIgniter->runController(Object(App\Controllers\Api\Notifikasi))
#6 /home/dnzwygdo/djuragancom/vendor/codeigniter4/framework/system/CodeIgniter.php(340): CodeIgniter\CodeIgniter->handleRequest(NULL, Object(Config\Cache), false)
#7 /home/dnzwygdo/public_html/index.php(67): CodeIgniter\CodeIgniter->run()
#8 {main}
CRITICAL - 2025-05-27 16:21:18 --> Unable to connect to the database.
Main connection [MySQLi]: Too many connections
in SYSTEMPATH/Database/BaseConnection.php on line 418.
 1 SYSTEMPATH/Database/BaseConnection.php(588): CodeIgniter\Database\BaseConnection->initialize()
 2 SYSTEMPATH/Database/BaseBuilder.php(1669): CodeIgniter\Database\BaseConnection->query('SELECT COUNT(*) AS `numrows`
FROM `order_notifikasi` `n`
LEFT JOIN `order_invoice` `i` ON `n`.`invoice_id` = `i`.`id_invoice`
LEFT JOIN `order_user` `p` ON `n`.`from` = `p`.`id`
LEFT JOIN `order_juragan` `j` ON `j`.`id_juragan` = `n`.`juragan_id`
WHERE `n`.`for` = :n.for:
AND `n`.`read_at` IS NULL', [...], false)
 3 APPPATH/Controllers/Api/Notifikasi.php(37): CodeIgniter\Database\BaseBuilder->countAllResults()
 4 SYSTEMPATH/CodeIgniter.php(898): App\Controllers\Api\Notifikasi->get()
 5 SYSTEMPATH/CodeIgniter.php(457): CodeIgniter\CodeIgniter->runController(Object(App\Controllers\Api\Notifikasi))
 6 SYSTEMPATH/CodeIgniter.php(340): CodeIgniter\CodeIgniter->handleRequest(null, Object(Config\Cache), false)
 7 FCPATH/index.php(67): CodeIgniter\CodeIgniter->run()
ERROR - 2025-05-27 16:21:21 --> Error connecting to the database: mysqli_sql_exception: Too many connections in /home/dnzwygdo/djuragancom/vendor/codeigniter4/framework/system/Database/MySQLi/Connection.php:171
Stack trace:
#0 /home/dnzwygdo/djuragancom/vendor/codeigniter4/framework/system/Database/MySQLi/Connection.php(171): mysqli->real_connect('localhost', 'dnzwygdo_jura94...', 'v[,S+a7zlZd0', 'dnzwygdo_juraga...', 3306, '', 0)
#1 /home/dnzwygdo/djuragancom/vendor/codeigniter4/framework/system/Database/BaseConnection.php(382): CodeIgniter\Database\MySQLi\Connection->connect(false)
#2 /home/dnzwygdo/djuragancom/vendor/codeigniter4/framework/system/Database/BaseConnection.php(588): CodeIgniter\Database\BaseConnection->initialize()
#3 /home/dnzwygdo/djuragancom/vendor/codeigniter4/framework/system/Database/BaseBuilder.php(1669): CodeIgniter\Database\BaseConnection->query('SELECT COUNT(*)...', Array, false)
#4 /home/dnzwygdo/djuragancom/app/Controllers/Api/Notifikasi.php(37): CodeIgniter\Database\BaseBuilder->countAllResults()
#5 /home/dnzwygdo/djuragancom/vendor/codeigniter4/framework/system/CodeIgniter.php(898): App\Controllers\Api\Notifikasi->get()
#6 /home/dnzwygdo/djuragancom/vendor/codeigniter4/framework/system/CodeIgniter.php(457): CodeIgniter\CodeIgniter->runController(Object(App\Controllers\Api\Notifikasi))
#7 /home/dnzwygdo/djuragancom/vendor/codeigniter4/framework/system/CodeIgniter.php(340): CodeIgniter\CodeIgniter->handleRequest(NULL, Object(Config\Cache), false)
#8 /home/dnzwygdo/public_html/index.php(67): CodeIgniter\CodeIgniter->run()
#9 {main}

Next CodeIgniter\Database\Exceptions\DatabaseException: Too many connections in /home/dnzwygdo/djuragancom/vendor/codeigniter4/framework/system/Database/MySQLi/Connection.php:215
Stack trace:
#0 /home/dnzwygdo/djuragancom/vendor/codeigniter4/framework/system/Database/BaseConnection.php(382): CodeIgniter\Database\MySQLi\Connection->connect(false)
#1 /home/dnzwygdo/djuragancom/vendor/codeigniter4/framework/system/Database/BaseConnection.php(588): CodeIgniter\Database\BaseConnection->initialize()
#2 /home/dnzwygdo/djuragancom/vendor/codeigniter4/framework/system/Database/BaseBuilder.php(1669): CodeIgniter\Database\BaseConnection->query('SELECT COUNT(*)...', Array, false)
#3 /home/dnzwygdo/djuragancom/app/Controllers/Api/Notifikasi.php(37): CodeIgniter\Database\BaseBuilder->countAllResults()
#4 /home/dnzwygdo/djuragancom/vendor/codeigniter4/framework/system/CodeIgniter.php(898): App\Controllers\Api\Notifikasi->get()
#5 /home/dnzwygdo/djuragancom/vendor/codeigniter4/framework/system/CodeIgniter.php(457): CodeIgniter\CodeIgniter->runController(Object(App\Controllers\Api\Notifikasi))
#6 /home/dnzwygdo/djuragancom/vendor/codeigniter4/framework/system/CodeIgniter.php(340): CodeIgniter\CodeIgniter->handleRequest(NULL, Object(Config\Cache), false)
#7 /home/dnzwygdo/public_html/index.php(67): CodeIgniter\CodeIgniter->run()
#8 {main}
CRITICAL - 2025-05-27 16:21:21 --> Unable to connect to the database.
Main connection [MySQLi]: Too many connections
in SYSTEMPATH/Database/BaseConnection.php on line 418.
 1 SYSTEMPATH/Database/BaseConnection.php(588): CodeIgniter\Database\BaseConnection->initialize()
 2 SYSTEMPATH/Database/BaseBuilder.php(1669): CodeIgniter\Database\BaseConnection->query('SELECT COUNT(*) AS `numrows`
FROM `order_notifikasi` `n`
LEFT JOIN `order_invoice` `i` ON `n`.`invoice_id` = `i`.`id_invoice`
LEFT JOIN `order_user` `p` ON `n`.`from` = `p`.`id`
LEFT JOIN `order_juragan` `j` ON `j`.`id_juragan` = `n`.`juragan_id`
WHERE `n`.`for` = :n.for:
AND `n`.`read_at` IS NULL', [...], false)
 3 APPPATH/Controllers/Api/Notifikasi.php(37): CodeIgniter\Database\BaseBuilder->countAllResults()
 4 SYSTEMPATH/CodeIgniter.php(898): App\Controllers\Api\Notifikasi->get()
 5 SYSTEMPATH/CodeIgniter.php(457): CodeIgniter\CodeIgniter->runController(Object(App\Controllers\Api\Notifikasi))
 6 SYSTEMPATH/CodeIgniter.php(340): CodeIgniter\CodeIgniter->handleRequest(null, Object(Config\Cache), false)
 7 FCPATH/index.php(67): CodeIgniter\CodeIgniter->run()
ERROR - 2025-05-27 16:21:21 --> Error connecting to the database: mysqli_sql_exception: Too many connections in /home/dnzwygdo/djuragancom/vendor/codeigniter4/framework/system/Database/MySQLi/Connection.php:171
Stack trace:
#0 /home/dnzwygdo/djuragancom/vendor/codeigniter4/framework/system/Database/MySQLi/Connection.php(171): mysqli->real_connect('localhost', 'dnzwygdo_jura94...', 'v[,S+a7zlZd0', 'dnzwygdo_juraga...', 3306, '', 0)
#1 /home/dnzwygdo/djuragancom/vendor/codeigniter4/framework/system/Database/BaseConnection.php(382): CodeIgniter\Database\MySQLi\Connection->connect(false)
#2 /home/dnzwygdo/djuragancom/vendor/codeigniter4/framework/system/Database/BaseConnection.php(588): CodeIgniter\Database\BaseConnection->initialize()
#3 /home/dnzwygdo/djuragancom/vendor/codeigniter4/framework/system/Database/BaseBuilder.php(1669): CodeIgniter\Database\BaseConnection->query('SELECT COUNT(*)...', Array, false)
#4 /home/dnzwygdo/djuragancom/app/Controllers/Api/Notifikasi.php(37): CodeIgniter\Database\BaseBuilder->countAllResults()
#5 /home/dnzwygdo/djuragancom/vendor/codeigniter4/framework/system/CodeIgniter.php(898): App\Controllers\Api\Notifikasi->get()
#6 /home/dnzwygdo/djuragancom/vendor/codeigniter4/framework/system/CodeIgniter.php(457): CodeIgniter\CodeIgniter->runController(Object(App\Controllers\Api\Notifikasi))
#7 /home/dnzwygdo/djuragancom/vendor/codeigniter4/framework/system/CodeIgniter.php(340): CodeIgniter\CodeIgniter->handleRequest(NULL, Object(Config\Cache), false)
#8 /home/dnzwygdo/public_html/index.php(67): CodeIgniter\CodeIgniter->run()
#9 {main}

Next CodeIgniter\Database\Exceptions\DatabaseException: Too many connections in /home/dnzwygdo/djuragancom/vendor/codeigniter4/framework/system/Database/MySQLi/Connection.php:215
Stack trace:
#0 /home/dnzwygdo/djuragancom/vendor/codeigniter4/framework/system/Database/BaseConnection.php(382): CodeIgniter\Database\MySQLi\Connection->connect(false)
#1 /home/dnzwygdo/djuragancom/vendor/codeigniter4/framework/system/Database/BaseConnection.php(588): CodeIgniter\Database\BaseConnection->initialize()
#2 /home/dnzwygdo/djuragancom/vendor/codeigniter4/framework/system/Database/BaseBuilder.php(1669): CodeIgniter\Database\BaseConnection->query('SELECT COUNT(*)...', Array, false)
#3 /home/dnzwygdo/djuragancom/app/Controllers/Api/Notifikasi.php(37): CodeIgniter\Database\BaseBuilder->countAllResults()
#4 /home/dnzwygdo/djuragancom/vendor/codeigniter4/framework/system/CodeIgniter.php(898): App\Controllers\Api\Notifikasi->get()
#5 /home/dnzwygdo/djuragancom/vendor/codeigniter4/framework/system/CodeIgniter.php(457): CodeIgniter\CodeIgniter->runController(Object(App\Controllers\Api\Notifikasi))
#6 /home/dnzwygdo/djuragancom/vendor/codeigniter4/framework/system/CodeIgniter.php(340): CodeIgniter\CodeIgniter->handleRequest(NULL, Object(Config\Cache), false)
#7 /home/dnzwygdo/public_html/index.php(67): CodeIgniter\CodeIgniter->run()
#8 {main}
CRITICAL - 2025-05-27 16:21:21 --> Unable to connect to the database.
Main connection [MySQLi]: Too many connections
in SYSTEMPATH/Database/BaseConnection.php on line 418.
 1 SYSTEMPATH/Database/BaseConnection.php(588): CodeIgniter\Database\BaseConnection->initialize()
 2 SYSTEMPATH/Database/BaseBuilder.php(1669): CodeIgniter\Database\BaseConnection->query('SELECT COUNT(*) AS `numrows`
FROM `order_notifikasi` `n`
LEFT JOIN `order_invoice` `i` ON `n`.`invoice_id` = `i`.`id_invoice`
LEFT JOIN `order_user` `p` ON `n`.`from` = `p`.`id`
LEFT JOIN `order_juragan` `j` ON `j`.`id_juragan` = `n`.`juragan_id`
WHERE `n`.`for` = :n.for:
AND `n`.`read_at` IS NULL', [...], false)
 3 APPPATH/Controllers/Api/Notifikasi.php(37): CodeIgniter\Database\BaseBuilder->countAllResults()
 4 SYSTEMPATH/CodeIgniter.php(898): App\Controllers\Api\Notifikasi->get()
 5 SYSTEMPATH/CodeIgniter.php(457): CodeIgniter\CodeIgniter->runController(Object(App\Controllers\Api\Notifikasi))
 6 SYSTEMPATH/CodeIgniter.php(340): CodeIgniter\CodeIgniter->handleRequest(null, Object(Config\Cache), false)
 7 FCPATH/index.php(67): CodeIgniter\CodeIgniter->run()
ERROR - 2025-05-27 16:21:21 --> Error connecting to the database: mysqli_sql_exception: Too many connections in /home/dnzwygdo/djuragancom/vendor/codeigniter4/framework/system/Database/MySQLi/Connection.php:171
Stack trace:
#0 /home/dnzwygdo/djuragancom/vendor/codeigniter4/framework/system/Database/MySQLi/Connection.php(171): mysqli->real_connect('localhost', 'dnzwygdo_jura94...', 'v[,S+a7zlZd0', 'dnzwygdo_juraga...', 3306, '', 0)
#1 /home/dnzwygdo/djuragancom/vendor/codeigniter4/framework/system/Database/BaseConnection.php(382): CodeIgniter\Database\MySQLi\Connection->connect(false)
#2 /home/dnzwygdo/djuragancom/vendor/codeigniter4/framework/system/Database/BaseConnection.php(588): CodeIgniter\Database\BaseConnection->initialize()
#3 /home/dnzwygdo/djuragancom/vendor/codeigniter4/framework/system/Database/BaseBuilder.php(1669): CodeIgniter\Database\BaseConnection->query('SELECT COUNT(*)...', Array, false)
#4 /home/dnzwygdo/djuragancom/app/Controllers/Api/Notifikasi.php(37): CodeIgniter\Database\BaseBuilder->countAllResults()
#5 /home/dnzwygdo/djuragancom/vendor/codeigniter4/framework/system/CodeIgniter.php(898): App\Controllers\Api\Notifikasi->get()
#6 /home/dnzwygdo/djuragancom/vendor/codeigniter4/framework/system/CodeIgniter.php(457): CodeIgniter\CodeIgniter->runController(Object(App\Controllers\Api\Notifikasi))
#7 /home/dnzwygdo/djuragancom/vendor/codeigniter4/framework/system/CodeIgniter.php(340): CodeIgniter\CodeIgniter->handleRequest(NULL, Object(Config\Cache), false)
#8 /home/dnzwygdo/public_html/index.php(67): CodeIgniter\CodeIgniter->run()
#9 {main}

Next CodeIgniter\Database\Exceptions\DatabaseException: Too many connections in /home/dnzwygdo/djuragancom/vendor/codeigniter4/framework/system/Database/MySQLi/Connection.php:215
Stack trace:
#0 /home/dnzwygdo/djuragancom/vendor/codeigniter4/framework/system/Database/BaseConnection.php(382): CodeIgniter\Database\MySQLi\Connection->connect(false)
#1 /home/dnzwygdo/djuragancom/vendor/codeigniter4/framework/system/Database/BaseConnection.php(588): CodeIgniter\Database\BaseConnection->initialize()
#2 /home/dnzwygdo/djuragancom/vendor/codeigniter4/framework/system/Database/BaseBuilder.php(1669): CodeIgniter\Database\BaseConnection->query('SELECT COUNT(*)...', Array, false)
#3 /home/dnzwygdo/djuragancom/app/Controllers/Api/Notifikasi.php(37): CodeIgniter\Database\BaseBuilder->countAllResults()
#4 /home/dnzwygdo/djuragancom/vendor/codeigniter4/framework/system/CodeIgniter.php(898): App\Controllers\Api\Notifikasi->get()
#5 /home/dnzwygdo/djuragancom/vendor/codeigniter4/framework/system/CodeIgniter.php(457): CodeIgniter\CodeIgniter->runController(Object(App\Controllers\Api\Notifikasi))
#6 /home/dnzwygdo/djuragancom/vendor/codeigniter4/framework/system/CodeIgniter.php(340): CodeIgniter\CodeIgniter->handleRequest(NULL, Object(Config\Cache), false)
#7 /home/dnzwygdo/public_html/index.php(67): CodeIgniter\CodeIgniter->run()
#8 {main}
CRITICAL - 2025-05-27 16:21:21 --> Unable to connect to the database.
Main connection [MySQLi]: Too many connections
in SYSTEMPATH/Database/BaseConnection.php on line 418.
 1 SYSTEMPATH/Database/BaseConnection.php(588): CodeIgniter\Database\BaseConnection->initialize()
 2 SYSTEMPATH/Database/BaseBuilder.php(1669): CodeIgniter\Database\BaseConnection->query('SELECT COUNT(*) AS `numrows`
FROM `order_notifikasi` `n`
LEFT JOIN `order_invoice` `i` ON `n`.`invoice_id` = `i`.`id_invoice`
LEFT JOIN `order_user` `p` ON `n`.`from` = `p`.`id`
LEFT JOIN `order_juragan` `j` ON `j`.`id_juragan` = `n`.`juragan_id`
WHERE `n`.`for` = :n.for:
AND `n`.`read_at` IS NULL', [...], false)
 3 APPPATH/Controllers/Api/Notifikasi.php(37): CodeIgniter\Database\BaseBuilder->countAllResults()
 4 SYSTEMPATH/CodeIgniter.php(898): App\Controllers\Api\Notifikasi->get()
 5 SYSTEMPATH/CodeIgniter.php(457): CodeIgniter\CodeIgniter->runController(Object(App\Controllers\Api\Notifikasi))
 6 SYSTEMPATH/CodeIgniter.php(340): CodeIgniter\CodeIgniter->handleRequest(null, Object(Config\Cache), false)
 7 FCPATH/index.php(67): CodeIgniter\CodeIgniter->run()
ERROR - 2025-05-27 16:21:24 --> Error connecting to the database: mysqli_sql_exception: Too many connections in /home/dnzwygdo/djuragancom/vendor/codeigniter4/framework/system/Database/MySQLi/Connection.php:171
Stack trace:
#0 /home/dnzwygdo/djuragancom/vendor/codeigniter4/framework/system/Database/MySQLi/Connection.php(171): mysqli->real_connect('localhost', 'dnzwygdo_jura94...', 'v[,S+a7zlZd0', 'dnzwygdo_juraga...', 3306, '', 0)
#1 /home/dnzwygdo/djuragancom/vendor/codeigniter4/framework/system/Database/BaseConnection.php(382): CodeIgniter\Database\MySQLi\Connection->connect(false)
#2 /home/dnzwygdo/djuragancom/vendor/codeigniter4/framework/system/Database/BaseConnection.php(588): CodeIgniter\Database\BaseConnection->initialize()
#3 /home/dnzwygdo/djuragancom/vendor/codeigniter4/framework/system/Database/BaseBuilder.php(1669): CodeIgniter\Database\BaseConnection->query('SELECT COUNT(*)...', Array, false)
#4 /home/dnzwygdo/djuragancom/app/Controllers/Api/Notifikasi.php(37): CodeIgniter\Database\BaseBuilder->countAllResults()
#5 /home/dnzwygdo/djuragancom/vendor/codeigniter4/framework/system/CodeIgniter.php(898): App\Controllers\Api\Notifikasi->get()
#6 /home/dnzwygdo/djuragancom/vendor/codeigniter4/framework/system/CodeIgniter.php(457): CodeIgniter\CodeIgniter->runController(Object(App\Controllers\Api\Notifikasi))
#7 /home/dnzwygdo/djuragancom/vendor/codeigniter4/framework/system/CodeIgniter.php(340): CodeIgniter\CodeIgniter->handleRequest(NULL, Object(Config\Cache), false)
#8 /home/dnzwygdo/public_html/index.php(67): CodeIgniter\CodeIgniter->run()
#9 {main}

Next CodeIgniter\Database\Exceptions\DatabaseException: Too many connections in /home/dnzwygdo/djuragancom/vendor/codeigniter4/framework/system/Database/MySQLi/Connection.php:215
Stack trace:
#0 /home/dnzwygdo/djuragancom/vendor/codeigniter4/framework/system/Database/BaseConnection.php(382): CodeIgniter\Database\MySQLi\Connection->connect(false)
#1 /home/dnzwygdo/djuragancom/vendor/codeigniter4/framework/system/Database/BaseConnection.php(588): CodeIgniter\Database\BaseConnection->initialize()
#2 /home/dnzwygdo/djuragancom/vendor/codeigniter4/framework/system/Database/BaseBuilder.php(1669): CodeIgniter\Database\BaseConnection->query('SELECT COUNT(*)...', Array, false)
#3 /home/dnzwygdo/djuragancom/app/Controllers/Api/Notifikasi.php(37): CodeIgniter\Database\BaseBuilder->countAllResults()
#4 /home/dnzwygdo/djuragancom/vendor/codeigniter4/framework/system/CodeIgniter.php(898): App\Controllers\Api\Notifikasi->get()
#5 /home/dnzwygdo/djuragancom/vendor/codeigniter4/framework/system/CodeIgniter.php(457): CodeIgniter\CodeIgniter->runController(Object(App\Controllers\Api\Notifikasi))
#6 /home/dnzwygdo/djuragancom/vendor/codeigniter4/framework/system/CodeIgniter.php(340): CodeIgniter\CodeIgniter->handleRequest(NULL, Object(Config\Cache), false)
#7 /home/dnzwygdo/public_html/index.php(67): CodeIgniter\CodeIgniter->run()
#8 {main}
CRITICAL - 2025-05-27 16:21:24 --> Unable to connect to the database.
Main connection [MySQLi]: Too many connections
in SYSTEMPATH/Database/BaseConnection.php on line 418.
 1 SYSTEMPATH/Database/BaseConnection.php(588): CodeIgniter\Database\BaseConnection->initialize()
 2 SYSTEMPATH/Database/BaseBuilder.php(1669): CodeIgniter\Database\BaseConnection->query('SELECT COUNT(*) AS `numrows`
FROM `order_notifikasi` `n`
LEFT JOIN `order_invoice` `i` ON `n`.`invoice_id` = `i`.`id_invoice`
LEFT JOIN `order_user` `p` ON `n`.`from` = `p`.`id`
LEFT JOIN `order_juragan` `j` ON `j`.`id_juragan` = `n`.`juragan_id`
WHERE `n`.`for` = :n.for:
AND `n`.`read_at` IS NULL', [...], false)
 3 APPPATH/Controllers/Api/Notifikasi.php(37): CodeIgniter\Database\BaseBuilder->countAllResults()
 4 SYSTEMPATH/CodeIgniter.php(898): App\Controllers\Api\Notifikasi->get()
 5 SYSTEMPATH/CodeIgniter.php(457): CodeIgniter\CodeIgniter->runController(Object(App\Controllers\Api\Notifikasi))
 6 SYSTEMPATH/CodeIgniter.php(340): CodeIgniter\CodeIgniter->handleRequest(null, Object(Config\Cache), false)
 7 FCPATH/index.php(67): CodeIgniter\CodeIgniter->run()
ERROR - 2025-05-27 16:21:43 --> Error connecting to the database: mysqli_sql_exception: Too many connections in /home/dnzwygdo/djuragancom/vendor/codeigniter4/framework/system/Database/MySQLi/Connection.php:171
Stack trace:
#0 /home/dnzwygdo/djuragancom/vendor/codeigniter4/framework/system/Database/MySQLi/Connection.php(171): mysqli->real_connect('localhost', 'dnzwygdo_jura94...', 'v[,S+a7zlZd0', 'dnzwygdo_juraga...', 3306, '', 0)
#1 /home/dnzwygdo/djuragancom/vendor/codeigniter4/framework/system/Database/BaseConnection.php(382): CodeIgniter\Database\MySQLi\Connection->connect(false)
#2 /home/dnzwygdo/djuragancom/vendor/codeigniter4/framework/system/Database/BaseConnection.php(588): CodeIgniter\Database\BaseConnection->initialize()
#3 /home/dnzwygdo/djuragancom/vendor/codeigniter4/framework/system/Database/BaseBuilder.php(1669): CodeIgniter\Database\BaseConnection->query('SELECT COUNT(*)...', Array, false)
#4 /home/dnzwygdo/djuragancom/app/Controllers/Api/Notifikasi.php(37): CodeIgniter\Database\BaseBuilder->countAllResults()
#5 /home/dnzwygdo/djuragancom/vendor/codeigniter4/framework/system/CodeIgniter.php(898): App\Controllers\Api\Notifikasi->get()
#6 /home/dnzwygdo/djuragancom/vendor/codeigniter4/framework/system/CodeIgniter.php(457): CodeIgniter\CodeIgniter->runController(Object(App\Controllers\Api\Notifikasi))
#7 /home/dnzwygdo/djuragancom/vendor/codeigniter4/framework/system/CodeIgniter.php(340): CodeIgniter\CodeIgniter->handleRequest(NULL, Object(Config\Cache), false)
#8 /home/dnzwygdo/public_html/index.php(67): CodeIgniter\CodeIgniter->run()
#9 {main}

Next CodeIgniter\Database\Exceptions\DatabaseException: Too many connections in /home/dnzwygdo/djuragancom/vendor/codeigniter4/framework/system/Database/MySQLi/Connection.php:215
Stack trace:
#0 /home/dnzwygdo/djuragancom/vendor/codeigniter4/framework/system/Database/BaseConnection.php(382): CodeIgniter\Database\MySQLi\Connection->connect(false)
#1 /home/dnzwygdo/djuragancom/vendor/codeigniter4/framework/system/Database/BaseConnection.php(588): CodeIgniter\Database\BaseConnection->initialize()
#2 /home/dnzwygdo/djuragancom/vendor/codeigniter4/framework/system/Database/BaseBuilder.php(1669): CodeIgniter\Database\BaseConnection->query('SELECT COUNT(*)...', Array, false)
#3 /home/dnzwygdo/djuragancom/app/Controllers/Api/Notifikasi.php(37): CodeIgniter\Database\BaseBuilder->countAllResults()
#4 /home/dnzwygdo/djuragancom/vendor/codeigniter4/framework/system/CodeIgniter.php(898): App\Controllers\Api\Notifikasi->get()
#5 /home/dnzwygdo/djuragancom/vendor/codeigniter4/framework/system/CodeIgniter.php(457): CodeIgniter\CodeIgniter->runController(Object(App\Controllers\Api\Notifikasi))
#6 /home/dnzwygdo/djuragancom/vendor/codeigniter4/framework/system/CodeIgniter.php(340): CodeIgniter\CodeIgniter->handleRequest(NULL, Object(Config\Cache), false)
#7 /home/dnzwygdo/public_html/index.php(67): CodeIgniter\CodeIgniter->run()
#8 {main}
CRITICAL - 2025-05-27 16:21:43 --> Unable to connect to the database.
Main connection [MySQLi]: Too many connections
in SYSTEMPATH/Database/BaseConnection.php on line 418.
 1 SYSTEMPATH/Database/BaseConnection.php(588): CodeIgniter\Database\BaseConnection->initialize()
 2 SYSTEMPATH/Database/BaseBuilder.php(1669): CodeIgniter\Database\BaseConnection->query('SELECT COUNT(*) AS `numrows`
FROM `order_notifikasi` `n`
LEFT JOIN `order_invoice` `i` ON `n`.`invoice_id` = `i`.`id_invoice`
LEFT JOIN `order_user` `p` ON `n`.`from` = `p`.`id`
LEFT JOIN `order_juragan` `j` ON `j`.`id_juragan` = `n`.`juragan_id`
WHERE `n`.`for` = :n.for:
AND `n`.`read_at` IS NULL', [...], false)
 3 APPPATH/Controllers/Api/Notifikasi.php(37): CodeIgniter\Database\BaseBuilder->countAllResults()
 4 SYSTEMPATH/CodeIgniter.php(898): App\Controllers\Api\Notifikasi->get()
 5 SYSTEMPATH/CodeIgniter.php(457): CodeIgniter\CodeIgniter->runController(Object(App\Controllers\Api\Notifikasi))
 6 SYSTEMPATH/CodeIgniter.php(340): CodeIgniter\CodeIgniter->handleRequest(null, Object(Config\Cache), false)
 7 FCPATH/index.php(67): CodeIgniter\CodeIgniter->run()
ERROR - 2025-05-27 16:22:21 --> Error connecting to the database: mysqli_sql_exception: Too many connections in /home/dnzwygdo/djuragancom/vendor/codeigniter4/framework/system/Database/MySQLi/Connection.php:171
Stack trace:
#0 /home/dnzwygdo/djuragancom/vendor/codeigniter4/framework/system/Database/MySQLi/Connection.php(171): mysqli->real_connect('localhost', 'dnzwygdo_jura94...', 'v[,S+a7zlZd0', 'dnzwygdo_juraga...', 3306, '', 0)
#1 /home/dnzwygdo/djuragancom/vendor/codeigniter4/framework/system/Database/BaseConnection.php(382): CodeIgniter\Database\MySQLi\Connection->connect(false)
#2 /home/dnzwygdo/djuragancom/vendor/codeigniter4/framework/system/Database/BaseConnection.php(588): CodeIgniter\Database\BaseConnection->initialize()
#3 /home/dnzwygdo/djuragancom/vendor/codeigniter4/framework/system/Database/BaseBuilder.php(1669): CodeIgniter\Database\BaseConnection->query('SELECT COUNT(*)...', Array, false)
#4 /home/dnzwygdo/djuragancom/app/Controllers/Api/Notifikasi.php(37): CodeIgniter\Database\BaseBuilder->countAllResults()
#5 /home/dnzwygdo/djuragancom/vendor/codeigniter4/framework/system/CodeIgniter.php(898): App\Controllers\Api\Notifikasi->get()
#6 /home/dnzwygdo/djuragancom/vendor/codeigniter4/framework/system/CodeIgniter.php(457): CodeIgniter\CodeIgniter->runController(Object(App\Controllers\Api\Notifikasi))
#7 /home/dnzwygdo/djuragancom/vendor/codeigniter4/framework/system/CodeIgniter.php(340): CodeIgniter\CodeIgniter->handleRequest(NULL, Object(Config\Cache), false)
#8 /home/dnzwygdo/public_html/index.php(67): CodeIgniter\CodeIgniter->run()
#9 {main}

Next CodeIgniter\Database\Exceptions\DatabaseException: Too many connections in /home/dnzwygdo/djuragancom/vendor/codeigniter4/framework/system/Database/MySQLi/Connection.php:215
Stack trace:
#0 /home/dnzwygdo/djuragancom/vendor/codeigniter4/framework/system/Database/BaseConnection.php(382): CodeIgniter\Database\MySQLi\Connection->connect(false)
#1 /home/dnzwygdo/djuragancom/vendor/codeigniter4/framework/system/Database/BaseConnection.php(588): CodeIgniter\Database\BaseConnection->initialize()
#2 /home/dnzwygdo/djuragancom/vendor/codeigniter4/framework/system/Database/BaseBuilder.php(1669): CodeIgniter\Database\BaseConnection->query('SELECT COUNT(*)...', Array, false)
#3 /home/dnzwygdo/djuragancom/app/Controllers/Api/Notifikasi.php(37): CodeIgniter\Database\BaseBuilder->countAllResults()
#4 /home/dnzwygdo/djuragancom/vendor/codeigniter4/framework/system/CodeIgniter.php(898): App\Controllers\Api\Notifikasi->get()
#5 /home/dnzwygdo/djuragancom/vendor/codeigniter4/framework/system/CodeIgniter.php(457): CodeIgniter\CodeIgniter->runController(Object(App\Controllers\Api\Notifikasi))
#6 /home/dnzwygdo/djuragancom/vendor/codeigniter4/framework/system/CodeIgniter.php(340): CodeIgniter\CodeIgniter->handleRequest(NULL, Object(Config\Cache), false)
#7 /home/dnzwygdo/public_html/index.php(67): CodeIgniter\CodeIgniter->run()
#8 {main}
CRITICAL - 2025-05-27 16:22:21 --> Unable to connect to the database.
Main connection [MySQLi]: Too many connections
in SYSTEMPATH/Database/BaseConnection.php on line 418.
 1 SYSTEMPATH/Database/BaseConnection.php(588): CodeIgniter\Database\BaseConnection->initialize()
 2 SYSTEMPATH/Database/BaseBuilder.php(1669): CodeIgniter\Database\BaseConnection->query('SELECT COUNT(*) AS `numrows`
FROM `order_notifikasi` `n`
LEFT JOIN `order_invoice` `i` ON `n`.`invoice_id` = `i`.`id_invoice`
LEFT JOIN `order_user` `p` ON `n`.`from` = `p`.`id`
LEFT JOIN `order_juragan` `j` ON `j`.`id_juragan` = `n`.`juragan_id`
WHERE `n`.`for` = :n.for:
AND `n`.`read_at` IS NULL', [...], false)
 3 APPPATH/Controllers/Api/Notifikasi.php(37): CodeIgniter\Database\BaseBuilder->countAllResults()
 4 SYSTEMPATH/CodeIgniter.php(898): App\Controllers\Api\Notifikasi->get()
 5 SYSTEMPATH/CodeIgniter.php(457): CodeIgniter\CodeIgniter->runController(Object(App\Controllers\Api\Notifikasi))
 6 SYSTEMPATH/CodeIgniter.php(340): CodeIgniter\CodeIgniter->handleRequest(null, Object(Config\Cache), false)
 7 FCPATH/index.php(67): CodeIgniter\CodeIgniter->run()
ERROR - 2025-05-27 16:22:21 --> Error connecting to the database: mysqli_sql_exception: Too many connections in /home/dnzwygdo/djuragancom/vendor/codeigniter4/framework/system/Database/MySQLi/Connection.php:171
Stack trace:
#0 /home/dnzwygdo/djuragancom/vendor/codeigniter4/framework/system/Database/MySQLi/Connection.php(171): mysqli->real_connect('localhost', 'dnzwygdo_jura94...', 'v[,S+a7zlZd0', 'dnzwygdo_juraga...', 3306, '', 0)
#1 /home/dnzwygdo/djuragancom/vendor/codeigniter4/framework/system/Database/BaseConnection.php(382): CodeIgniter\Database\MySQLi\Connection->connect(false)
#2 /home/dnzwygdo/djuragancom/vendor/codeigniter4/framework/system/Database/BaseConnection.php(588): CodeIgniter\Database\BaseConnection->initialize()
#3 /home/dnzwygdo/djuragancom/vendor/codeigniter4/framework/system/Database/BaseBuilder.php(1669): CodeIgniter\Database\BaseConnection->query('SELECT COUNT(*)...', Array, false)
#4 /home/dnzwygdo/djuragancom/app/Controllers/Api/Notifikasi.php(37): CodeIgniter\Database\BaseBuilder->countAllResults()
#5 /home/dnzwygdo/djuragancom/vendor/codeigniter4/framework/system/CodeIgniter.php(898): App\Controllers\Api\Notifikasi->get()
#6 /home/dnzwygdo/djuragancom/vendor/codeigniter4/framework/system/CodeIgniter.php(457): CodeIgniter\CodeIgniter->runController(Object(App\Controllers\Api\Notifikasi))
#7 /home/dnzwygdo/djuragancom/vendor/codeigniter4/framework/system/CodeIgniter.php(340): CodeIgniter\CodeIgniter->handleRequest(NULL, Object(Config\Cache), false)
#8 /home/dnzwygdo/public_html/index.php(67): CodeIgniter\CodeIgniter->run()
#9 {main}

Next CodeIgniter\Database\Exceptions\DatabaseException: Too many connections in /home/dnzwygdo/djuragancom/vendor/codeigniter4/framework/system/Database/MySQLi/Connection.php:215
Stack trace:
#0 /home/dnzwygdo/djuragancom/vendor/codeigniter4/framework/system/Database/BaseConnection.php(382): CodeIgniter\Database\MySQLi\Connection->connect(false)
#1 /home/dnzwygdo/djuragancom/vendor/codeigniter4/framework/system/Database/BaseConnection.php(588): CodeIgniter\Database\BaseConnection->initialize()
#2 /home/dnzwygdo/djuragancom/vendor/codeigniter4/framework/system/Database/BaseBuilder.php(1669): CodeIgniter\Database\BaseConnection->query('SELECT COUNT(*)...', Array, false)
#3 /home/dnzwygdo/djuragancom/app/Controllers/Api/Notifikasi.php(37): CodeIgniter\Database\BaseBuilder->countAllResults()
#4 /home/dnzwygdo/djuragancom/vendor/codeigniter4/framework/system/CodeIgniter.php(898): App\Controllers\Api\Notifikasi->get()
#5 /home/dnzwygdo/djuragancom/vendor/codeigniter4/framework/system/CodeIgniter.php(457): CodeIgniter\CodeIgniter->runController(Object(App\Controllers\Api\Notifikasi))
#6 /home/dnzwygdo/djuragancom/vendor/codeigniter4/framework/system/CodeIgniter.php(340): CodeIgniter\CodeIgniter->handleRequest(NULL, Object(Config\Cache), false)
#7 /home/dnzwygdo/public_html/index.php(67): CodeIgniter\CodeIgniter->run()
#8 {main}
ERROR - 2025-05-27 16:22:21 --> Error connecting to the database: mysqli_sql_exception: Too many connections in /home/dnzwygdo/djuragancom/vendor/codeigniter4/framework/system/Database/MySQLi/Connection.php:171
Stack trace:
#0 /home/dnzwygdo/djuragancom/vendor/codeigniter4/framework/system/Database/MySQLi/Connection.php(171): mysqli->real_connect('localhost', 'dnzwygdo_jura94...', 'v[,S+a7zlZd0', 'dnzwygdo_juraga...', 3306, '', 0)
#1 /home/dnzwygdo/djuragancom/vendor/codeigniter4/framework/system/Database/BaseConnection.php(382): CodeIgniter\Database\MySQLi\Connection->connect(false)
#2 /home/dnzwygdo/djuragancom/vendor/codeigniter4/framework/system/Database/BaseConnection.php(588): CodeIgniter\Database\BaseConnection->initialize()
#3 /home/dnzwygdo/djuragancom/vendor/codeigniter4/framework/system/Database/BaseBuilder.php(1669): CodeIgniter\Database\BaseConnection->query('SELECT COUNT(*)...', Array, false)
#4 /home/dnzwygdo/djuragancom/app/Controllers/Api/Notifikasi.php(37): CodeIgniter\Database\BaseBuilder->countAllResults()
#5 /home/dnzwygdo/djuragancom/vendor/codeigniter4/framework/system/CodeIgniter.php(898): App\Controllers\Api\Notifikasi->get()
#6 /home/dnzwygdo/djuragancom/vendor/codeigniter4/framework/system/CodeIgniter.php(457): CodeIgniter\CodeIgniter->runController(Object(App\Controllers\Api\Notifikasi))
#7 /home/dnzwygdo/djuragancom/vendor/codeigniter4/framework/system/CodeIgniter.php(340): CodeIgniter\CodeIgniter->handleRequest(NULL, Object(Config\Cache), false)
#8 /home/dnzwygdo/public_html/index.php(67): CodeIgniter\CodeIgniter->run()
#9 {main}

Next CodeIgniter\Database\Exceptions\DatabaseException: Too many connections in /home/dnzwygdo/djuragancom/vendor/codeigniter4/framework/system/Database/MySQLi/Connection.php:215
Stack trace:
#0 /home/dnzwygdo/djuragancom/vendor/codeigniter4/framework/system/Database/BaseConnection.php(382): CodeIgniter\Database\MySQLi\Connection->connect(false)
#1 /home/dnzwygdo/djuragancom/vendor/codeigniter4/framework/system/Database/BaseConnection.php(588): CodeIgniter\Database\BaseConnection->initialize()
#2 /home/dnzwygdo/djuragancom/vendor/codeigniter4/framework/system/Database/BaseBuilder.php(1669): CodeIgniter\Database\BaseConnection->query('SELECT COUNT(*)...', Array, false)
#3 /home/dnzwygdo/djuragancom/app/Controllers/Api/Notifikasi.php(37): CodeIgniter\Database\BaseBuilder->countAllResults()
#4 /home/dnzwygdo/djuragancom/vendor/codeigniter4/framework/system/CodeIgniter.php(898): App\Controllers\Api\Notifikasi->get()
#5 /home/dnzwygdo/djuragancom/vendor/codeigniter4/framework/system/CodeIgniter.php(457): CodeIgniter\CodeIgniter->runController(Object(App\Controllers\Api\Notifikasi))
#6 /home/dnzwygdo/djuragancom/vendor/codeigniter4/framework/system/CodeIgniter.php(340): CodeIgniter\CodeIgniter->handleRequest(NULL, Object(Config\Cache), false)
#7 /home/dnzwygdo/public_html/index.php(67): CodeIgniter\CodeIgniter->run()
#8 {main}
CRITICAL - 2025-05-27 16:22:21 --> Unable to connect to the database.
Main connection [MySQLi]: Too many connections
in SYSTEMPATH/Database/BaseConnection.php on line 418.
 1 SYSTEMPATH/Database/BaseConnection.php(588): CodeIgniter\Database\BaseConnection->initialize()
 2 SYSTEMPATH/Database/BaseBuilder.php(1669): CodeIgniter\Database\BaseConnection->query('SELECT COUNT(*) AS `numrows`
FROM `order_notifikasi` `n`
LEFT JOIN `order_invoice` `i` ON `n`.`invoice_id` = `i`.`id_invoice`
LEFT JOIN `order_user` `p` ON `n`.`from` = `p`.`id`
LEFT JOIN `order_juragan` `j` ON `j`.`id_juragan` = `n`.`juragan_id`
WHERE `n`.`for` = :n.for:
AND `n`.`read_at` IS NULL', [...], false)
 3 APPPATH/Controllers/Api/Notifikasi.php(37): CodeIgniter\Database\BaseBuilder->countAllResults()
 4 SYSTEMPATH/CodeIgniter.php(898): App\Controllers\Api\Notifikasi->get()
 5 SYSTEMPATH/CodeIgniter.php(457): CodeIgniter\CodeIgniter->runController(Object(App\Controllers\Api\Notifikasi))
 6 SYSTEMPATH/CodeIgniter.php(340): CodeIgniter\CodeIgniter->handleRequest(null, Object(Config\Cache), false)
 7 FCPATH/index.php(67): CodeIgniter\CodeIgniter->run()
CRITICAL - 2025-05-27 16:22:21 --> Unable to connect to the database.
Main connection [MySQLi]: Too many connections
in SYSTEMPATH/Database/BaseConnection.php on line 418.
 1 SYSTEMPATH/Database/BaseConnection.php(588): CodeIgniter\Database\BaseConnection->initialize()
 2 SYSTEMPATH/Database/BaseBuilder.php(1669): CodeIgniter\Database\BaseConnection->query('SELECT COUNT(*) AS `numrows`
FROM `order_notifikasi` `n`
LEFT JOIN `order_invoice` `i` ON `n`.`invoice_id` = `i`.`id_invoice`
LEFT JOIN `order_user` `p` ON `n`.`from` = `p`.`id`
LEFT JOIN `order_juragan` `j` ON `j`.`id_juragan` = `n`.`juragan_id`
WHERE `n`.`for` = :n.for:
AND `n`.`read_at` IS NULL', [...], false)
 3 APPPATH/Controllers/Api/Notifikasi.php(37): CodeIgniter\Database\BaseBuilder->countAllResults()
 4 SYSTEMPATH/CodeIgniter.php(898): App\Controllers\Api\Notifikasi->get()
 5 SYSTEMPATH/CodeIgniter.php(457): CodeIgniter\CodeIgniter->runController(Object(App\Controllers\Api\Notifikasi))
 6 SYSTEMPATH/CodeIgniter.php(340): CodeIgniter\CodeIgniter->handleRequest(null, Object(Config\Cache), false)
 7 FCPATH/index.php(67): CodeIgniter\CodeIgniter->run()
ERROR - 2025-05-27 16:22:24 --> Error connecting to the database: mysqli_sql_exception: Too many connections in /home/dnzwygdo/djuragancom/vendor/codeigniter4/framework/system/Database/MySQLi/Connection.php:171
Stack trace:
#0 /home/dnzwygdo/djuragancom/vendor/codeigniter4/framework/system/Database/MySQLi/Connection.php(171): mysqli->real_connect('localhost', 'dnzwygdo_jura94...', 'v[,S+a7zlZd0', 'dnzwygdo_juraga...', 3306, '', 0)
#1 /home/dnzwygdo/djuragancom/vendor/codeigniter4/framework/system/Database/BaseConnection.php(382): CodeIgniter\Database\MySQLi\Connection->connect(false)
#2 /home/dnzwygdo/djuragancom/vendor/codeigniter4/framework/system/Database/BaseConnection.php(588): CodeIgniter\Database\BaseConnection->initialize()
#3 /home/dnzwygdo/djuragancom/vendor/codeigniter4/framework/system/Database/BaseBuilder.php(1669): CodeIgniter\Database\BaseConnection->query('SELECT COUNT(*)...', Array, false)
#4 /home/dnzwygdo/djuragancom/app/Controllers/Api/Notifikasi.php(37): CodeIgniter\Database\BaseBuilder->countAllResults()
#5 /home/dnzwygdo/djuragancom/vendor/codeigniter4/framework/system/CodeIgniter.php(898): App\Controllers\Api\Notifikasi->get()
#6 /home/dnzwygdo/djuragancom/vendor/codeigniter4/framework/system/CodeIgniter.php(457): CodeIgniter\CodeIgniter->runController(Object(App\Controllers\Api\Notifikasi))
#7 /home/dnzwygdo/djuragancom/vendor/codeigniter4/framework/system/CodeIgniter.php(340): CodeIgniter\CodeIgniter->handleRequest(NULL, Object(Config\Cache), false)
#8 /home/dnzwygdo/public_html/index.php(67): CodeIgniter\CodeIgniter->run()
#9 {main}

Next CodeIgniter\Database\Exceptions\DatabaseException: Too many connections in /home/dnzwygdo/djuragancom/vendor/codeigniter4/framework/system/Database/MySQLi/Connection.php:215
Stack trace:
#0 /home/dnzwygdo/djuragancom/vendor/codeigniter4/framework/system/Database/BaseConnection.php(382): CodeIgniter\Database\MySQLi\Connection->connect(false)
#1 /home/dnzwygdo/djuragancom/vendor/codeigniter4/framework/system/Database/BaseConnection.php(588): CodeIgniter\Database\BaseConnection->initialize()
#2 /home/dnzwygdo/djuragancom/vendor/codeigniter4/framework/system/Database/BaseBuilder.php(1669): CodeIgniter\Database\BaseConnection->query('SELECT COUNT(*)...', Array, false)
#3 /home/dnzwygdo/djuragancom/app/Controllers/Api/Notifikasi.php(37): CodeIgniter\Database\BaseBuilder->countAllResults()
#4 /home/dnzwygdo/djuragancom/vendor/codeigniter4/framework/system/CodeIgniter.php(898): App\Controllers\Api\Notifikasi->get()
#5 /home/dnzwygdo/djuragancom/vendor/codeigniter4/framework/system/CodeIgniter.php(457): CodeIgniter\CodeIgniter->runController(Object(App\Controllers\Api\Notifikasi))
#6 /home/dnzwygdo/djuragancom/vendor/codeigniter4/framework/system/CodeIgniter.php(340): CodeIgniter\CodeIgniter->handleRequest(NULL, Object(Config\Cache), false)
#7 /home/dnzwygdo/public_html/index.php(67): CodeIgniter\CodeIgniter->run()
#8 {main}
CRITICAL - 2025-05-27 16:22:24 --> Unable to connect to the database.
Main connection [MySQLi]: Too many connections
in SYSTEMPATH/Database/BaseConnection.php on line 418.
 1 SYSTEMPATH/Database/BaseConnection.php(588): CodeIgniter\Database\BaseConnection->initialize()
 2 SYSTEMPATH/Database/BaseBuilder.php(1669): CodeIgniter\Database\BaseConnection->query('SELECT COUNT(*) AS `numrows`
FROM `order_notifikasi` `n`
LEFT JOIN `order_invoice` `i` ON `n`.`invoice_id` = `i`.`id_invoice`
LEFT JOIN `order_user` `p` ON `n`.`from` = `p`.`id`
LEFT JOIN `order_juragan` `j` ON `j`.`id_juragan` = `n`.`juragan_id`
WHERE `n`.`for` = :n.for:
AND `n`.`read_at` IS NULL', [...], false)
 3 APPPATH/Controllers/Api/Notifikasi.php(37): CodeIgniter\Database\BaseBuilder->countAllResults()
 4 SYSTEMPATH/CodeIgniter.php(898): App\Controllers\Api\Notifikasi->get()
 5 SYSTEMPATH/CodeIgniter.php(457): CodeIgniter\CodeIgniter->runController(Object(App\Controllers\Api\Notifikasi))
 6 SYSTEMPATH/CodeIgniter.php(340): CodeIgniter\CodeIgniter->handleRequest(null, Object(Config\Cache), false)
 7 FCPATH/index.php(67): CodeIgniter\CodeIgniter->run()
ERROR - 2025-05-27 16:22:43 --> Error connecting to the database: mysqli_sql_exception: Too many connections in /home/dnzwygdo/djuragancom/vendor/codeigniter4/framework/system/Database/MySQLi/Connection.php:171
Stack trace:
#0 /home/dnzwygdo/djuragancom/vendor/codeigniter4/framework/system/Database/MySQLi/Connection.php(171): mysqli->real_connect('localhost', 'dnzwygdo_jura94...', 'v[,S+a7zlZd0', 'dnzwygdo_juraga...', 3306, '', 0)
#1 /home/dnzwygdo/djuragancom/vendor/codeigniter4/framework/system/Database/BaseConnection.php(382): CodeIgniter\Database\MySQLi\Connection->connect(false)
#2 /home/dnzwygdo/djuragancom/vendor/codeigniter4/framework/system/Database/BaseConnection.php(588): CodeIgniter\Database\BaseConnection->initialize()
#3 /home/dnzwygdo/djuragancom/vendor/codeigniter4/framework/system/Database/BaseBuilder.php(1669): CodeIgniter\Database\BaseConnection->query('SELECT COUNT(*)...', Array, false)
#4 /home/dnzwygdo/djuragancom/app/Controllers/Api/Notifikasi.php(37): CodeIgniter\Database\BaseBuilder->countAllResults()
#5 /home/dnzwygdo/djuragancom/vendor/codeigniter4/framework/system/CodeIgniter.php(898): App\Controllers\Api\Notifikasi->get()
#6 /home/dnzwygdo/djuragancom/vendor/codeigniter4/framework/system/CodeIgniter.php(457): CodeIgniter\CodeIgniter->runController(Object(App\Controllers\Api\Notifikasi))
#7 /home/dnzwygdo/djuragancom/vendor/codeigniter4/framework/system/CodeIgniter.php(340): CodeIgniter\CodeIgniter->handleRequest(NULL, Object(Config\Cache), false)
#8 /home/dnzwygdo/public_html/index.php(67): CodeIgniter\CodeIgniter->run()
#9 {main}

Next CodeIgniter\Database\Exceptions\DatabaseException: Too many connections in /home/dnzwygdo/djuragancom/vendor/codeigniter4/framework/system/Database/MySQLi/Connection.php:215
Stack trace:
#0 /home/dnzwygdo/djuragancom/vendor/codeigniter4/framework/system/Database/BaseConnection.php(382): CodeIgniter\Database\MySQLi\Connection->connect(false)
#1 /home/dnzwygdo/djuragancom/vendor/codeigniter4/framework/system/Database/BaseConnection.php(588): CodeIgniter\Database\BaseConnection->initialize()
#2 /home/dnzwygdo/djuragancom/vendor/codeigniter4/framework/system/Database/BaseBuilder.php(1669): CodeIgniter\Database\BaseConnection->query('SELECT COUNT(*)...', Array, false)
#3 /home/dnzwygdo/djuragancom/app/Controllers/Api/Notifikasi.php(37): CodeIgniter\Database\BaseBuilder->countAllResults()
#4 /home/dnzwygdo/djuragancom/vendor/codeigniter4/framework/system/CodeIgniter.php(898): App\Controllers\Api\Notifikasi->get()
#5 /home/dnzwygdo/djuragancom/vendor/codeigniter4/framework/system/CodeIgniter.php(457): CodeIgniter\CodeIgniter->runController(Object(App\Controllers\Api\Notifikasi))
#6 /home/dnzwygdo/djuragancom/vendor/codeigniter4/framework/system/CodeIgniter.php(340): CodeIgniter\CodeIgniter->handleRequest(NULL, Object(Config\Cache), false)
#7 /home/dnzwygdo/public_html/index.php(67): CodeIgniter\CodeIgniter->run()
#8 {main}
CRITICAL - 2025-05-27 16:22:43 --> Unable to connect to the database.
Main connection [MySQLi]: Too many connections
in SYSTEMPATH/Database/BaseConnection.php on line 418.
 1 SYSTEMPATH/Database/BaseConnection.php(588): CodeIgniter\Database\BaseConnection->initialize()
 2 SYSTEMPATH/Database/BaseBuilder.php(1669): CodeIgniter\Database\BaseConnection->query('SELECT COUNT(*) AS `numrows`
FROM `order_notifikasi` `n`
LEFT JOIN `order_invoice` `i` ON `n`.`invoice_id` = `i`.`id_invoice`
LEFT JOIN `order_user` `p` ON `n`.`from` = `p`.`id`
LEFT JOIN `order_juragan` `j` ON `j`.`id_juragan` = `n`.`juragan_id`
WHERE `n`.`for` = :n.for:
AND `n`.`read_at` IS NULL', [...], false)
 3 APPPATH/Controllers/Api/Notifikasi.php(37): CodeIgniter\Database\BaseBuilder->countAllResults()
 4 SYSTEMPATH/CodeIgniter.php(898): App\Controllers\Api\Notifikasi->get()
 5 SYSTEMPATH/CodeIgniter.php(457): CodeIgniter\CodeIgniter->runController(Object(App\Controllers\Api\Notifikasi))
 6 SYSTEMPATH/CodeIgniter.php(340): CodeIgniter\CodeIgniter->handleRequest(null, Object(Config\Cache), false)
 7 FCPATH/index.php(67): CodeIgniter\CodeIgniter->run()
ERROR - 2025-05-27 16:23:21 --> Error connecting to the database: mysqli_sql_exception: Too many connections in /home/dnzwygdo/djuragancom/vendor/codeigniter4/framework/system/Database/MySQLi/Connection.php:171
Stack trace:
#0 /home/dnzwygdo/djuragancom/vendor/codeigniter4/framework/system/Database/MySQLi/Connection.php(171): mysqli->real_connect('localhost', 'dnzwygdo_jura94...', 'v[,S+a7zlZd0', 'dnzwygdo_juraga...', 3306, '', 0)
#1 /home/dnzwygdo/djuragancom/vendor/codeigniter4/framework/system/Database/BaseConnection.php(382): CodeIgniter\Database\MySQLi\Connection->connect(false)
#2 /home/dnzwygdo/djuragancom/vendor/codeigniter4/framework/system/Database/BaseConnection.php(588): CodeIgniter\Database\BaseConnection->initialize()
#3 /home/dnzwygdo/djuragancom/vendor/codeigniter4/framework/system/Database/BaseBuilder.php(1669): CodeIgniter\Database\BaseConnection->query('SELECT COUNT(*)...', Array, false)
#4 /home/dnzwygdo/djuragancom/app/Controllers/Api/Notifikasi.php(37): CodeIgniter\Database\BaseBuilder->countAllResults()
#5 /home/dnzwygdo/djuragancom/vendor/codeigniter4/framework/system/CodeIgniter.php(898): App\Controllers\Api\Notifikasi->get()
#6 /home/dnzwygdo/djuragancom/vendor/codeigniter4/framework/system/CodeIgniter.php(457): CodeIgniter\CodeIgniter->runController(Object(App\Controllers\Api\Notifikasi))
#7 /home/dnzwygdo/djuragancom/vendor/codeigniter4/framework/system/CodeIgniter.php(340): CodeIgniter\CodeIgniter->handleRequest(NULL, Object(Config\Cache), false)
#8 /home/dnzwygdo/public_html/index.php(67): CodeIgniter\CodeIgniter->run()
#9 {main}

Next CodeIgniter\Database\Exceptions\DatabaseException: Too many connections in /home/dnzwygdo/djuragancom/vendor/codeigniter4/framework/system/Database/MySQLi/Connection.php:215
Stack trace:
#0 /home/dnzwygdo/djuragancom/vendor/codeigniter4/framework/system/Database/BaseConnection.php(382): CodeIgniter\Database\MySQLi\Connection->connect(false)
#1 /home/dnzwygdo/djuragancom/vendor/codeigniter4/framework/system/Database/BaseConnection.php(588): CodeIgniter\Database\BaseConnection->initialize()
#2 /home/dnzwygdo/djuragancom/vendor/codeigniter4/framework/system/Database/BaseBuilder.php(1669): CodeIgniter\Database\BaseConnection->query('SELECT COUNT(*)...', Array, false)
#3 /home/dnzwygdo/djuragancom/app/Controllers/Api/Notifikasi.php(37): CodeIgniter\Database\BaseBuilder->countAllResults()
#4 /home/dnzwygdo/djuragancom/vendor/codeigniter4/framework/system/CodeIgniter.php(898): App\Controllers\Api\Notifikasi->get()
#5 /home/dnzwygdo/djuragancom/vendor/codeigniter4/framework/system/CodeIgniter.php(457): CodeIgniter\CodeIgniter->runController(Object(App\Controllers\Api\Notifikasi))
#6 /home/dnzwygdo/djuragancom/vendor/codeigniter4/framework/system/CodeIgniter.php(340): CodeIgniter\CodeIgniter->handleRequest(NULL, Object(Config\Cache), false)
#7 /home/dnzwygdo/public_html/index.php(67): CodeIgniter\CodeIgniter->run()
#8 {main}
CRITICAL - 2025-05-27 16:23:21 --> Unable to connect to the database.
Main connection [MySQLi]: Too many connections
in SYSTEMPATH/Database/BaseConnection.php on line 418.
 1 SYSTEMPATH/Database/BaseConnection.php(588): CodeIgniter\Database\BaseConnection->initialize()
 2 SYSTEMPATH/Database/BaseBuilder.php(1669): CodeIgniter\Database\BaseConnection->query('SELECT COUNT(*) AS `numrows`
FROM `order_notifikasi` `n`
LEFT JOIN `order_invoice` `i` ON `n`.`invoice_id` = `i`.`id_invoice`
LEFT JOIN `order_user` `p` ON `n`.`from` = `p`.`id`
LEFT JOIN `order_juragan` `j` ON `j`.`id_juragan` = `n`.`juragan_id`
WHERE `n`.`for` = :n.for:
AND `n`.`read_at` IS NULL', [...], false)
 3 APPPATH/Controllers/Api/Notifikasi.php(37): CodeIgniter\Database\BaseBuilder->countAllResults()
 4 SYSTEMPATH/CodeIgniter.php(898): App\Controllers\Api\Notifikasi->get()
 5 SYSTEMPATH/CodeIgniter.php(457): CodeIgniter\CodeIgniter->runController(Object(App\Controllers\Api\Notifikasi))
 6 SYSTEMPATH/CodeIgniter.php(340): CodeIgniter\CodeIgniter->handleRequest(null, Object(Config\Cache), false)
 7 FCPATH/index.php(67): CodeIgniter\CodeIgniter->run()
ERROR - 2025-05-27 16:23:21 --> Error connecting to the database: mysqli_sql_exception: Too many connections in /home/dnzwygdo/djuragancom/vendor/codeigniter4/framework/system/Database/MySQLi/Connection.php:171
Stack trace:
#0 /home/dnzwygdo/djuragancom/vendor/codeigniter4/framework/system/Database/MySQLi/Connection.php(171): mysqli->real_connect('localhost', 'dnzwygdo_jura94...', 'v[,S+a7zlZd0', 'dnzwygdo_juraga...', 3306, '', 0)
#1 /home/dnzwygdo/djuragancom/vendor/codeigniter4/framework/system/Database/BaseConnection.php(382): CodeIgniter\Database\MySQLi\Connection->connect(false)
#2 /home/dnzwygdo/djuragancom/vendor/codeigniter4/framework/system/Database/BaseConnection.php(588): CodeIgniter\Database\BaseConnection->initialize()
#3 /home/dnzwygdo/djuragancom/vendor/codeigniter4/framework/system/Database/BaseBuilder.php(1669): CodeIgniter\Database\BaseConnection->query('SELECT COUNT(*)...', Array, false)
#4 /home/dnzwygdo/djuragancom/app/Controllers/Api/Notifikasi.php(37): CodeIgniter\Database\BaseBuilder->countAllResults()
#5 /home/dnzwygdo/djuragancom/vendor/codeigniter4/framework/system/CodeIgniter.php(898): App\Controllers\Api\Notifikasi->get()
#6 /home/dnzwygdo/djuragancom/vendor/codeigniter4/framework/system/CodeIgniter.php(457): CodeIgniter\CodeIgniter->runController(Object(App\Controllers\Api\Notifikasi))
#7 /home/dnzwygdo/djuragancom/vendor/codeigniter4/framework/system/CodeIgniter.php(340): CodeIgniter\CodeIgniter->handleRequest(NULL, Object(Config\Cache), false)
#8 /home/dnzwygdo/public_html/index.php(67): CodeIgniter\CodeIgniter->run()
#9 {main}

Next CodeIgniter\Database\Exceptions\DatabaseException: Too many connections in /home/dnzwygdo/djuragancom/vendor/codeigniter4/framework/system/Database/MySQLi/Connection.php:215
Stack trace:
#0 /home/dnzwygdo/djuragancom/vendor/codeigniter4/framework/system/Database/BaseConnection.php(382): CodeIgniter\Database\MySQLi\Connection->connect(false)
#1 /home/dnzwygdo/djuragancom/vendor/codeigniter4/framework/system/Database/BaseConnection.php(588): CodeIgniter\Database\BaseConnection->initialize()
#2 /home/dnzwygdo/djuragancom/vendor/codeigniter4/framework/system/Database/BaseBuilder.php(1669): CodeIgniter\Database\BaseConnection->query('SELECT COUNT(*)...', Array, false)
#3 /home/dnzwygdo/djuragancom/app/Controllers/Api/Notifikasi.php(37): CodeIgniter\Database\BaseBuilder->countAllResults()
#4 /home/dnzwygdo/djuragancom/vendor/codeigniter4/framework/system/CodeIgniter.php(898): App\Controllers\Api\Notifikasi->get()
#5 /home/dnzwygdo/djuragancom/vendor/codeigniter4/framework/system/CodeIgniter.php(457): CodeIgniter\CodeIgniter->runController(Object(App\Controllers\Api\Notifikasi))
#6 /home/dnzwygdo/djuragancom/vendor/codeigniter4/framework/system/CodeIgniter.php(340): CodeIgniter\CodeIgniter->handleRequest(NULL, Object(Config\Cache), false)
#7 /home/dnzwygdo/public_html/index.php(67): CodeIgniter\CodeIgniter->run()
#8 {main}
CRITICAL - 2025-05-27 16:23:21 --> Unable to connect to the database.
Main connection [MySQLi]: Too many connections
in SYSTEMPATH/Database/BaseConnection.php on line 418.
 1 SYSTEMPATH/Database/BaseConnection.php(588): CodeIgniter\Database\BaseConnection->initialize()
 2 SYSTEMPATH/Database/BaseBuilder.php(1669): CodeIgniter\Database\BaseConnection->query('SELECT COUNT(*) AS `numrows`
FROM `order_notifikasi` `n`
LEFT JOIN `order_invoice` `i` ON `n`.`invoice_id` = `i`.`id_invoice`
LEFT JOIN `order_user` `p` ON `n`.`from` = `p`.`id`
LEFT JOIN `order_juragan` `j` ON `j`.`id_juragan` = `n`.`juragan_id`
WHERE `n`.`for` = :n.for:
AND `n`.`read_at` IS NULL', [...], false)
 3 APPPATH/Controllers/Api/Notifikasi.php(37): CodeIgniter\Database\BaseBuilder->countAllResults()
 4 SYSTEMPATH/CodeIgniter.php(898): App\Controllers\Api\Notifikasi->get()
 5 SYSTEMPATH/CodeIgniter.php(457): CodeIgniter\CodeIgniter->runController(Object(App\Controllers\Api\Notifikasi))
 6 SYSTEMPATH/CodeIgniter.php(340): CodeIgniter\CodeIgniter->handleRequest(null, Object(Config\Cache), false)
 7 FCPATH/index.php(67): CodeIgniter\CodeIgniter->run()
ERROR - 2025-05-27 16:23:24 --> Error connecting to the database: mysqli_sql_exception: Too many connections in /home/dnzwygdo/djuragancom/vendor/codeigniter4/framework/system/Database/MySQLi/Connection.php:171
Stack trace:
#0 /home/dnzwygdo/djuragancom/vendor/codeigniter4/framework/system/Database/MySQLi/Connection.php(171): mysqli->real_connect('localhost', 'dnzwygdo_jura94...', 'v[,S+a7zlZd0', 'dnzwygdo_juraga...', 3306, '', 0)
#1 /home/dnzwygdo/djuragancom/vendor/codeigniter4/framework/system/Database/BaseConnection.php(382): CodeIgniter\Database\MySQLi\Connection->connect(false)
#2 /home/dnzwygdo/djuragancom/vendor/codeigniter4/framework/system/Database/BaseConnection.php(588): CodeIgniter\Database\BaseConnection->initialize()
#3 /home/dnzwygdo/djuragancom/vendor/codeigniter4/framework/system/Database/BaseBuilder.php(1669): CodeIgniter\Database\BaseConnection->query('SELECT COUNT(*)...', Array, false)
#4 /home/dnzwygdo/djuragancom/app/Controllers/Api/Notifikasi.php(37): CodeIgniter\Database\BaseBuilder->countAllResults()
#5 /home/dnzwygdo/djuragancom/vendor/codeigniter4/framework/system/CodeIgniter.php(898): App\Controllers\Api\Notifikasi->get()
#6 /home/dnzwygdo/djuragancom/vendor/codeigniter4/framework/system/CodeIgniter.php(457): CodeIgniter\CodeIgniter->runController(Object(App\Controllers\Api\Notifikasi))
#7 /home/dnzwygdo/djuragancom/vendor/codeigniter4/framework/system/CodeIgniter.php(340): CodeIgniter\CodeIgniter->handleRequest(NULL, Object(Config\Cache), false)
#8 /home/dnzwygdo/public_html/index.php(67): CodeIgniter\CodeIgniter->run()
#9 {main}

Next CodeIgniter\Database\Exceptions\DatabaseException: Too many connections in /home/dnzwygdo/djuragancom/vendor/codeigniter4/framework/system/Database/MySQLi/Connection.php:215
Stack trace:
#0 /home/dnzwygdo/djuragancom/vendor/codeigniter4/framework/system/Database/BaseConnection.php(382): CodeIgniter\Database\MySQLi\Connection->connect(false)
#1 /home/dnzwygdo/djuragancom/vendor/codeigniter4/framework/system/Database/BaseConnection.php(588): CodeIgniter\Database\BaseConnection->initialize()
#2 /home/dnzwygdo/djuragancom/vendor/codeigniter4/framework/system/Database/BaseBuilder.php(1669): CodeIgniter\Database\BaseConnection->query('SELECT COUNT(*)...', Array, false)
#3 /home/dnzwygdo/djuragancom/app/Controllers/Api/Notifikasi.php(37): CodeIgniter\Database\BaseBuilder->countAllResults()
#4 /home/dnzwygdo/djuragancom/vendor/codeigniter4/framework/system/CodeIgniter.php(898): App\Controllers\Api\Notifikasi->get()
#5 /home/dnzwygdo/djuragancom/vendor/codeigniter4/framework/system/CodeIgniter.php(457): CodeIgniter\CodeIgniter->runController(Object(App\Controllers\Api\Notifikasi))
#6 /home/dnzwygdo/djuragancom/vendor/codeigniter4/framework/system/CodeIgniter.php(340): CodeIgniter\CodeIgniter->handleRequest(NULL, Object(Config\Cache), false)
#7 /home/dnzwygdo/public_html/index.php(67): CodeIgniter\CodeIgniter->run()
#8 {main}
CRITICAL - 2025-05-27 16:23:24 --> Unable to connect to the database.
Main connection [MySQLi]: Too many connections
in SYSTEMPATH/Database/BaseConnection.php on line 418.
 1 SYSTEMPATH/Database/BaseConnection.php(588): CodeIgniter\Database\BaseConnection->initialize()
 2 SYSTEMPATH/Database/BaseBuilder.php(1669): CodeIgniter\Database\BaseConnection->query('SELECT COUNT(*) AS `numrows`
FROM `order_notifikasi` `n`
LEFT JOIN `order_invoice` `i` ON `n`.`invoice_id` = `i`.`id_invoice`
LEFT JOIN `order_user` `p` ON `n`.`from` = `p`.`id`
LEFT JOIN `order_juragan` `j` ON `j`.`id_juragan` = `n`.`juragan_id`
WHERE `n`.`for` = :n.for:
AND `n`.`read_at` IS NULL', [...], false)
 3 APPPATH/Controllers/Api/Notifikasi.php(37): CodeIgniter\Database\BaseBuilder->countAllResults()
 4 SYSTEMPATH/CodeIgniter.php(898): App\Controllers\Api\Notifikasi->get()
 5 SYSTEMPATH/CodeIgniter.php(457): CodeIgniter\CodeIgniter->runController(Object(App\Controllers\Api\Notifikasi))
 6 SYSTEMPATH/CodeIgniter.php(340): CodeIgniter\CodeIgniter->handleRequest(null, Object(Config\Cache), false)
 7 FCPATH/index.php(67): CodeIgniter\CodeIgniter->run()
ERROR - 2025-05-27 16:23:43 --> Error connecting to the database: mysqli_sql_exception: Too many connections in /home/dnzwygdo/djuragancom/vendor/codeigniter4/framework/system/Database/MySQLi/Connection.php:171
Stack trace:
#0 /home/dnzwygdo/djuragancom/vendor/codeigniter4/framework/system/Database/MySQLi/Connection.php(171): mysqli->real_connect('localhost', 'dnzwygdo_jura94...', 'v[,S+a7zlZd0', 'dnzwygdo_juraga...', 3306, '', 0)
#1 /home/dnzwygdo/djuragancom/vendor/codeigniter4/framework/system/Database/BaseConnection.php(382): CodeIgniter\Database\MySQLi\Connection->connect(false)
#2 /home/dnzwygdo/djuragancom/vendor/codeigniter4/framework/system/Database/BaseConnection.php(588): CodeIgniter\Database\BaseConnection->initialize()
#3 /home/dnzwygdo/djuragancom/vendor/codeigniter4/framework/system/Database/BaseBuilder.php(1669): CodeIgniter\Database\BaseConnection->query('SELECT COUNT(*)...', Array, false)
#4 /home/dnzwygdo/djuragancom/app/Controllers/Api/Notifikasi.php(37): CodeIgniter\Database\BaseBuilder->countAllResults()
#5 /home/dnzwygdo/djuragancom/vendor/codeigniter4/framework/system/CodeIgniter.php(898): App\Controllers\Api\Notifikasi->get()
#6 /home/dnzwygdo/djuragancom/vendor/codeigniter4/framework/system/CodeIgniter.php(457): CodeIgniter\CodeIgniter->runController(Object(App\Controllers\Api\Notifikasi))
#7 /home/dnzwygdo/djuragancom/vendor/codeigniter4/framework/system/CodeIgniter.php(340): CodeIgniter\CodeIgniter->handleRequest(NULL, Object(Config\Cache), false)
#8 /home/dnzwygdo/public_html/index.php(67): CodeIgniter\CodeIgniter->run()
#9 {main}

Next CodeIgniter\Database\Exceptions\DatabaseException: Too many connections in /home/dnzwygdo/djuragancom/vendor/codeigniter4/framework/system/Database/MySQLi/Connection.php:215
Stack trace:
#0 /home/dnzwygdo/djuragancom/vendor/codeigniter4/framework/system/Database/BaseConnection.php(382): CodeIgniter\Database\MySQLi\Connection->connect(false)
#1 /home/dnzwygdo/djuragancom/vendor/codeigniter4/framework/system/Database/BaseConnection.php(588): CodeIgniter\Database\BaseConnection->initialize()
#2 /home/dnzwygdo/djuragancom/vendor/codeigniter4/framework/system/Database/BaseBuilder.php(1669): CodeIgniter\Database\BaseConnection->query('SELECT COUNT(*)...', Array, false)
#3 /home/dnzwygdo/djuragancom/app/Controllers/Api/Notifikasi.php(37): CodeIgniter\Database\BaseBuilder->countAllResults()
#4 /home/dnzwygdo/djuragancom/vendor/codeigniter4/framework/system/CodeIgniter.php(898): App\Controllers\Api\Notifikasi->get()
#5 /home/dnzwygdo/djuragancom/vendor/codeigniter4/framework/system/CodeIgniter.php(457): CodeIgniter\CodeIgniter->runController(Object(App\Controllers\Api\Notifikasi))
#6 /home/dnzwygdo/djuragancom/vendor/codeigniter4/framework/system/CodeIgniter.php(340): CodeIgniter\CodeIgniter->handleRequest(NULL, Object(Config\Cache), false)
#7 /home/dnzwygdo/public_html/index.php(67): CodeIgniter\CodeIgniter->run()
#8 {main}
CRITICAL - 2025-05-27 16:23:43 --> Unable to connect to the database.
Main connection [MySQLi]: Too many connections
in SYSTEMPATH/Database/BaseConnection.php on line 418.
 1 SYSTEMPATH/Database/BaseConnection.php(588): CodeIgniter\Database\BaseConnection->initialize()
 2 SYSTEMPATH/Database/BaseBuilder.php(1669): CodeIgniter\Database\BaseConnection->query('SELECT COUNT(*) AS `numrows`
FROM `order_notifikasi` `n`
LEFT JOIN `order_invoice` `i` ON `n`.`invoice_id` = `i`.`id_invoice`
LEFT JOIN `order_user` `p` ON `n`.`from` = `p`.`id`
LEFT JOIN `order_juragan` `j` ON `j`.`id_juragan` = `n`.`juragan_id`
WHERE `n`.`for` = :n.for:
AND `n`.`read_at` IS NULL', [...], false)
 3 APPPATH/Controllers/Api/Notifikasi.php(37): CodeIgniter\Database\BaseBuilder->countAllResults()
 4 SYSTEMPATH/CodeIgniter.php(898): App\Controllers\Api\Notifikasi->get()
 5 SYSTEMPATH/CodeIgniter.php(457): CodeIgniter\CodeIgniter->runController(Object(App\Controllers\Api\Notifikasi))
 6 SYSTEMPATH/CodeIgniter.php(340): CodeIgniter\CodeIgniter->handleRequest(null, Object(Config\Cache), false)
 7 FCPATH/index.php(67): CodeIgniter\CodeIgniter->run()
ERROR - 2025-05-27 16:23:57 --> Error connecting to the database: mysqli_sql_exception: Too many connections in /home/dnzwygdo/djuragancom/vendor/codeigniter4/framework/system/Database/MySQLi/Connection.php:171
Stack trace:
#0 /home/dnzwygdo/djuragancom/vendor/codeigniter4/framework/system/Database/MySQLi/Connection.php(171): mysqli->real_connect('localhost', 'dnzwygdo_jura94...', 'v[,S+a7zlZd0', 'dnzwygdo_juraga...', 3306, '', 0)
#1 /home/dnzwygdo/djuragancom/vendor/codeigniter4/framework/system/Database/BaseConnection.php(382): CodeIgniter\Database\MySQLi\Connection->connect(false)
#2 /home/dnzwygdo/djuragancom/vendor/codeigniter4/framework/system/Database/BaseConnection.php(588): CodeIgniter\Database\BaseConnection->initialize()
#3 /home/dnzwygdo/djuragancom/vendor/codeigniter4/framework/system/Database/BaseBuilder.php(1669): CodeIgniter\Database\BaseConnection->query('SELECT COUNT(*)...', Array, false)
#4 /home/dnzwygdo/djuragancom/app/Controllers/Api/Notifikasi.php(37): CodeIgniter\Database\BaseBuilder->countAllResults()
#5 /home/dnzwygdo/djuragancom/vendor/codeigniter4/framework/system/CodeIgniter.php(898): App\Controllers\Api\Notifikasi->get()
#6 /home/dnzwygdo/djuragancom/vendor/codeigniter4/framework/system/CodeIgniter.php(457): CodeIgniter\CodeIgniter->runController(Object(App\Controllers\Api\Notifikasi))
#7 /home/dnzwygdo/djuragancom/vendor/codeigniter4/framework/system/CodeIgniter.php(340): CodeIgniter\CodeIgniter->handleRequest(NULL, Object(Config\Cache), false)
#8 /home/dnzwygdo/public_html/index.php(67): CodeIgniter\CodeIgniter->run()
#9 {main}

Next CodeIgniter\Database\Exceptions\DatabaseException: Too many connections in /home/dnzwygdo/djuragancom/vendor/codeigniter4/framework/system/Database/MySQLi/Connection.php:215
Stack trace:
#0 /home/dnzwygdo/djuragancom/vendor/codeigniter4/framework/system/Database/BaseConnection.php(382): CodeIgniter\Database\MySQLi\Connection->connect(false)
#1 /home/dnzwygdo/djuragancom/vendor/codeigniter4/framework/system/Database/BaseConnection.php(588): CodeIgniter\Database\BaseConnection->initialize()
#2 /home/dnzwygdo/djuragancom/vendor/codeigniter4/framework/system/Database/BaseBuilder.php(1669): CodeIgniter\Database\BaseConnection->query('SELECT COUNT(*)...', Array, false)
#3 /home/dnzwygdo/djuragancom/app/Controllers/Api/Notifikasi.php(37): CodeIgniter\Database\BaseBuilder->countAllResults()
#4 /home/dnzwygdo/djuragancom/vendor/codeigniter4/framework/system/CodeIgniter.php(898): App\Controllers\Api\Notifikasi->get()
#5 /home/dnzwygdo/djuragancom/vendor/codeigniter4/framework/system/CodeIgniter.php(457): CodeIgniter\CodeIgniter->runController(Object(App\Controllers\Api\Notifikasi))
#6 /home/dnzwygdo/djuragancom/vendor/codeigniter4/framework/system/CodeIgniter.php(340): CodeIgniter\CodeIgniter->handleRequest(NULL, Object(Config\Cache), false)
#7 /home/dnzwygdo/public_html/index.php(67): CodeIgniter\CodeIgniter->run()
#8 {main}
CRITICAL - 2025-05-27 16:23:57 --> Unable to connect to the database.
Main connection [MySQLi]: Too many connections
in SYSTEMPATH/Database/BaseConnection.php on line 418.
 1 SYSTEMPATH/Database/BaseConnection.php(588): CodeIgniter\Database\BaseConnection->initialize()
 2 SYSTEMPATH/Database/BaseBuilder.php(1669): CodeIgniter\Database\BaseConnection->query('SELECT COUNT(*) AS `numrows`
FROM `order_notifikasi` `n`
LEFT JOIN `order_invoice` `i` ON `n`.`invoice_id` = `i`.`id_invoice`
LEFT JOIN `order_user` `p` ON `n`.`from` = `p`.`id`
LEFT JOIN `order_juragan` `j` ON `j`.`id_juragan` = `n`.`juragan_id`
WHERE `n`.`for` = :n.for:
AND `n`.`read_at` IS NULL', [...], false)
 3 APPPATH/Controllers/Api/Notifikasi.php(37): CodeIgniter\Database\BaseBuilder->countAllResults()
 4 SYSTEMPATH/CodeIgniter.php(898): App\Controllers\Api\Notifikasi->get()
 5 SYSTEMPATH/CodeIgniter.php(457): CodeIgniter\CodeIgniter->runController(Object(App\Controllers\Api\Notifikasi))
 6 SYSTEMPATH/CodeIgniter.php(340): CodeIgniter\CodeIgniter->handleRequest(null, Object(Config\Cache), false)
 7 FCPATH/index.php(67): CodeIgniter\CodeIgniter->run()
ERROR - 2025-05-27 16:23:58 --> Error connecting to the database: mysqli_sql_exception: Too many connections in /home/dnzwygdo/djuragancom/vendor/codeigniter4/framework/system/Database/MySQLi/Connection.php:171
Stack trace:
#0 /home/dnzwygdo/djuragancom/vendor/codeigniter4/framework/system/Database/MySQLi/Connection.php(171): mysqli->real_connect('localhost', 'dnzwygdo_jura94...', 'v[,S+a7zlZd0', 'dnzwygdo_juraga...', 3306, '', 0)
#1 /home/dnzwygdo/djuragancom/vendor/codeigniter4/framework/system/Database/BaseConnection.php(382): CodeIgniter\Database\MySQLi\Connection->connect(false)
#2 /home/dnzwygdo/djuragancom/vendor/codeigniter4/framework/system/Database/BaseConnection.php(588): CodeIgniter\Database\BaseConnection->initialize()
#3 /home/dnzwygdo/djuragancom/vendor/codeigniter4/framework/system/Database/BaseBuilder.php(1669): CodeIgniter\Database\BaseConnection->query('SELECT COUNT(*)...', Array, false)
#4 /home/dnzwygdo/djuragancom/app/Controllers/Api/Notifikasi.php(37): CodeIgniter\Database\BaseBuilder->countAllResults()
#5 /home/dnzwygdo/djuragancom/vendor/codeigniter4/framework/system/CodeIgniter.php(898): App\Controllers\Api\Notifikasi->get()
#6 /home/dnzwygdo/djuragancom/vendor/codeigniter4/framework/system/CodeIgniter.php(457): CodeIgniter\CodeIgniter->runController(Object(App\Controllers\Api\Notifikasi))
#7 /home/dnzwygdo/djuragancom/vendor/codeigniter4/framework/system/CodeIgniter.php(340): CodeIgniter\CodeIgniter->handleRequest(NULL, Object(Config\Cache), false)
#8 /home/dnzwygdo/public_html/index.php(67): CodeIgniter\CodeIgniter->run()
#9 {main}

Next CodeIgniter\Database\Exceptions\DatabaseException: Too many connections in /home/dnzwygdo/djuragancom/vendor/codeigniter4/framework/system/Database/MySQLi/Connection.php:215
Stack trace:
#0 /home/dnzwygdo/djuragancom/vendor/codeigniter4/framework/system/Database/BaseConnection.php(382): CodeIgniter\Database\MySQLi\Connection->connect(false)
#1 /home/dnzwygdo/djuragancom/vendor/codeigniter4/framework/system/Database/BaseConnection.php(588): CodeIgniter\Database\BaseConnection->initialize()
#2 /home/dnzwygdo/djuragancom/vendor/codeigniter4/framework/system/Database/BaseBuilder.php(1669): CodeIgniter\Database\BaseConnection->query('SELECT COUNT(*)...', Array, false)
#3 /home/dnzwygdo/djuragancom/app/Controllers/Api/Notifikasi.php(37): CodeIgniter\Database\BaseBuilder->countAllResults()
#4 /home/dnzwygdo/djuragancom/vendor/codeigniter4/framework/system/CodeIgniter.php(898): App\Controllers\Api\Notifikasi->get()
#5 /home/dnzwygdo/djuragancom/vendor/codeigniter4/framework/system/CodeIgniter.php(457): CodeIgniter\CodeIgniter->runController(Object(App\Controllers\Api\Notifikasi))
#6 /home/dnzwygdo/djuragancom/vendor/codeigniter4/framework/system/CodeIgniter.php(340): CodeIgniter\CodeIgniter->handleRequest(NULL, Object(Config\Cache), false)
#7 /home/dnzwygdo/public_html/index.php(67): CodeIgniter\CodeIgniter->run()
#8 {main}
CRITICAL - 2025-05-27 16:23:58 --> Unable to connect to the database.
Main connection [MySQLi]: Too many connections
in SYSTEMPATH/Database/BaseConnection.php on line 418.
 1 SYSTEMPATH/Database/BaseConnection.php(588): CodeIgniter\Database\BaseConnection->initialize()
 2 SYSTEMPATH/Database/BaseBuilder.php(1669): CodeIgniter\Database\BaseConnection->query('SELECT COUNT(*) AS `numrows`
FROM `order_notifikasi` `n`
LEFT JOIN `order_invoice` `i` ON `n`.`invoice_id` = `i`.`id_invoice`
LEFT JOIN `order_user` `p` ON `n`.`from` = `p`.`id`
LEFT JOIN `order_juragan` `j` ON `j`.`id_juragan` = `n`.`juragan_id`
WHERE `n`.`for` = :n.for:
AND `n`.`read_at` IS NULL', [...], false)
 3 APPPATH/Controllers/Api/Notifikasi.php(37): CodeIgniter\Database\BaseBuilder->countAllResults()
 4 SYSTEMPATH/CodeIgniter.php(898): App\Controllers\Api\Notifikasi->get()
 5 SYSTEMPATH/CodeIgniter.php(457): CodeIgniter\CodeIgniter->runController(Object(App\Controllers\Api\Notifikasi))
 6 SYSTEMPATH/CodeIgniter.php(340): CodeIgniter\CodeIgniter->handleRequest(null, Object(Config\Cache), false)
 7 FCPATH/index.php(67): CodeIgniter\CodeIgniter->run()
ERROR - 2025-05-27 16:23:58 --> Error connecting to the database: mysqli_sql_exception: Too many connections in /home/dnzwygdo/djuragancom/vendor/codeigniter4/framework/system/Database/MySQLi/Connection.php:171
Stack trace:
#0 /home/dnzwygdo/djuragancom/vendor/codeigniter4/framework/system/Database/MySQLi/Connection.php(171): mysqli->real_connect('localhost', 'dnzwygdo_jura94...', 'v[,S+a7zlZd0', 'dnzwygdo_juraga...', 3306, '', 0)
#1 /home/dnzwygdo/djuragancom/vendor/codeigniter4/framework/system/Database/BaseConnection.php(382): CodeIgniter\Database\MySQLi\Connection->connect(false)
#2 /home/dnzwygdo/djuragancom/vendor/codeigniter4/framework/system/Database/BaseConnection.php(588): CodeIgniter\Database\BaseConnection->initialize()
#3 /home/dnzwygdo/djuragancom/vendor/codeigniter4/framework/system/Database/BaseBuilder.php(1585): CodeIgniter\Database\BaseConnection->query('SELECT *\nFROM `...', Array, false)
#4 /home/dnzwygdo/djuragancom/vendor/codeigniter4/framework/system/Model.php(222): CodeIgniter\Database\BaseBuilder->get()
#5 /home/dnzwygdo/djuragancom/vendor/codeigniter4/framework/system/BaseModel.php(584): CodeIgniter\Model->doFindAll(0, 0)
#6 /home/dnzwygdo/djuragancom/app/Views/user/invoice/tulis.php(50): CodeIgniter\BaseModel->findAll()
#7 /home/dnzwygdo/djuragancom/vendor/codeigniter4/framework/system/View/View.php(213): include('/home/dnzwygdo/...')
#8 /home/dnzwygdo/djuragancom/vendor/codeigniter4/framework/system/View/View.php(216): CodeIgniter\View\View->CodeIgniter\View\{closure}()
#9 /home/dnzwygdo/djuragancom/vendor/codeigniter4/framework/system/Common.php(1137): CodeIgniter\View\View->render('user/invoice/tu...', Array, true)
#10 /home/dnzwygdo/djuragancom/app/Controllers/User/Invoices.php(20): view('user/invoice/tu...', Array)
#11 /home/dnzwygdo/djuragancom/vendor/codeigniter4/framework/system/CodeIgniter.php(898): App\Controllers\User\Invoices->tulis()
#12 /home/dnzwygdo/djuragancom/vendor/codeigniter4/framework/system/CodeIgniter.php(457): CodeIgniter\CodeIgniter->runController(Object(App\Controllers\User\Invoices))
#13 /home/dnzwygdo/djuragancom/vendor/codeigniter4/framework/system/CodeIgniter.php(340): CodeIgniter\CodeIgniter->handleRequest(NULL, Object(Config\Cache), false)
#14 /home/dnzwygdo/public_html/index.php(67): CodeIgniter\CodeIgniter->run()
#15 {main}

Next CodeIgniter\Database\Exceptions\DatabaseException: Too many connections in /home/dnzwygdo/djuragancom/vendor/codeigniter4/framework/system/Database/MySQLi/Connection.php:215
Stack trace:
#0 /home/dnzwygdo/djuragancom/vendor/codeigniter4/framework/system/Database/BaseConnection.php(382): CodeIgniter\Database\MySQLi\Connection->connect(false)
#1 /home/dnzwygdo/djuragancom/vendor/codeigniter4/framework/system/Database/BaseConnection.php(588): CodeIgniter\Database\BaseConnection->initialize()
#2 /home/dnzwygdo/djuragancom/vendor/codeigniter4/framework/system/Database/BaseBuilder.php(1585): CodeIgniter\Database\BaseConnection->query('SELECT *\nFROM `...', Array, false)
#3 /home/dnzwygdo/djuragancom/vendor/codeigniter4/framework/system/Model.php(222): CodeIgniter\Database\BaseBuilder->get()
#4 /home/dnzwygdo/djuragancom/vendor/codeigniter4/framework/system/BaseModel.php(584): CodeIgniter\Model->doFindAll(0, 0)
#5 /home/dnzwygdo/djuragancom/app/Views/user/invoice/tulis.php(50): CodeIgniter\BaseModel->findAll()
#6 /home/dnzwygdo/djuragancom/vendor/codeigniter4/framework/system/View/View.php(213): include('/home/dnzwygdo/...')
#7 /home/dnzwygdo/djuragancom/vendor/codeigniter4/framework/system/View/View.php(216): CodeIgniter\View\View->CodeIgniter\View\{closure}()
#8 /home/dnzwygdo/djuragancom/vendor/codeigniter4/framework/system/Common.php(1137): CodeIgniter\View\View->render('user/invoice/tu...', Array, true)
#9 /home/dnzwygdo/djuragancom/app/Controllers/User/Invoices.php(20): view('user/invoice/tu...', Array)
#10 /home/dnzwygdo/djuragancom/vendor/codeigniter4/framework/system/CodeIgniter.php(898): App\Controllers\User\Invoices->tulis()
#11 /home/dnzwygdo/djuragancom/vendor/codeigniter4/framework/system/CodeIgniter.php(457): CodeIgniter\CodeIgniter->runController(Object(App\Controllers\User\Invoices))
#12 /home/dnzwygdo/djuragancom/vendor/codeigniter4/framework/system/CodeIgniter.php(340): CodeIgniter\CodeIgniter->handleRequest(NULL, Object(Config\Cache), false)
#13 /home/dnzwygdo/public_html/index.php(67): CodeIgniter\CodeIgniter->run()
#14 {main}
CRITICAL - 2025-05-27 16:23:58 --> Unable to connect to the database.
Main connection [MySQLi]: Too many connections
in SYSTEMPATH/Database/BaseConnection.php on line 418.
 1 SYSTEMPATH/Database/BaseConnection.php(588): CodeIgniter\Database\BaseConnection->initialize()
 2 SYSTEMPATH/Database/BaseBuilder.php(1585): CodeIgniter\Database\BaseConnection->query('SELECT *
FROM `order_asal_order`
WHERE `status` = :status:
ORDER BY `label` ASC', [...], false)
 3 SYSTEMPATH/Model.php(222): CodeIgniter\Database\BaseBuilder->get()
 4 SYSTEMPATH/BaseModel.php(584): CodeIgniter\Model->doFindAll(0, 0)
 5 APPPATH/Views/user/invoice/tulis.php(50): CodeIgniter\BaseModel->findAll()
 6 SYSTEMPATH/View/View.php(213): include('APPPATH/Views/user/invoice/tulis.php')
 7 SYSTEMPATH/View/View.php(216): CodeIgniter\View\View->CodeIgniter\View\{closure}()
 8 SYSTEMPATH/Common.php(1137): CodeIgniter\View\View->render('user/invoice/tulis', [], true)
 9 APPPATH/Controllers/User/Invoices.php(20): view('user/invoice/tulis', [...])
10 SYSTEMPATH/CodeIgniter.php(898): App\Controllers\User\Invoices->tulis()
11 SYSTEMPATH/CodeIgniter.php(457): CodeIgniter\CodeIgniter->runController(Object(App\Controllers\User\Invoices))
12 SYSTEMPATH/CodeIgniter.php(340): CodeIgniter\CodeIgniter->handleRequest(null, Object(Config\Cache), false)
13 FCPATH/index.php(67): CodeIgniter\CodeIgniter->run()
ERROR - 2025-05-27 16:24:01 --> Error connecting to the database: mysqli_sql_exception: Too many connections in /home/dnzwygdo/djuragancom/vendor/codeigniter4/framework/system/Database/MySQLi/Connection.php:171
Stack trace:
#0 /home/dnzwygdo/djuragancom/vendor/codeigniter4/framework/system/Database/MySQLi/Connection.php(171): mysqli->real_connect('localhost', 'dnzwygdo_jura94...', 'v[,S+a7zlZd0', 'dnzwygdo_juraga...', 3306, '', 0)
#1 /home/dnzwygdo/djuragancom/vendor/codeigniter4/framework/system/Database/BaseConnection.php(382): CodeIgniter\Database\MySQLi\Connection->connect(false)
#2 /home/dnzwygdo/djuragancom/vendor/codeigniter4/framework/system/Database/BaseConnection.php(588): CodeIgniter\Database\BaseConnection->initialize()
#3 /home/dnzwygdo/djuragancom/vendor/codeigniter4/framework/system/Database/BaseBuilder.php(1585): CodeIgniter\Database\BaseConnection->query('SELECT *\nFROM `...', Array, false)
#4 /home/dnzwygdo/djuragancom/vendor/codeigniter4/framework/system/Model.php(222): CodeIgniter\Database\BaseBuilder->get()
#5 /home/dnzwygdo/djuragancom/vendor/codeigniter4/framework/system/BaseModel.php(584): CodeIgniter\Model->doFindAll(0, 0)
#6 /home/dnzwygdo/djuragancom/app/Views/user/invoice/tulis.php(50): CodeIgniter\BaseModel->findAll()
#7 /home/dnzwygdo/djuragancom/vendor/codeigniter4/framework/system/View/View.php(213): include('/home/dnzwygdo/...')
#8 /home/dnzwygdo/djuragancom/vendor/codeigniter4/framework/system/View/View.php(216): CodeIgniter\View\View->CodeIgniter\View\{closure}()
#9 /home/dnzwygdo/djuragancom/vendor/codeigniter4/framework/system/Common.php(1137): CodeIgniter\View\View->render('user/invoice/tu...', Array, true)
#10 /home/dnzwygdo/djuragancom/app/Controllers/User/Invoices.php(20): view('user/invoice/tu...', Array)
#11 /home/dnzwygdo/djuragancom/vendor/codeigniter4/framework/system/CodeIgniter.php(898): App\Controllers\User\Invoices->tulis()
#12 /home/dnzwygdo/djuragancom/vendor/codeigniter4/framework/system/CodeIgniter.php(457): CodeIgniter\CodeIgniter->runController(Object(App\Controllers\User\Invoices))
#13 /home/dnzwygdo/djuragancom/vendor/codeigniter4/framework/system/CodeIgniter.php(340): CodeIgniter\CodeIgniter->handleRequest(NULL, Object(Config\Cache), false)
#14 /home/dnzwygdo/public_html/index.php(67): CodeIgniter\CodeIgniter->run()
#15 {main}

Next CodeIgniter\Database\Exceptions\DatabaseException: Too many connections in /home/dnzwygdo/djuragancom/vendor/codeigniter4/framework/system/Database/MySQLi/Connection.php:215
Stack trace:
#0 /home/dnzwygdo/djuragancom/vendor/codeigniter4/framework/system/Database/BaseConnection.php(382): CodeIgniter\Database\MySQLi\Connection->connect(false)
#1 /home/dnzwygdo/djuragancom/vendor/codeigniter4/framework/system/Database/BaseConnection.php(588): CodeIgniter\Database\BaseConnection->initialize()
#2 /home/dnzwygdo/djuragancom/vendor/codeigniter4/framework/system/Database/BaseBuilder.php(1585): CodeIgniter\Database\BaseConnection->query('SELECT *\nFROM `...', Array, false)
#3 /home/dnzwygdo/djuragancom/vendor/codeigniter4/framework/system/Model.php(222): CodeIgniter\Database\BaseBuilder->get()
#4 /home/dnzwygdo/djuragancom/vendor/codeigniter4/framework/system/BaseModel.php(584): CodeIgniter\Model->doFindAll(0, 0)
#5 /home/dnzwygdo/djuragancom/app/Views/user/invoice/tulis.php(50): CodeIgniter\BaseModel->findAll()
#6 /home/dnzwygdo/djuragancom/vendor/codeigniter4/framework/system/View/View.php(213): include('/home/dnzwygdo/...')
#7 /home/dnzwygdo/djuragancom/vendor/codeigniter4/framework/system/View/View.php(216): CodeIgniter\View\View->CodeIgniter\View\{closure}()
#8 /home/dnzwygdo/djuragancom/vendor/codeigniter4/framework/system/Common.php(1137): CodeIgniter\View\View->render('user/invoice/tu...', Array, true)
#9 /home/dnzwygdo/djuragancom/app/Controllers/User/Invoices.php(20): view('user/invoice/tu...', Array)
#10 /home/dnzwygdo/djuragancom/vendor/codeigniter4/framework/system/CodeIgniter.php(898): App\Controllers\User\Invoices->tulis()
#11 /home/dnzwygdo/djuragancom/vendor/codeigniter4/framework/system/CodeIgniter.php(457): CodeIgniter\CodeIgniter->runController(Object(App\Controllers\User\Invoices))
#12 /home/dnzwygdo/djuragancom/vendor/codeigniter4/framework/system/CodeIgniter.php(340): CodeIgniter\CodeIgniter->handleRequest(NULL, Object(Config\Cache), false)
#13 /home/dnzwygdo/public_html/index.php(67): CodeIgniter\CodeIgniter->run()
#14 {main}
CRITICAL - 2025-05-27 16:24:01 --> Unable to connect to the database.
Main connection [MySQLi]: Too many connections
in SYSTEMPATH/Database/BaseConnection.php on line 418.
 1 SYSTEMPATH/Database/BaseConnection.php(588): CodeIgniter\Database\BaseConnection->initialize()
 2 SYSTEMPATH/Database/BaseBuilder.php(1585): CodeIgniter\Database\BaseConnection->query('SELECT *
FROM `order_asal_order`
WHERE `status` = :status:
ORDER BY `label` ASC', [...], false)
 3 SYSTEMPATH/Model.php(222): CodeIgniter\Database\BaseBuilder->get()
 4 SYSTEMPATH/BaseModel.php(584): CodeIgniter\Model->doFindAll(0, 0)
 5 APPPATH/Views/user/invoice/tulis.php(50): CodeIgniter\BaseModel->findAll()
 6 SYSTEMPATH/View/View.php(213): include('APPPATH/Views/user/invoice/tulis.php')
 7 SYSTEMPATH/View/View.php(216): CodeIgniter\View\View->CodeIgniter\View\{closure}()
 8 SYSTEMPATH/Common.php(1137): CodeIgniter\View\View->render('user/invoice/tulis', [], true)
 9 APPPATH/Controllers/User/Invoices.php(20): view('user/invoice/tulis', [...])
10 SYSTEMPATH/CodeIgniter.php(898): App\Controllers\User\Invoices->tulis()
11 SYSTEMPATH/CodeIgniter.php(457): CodeIgniter\CodeIgniter->runController(Object(App\Controllers\User\Invoices))
12 SYSTEMPATH/CodeIgniter.php(340): CodeIgniter\CodeIgniter->handleRequest(null, Object(Config\Cache), false)
13 FCPATH/index.php(67): CodeIgniter\CodeIgniter->run()
ERROR - 2025-05-27 16:24:02 --> Error connecting to the database: mysqli_sql_exception: Too many connections in /home/dnzwygdo/djuragancom/vendor/codeigniter4/framework/system/Database/MySQLi/Connection.php:171
Stack trace:
#0 /home/dnzwygdo/djuragancom/vendor/codeigniter4/framework/system/Database/MySQLi/Connection.php(171): mysqli->real_connect('localhost', 'dnzwygdo_jura94...', 'v[,S+a7zlZd0', 'dnzwygdo_juraga...', 3306, '', 0)
#1 /home/dnzwygdo/djuragancom/vendor/codeigniter4/framework/system/Database/BaseConnection.php(382): CodeIgniter\Database\MySQLi\Connection->connect(false)
#2 /home/dnzwygdo/djuragancom/vendor/codeigniter4/framework/system/Database/BaseConnection.php(588): CodeIgniter\Database\BaseConnection->initialize()
#3 /home/dnzwygdo/djuragancom/vendor/codeigniter4/framework/system/Database/BaseBuilder.php(1585): CodeIgniter\Database\BaseConnection->query('SELECT `j`.*, `...', Array, false)
#4 /home/dnzwygdo/djuragancom/app/Models/JuraganModel.php(49): CodeIgniter\Database\BaseBuilder->get()
#5 /home/dnzwygdo/djuragancom/app/Controllers/Juragan.php(14): App\Models\JuraganModel->byUserId('18')
#6 /home/dnzwygdo/djuragancom/app/Controllers/Api/Juragan.php(59): App\Controllers\Juragan::by_user('18', NULL)
#7 /home/dnzwygdo/djuragancom/vendor/codeigniter4/framework/system/CodeIgniter.php(898): App\Controllers\Api\Juragan->by_user()
#8 /home/dnzwygdo/djuragancom/vendor/codeigniter4/framework/system/CodeIgniter.php(457): CodeIgniter\CodeIgniter->runController(Object(App\Controllers\Api\Juragan))
#9 /home/dnzwygdo/djuragancom/vendor/codeigniter4/framework/system/CodeIgniter.php(340): CodeIgniter\CodeIgniter->handleRequest(NULL, Object(Config\Cache), false)
#10 /home/dnzwygdo/public_html/index.php(67): CodeIgniter\CodeIgniter->run()
#11 {main}

Next CodeIgniter\Database\Exceptions\DatabaseException: Too many connections in /home/dnzwygdo/djuragancom/vendor/codeigniter4/framework/system/Database/MySQLi/Connection.php:215
Stack trace:
#0 /home/dnzwygdo/djuragancom/vendor/codeigniter4/framework/system/Database/BaseConnection.php(382): CodeIgniter\Database\MySQLi\Connection->connect(false)
#1 /home/dnzwygdo/djuragancom/vendor/codeigniter4/framework/system/Database/BaseConnection.php(588): CodeIgniter\Database\BaseConnection->initialize()
#2 /home/dnzwygdo/djuragancom/vendor/codeigniter4/framework/system/Database/BaseBuilder.php(1585): CodeIgniter\Database\BaseConnection->query('SELECT `j`.*, `...', Array, false)
#3 /home/dnzwygdo/djuragancom/app/Models/JuraganModel.php(49): CodeIgniter\Database\BaseBuilder->get()
#4 /home/dnzwygdo/djuragancom/app/Controllers/Juragan.php(14): App\Models\JuraganModel->byUserId('18')
#5 /home/dnzwygdo/djuragancom/app/Controllers/Api/Juragan.php(59): App\Controllers\Juragan::by_user('18', NULL)
#6 /home/dnzwygdo/djuragancom/vendor/codeigniter4/framework/system/CodeIgniter.php(898): App\Controllers\Api\Juragan->by_user()
#7 /home/dnzwygdo/djuragancom/vendor/codeigniter4/framework/system/CodeIgniter.php(457): CodeIgniter\CodeIgniter->runController(Object(App\Controllers\Api\Juragan))
#8 /home/dnzwygdo/djuragancom/vendor/codeigniter4/framework/system/CodeIgniter.php(340): CodeIgniter\CodeIgniter->handleRequest(NULL, Object(Config\Cache), false)
#9 /home/dnzwygdo/public_html/index.php(67): CodeIgniter\CodeIgniter->run()
#10 {main}
ERROR - 2025-05-27 16:24:02 --> Error connecting to the database: mysqli_sql_exception: Too many connections in /home/dnzwygdo/djuragancom/vendor/codeigniter4/framework/system/Database/MySQLi/Connection.php:171
Stack trace:
#0 /home/dnzwygdo/djuragancom/vendor/codeigniter4/framework/system/Database/MySQLi/Connection.php(171): mysqli->real_connect('localhost', 'dnzwygdo_jura94...', 'v[,S+a7zlZd0', 'dnzwygdo_juraga...', 3306, '', 0)
#1 /home/dnzwygdo/djuragancom/vendor/codeigniter4/framework/system/Database/BaseConnection.php(382): CodeIgniter\Database\MySQLi\Connection->connect(false)
#2 /home/dnzwygdo/djuragancom/vendor/codeigniter4/framework/system/Database/BaseConnection.php(588): CodeIgniter\Database\BaseConnection->initialize()
#3 /home/dnzwygdo/djuragancom/vendor/codeigniter4/framework/system/Database/BaseBuilder.php(1585): CodeIgniter\Database\BaseConnection->query('SELECT `j`.*, `...', Array, false)
#4 /home/dnzwygdo/djuragancom/app/Models/JuraganModel.php(49): CodeIgniter\Database\BaseBuilder->get()
#5 /home/dnzwygdo/djuragancom/app/Controllers/Juragan.php(66): App\Models\JuraganModel->byUserId('18')
#6 /home/dnzwygdo/djuragancom/app/Controllers/Api/Juragan.php(68): App\Controllers\Juragan::get_users('18')
#7 /home/dnzwygdo/djuragancom/vendor/codeigniter4/framework/system/CodeIgniter.php(898): App\Controllers\Api\Juragan->get_users()
#8 /home/dnzwygdo/djuragancom/vendor/codeigniter4/framework/system/CodeIgniter.php(457): CodeIgniter\CodeIgniter->runController(Object(App\Controllers\Api\Juragan))
#9 /home/dnzwygdo/djuragancom/vendor/codeigniter4/framework/system/CodeIgniter.php(340): CodeIgniter\CodeIgniter->handleRequest(NULL, Object(Config\Cache), false)
#10 /home/dnzwygdo/public_html/index.php(67): CodeIgniter\CodeIgniter->run()
#11 {main}

Next CodeIgniter\Database\Exceptions\DatabaseException: Too many connections in /home/dnzwygdo/djuragancom/vendor/codeigniter4/framework/system/Database/MySQLi/Connection.php:215
Stack trace:
#0 /home/dnzwygdo/djuragancom/vendor/codeigniter4/framework/system/Database/BaseConnection.php(382): CodeIgniter\Database\MySQLi\Connection->connect(false)
#1 /home/dnzwygdo/djuragancom/vendor/codeigniter4/framework/system/Database/BaseConnection.php(588): CodeIgniter\Database\BaseConnection->initialize()
#2 /home/dnzwygdo/djuragancom/vendor/codeigniter4/framework/system/Database/BaseBuilder.php(1585): CodeIgniter\Database\BaseConnection->query('SELECT `j`.*, `...', Array, false)
#3 /home/dnzwygdo/djuragancom/app/Models/JuraganModel.php(49): CodeIgniter\Database\BaseBuilder->get()
#4 /home/dnzwygdo/djuragancom/app/Controllers/Juragan.php(66): App\Models\JuraganModel->byUserId('18')
#5 /home/dnzwygdo/djuragancom/app/Controllers/Api/Juragan.php(68): App\Controllers\Juragan::get_users('18')
#6 /home/dnzwygdo/djuragancom/vendor/codeigniter4/framework/system/CodeIgniter.php(898): App\Controllers\Api\Juragan->get_users()
#7 /home/dnzwygdo/djuragancom/vendor/codeigniter4/framework/system/CodeIgniter.php(457): CodeIgniter\CodeIgniter->runController(Object(App\Controllers\Api\Juragan))
#8 /home/dnzwygdo/djuragancom/vendor/codeigniter4/framework/system/CodeIgniter.php(340): CodeIgniter\CodeIgniter->handleRequest(NULL, Object(Config\Cache), false)
#9 /home/dnzwygdo/public_html/index.php(67): CodeIgniter\CodeIgniter->run()
#10 {main}
CRITICAL - 2025-05-27 16:24:02 --> Unable to connect to the database.
Main connection [MySQLi]: Too many connections
in SYSTEMPATH/Database/BaseConnection.php on line 418.
 1 SYSTEMPATH/Database/BaseConnection.php(588): CodeIgniter\Database\BaseConnection->initialize()
 2 SYSTEMPATH/Database/BaseBuilder.php(1585): CodeIgniter\Database\BaseConnection->query('SELECT `j`.*, `u`.`id` as `user_id`, `u`.`name` as `nama_user`, `u`.`username`, `u`.`email`, `r`.`table`
FROM `order_juragan` `j`
JOIN `order_relasi` `r` ON `r`.`juragan_id` = `j`.`id_juragan`
JOIN `order_user` `u` ON `u`.`id` = `r`.`val_id`
WHERE `r`.`table` = :r.table:
GROUP BY `u`.`id`, `j`.`id_juragan`
HAVING `u`.`id` = :u.id:', [...], false)
 3 APPPATH/Models/JuraganModel.php(49): CodeIgniter\Database\BaseBuilder->get()
 4 APPPATH/Controllers/Juragan.php(14): App\Models\JuraganModel->byUserId('18')
 5 APPPATH/Controllers/Api/Juragan.php(59): App\Controllers\Juragan::by_user('18', null)
 6 SYSTEMPATH/CodeIgniter.php(898): App\Controllers\Api\Juragan->by_user()
 7 SYSTEMPATH/CodeIgniter.php(457): CodeIgniter\CodeIgniter->runController(Object(App\Controllers\Api\Juragan))
 8 SYSTEMPATH/CodeIgniter.php(340): CodeIgniter\CodeIgniter->handleRequest(null, Object(Config\Cache), false)
 9 FCPATH/index.php(67): CodeIgniter\CodeIgniter->run()
CRITICAL - 2025-05-27 16:24:02 --> Unable to connect to the database.
Main connection [MySQLi]: Too many connections
in SYSTEMPATH/Database/BaseConnection.php on line 418.
 1 SYSTEMPATH/Database/BaseConnection.php(588): CodeIgniter\Database\BaseConnection->initialize()
 2 SYSTEMPATH/Database/BaseBuilder.php(1585): CodeIgniter\Database\BaseConnection->query('SELECT `j`.*, `u`.`id` as `user_id`, `u`.`name` as `nama_user`, `u`.`username`, `u`.`email`, `r`.`table`
FROM `order_juragan` `j`
JOIN `order_relasi` `r` ON `r`.`juragan_id` = `j`.`id_juragan`
JOIN `order_user` `u` ON `u`.`id` = `r`.`val_id`
WHERE `r`.`table` = :r.table:
GROUP BY `u`.`id`, `j`.`id_juragan`
HAVING `u`.`id` = :u.id:', [...], false)
 3 APPPATH/Models/JuraganModel.php(49): CodeIgniter\Database\BaseBuilder->get()
 4 APPPATH/Controllers/Juragan.php(66): App\Models\JuraganModel->byUserId('18')
 5 APPPATH/Controllers/Api/Juragan.php(68): App\Controllers\Juragan::get_users('18')
 6 SYSTEMPATH/CodeIgniter.php(898): App\Controllers\Api\Juragan->get_users()
 7 SYSTEMPATH/CodeIgniter.php(457): CodeIgniter\CodeIgniter->runController(Object(App\Controllers\Api\Juragan))
 8 SYSTEMPATH/CodeIgniter.php(340): CodeIgniter\CodeIgniter->handleRequest(null, Object(Config\Cache), false)
 9 FCPATH/index.php(67): CodeIgniter\CodeIgniter->run()
ERROR - 2025-05-27 16:24:08 --> Error connecting to the database: mysqli_sql_exception: Too many connections in /home/dnzwygdo/djuragancom/vendor/codeigniter4/framework/system/Database/MySQLi/Connection.php:171
Stack trace:
#0 /home/dnzwygdo/djuragancom/vendor/codeigniter4/framework/system/Database/MySQLi/Connection.php(171): mysqli->real_connect('localhost', 'dnzwygdo_jura94...', 'v[,S+a7zlZd0', 'dnzwygdo_juraga...', 3306, '', 0)
#1 /home/dnzwygdo/djuragancom/vendor/codeigniter4/framework/system/Database/BaseConnection.php(382): CodeIgniter\Database\MySQLi\Connection->connect(false)
#2 /home/dnzwygdo/djuragancom/vendor/codeigniter4/framework/system/Database/BaseConnection.php(588): CodeIgniter\Database\BaseConnection->initialize()
#3 /home/dnzwygdo/djuragancom/vendor/codeigniter4/framework/system/Database/BaseBuilder.php(1585): CodeIgniter\Database\BaseConnection->query('SELECT *\nFROM `...', Array, false)
#4 /home/dnzwygdo/djuragancom/vendor/codeigniter4/framework/system/Model.php(222): CodeIgniter\Database\BaseBuilder->get()
#5 /home/dnzwygdo/djuragancom/vendor/codeigniter4/framework/system/BaseModel.php(584): CodeIgniter\Model->doFindAll(0, 0)
#6 /home/dnzwygdo/djuragancom/app/Views/user/invoice/tulis.php(50): CodeIgniter\BaseModel->findAll()
#7 /home/dnzwygdo/djuragancom/vendor/codeigniter4/framework/system/View/View.php(213): include('/home/dnzwygdo/...')
#8 /home/dnzwygdo/djuragancom/vendor/codeigniter4/framework/system/View/View.php(216): CodeIgniter\View\View->CodeIgniter\View\{closure}()
#9 /home/dnzwygdo/djuragancom/vendor/codeigniter4/framework/system/Common.php(1137): CodeIgniter\View\View->render('user/invoice/tu...', Array, true)
#10 /home/dnzwygdo/djuragancom/app/Controllers/User/Invoices.php(20): view('user/invoice/tu...', Array)
#11 /home/dnzwygdo/djuragancom/vendor/codeigniter4/framework/system/CodeIgniter.php(898): App\Controllers\User\Invoices->tulis()
#12 /home/dnzwygdo/djuragancom/vendor/codeigniter4/framework/system/CodeIgniter.php(457): CodeIgniter\CodeIgniter->runController(Object(App\Controllers\User\Invoices))
#13 /home/dnzwygdo/djuragancom/vendor/codeigniter4/framework/system/CodeIgniter.php(340): CodeIgniter\CodeIgniter->handleRequest(NULL, Object(Config\Cache), false)
#14 /home/dnzwygdo/public_html/index.php(67): CodeIgniter\CodeIgniter->run()
#15 {main}

Next CodeIgniter\Database\Exceptions\DatabaseException: Too many connections in /home/dnzwygdo/djuragancom/vendor/codeigniter4/framework/system/Database/MySQLi/Connection.php:215
Stack trace:
#0 /home/dnzwygdo/djuragancom/vendor/codeigniter4/framework/system/Database/BaseConnection.php(382): CodeIgniter\Database\MySQLi\Connection->connect(false)
#1 /home/dnzwygdo/djuragancom/vendor/codeigniter4/framework/system/Database/BaseConnection.php(588): CodeIgniter\Database\BaseConnection->initialize()
#2 /home/dnzwygdo/djuragancom/vendor/codeigniter4/framework/system/Database/BaseBuilder.php(1585): CodeIgniter\Database\BaseConnection->query('SELECT *\nFROM `...', Array, false)
#3 /home/dnzwygdo/djuragancom/vendor/codeigniter4/framework/system/Model.php(222): CodeIgniter\Database\BaseBuilder->get()
#4 /home/dnzwygdo/djuragancom/vendor/codeigniter4/framework/system/BaseModel.php(584): CodeIgniter\Model->doFindAll(0, 0)
#5 /home/dnzwygdo/djuragancom/app/Views/user/invoice/tulis.php(50): CodeIgniter\BaseModel->findAll()
#6 /home/dnzwygdo/djuragancom/vendor/codeigniter4/framework/system/View/View.php(213): include('/home/dnzwygdo/...')
#7 /home/dnzwygdo/djuragancom/vendor/codeigniter4/framework/system/View/View.php(216): CodeIgniter\View\View->CodeIgniter\View\{closure}()
#8 /home/dnzwygdo/djuragancom/vendor/codeigniter4/framework/system/Common.php(1137): CodeIgniter\View\View->render('user/invoice/tu...', Array, true)
#9 /home/dnzwygdo/djuragancom/app/Controllers/User/Invoices.php(20): view('user/invoice/tu...', Array)
#10 /home/dnzwygdo/djuragancom/vendor/codeigniter4/framework/system/CodeIgniter.php(898): App\Controllers\User\Invoices->tulis()
#11 /home/dnzwygdo/djuragancom/vendor/codeigniter4/framework/system/CodeIgniter.php(457): CodeIgniter\CodeIgniter->runController(Object(App\Controllers\User\Invoices))
#12 /home/dnzwygdo/djuragancom/vendor/codeigniter4/framework/system/CodeIgniter.php(340): CodeIgniter\CodeIgniter->handleRequest(NULL, Object(Config\Cache), false)
#13 /home/dnzwygdo/public_html/index.php(67): CodeIgniter\CodeIgniter->run()
#14 {main}
CRITICAL - 2025-05-27 16:24:08 --> Unable to connect to the database.
Main connection [MySQLi]: Too many connections
in SYSTEMPATH/Database/BaseConnection.php on line 418.
 1 SYSTEMPATH/Database/BaseConnection.php(588): CodeIgniter\Database\BaseConnection->initialize()
 2 SYSTEMPATH/Database/BaseBuilder.php(1585): CodeIgniter\Database\BaseConnection->query('SELECT *
FROM `order_asal_order`
WHERE `status` = :status:
ORDER BY `label` ASC', [...], false)
 3 SYSTEMPATH/Model.php(222): CodeIgniter\Database\BaseBuilder->get()
 4 SYSTEMPATH/BaseModel.php(584): CodeIgniter\Model->doFindAll(0, 0)
 5 APPPATH/Views/user/invoice/tulis.php(50): CodeIgniter\BaseModel->findAll()
 6 SYSTEMPATH/View/View.php(213): include('APPPATH/Views/user/invoice/tulis.php')
 7 SYSTEMPATH/View/View.php(216): CodeIgniter\View\View->CodeIgniter\View\{closure}()
 8 SYSTEMPATH/Common.php(1137): CodeIgniter\View\View->render('user/invoice/tulis', [], true)
 9 APPPATH/Controllers/User/Invoices.php(20): view('user/invoice/tulis', [...])
10 SYSTEMPATH/CodeIgniter.php(898): App\Controllers\User\Invoices->tulis()
11 SYSTEMPATH/CodeIgniter.php(457): CodeIgniter\CodeIgniter->runController(Object(App\Controllers\User\Invoices))
12 SYSTEMPATH/CodeIgniter.php(340): CodeIgniter\CodeIgniter->handleRequest(null, Object(Config\Cache), false)
13 FCPATH/index.php(67): CodeIgniter\CodeIgniter->run()
ERROR - 2025-05-27 16:24:14 --> Error connecting to the database: mysqli_sql_exception: Too many connections in /home/dnzwygdo/djuragancom/vendor/codeigniter4/framework/system/Database/MySQLi/Connection.php:171
Stack trace:
#0 /home/dnzwygdo/djuragancom/vendor/codeigniter4/framework/system/Database/MySQLi/Connection.php(171): mysqli->real_connect('localhost', 'dnzwygdo_jura94...', 'v[,S+a7zlZd0', 'dnzwygdo_juraga...', 3306, '', 0)
#1 /home/dnzwygdo/djuragancom/vendor/codeigniter4/framework/system/Database/BaseConnection.php(382): CodeIgniter\Database\MySQLi\Connection->connect(false)
#2 /home/dnzwygdo/djuragancom/vendor/codeigniter4/framework/system/Database/BaseConnection.php(588): CodeIgniter\Database\BaseConnection->initialize()
#3 /home/dnzwygdo/djuragancom/vendor/codeigniter4/framework/system/Database/BaseBuilder.php(1585): CodeIgniter\Database\BaseConnection->query('SELECT *\nFROM `...', Array, false)
#4 /home/dnzwygdo/djuragancom/vendor/codeigniter4/framework/system/Model.php(222): CodeIgniter\Database\BaseBuilder->get()
#5 /home/dnzwygdo/djuragancom/vendor/codeigniter4/framework/system/BaseModel.php(584): CodeIgniter\Model->doFindAll(0, 0)
#6 /home/dnzwygdo/djuragancom/app/Views/user/invoice/tulis.php(50): CodeIgniter\BaseModel->findAll()
#7 /home/dnzwygdo/djuragancom/vendor/codeigniter4/framework/system/View/View.php(213): include('/home/dnzwygdo/...')
#8 /home/dnzwygdo/djuragancom/vendor/codeigniter4/framework/system/View/View.php(216): CodeIgniter\View\View->CodeIgniter\View\{closure}()
#9 /home/dnzwygdo/djuragancom/vendor/codeigniter4/framework/system/Common.php(1137): CodeIgniter\View\View->render('user/invoice/tu...', Array, true)
#10 /home/dnzwygdo/djuragancom/app/Controllers/User/Invoices.php(20): view('user/invoice/tu...', Array)
#11 /home/dnzwygdo/djuragancom/vendor/codeigniter4/framework/system/CodeIgniter.php(898): App\Controllers\User\Invoices->tulis()
#12 /home/dnzwygdo/djuragancom/vendor/codeigniter4/framework/system/CodeIgniter.php(457): CodeIgniter\CodeIgniter->runController(Object(App\Controllers\User\Invoices))
#13 /home/dnzwygdo/djuragancom/vendor/codeigniter4/framework/system/CodeIgniter.php(340): CodeIgniter\CodeIgniter->handleRequest(NULL, Object(Config\Cache), false)
#14 /home/dnzwygdo/public_html/index.php(67): CodeIgniter\CodeIgniter->run()
#15 {main}

Next CodeIgniter\Database\Exceptions\DatabaseException: Too many connections in /home/dnzwygdo/djuragancom/vendor/codeigniter4/framework/system/Database/MySQLi/Connection.php:215
Stack trace:
#0 /home/dnzwygdo/djuragancom/vendor/codeigniter4/framework/system/Database/BaseConnection.php(382): CodeIgniter\Database\MySQLi\Connection->connect(false)
#1 /home/dnzwygdo/djuragancom/vendor/codeigniter4/framework/system/Database/BaseConnection.php(588): CodeIgniter\Database\BaseConnection->initialize()
#2 /home/dnzwygdo/djuragancom/vendor/codeigniter4/framework/system/Database/BaseBuilder.php(1585): CodeIgniter\Database\BaseConnection->query('SELECT *\nFROM `...', Array, false)
#3 /home/dnzwygdo/djuragancom/vendor/codeigniter4/framework/system/Model.php(222): CodeIgniter\Database\BaseBuilder->get()
#4 /home/dnzwygdo/djuragancom/vendor/codeigniter4/framework/system/BaseModel.php(584): CodeIgniter\Model->doFindAll(0, 0)
#5 /home/dnzwygdo/djuragancom/app/Views/user/invoice/tulis.php(50): CodeIgniter\BaseModel->findAll()
#6 /home/dnzwygdo/djuragancom/vendor/codeigniter4/framework/system/View/View.php(213): include('/home/dnzwygdo/...')
#7 /home/dnzwygdo/djuragancom/vendor/codeigniter4/framework/system/View/View.php(216): CodeIgniter\View\View->CodeIgniter\View\{closure}()
#8 /home/dnzwygdo/djuragancom/vendor/codeigniter4/framework/system/Common.php(1137): CodeIgniter\View\View->render('user/invoice/tu...', Array, true)
#9 /home/dnzwygdo/djuragancom/app/Controllers/User/Invoices.php(20): view('user/invoice/tu...', Array)
#10 /home/dnzwygdo/djuragancom/vendor/codeigniter4/framework/system/CodeIgniter.php(898): App\Controllers\User\Invoices->tulis()
#11 /home/dnzwygdo/djuragancom/vendor/codeigniter4/framework/system/CodeIgniter.php(457): CodeIgniter\CodeIgniter->runController(Object(App\Controllers\User\Invoices))
#12 /home/dnzwygdo/djuragancom/vendor/codeigniter4/framework/system/CodeIgniter.php(340): CodeIgniter\CodeIgniter->handleRequest(NULL, Object(Config\Cache), false)
#13 /home/dnzwygdo/public_html/index.php(67): CodeIgniter\CodeIgniter->run()
#14 {main}
CRITICAL - 2025-05-27 16:24:14 --> Unable to connect to the database.
Main connection [MySQLi]: Too many connections
in SYSTEMPATH/Database/BaseConnection.php on line 418.
 1 SYSTEMPATH/Database/BaseConnection.php(588): CodeIgniter\Database\BaseConnection->initialize()
 2 SYSTEMPATH/Database/BaseBuilder.php(1585): CodeIgniter\Database\BaseConnection->query('SELECT *
FROM `order_asal_order`
WHERE `status` = :status:
ORDER BY `label` ASC', [...], false)
 3 SYSTEMPATH/Model.php(222): CodeIgniter\Database\BaseBuilder->get()
 4 SYSTEMPATH/BaseModel.php(584): CodeIgniter\Model->doFindAll(0, 0)
 5 APPPATH/Views/user/invoice/tulis.php(50): CodeIgniter\BaseModel->findAll()
 6 SYSTEMPATH/View/View.php(213): include('APPPATH/Views/user/invoice/tulis.php')
 7 SYSTEMPATH/View/View.php(216): CodeIgniter\View\View->CodeIgniter\View\{closure}()
 8 SYSTEMPATH/Common.php(1137): CodeIgniter\View\View->render('user/invoice/tulis', [], true)
 9 APPPATH/Controllers/User/Invoices.php(20): view('user/invoice/tulis', [...])
10 SYSTEMPATH/CodeIgniter.php(898): App\Controllers\User\Invoices->tulis()
11 SYSTEMPATH/CodeIgniter.php(457): CodeIgniter\CodeIgniter->runController(Object(App\Controllers\User\Invoices))
12 SYSTEMPATH/CodeIgniter.php(340): CodeIgniter\CodeIgniter->handleRequest(null, Object(Config\Cache), false)
13 FCPATH/index.php(67): CodeIgniter\CodeIgniter->run()
ERROR - 2025-05-27 16:24:15 --> Error connecting to the database: mysqli_sql_exception: Too many connections in /home/dnzwygdo/djuragancom/vendor/codeigniter4/framework/system/Database/MySQLi/Connection.php:171
Stack trace:
#0 /home/dnzwygdo/djuragancom/vendor/codeigniter4/framework/system/Database/MySQLi/Connection.php(171): mysqli->real_connect('localhost', 'dnzwygdo_jura94...', 'v[,S+a7zlZd0', 'dnzwygdo_juraga...', 3306, '', 0)
#1 /home/dnzwygdo/djuragancom/vendor/codeigniter4/framework/system/Database/BaseConnection.php(382): CodeIgniter\Database\MySQLi\Connection->connect(false)
#2 /home/dnzwygdo/djuragancom/vendor/codeigniter4/framework/system/Database/BaseConnection.php(588): CodeIgniter\Database\BaseConnection->initialize()
#3 /home/dnzwygdo/djuragancom/vendor/codeigniter4/framework/system/Database/BaseBuilder.php(1585): CodeIgniter\Database\BaseConnection->query('SELECT *\nFROM `...', Array, false)
#4 /home/dnzwygdo/djuragancom/vendor/codeigniter4/framework/system/Model.php(222): CodeIgniter\Database\BaseBuilder->get()
#5 /home/dnzwygdo/djuragancom/vendor/codeigniter4/framework/system/BaseModel.php(584): CodeIgniter\Model->doFindAll(0, 0)
#6 /home/dnzwygdo/djuragancom/app/Views/user/invoice/tulis.php(50): CodeIgniter\BaseModel->findAll()
#7 /home/dnzwygdo/djuragancom/vendor/codeigniter4/framework/system/View/View.php(213): include('/home/dnzwygdo/...')
#8 /home/dnzwygdo/djuragancom/vendor/codeigniter4/framework/system/View/View.php(216): CodeIgniter\View\View->CodeIgniter\View\{closure}()
#9 /home/dnzwygdo/djuragancom/vendor/codeigniter4/framework/system/Common.php(1137): CodeIgniter\View\View->render('user/invoice/tu...', Array, true)
#10 /home/dnzwygdo/djuragancom/app/Controllers/User/Invoices.php(20): view('user/invoice/tu...', Array)
#11 /home/dnzwygdo/djuragancom/vendor/codeigniter4/framework/system/CodeIgniter.php(898): App\Controllers\User\Invoices->tulis()
#12 /home/dnzwygdo/djuragancom/vendor/codeigniter4/framework/system/CodeIgniter.php(457): CodeIgniter\CodeIgniter->runController(Object(App\Controllers\User\Invoices))
#13 /home/dnzwygdo/djuragancom/vendor/codeigniter4/framework/system/CodeIgniter.php(340): CodeIgniter\CodeIgniter->handleRequest(NULL, Object(Config\Cache), false)
#14 /home/dnzwygdo/public_html/index.php(67): CodeIgniter\CodeIgniter->run()
#15 {main}

Next CodeIgniter\Database\Exceptions\DatabaseException: Too many connections in /home/dnzwygdo/djuragancom/vendor/codeigniter4/framework/system/Database/MySQLi/Connection.php:215
Stack trace:
#0 /home/dnzwygdo/djuragancom/vendor/codeigniter4/framework/system/Database/BaseConnection.php(382): CodeIgniter\Database\MySQLi\Connection->connect(false)
#1 /home/dnzwygdo/djuragancom/vendor/codeigniter4/framework/system/Database/BaseConnection.php(588): CodeIgniter\Database\BaseConnection->initialize()
#2 /home/dnzwygdo/djuragancom/vendor/codeigniter4/framework/system/Database/BaseBuilder.php(1585): CodeIgniter\Database\BaseConnection->query('SELECT *\nFROM `...', Array, false)
#3 /home/dnzwygdo/djuragancom/vendor/codeigniter4/framework/system/Model.php(222): CodeIgniter\Database\BaseBuilder->get()
#4 /home/dnzwygdo/djuragancom/vendor/codeigniter4/framework/system/BaseModel.php(584): CodeIgniter\Model->doFindAll(0, 0)
#5 /home/dnzwygdo/djuragancom/app/Views/user/invoice/tulis.php(50): CodeIgniter\BaseModel->findAll()
#6 /home/dnzwygdo/djuragancom/vendor/codeigniter4/framework/system/View/View.php(213): include('/home/dnzwygdo/...')
#7 /home/dnzwygdo/djuragancom/vendor/codeigniter4/framework/system/View/View.php(216): CodeIgniter\View\View->CodeIgniter\View\{closure}()
#8 /home/dnzwygdo/djuragancom/vendor/codeigniter4/framework/system/Common.php(1137): CodeIgniter\View\View->render('user/invoice/tu...', Array, true)
#9 /home/dnzwygdo/djuragancom/app/Controllers/User/Invoices.php(20): view('user/invoice/tu...', Array)
#10 /home/dnzwygdo/djuragancom/vendor/codeigniter4/framework/system/CodeIgniter.php(898): App\Controllers\User\Invoices->tulis()
#11 /home/dnzwygdo/djuragancom/vendor/codeigniter4/framework/system/CodeIgniter.php(457): CodeIgniter\CodeIgniter->runController(Object(App\Controllers\User\Invoices))
#12 /home/dnzwygdo/djuragancom/vendor/codeigniter4/framework/system/CodeIgniter.php(340): CodeIgniter\CodeIgniter->handleRequest(NULL, Object(Config\Cache), false)
#13 /home/dnzwygdo/public_html/index.php(67): CodeIgniter\CodeIgniter->run()
#14 {main}
CRITICAL - 2025-05-27 16:24:15 --> Unable to connect to the database.
Main connection [MySQLi]: Too many connections
in SYSTEMPATH/Database/BaseConnection.php on line 418.
 1 SYSTEMPATH/Database/BaseConnection.php(588): CodeIgniter\Database\BaseConnection->initialize()
 2 SYSTEMPATH/Database/BaseBuilder.php(1585): CodeIgniter\Database\BaseConnection->query('SELECT *
FROM `order_asal_order`
WHERE `status` = :status:
ORDER BY `label` ASC', [...], false)
 3 SYSTEMPATH/Model.php(222): CodeIgniter\Database\BaseBuilder->get()
 4 SYSTEMPATH/BaseModel.php(584): CodeIgniter\Model->doFindAll(0, 0)
 5 APPPATH/Views/user/invoice/tulis.php(50): CodeIgniter\BaseModel->findAll()
 6 SYSTEMPATH/View/View.php(213): include('APPPATH/Views/user/invoice/tulis.php')
 7 SYSTEMPATH/View/View.php(216): CodeIgniter\View\View->CodeIgniter\View\{closure}()
 8 SYSTEMPATH/Common.php(1137): CodeIgniter\View\View->render('user/invoice/tulis', [], true)
 9 APPPATH/Controllers/User/Invoices.php(20): view('user/invoice/tulis', [...])
10 SYSTEMPATH/CodeIgniter.php(898): App\Controllers\User\Invoices->tulis()
11 SYSTEMPATH/CodeIgniter.php(457): CodeIgniter\CodeIgniter->runController(Object(App\Controllers\User\Invoices))
12 SYSTEMPATH/CodeIgniter.php(340): CodeIgniter\CodeIgniter->handleRequest(null, Object(Config\Cache), false)
13 FCPATH/index.php(67): CodeIgniter\CodeIgniter->run()
ERROR - 2025-05-27 16:24:17 --> Error connecting to the database: mysqli_sql_exception: Too many connections in /home/dnzwygdo/djuragancom/vendor/codeigniter4/framework/system/Database/MySQLi/Connection.php:171
Stack trace:
#0 /home/dnzwygdo/djuragancom/vendor/codeigniter4/framework/system/Database/MySQLi/Connection.php(171): mysqli->real_connect('localhost', 'dnzwygdo_jura94...', 'v[,S+a7zlZd0', 'dnzwygdo_juraga...', 3306, '', 0)
#1 /home/dnzwygdo/djuragancom/vendor/codeigniter4/framework/system/Database/BaseConnection.php(382): CodeIgniter\Database\MySQLi\Connection->connect(false)
#2 /home/dnzwygdo/djuragancom/vendor/codeigniter4/framework/system/Database/BaseConnection.php(588): CodeIgniter\Database\BaseConnection->initialize()
#3 /home/dnzwygdo/djuragancom/vendor/codeigniter4/framework/system/Database/BaseBuilder.php(1585): CodeIgniter\Database\BaseConnection->query('SELECT *\nFROM `...', Array, false)
#4 /home/dnzwygdo/djuragancom/vendor/codeigniter4/framework/system/Model.php(222): CodeIgniter\Database\BaseBuilder->get()
#5 /home/dnzwygdo/djuragancom/vendor/codeigniter4/framework/system/BaseModel.php(584): CodeIgniter\Model->doFindAll(0, 0)
#6 /home/dnzwygdo/djuragancom/app/Views/user/invoice/tulis.php(50): CodeIgniter\BaseModel->findAll()
#7 /home/dnzwygdo/djuragancom/vendor/codeigniter4/framework/system/View/View.php(213): include('/home/dnzwygdo/...')
#8 /home/dnzwygdo/djuragancom/vendor/codeigniter4/framework/system/View/View.php(216): CodeIgniter\View\View->CodeIgniter\View\{closure}()
#9 /home/dnzwygdo/djuragancom/vendor/codeigniter4/framework/system/Common.php(1137): CodeIgniter\View\View->render('user/invoice/tu...', Array, true)
#10 /home/dnzwygdo/djuragancom/app/Controllers/User/Invoices.php(20): view('user/invoice/tu...', Array)
#11 /home/dnzwygdo/djuragancom/vendor/codeigniter4/framework/system/CodeIgniter.php(898): App\Controllers\User\Invoices->tulis()
#12 /home/dnzwygdo/djuragancom/vendor/codeigniter4/framework/system/CodeIgniter.php(457): CodeIgniter\CodeIgniter->runController(Object(App\Controllers\User\Invoices))
#13 /home/dnzwygdo/djuragancom/vendor/codeigniter4/framework/system/CodeIgniter.php(340): CodeIgniter\CodeIgniter->handleRequest(NULL, Object(Config\Cache), false)
#14 /home/dnzwygdo/public_html/index.php(67): CodeIgniter\CodeIgniter->run()
#15 {main}

Next CodeIgniter\Database\Exceptions\DatabaseException: Too many connections in /home/dnzwygdo/djuragancom/vendor/codeigniter4/framework/system/Database/MySQLi/Connection.php:215
Stack trace:
#0 /home/dnzwygdo/djuragancom/vendor/codeigniter4/framework/system/Database/BaseConnection.php(382): CodeIgniter\Database\MySQLi\Connection->connect(false)
#1 /home/dnzwygdo/djuragancom/vendor/codeigniter4/framework/system/Database/BaseConnection.php(588): CodeIgniter\Database\BaseConnection->initialize()
#2 /home/dnzwygdo/djuragancom/vendor/codeigniter4/framework/system/Database/BaseBuilder.php(1585): CodeIgniter\Database\BaseConnection->query('SELECT *\nFROM `...', Array, false)
#3 /home/dnzwygdo/djuragancom/vendor/codeigniter4/framework/system/Model.php(222): CodeIgniter\Database\BaseBuilder->get()
#4 /home/dnzwygdo/djuragancom/vendor/codeigniter4/framework/system/BaseModel.php(584): CodeIgniter\Model->doFindAll(0, 0)
#5 /home/dnzwygdo/djuragancom/app/Views/user/invoice/tulis.php(50): CodeIgniter\BaseModel->findAll()
#6 /home/dnzwygdo/djuragancom/vendor/codeigniter4/framework/system/View/View.php(213): include('/home/dnzwygdo/...')
#7 /home/dnzwygdo/djuragancom/vendor/codeigniter4/framework/system/View/View.php(216): CodeIgniter\View\View->CodeIgniter\View\{closure}()
#8 /home/dnzwygdo/djuragancom/vendor/codeigniter4/framework/system/Common.php(1137): CodeIgniter\View\View->render('user/invoice/tu...', Array, true)
#9 /home/dnzwygdo/djuragancom/app/Controllers/User/Invoices.php(20): view('user/invoice/tu...', Array)
#10 /home/dnzwygdo/djuragancom/vendor/codeigniter4/framework/system/CodeIgniter.php(898): App\Controllers\User\Invoices->tulis()
#11 /home/dnzwygdo/djuragancom/vendor/codeigniter4/framework/system/CodeIgniter.php(457): CodeIgniter\CodeIgniter->runController(Object(App\Controllers\User\Invoices))
#12 /home/dnzwygdo/djuragancom/vendor/codeigniter4/framework/system/CodeIgniter.php(340): CodeIgniter\CodeIgniter->handleRequest(NULL, Object(Config\Cache), false)
#13 /home/dnzwygdo/public_html/index.php(67): CodeIgniter\CodeIgniter->run()
#14 {main}
CRITICAL - 2025-05-27 16:24:17 --> Unable to connect to the database.
Main connection [MySQLi]: Too many connections
in SYSTEMPATH/Database/BaseConnection.php on line 418.
 1 SYSTEMPATH/Database/BaseConnection.php(588): CodeIgniter\Database\BaseConnection->initialize()
 2 SYSTEMPATH/Database/BaseBuilder.php(1585): CodeIgniter\Database\BaseConnection->query('SELECT *
FROM `order_asal_order`
WHERE `status` = :status:
ORDER BY `label` ASC', [...], false)
 3 SYSTEMPATH/Model.php(222): CodeIgniter\Database\BaseBuilder->get()
 4 SYSTEMPATH/BaseModel.php(584): CodeIgniter\Model->doFindAll(0, 0)
 5 APPPATH/Views/user/invoice/tulis.php(50): CodeIgniter\BaseModel->findAll()
 6 SYSTEMPATH/View/View.php(213): include('APPPATH/Views/user/invoice/tulis.php')
 7 SYSTEMPATH/View/View.php(216): CodeIgniter\View\View->CodeIgniter\View\{closure}()
 8 SYSTEMPATH/Common.php(1137): CodeIgniter\View\View->render('user/invoice/tulis', [], true)
 9 APPPATH/Controllers/User/Invoices.php(20): view('user/invoice/tulis', [...])
10 SYSTEMPATH/CodeIgniter.php(898): App\Controllers\User\Invoices->tulis()
11 SYSTEMPATH/CodeIgniter.php(457): CodeIgniter\CodeIgniter->runController(Object(App\Controllers\User\Invoices))
12 SYSTEMPATH/CodeIgniter.php(340): CodeIgniter\CodeIgniter->handleRequest(null, Object(Config\Cache), false)
13 FCPATH/index.php(67): CodeIgniter\CodeIgniter->run()
ERROR - 2025-05-27 16:24:21 --> Error connecting to the database: mysqli_sql_exception: Too many connections in /home/dnzwygdo/djuragancom/vendor/codeigniter4/framework/system/Database/MySQLi/Connection.php:171
Stack trace:
#0 /home/dnzwygdo/djuragancom/vendor/codeigniter4/framework/system/Database/MySQLi/Connection.php(171): mysqli->real_connect('localhost', 'dnzwygdo_jura94...', 'v[,S+a7zlZd0', 'dnzwygdo_juraga...', 3306, '', 0)
#1 /home/dnzwygdo/djuragancom/vendor/codeigniter4/framework/system/Database/BaseConnection.php(382): CodeIgniter\Database\MySQLi\Connection->connect(false)
#2 /home/dnzwygdo/djuragancom/vendor/codeigniter4/framework/system/Database/BaseConnection.php(588): CodeIgniter\Database\BaseConnection->initialize()
#3 /home/dnzwygdo/djuragancom/vendor/codeigniter4/framework/system/Database/BaseBuilder.php(1669): CodeIgniter\Database\BaseConnection->query('SELECT COUNT(*)...', Array, false)
#4 /home/dnzwygdo/djuragancom/app/Controllers/Api/Notifikasi.php(37): CodeIgniter\Database\BaseBuilder->countAllResults()
#5 /home/dnzwygdo/djuragancom/vendor/codeigniter4/framework/system/CodeIgniter.php(898): App\Controllers\Api\Notifikasi->get()
#6 /home/dnzwygdo/djuragancom/vendor/codeigniter4/framework/system/CodeIgniter.php(457): CodeIgniter\CodeIgniter->runController(Object(App\Controllers\Api\Notifikasi))
#7 /home/dnzwygdo/djuragancom/vendor/codeigniter4/framework/system/CodeIgniter.php(340): CodeIgniter\CodeIgniter->handleRequest(NULL, Object(Config\Cache), false)
#8 /home/dnzwygdo/public_html/index.php(67): CodeIgniter\CodeIgniter->run()
#9 {main}

Next CodeIgniter\Database\Exceptions\DatabaseException: Too many connections in /home/dnzwygdo/djuragancom/vendor/codeigniter4/framework/system/Database/MySQLi/Connection.php:215
Stack trace:
#0 /home/dnzwygdo/djuragancom/vendor/codeigniter4/framework/system/Database/BaseConnection.php(382): CodeIgniter\Database\MySQLi\Connection->connect(false)
#1 /home/dnzwygdo/djuragancom/vendor/codeigniter4/framework/system/Database/BaseConnection.php(588): CodeIgniter\Database\BaseConnection->initialize()
#2 /home/dnzwygdo/djuragancom/vendor/codeigniter4/framework/system/Database/BaseBuilder.php(1669): CodeIgniter\Database\BaseConnection->query('SELECT COUNT(*)...', Array, false)
#3 /home/dnzwygdo/djuragancom/app/Controllers/Api/Notifikasi.php(37): CodeIgniter\Database\BaseBuilder->countAllResults()
#4 /home/dnzwygdo/djuragancom/vendor/codeigniter4/framework/system/CodeIgniter.php(898): App\Controllers\Api\Notifikasi->get()
#5 /home/dnzwygdo/djuragancom/vendor/codeigniter4/framework/system/CodeIgniter.php(457): CodeIgniter\CodeIgniter->runController(Object(App\Controllers\Api\Notifikasi))
#6 /home/dnzwygdo/djuragancom/vendor/codeigniter4/framework/system/CodeIgniter.php(340): CodeIgniter\CodeIgniter->handleRequest(NULL, Object(Config\Cache), false)
#7 /home/dnzwygdo/public_html/index.php(67): CodeIgniter\CodeIgniter->run()
#8 {main}
CRITICAL - 2025-05-27 16:24:21 --> Unable to connect to the database.
Main connection [MySQLi]: Too many connections
in SYSTEMPATH/Database/BaseConnection.php on line 418.
 1 SYSTEMPATH/Database/BaseConnection.php(588): CodeIgniter\Database\BaseConnection->initialize()
 2 SYSTEMPATH/Database/BaseBuilder.php(1669): CodeIgniter\Database\BaseConnection->query('SELECT COUNT(*) AS `numrows`
FROM `order_notifikasi` `n`
LEFT JOIN `order_invoice` `i` ON `n`.`invoice_id` = `i`.`id_invoice`
LEFT JOIN `order_user` `p` ON `n`.`from` = `p`.`id`
LEFT JOIN `order_juragan` `j` ON `j`.`id_juragan` = `n`.`juragan_id`
WHERE `n`.`for` = :n.for:
AND `n`.`read_at` IS NULL', [...], false)
 3 APPPATH/Controllers/Api/Notifikasi.php(37): CodeIgniter\Database\BaseBuilder->countAllResults()
 4 SYSTEMPATH/CodeIgniter.php(898): App\Controllers\Api\Notifikasi->get()
 5 SYSTEMPATH/CodeIgniter.php(457): CodeIgniter\CodeIgniter->runController(Object(App\Controllers\Api\Notifikasi))
 6 SYSTEMPATH/CodeIgniter.php(340): CodeIgniter\CodeIgniter->handleRequest(null, Object(Config\Cache), false)
 7 FCPATH/index.php(67): CodeIgniter\CodeIgniter->run()
ERROR - 2025-05-27 16:24:21 --> Error connecting to the database: mysqli_sql_exception: Too many connections in /home/dnzwygdo/djuragancom/vendor/codeigniter4/framework/system/Database/MySQLi/Connection.php:171
Stack trace:
#0 /home/dnzwygdo/djuragancom/vendor/codeigniter4/framework/system/Database/MySQLi/Connection.php(171): mysqli->real_connect('localhost', 'dnzwygdo_jura94...', 'v[,S+a7zlZd0', 'dnzwygdo_juraga...', 3306, '', 0)
#1 /home/dnzwygdo/djuragancom/vendor/codeigniter4/framework/system/Database/BaseConnection.php(382): CodeIgniter\Database\MySQLi\Connection->connect(false)
#2 /home/dnzwygdo/djuragancom/vendor/codeigniter4/framework/system/Database/BaseConnection.php(588): CodeIgniter\Database\BaseConnection->initialize()
#3 /home/dnzwygdo/djuragancom/vendor/codeigniter4/framework/system/Database/BaseBuilder.php(1669): CodeIgniter\Database\BaseConnection->query('SELECT COUNT(*)...', Array, false)
#4 /home/dnzwygdo/djuragancom/app/Controllers/Api/Notifikasi.php(37): CodeIgniter\Database\BaseBuilder->countAllResults()
#5 /home/dnzwygdo/djuragancom/vendor/codeigniter4/framework/system/CodeIgniter.php(898): App\Controllers\Api\Notifikasi->get()
#6 /home/dnzwygdo/djuragancom/vendor/codeigniter4/framework/system/CodeIgniter.php(457): CodeIgniter\CodeIgniter->runController(Object(App\Controllers\Api\Notifikasi))
#7 /home/dnzwygdo/djuragancom/vendor/codeigniter4/framework/system/CodeIgniter.php(340): CodeIgniter\CodeIgniter->handleRequest(NULL, Object(Config\Cache), false)
#8 /home/dnzwygdo/public_html/index.php(67): CodeIgniter\CodeIgniter->run()
#9 {main}

Next CodeIgniter\Database\Exceptions\DatabaseException: Too many connections in /home/dnzwygdo/djuragancom/vendor/codeigniter4/framework/system/Database/MySQLi/Connection.php:215
Stack trace:
#0 /home/dnzwygdo/djuragancom/vendor/codeigniter4/framework/system/Database/BaseConnection.php(382): CodeIgniter\Database\MySQLi\Connection->connect(false)
#1 /home/dnzwygdo/djuragancom/vendor/codeigniter4/framework/system/Database/BaseConnection.php(588): CodeIgniter\Database\BaseConnection->initialize()
#2 /home/dnzwygdo/djuragancom/vendor/codeigniter4/framework/system/Database/BaseBuilder.php(1669): CodeIgniter\Database\BaseConnection->query('SELECT COUNT(*)...', Array, false)
#3 /home/dnzwygdo/djuragancom/app/Controllers/Api/Notifikasi.php(37): CodeIgniter\Database\BaseBuilder->countAllResults()
#4 /home/dnzwygdo/djuragancom/vendor/codeigniter4/framework/system/CodeIgniter.php(898): App\Controllers\Api\Notifikasi->get()
#5 /home/dnzwygdo/djuragancom/vendor/codeigniter4/framework/system/CodeIgniter.php(457): CodeIgniter\CodeIgniter->runController(Object(App\Controllers\Api\Notifikasi))
#6 /home/dnzwygdo/djuragancom/vendor/codeigniter4/framework/system/CodeIgniter.php(340): CodeIgniter\CodeIgniter->handleRequest(NULL, Object(Config\Cache), false)
#7 /home/dnzwygdo/public_html/index.php(67): CodeIgniter\CodeIgniter->run()
#8 {main}
CRITICAL - 2025-05-27 16:24:21 --> Unable to connect to the database.
Main connection [MySQLi]: Too many connections
in SYSTEMPATH/Database/BaseConnection.php on line 418.
 1 SYSTEMPATH/Database/BaseConnection.php(588): CodeIgniter\Database\BaseConnection->initialize()
 2 SYSTEMPATH/Database/BaseBuilder.php(1669): CodeIgniter\Database\BaseConnection->query('SELECT COUNT(*) AS `numrows`
FROM `order_notifikasi` `n`
LEFT JOIN `order_invoice` `i` ON `n`.`invoice_id` = `i`.`id_invoice`
LEFT JOIN `order_user` `p` ON `n`.`from` = `p`.`id`
LEFT JOIN `order_juragan` `j` ON `j`.`id_juragan` = `n`.`juragan_id`
WHERE `n`.`for` = :n.for:
AND `n`.`read_at` IS NULL', [...], false)
 3 APPPATH/Controllers/Api/Notifikasi.php(37): CodeIgniter\Database\BaseBuilder->countAllResults()
 4 SYSTEMPATH/CodeIgniter.php(898): App\Controllers\Api\Notifikasi->get()
 5 SYSTEMPATH/CodeIgniter.php(457): CodeIgniter\CodeIgniter->runController(Object(App\Controllers\Api\Notifikasi))
 6 SYSTEMPATH/CodeIgniter.php(340): CodeIgniter\CodeIgniter->handleRequest(null, Object(Config\Cache), false)
 7 FCPATH/index.php(67): CodeIgniter\CodeIgniter->run()
ERROR - 2025-05-27 16:24:21 --> Error connecting to the database: mysqli_sql_exception: Too many connections in /home/dnzwygdo/djuragancom/vendor/codeigniter4/framework/system/Database/MySQLi/Connection.php:171
Stack trace:
#0 /home/dnzwygdo/djuragancom/vendor/codeigniter4/framework/system/Database/MySQLi/Connection.php(171): mysqli->real_connect('localhost', 'dnzwygdo_jura94...', 'v[,S+a7zlZd0', 'dnzwygdo_juraga...', 3306, '', 0)
#1 /home/dnzwygdo/djuragancom/vendor/codeigniter4/framework/system/Database/BaseConnection.php(382): CodeIgniter\Database\MySQLi\Connection->connect(false)
#2 /home/dnzwygdo/djuragancom/vendor/codeigniter4/framework/system/Database/BaseConnection.php(588): CodeIgniter\Database\BaseConnection->initialize()
#3 /home/dnzwygdo/djuragancom/vendor/codeigniter4/framework/system/Database/BaseBuilder.php(1669): CodeIgniter\Database\BaseConnection->query('SELECT COUNT(*)...', Array, false)
#4 /home/dnzwygdo/djuragancom/app/Controllers/Api/Notifikasi.php(37): CodeIgniter\Database\BaseBuilder->countAllResults()
#5 /home/dnzwygdo/djuragancom/vendor/codeigniter4/framework/system/CodeIgniter.php(898): App\Controllers\Api\Notifikasi->get()
#6 /home/dnzwygdo/djuragancom/vendor/codeigniter4/framework/system/CodeIgniter.php(457): CodeIgniter\CodeIgniter->runController(Object(App\Controllers\Api\Notifikasi))
#7 /home/dnzwygdo/djuragancom/vendor/codeigniter4/framework/system/CodeIgniter.php(340): CodeIgniter\CodeIgniter->handleRequest(NULL, Object(Config\Cache), false)
#8 /home/dnzwygdo/public_html/index.php(67): CodeIgniter\CodeIgniter->run()
#9 {main}

Next CodeIgniter\Database\Exceptions\DatabaseException: Too many connections in /home/dnzwygdo/djuragancom/vendor/codeigniter4/framework/system/Database/MySQLi/Connection.php:215
Stack trace:
#0 /home/dnzwygdo/djuragancom/vendor/codeigniter4/framework/system/Database/BaseConnection.php(382): CodeIgniter\Database\MySQLi\Connection->connect(false)
#1 /home/dnzwygdo/djuragancom/vendor/codeigniter4/framework/system/Database/BaseConnection.php(588): CodeIgniter\Database\BaseConnection->initialize()
#2 /home/dnzwygdo/djuragancom/vendor/codeigniter4/framework/system/Database/BaseBuilder.php(1669): CodeIgniter\Database\BaseConnection->query('SELECT COUNT(*)...', Array, false)
#3 /home/dnzwygdo/djuragancom/app/Controllers/Api/Notifikasi.php(37): CodeIgniter\Database\BaseBuilder->countAllResults()
#4 /home/dnzwygdo/djuragancom/vendor/codeigniter4/framework/system/CodeIgniter.php(898): App\Controllers\Api\Notifikasi->get()
#5 /home/dnzwygdo/djuragancom/vendor/codeigniter4/framework/system/CodeIgniter.php(457): CodeIgniter\CodeIgniter->runController(Object(App\Controllers\Api\Notifikasi))
#6 /home/dnzwygdo/djuragancom/vendor/codeigniter4/framework/system/CodeIgniter.php(340): CodeIgniter\CodeIgniter->handleRequest(NULL, Object(Config\Cache), false)
#7 /home/dnzwygdo/public_html/index.php(67): CodeIgniter\CodeIgniter->run()
#8 {main}
CRITICAL - 2025-05-27 16:24:21 --> Unable to connect to the database.
Main connection [MySQLi]: Too many connections
in SYSTEMPATH/Database/BaseConnection.php on line 418.
 1 SYSTEMPATH/Database/BaseConnection.php(588): CodeIgniter\Database\BaseConnection->initialize()
 2 SYSTEMPATH/Database/BaseBuilder.php(1669): CodeIgniter\Database\BaseConnection->query('SELECT COUNT(*) AS `numrows`
FROM `order_notifikasi` `n`
LEFT JOIN `order_invoice` `i` ON `n`.`invoice_id` = `i`.`id_invoice`
LEFT JOIN `order_user` `p` ON `n`.`from` = `p`.`id`
LEFT JOIN `order_juragan` `j` ON `j`.`id_juragan` = `n`.`juragan_id`
WHERE `n`.`for` = :n.for:
AND `n`.`read_at` IS NULL', [...], false)
 3 APPPATH/Controllers/Api/Notifikasi.php(37): CodeIgniter\Database\BaseBuilder->countAllResults()
 4 SYSTEMPATH/CodeIgniter.php(898): App\Controllers\Api\Notifikasi->get()
 5 SYSTEMPATH/CodeIgniter.php(457): CodeIgniter\CodeIgniter->runController(Object(App\Controllers\Api\Notifikasi))
 6 SYSTEMPATH/CodeIgniter.php(340): CodeIgniter\CodeIgniter->handleRequest(null, Object(Config\Cache), false)
 7 FCPATH/index.php(67): CodeIgniter\CodeIgniter->run()
ERROR - 2025-05-27 16:24:22 --> Error connecting to the database: mysqli_sql_exception: Too many connections in /home/dnzwygdo/djuragancom/vendor/codeigniter4/framework/system/Database/MySQLi/Connection.php:171
Stack trace:
#0 /home/dnzwygdo/djuragancom/vendor/codeigniter4/framework/system/Database/MySQLi/Connection.php(171): mysqli->real_connect('localhost', 'dnzwygdo_jura94...', 'v[,S+a7zlZd0', 'dnzwygdo_juraga...', 3306, '', 0)
#1 /home/dnzwygdo/djuragancom/vendor/codeigniter4/framework/system/Database/BaseConnection.php(382): CodeIgniter\Database\MySQLi\Connection->connect(false)
#2 /home/dnzwygdo/djuragancom/vendor/codeigniter4/framework/system/Database/BaseConnection.php(588): CodeIgniter\Database\BaseConnection->initialize()
#3 /home/dnzwygdo/djuragancom/vendor/codeigniter4/framework/system/Database/BaseBuilder.php(1585): CodeIgniter\Database\BaseConnection->query('SELECT `j`.*, `...', Array, false)
#4 /home/dnzwygdo/djuragancom/app/Models/JuraganModel.php(49): CodeIgniter\Database\BaseBuilder->get()
#5 /home/dnzwygdo/djuragancom/app/Controllers/Juragan.php(14): App\Models\JuraganModel->byUserId('18')
#6 /home/dnzwygdo/djuragancom/app/Controllers/BaseController.php(59): App\Controllers\Juragan::by_user('18')
#7 /home/dnzwygdo/djuragancom/app/Controllers/User/Invoices.php(130): App\Controllers\BaseController->juraganBy('18')
#8 /home/dnzwygdo/djuragancom/vendor/codeigniter4/framework/system/CodeIgniter.php(898): App\Controllers\User\Invoices->lihat()
#9 /home/dnzwygdo/djuragancom/vendor/codeigniter4/framework/system/CodeIgniter.php(457): CodeIgniter\CodeIgniter->runController(Object(App\Controllers\User\Invoices))
#10 /home/dnzwygdo/djuragancom/vendor/codeigniter4/framework/system/CodeIgniter.php(340): CodeIgniter\CodeIgniter->handleRequest(NULL, Object(Config\Cache), false)
#11 /home/dnzwygdo/public_html/index.php(67): CodeIgniter\CodeIgniter->run()
#12 {main}

Next CodeIgniter\Database\Exceptions\DatabaseException: Too many connections in /home/dnzwygdo/djuragancom/vendor/codeigniter4/framework/system/Database/MySQLi/Connection.php:215
Stack trace:
#0 /home/dnzwygdo/djuragancom/vendor/codeigniter4/framework/system/Database/BaseConnection.php(382): CodeIgniter\Database\MySQLi\Connection->connect(false)
#1 /home/dnzwygdo/djuragancom/vendor/codeigniter4/framework/system/Database/BaseConnection.php(588): CodeIgniter\Database\BaseConnection->initialize()
#2 /home/dnzwygdo/djuragancom/vendor/codeigniter4/framework/system/Database/BaseBuilder.php(1585): CodeIgniter\Database\BaseConnection->query('SELECT `j`.*, `...', Array, false)
#3 /home/dnzwygdo/djuragancom/app/Models/JuraganModel.php(49): CodeIgniter\Database\BaseBuilder->get()
#4 /home/dnzwygdo/djuragancom/app/Controllers/Juragan.php(14): App\Models\JuraganModel->byUserId('18')
#5 /home/dnzwygdo/djuragancom/app/Controllers/BaseController.php(59): App\Controllers\Juragan::by_user('18')
#6 /home/dnzwygdo/djuragancom/app/Controllers/User/Invoices.php(130): App\Controllers\BaseController->juraganBy('18')
#7 /home/dnzwygdo/djuragancom/vendor/codeigniter4/framework/system/CodeIgniter.php(898): App\Controllers\User\Invoices->lihat()
#8 /home/dnzwygdo/djuragancom/vendor/codeigniter4/framework/system/CodeIgniter.php(457): CodeIgniter\CodeIgniter->runController(Object(App\Controllers\User\Invoices))
#9 /home/dnzwygdo/djuragancom/vendor/codeigniter4/framework/system/CodeIgniter.php(340): CodeIgniter\CodeIgniter->handleRequest(NULL, Object(Config\Cache), false)
#10 /home/dnzwygdo/public_html/index.php(67): CodeIgniter\CodeIgniter->run()
#11 {main}
CRITICAL - 2025-05-27 16:24:22 --> Unable to connect to the database.
Main connection [MySQLi]: Too many connections
in SYSTEMPATH/Database/BaseConnection.php on line 418.
 1 SYSTEMPATH/Database/BaseConnection.php(588): CodeIgniter\Database\BaseConnection->initialize()
 2 SYSTEMPATH/Database/BaseBuilder.php(1585): CodeIgniter\Database\BaseConnection->query('SELECT `j`.*, `u`.`id` as `user_id`, `u`.`name` as `nama_user`, `u`.`username`, `u`.`email`, `r`.`table`
FROM `order_juragan` `j`
JOIN `order_relasi` `r` ON `r`.`juragan_id` = `j`.`id_juragan`
JOIN `order_user` `u` ON `u`.`id` = `r`.`val_id`
WHERE `r`.`table` = :r.table:
GROUP BY `u`.`id`, `j`.`id_juragan`
HAVING `u`.`id` = :u.id:', [...], false)
 3 APPPATH/Models/JuraganModel.php(49): CodeIgniter\Database\BaseBuilder->get()
 4 APPPATH/Controllers/Juragan.php(14): App\Models\JuraganModel->byUserId('18')
 5 APPPATH/Controllers/BaseController.php(59): App\Controllers\Juragan::by_user('18')
 6 APPPATH/Controllers/User/Invoices.php(130): App\Controllers\BaseController->juraganBy('18')
 7 SYSTEMPATH/CodeIgniter.php(898): App\Controllers\User\Invoices->lihat()
 8 SYSTEMPATH/CodeIgniter.php(457): CodeIgniter\CodeIgniter->runController(Object(App\Controllers\User\Invoices))
 9 SYSTEMPATH/CodeIgniter.php(340): CodeIgniter\CodeIgniter->handleRequest(null, Object(Config\Cache), false)
10 FCPATH/index.php(67): CodeIgniter\CodeIgniter->run()
ERROR - 2025-05-27 16:24:24 --> Error connecting to the database: mysqli_sql_exception: Too many connections in /home/dnzwygdo/djuragancom/vendor/codeigniter4/framework/system/Database/MySQLi/Connection.php:171
Stack trace:
#0 /home/dnzwygdo/djuragancom/vendor/codeigniter4/framework/system/Database/MySQLi/Connection.php(171): mysqli->real_connect('localhost', 'dnzwygdo_jura94...', 'v[,S+a7zlZd0', 'dnzwygdo_juraga...', 3306, '', 0)
#1 /home/dnzwygdo/djuragancom/vendor/codeigniter4/framework/system/Database/BaseConnection.php(382): CodeIgniter\Database\MySQLi\Connection->connect(false)
#2 /home/dnzwygdo/djuragancom/vendor/codeigniter4/framework/system/Database/BaseConnection.php(588): CodeIgniter\Database\BaseConnection->initialize()
#3 /home/dnzwygdo/djuragancom/vendor/codeigniter4/framework/system/Database/BaseBuilder.php(1669): CodeIgniter\Database\BaseConnection->query('SELECT COUNT(*)...', Array, false)
#4 /home/dnzwygdo/djuragancom/app/Controllers/Api/Notifikasi.php(37): CodeIgniter\Database\BaseBuilder->countAllResults()
#5 /home/dnzwygdo/djuragancom/vendor/codeigniter4/framework/system/CodeIgniter.php(898): App\Controllers\Api\Notifikasi->get()
#6 /home/dnzwygdo/djuragancom/vendor/codeigniter4/framework/system/CodeIgniter.php(457): CodeIgniter\CodeIgniter->runController(Object(App\Controllers\Api\Notifikasi))
#7 /home/dnzwygdo/djuragancom/vendor/codeigniter4/framework/system/CodeIgniter.php(340): CodeIgniter\CodeIgniter->handleRequest(NULL, Object(Config\Cache), false)
#8 /home/dnzwygdo/public_html/index.php(67): CodeIgniter\CodeIgniter->run()
#9 {main}

Next CodeIgniter\Database\Exceptions\DatabaseException: Too many connections in /home/dnzwygdo/djuragancom/vendor/codeigniter4/framework/system/Database/MySQLi/Connection.php:215
Stack trace:
#0 /home/dnzwygdo/djuragancom/vendor/codeigniter4/framework/system/Database/BaseConnection.php(382): CodeIgniter\Database\MySQLi\Connection->connect(false)
#1 /home/dnzwygdo/djuragancom/vendor/codeigniter4/framework/system/Database/BaseConnection.php(588): CodeIgniter\Database\BaseConnection->initialize()
#2 /home/dnzwygdo/djuragancom/vendor/codeigniter4/framework/system/Database/BaseBuilder.php(1669): CodeIgniter\Database\BaseConnection->query('SELECT COUNT(*)...', Array, false)
#3 /home/dnzwygdo/djuragancom/app/Controllers/Api/Notifikasi.php(37): CodeIgniter\Database\BaseBuilder->countAllResults()
#4 /home/dnzwygdo/djuragancom/vendor/codeigniter4/framework/system/CodeIgniter.php(898): App\Controllers\Api\Notifikasi->get()
#5 /home/dnzwygdo/djuragancom/vendor/codeigniter4/framework/system/CodeIgniter.php(457): CodeIgniter\CodeIgniter->runController(Object(App\Controllers\Api\Notifikasi))
#6 /home/dnzwygdo/djuragancom/vendor/codeigniter4/framework/system/CodeIgniter.php(340): CodeIgniter\CodeIgniter->handleRequest(NULL, Object(Config\Cache), false)
#7 /home/dnzwygdo/public_html/index.php(67): CodeIgniter\CodeIgniter->run()
#8 {main}
CRITICAL - 2025-05-27 16:24:24 --> Unable to connect to the database.
Main connection [MySQLi]: Too many connections
in SYSTEMPATH/Database/BaseConnection.php on line 418.
 1 SYSTEMPATH/Database/BaseConnection.php(588): CodeIgniter\Database\BaseConnection->initialize()
 2 SYSTEMPATH/Database/BaseBuilder.php(1669): CodeIgniter\Database\BaseConnection->query('SELECT COUNT(*) AS `numrows`
FROM `order_notifikasi` `n`
LEFT JOIN `order_invoice` `i` ON `n`.`invoice_id` = `i`.`id_invoice`
LEFT JOIN `order_user` `p` ON `n`.`from` = `p`.`id`
LEFT JOIN `order_juragan` `j` ON `j`.`id_juragan` = `n`.`juragan_id`
WHERE `n`.`for` = :n.for:
AND `n`.`read_at` IS NULL', [...], false)
 3 APPPATH/Controllers/Api/Notifikasi.php(37): CodeIgniter\Database\BaseBuilder->countAllResults()
 4 SYSTEMPATH/CodeIgniter.php(898): App\Controllers\Api\Notifikasi->get()
 5 SYSTEMPATH/CodeIgniter.php(457): CodeIgniter\CodeIgniter->runController(Object(App\Controllers\Api\Notifikasi))
 6 SYSTEMPATH/CodeIgniter.php(340): CodeIgniter\CodeIgniter->handleRequest(null, Object(Config\Cache), false)
 7 FCPATH/index.php(67): CodeIgniter\CodeIgniter->run()
ERROR - 2025-05-27 16:24:36 --> Error connecting to the database: mysqli_sql_exception: Too many connections in /home/dnzwygdo/djuragancom/vendor/codeigniter4/framework/system/Database/MySQLi/Connection.php:171
Stack trace:
#0 /home/dnzwygdo/djuragancom/vendor/codeigniter4/framework/system/Database/MySQLi/Connection.php(171): mysqli->real_connect('localhost', 'dnzwygdo_jura94...', 'v[,S+a7zlZd0', 'dnzwygdo_juraga...', 3306, '', 0)
#1 /home/dnzwygdo/djuragancom/vendor/codeigniter4/framework/system/Database/BaseConnection.php(382): CodeIgniter\Database\MySQLi\Connection->connect(false)
#2 /home/dnzwygdo/djuragancom/vendor/codeigniter4/framework/system/Database/BaseConnection.php(588): CodeIgniter\Database\BaseConnection->initialize()
#3 /home/dnzwygdo/djuragancom/vendor/codeigniter4/framework/system/Database/BaseBuilder.php(1585): CodeIgniter\Database\BaseConnection->query('SELECT *\nFROM `...', Array, false)
#4 /home/dnzwygdo/djuragancom/vendor/codeigniter4/framework/system/Model.php(249): CodeIgniter\Database\BaseBuilder->get()
#5 /home/dnzwygdo/djuragancom/vendor/codeigniter4/framework/system/BaseModel.php(622): CodeIgniter\Model->doFirst()
#6 /home/dnzwygdo/djuragancom/app/Controllers/Auth.php(31): CodeIgniter\BaseModel->first()
#7 /home/dnzwygdo/djuragancom/vendor/codeigniter4/framework/system/CodeIgniter.php(898): App\Controllers\Auth->index()
#8 /home/dnzwygdo/djuragancom/vendor/codeigniter4/framework/system/CodeIgniter.php(457): CodeIgniter\CodeIgniter->runController(Object(App\Controllers\Auth))
#9 /home/dnzwygdo/djuragancom/vendor/codeigniter4/framework/system/CodeIgniter.php(340): CodeIgniter\CodeIgniter->handleRequest(NULL, Object(Config\Cache), false)
#10 /home/dnzwygdo/public_html/index.php(67): CodeIgniter\CodeIgniter->run()
#11 {main}

Next CodeIgniter\Database\Exceptions\DatabaseException: Too many connections in /home/dnzwygdo/djuragancom/vendor/codeigniter4/framework/system/Database/MySQLi/Connection.php:215
Stack trace:
#0 /home/dnzwygdo/djuragancom/vendor/codeigniter4/framework/system/Database/BaseConnection.php(382): CodeIgniter\Database\MySQLi\Connection->connect(false)
#1 /home/dnzwygdo/djuragancom/vendor/codeigniter4/framework/system/Database/BaseConnection.php(588): CodeIgniter\Database\BaseConnection->initialize()
#2 /home/dnzwygdo/djuragancom/vendor/codeigniter4/framework/system/Database/BaseBuilder.php(1585): CodeIgniter\Database\BaseConnection->query('SELECT *\nFROM `...', Array, false)
#3 /home/dnzwygdo/djuragancom/vendor/codeigniter4/framework/system/Model.php(249): CodeIgniter\Database\BaseBuilder->get()
#4 /home/dnzwygdo/djuragancom/vendor/codeigniter4/framework/system/BaseModel.php(622): CodeIgniter\Model->doFirst()
#5 /home/dnzwygdo/djuragancom/app/Controllers/Auth.php(31): CodeIgniter\BaseModel->first()
#6 /home/dnzwygdo/djuragancom/vendor/codeigniter4/framework/system/CodeIgniter.php(898): App\Controllers\Auth->index()
#7 /home/dnzwygdo/djuragancom/vendor/codeigniter4/framework/system/CodeIgniter.php(457): CodeIgniter\CodeIgniter->runController(Object(App\Controllers\Auth))
#8 /home/dnzwygdo/djuragancom/vendor/codeigniter4/framework/system/CodeIgniter.php(340): CodeIgniter\CodeIgniter->handleRequest(NULL, Object(Config\Cache), false)
#9 /home/dnzwygdo/public_html/index.php(67): CodeIgniter\CodeIgniter->run()
#10 {main}
CRITICAL - 2025-05-27 16:24:36 --> Unable to connect to the database.
Main connection [MySQLi]: Too many connections
in SYSTEMPATH/Database/BaseConnection.php on line 418.
 1 SYSTEMPATH/Database/BaseConnection.php(588): CodeIgniter\Database\BaseConnection->initialize()
 2 SYSTEMPATH/Database/BaseBuilder.php(1585): CodeIgniter\Database\BaseConnection->query('SELECT *
FROM `order_user`
WHERE `username` = :username:
AND `order_user`.`deleted_at` IS NULL
 LIMIT 1', [...], false)
 3 SYSTEMPATH/Model.php(249): CodeIgniter\Database\BaseBuilder->get()
 4 SYSTEMPATH/BaseModel.php(622): CodeIgniter\Model->doFirst()
 5 APPPATH/Controllers/Auth.php(31): CodeIgniter\BaseModel->first()
 6 SYSTEMPATH/CodeIgniter.php(898): App\Controllers\Auth->index()
 7 SYSTEMPATH/CodeIgniter.php(457): CodeIgniter\CodeIgniter->runController(Object(App\Controllers\Auth))
 8 SYSTEMPATH/CodeIgniter.php(340): CodeIgniter\CodeIgniter->handleRequest(null, Object(Config\Cache), false)
 9 FCPATH/index.php(67): CodeIgniter\CodeIgniter->run()
ERROR - 2025-05-27 16:24:45 --> Error connecting to the database: mysqli_sql_exception: Too many connections in /home/dnzwygdo/djuragancom/vendor/codeigniter4/framework/system/Database/MySQLi/Connection.php:171
Stack trace:
#0 /home/dnzwygdo/djuragancom/vendor/codeigniter4/framework/system/Database/MySQLi/Connection.php(171): mysqli->real_connect('localhost', 'dnzwygdo_jura94...', 'v[,S+a7zlZd0', 'dnzwygdo_juraga...', 3306, '', 0)
#1 /home/dnzwygdo/djuragancom/vendor/codeigniter4/framework/system/Database/BaseConnection.php(382): CodeIgniter\Database\MySQLi\Connection->connect(false)
#2 /home/dnzwygdo/djuragancom/vendor/codeigniter4/framework/system/Database/BaseConnection.php(588): CodeIgniter\Database\BaseConnection->initialize()
#3 /home/dnzwygdo/djuragancom/vendor/codeigniter4/framework/system/Database/BaseBuilder.php(1669): CodeIgniter\Database\BaseConnection->query('SELECT COUNT(*)...', Array, false)
#4 /home/dnzwygdo/djuragancom/app/Controllers/Api/Notifikasi.php(37): CodeIgniter\Database\BaseBuilder->countAllResults()
#5 /home/dnzwygdo/djuragancom/vendor/codeigniter4/framework/system/CodeIgniter.php(898): App\Controllers\Api\Notifikasi->get()
#6 /home/dnzwygdo/djuragancom/vendor/codeigniter4/framework/system/CodeIgniter.php(457): CodeIgniter\CodeIgniter->runController(Object(App\Controllers\Api\Notifikasi))
#7 /home/dnzwygdo/djuragancom/vendor/codeigniter4/framework/system/CodeIgniter.php(340): CodeIgniter\CodeIgniter->handleRequest(NULL, Object(Config\Cache), false)
#8 /home/dnzwygdo/public_html/index.php(67): CodeIgniter\CodeIgniter->run()
#9 {main}

Next CodeIgniter\Database\Exceptions\DatabaseException: Too many connections in /home/dnzwygdo/djuragancom/vendor/codeigniter4/framework/system/Database/MySQLi/Connection.php:215
Stack trace:
#0 /home/dnzwygdo/djuragancom/vendor/codeigniter4/framework/system/Database/BaseConnection.php(382): CodeIgniter\Database\MySQLi\Connection->connect(false)
#1 /home/dnzwygdo/djuragancom/vendor/codeigniter4/framework/system/Database/BaseConnection.php(588): CodeIgniter\Database\BaseConnection->initialize()
#2 /home/dnzwygdo/djuragancom/vendor/codeigniter4/framework/system/Database/BaseBuilder.php(1669): CodeIgniter\Database\BaseConnection->query('SELECT COUNT(*)...', Array, false)
#3 /home/dnzwygdo/djuragancom/app/Controllers/Api/Notifikasi.php(37): CodeIgniter\Database\BaseBuilder->countAllResults()
#4 /home/dnzwygdo/djuragancom/vendor/codeigniter4/framework/system/CodeIgniter.php(898): App\Controllers\Api\Notifikasi->get()
#5 /home/dnzwygdo/djuragancom/vendor/codeigniter4/framework/system/CodeIgniter.php(457): CodeIgniter\CodeIgniter->runController(Object(App\Controllers\Api\Notifikasi))
#6 /home/dnzwygdo/djuragancom/vendor/codeigniter4/framework/system/CodeIgniter.php(340): CodeIgniter\CodeIgniter->handleRequest(NULL, Object(Config\Cache), false)
#7 /home/dnzwygdo/public_html/index.php(67): CodeIgniter\CodeIgniter->run()
#8 {main}
CRITICAL - 2025-05-27 16:24:45 --> Unable to connect to the database.
Main connection [MySQLi]: Too many connections
in SYSTEMPATH/Database/BaseConnection.php on line 418.
 1 SYSTEMPATH/Database/BaseConnection.php(588): CodeIgniter\Database\BaseConnection->initialize()
 2 SYSTEMPATH/Database/BaseBuilder.php(1669): CodeIgniter\Database\BaseConnection->query('SELECT COUNT(*) AS `numrows`
FROM `order_notifikasi` `n`
LEFT JOIN `order_invoice` `i` ON `n`.`invoice_id` = `i`.`id_invoice`
LEFT JOIN `order_user` `p` ON `n`.`from` = `p`.`id`
LEFT JOIN `order_juragan` `j` ON `j`.`id_juragan` = `n`.`juragan_id`
WHERE `n`.`for` = :n.for:
AND `n`.`read_at` IS NULL', [...], false)
 3 APPPATH/Controllers/Api/Notifikasi.php(37): CodeIgniter\Database\BaseBuilder->countAllResults()
 4 SYSTEMPATH/CodeIgniter.php(898): App\Controllers\Api\Notifikasi->get()
 5 SYSTEMPATH/CodeIgniter.php(457): CodeIgniter\CodeIgniter->runController(Object(App\Controllers\Api\Notifikasi))
 6 SYSTEMPATH/CodeIgniter.php(340): CodeIgniter\CodeIgniter->handleRequest(null, Object(Config\Cache), false)
 7 FCPATH/index.php(67): CodeIgniter\CodeIgniter->run()
ERROR - 2025-05-27 16:24:47 --> Error connecting to the database: mysqli_sql_exception: Too many connections in /home/dnzwygdo/djuragancom/vendor/codeigniter4/framework/system/Database/MySQLi/Connection.php:171
Stack trace:
#0 /home/dnzwygdo/djuragancom/vendor/codeigniter4/framework/system/Database/MySQLi/Connection.php(171): mysqli->real_connect('localhost', 'dnzwygdo_jura94...', 'v[,S+a7zlZd0', 'dnzwygdo_juraga...', 3306, '', 0)
#1 /home/dnzwygdo/djuragancom/vendor/codeigniter4/framework/system/Database/BaseConnection.php(382): CodeIgniter\Database\MySQLi\Connection->connect(false)
#2 /home/dnzwygdo/djuragancom/vendor/codeigniter4/framework/system/Database/BaseConnection.php(588): CodeIgniter\Database\BaseConnection->initialize()
#3 /home/dnzwygdo/djuragancom/vendor/codeigniter4/framework/system/Database/BaseBuilder.php(1585): CodeIgniter\Database\BaseConnection->query('SELECT `j`.*, `...', Array, false)
#4 /home/dnzwygdo/djuragancom/app/Models/JuraganModel.php(49): CodeIgniter\Database\BaseBuilder->get()
#5 /home/dnzwygdo/djuragancom/app/Controllers/Juragan.php(14): App\Models\JuraganModel->byUserId('18')
#6 /home/dnzwygdo/djuragancom/app/Controllers/Api/Juragan.php(59): App\Controllers\Juragan::by_user('18', NULL)
#7 /home/dnzwygdo/djuragancom/vendor/codeigniter4/framework/system/CodeIgniter.php(898): App\Controllers\Api\Juragan->by_user()
#8 /home/dnzwygdo/djuragancom/vendor/codeigniter4/framework/system/CodeIgniter.php(457): CodeIgniter\CodeIgniter->runController(Object(App\Controllers\Api\Juragan))
#9 /home/dnzwygdo/djuragancom/vendor/codeigniter4/framework/system/CodeIgniter.php(340): CodeIgniter\CodeIgniter->handleRequest(NULL, Object(Config\Cache), false)
#10 /home/dnzwygdo/public_html/index.php(67): CodeIgniter\CodeIgniter->run()
#11 {main}

Next CodeIgniter\Database\Exceptions\DatabaseException: Too many connections in /home/dnzwygdo/djuragancom/vendor/codeigniter4/framework/system/Database/MySQLi/Connection.php:215
Stack trace:
#0 /home/dnzwygdo/djuragancom/vendor/codeigniter4/framework/system/Database/BaseConnection.php(382): CodeIgniter\Database\MySQLi\Connection->connect(false)
#1 /home/dnzwygdo/djuragancom/vendor/codeigniter4/framework/system/Database/BaseConnection.php(588): CodeIgniter\Database\BaseConnection->initialize()
#2 /home/dnzwygdo/djuragancom/vendor/codeigniter4/framework/system/Database/BaseBuilder.php(1585): CodeIgniter\Database\BaseConnection->query('SELECT `j`.*, `...', Array, false)
#3 /home/dnzwygdo/djuragancom/app/Models/JuraganModel.php(49): CodeIgniter\Database\BaseBuilder->get()
#4 /home/dnzwygdo/djuragancom/app/Controllers/Juragan.php(14): App\Models\JuraganModel->byUserId('18')
#5 /home/dnzwygdo/djuragancom/app/Controllers/Api/Juragan.php(59): App\Controllers\Juragan::by_user('18', NULL)
#6 /home/dnzwygdo/djuragancom/vendor/codeigniter4/framework/system/CodeIgniter.php(898): App\Controllers\Api\Juragan->by_user()
#7 /home/dnzwygdo/djuragancom/vendor/codeigniter4/framework/system/CodeIgniter.php(457): CodeIgniter\CodeIgniter->runController(Object(App\Controllers\Api\Juragan))
#8 /home/dnzwygdo/djuragancom/vendor/codeigniter4/framework/system/CodeIgniter.php(340): CodeIgniter\CodeIgniter->handleRequest(NULL, Object(Config\Cache), false)
#9 /home/dnzwygdo/public_html/index.php(67): CodeIgniter\CodeIgniter->run()
#10 {main}
CRITICAL - 2025-05-27 16:24:47 --> Unable to connect to the database.
Main connection [MySQLi]: Too many connections
in SYSTEMPATH/Database/BaseConnection.php on line 418.
 1 SYSTEMPATH/Database/BaseConnection.php(588): CodeIgniter\Database\BaseConnection->initialize()
 2 SYSTEMPATH/Database/BaseBuilder.php(1585): CodeIgniter\Database\BaseConnection->query('SELECT `j`.*, `u`.`id` as `user_id`, `u`.`name` as `nama_user`, `u`.`username`, `u`.`email`, `r`.`table`
FROM `order_juragan` `j`
JOIN `order_relasi` `r` ON `r`.`juragan_id` = `j`.`id_juragan`
JOIN `order_user` `u` ON `u`.`id` = `r`.`val_id`
WHERE `r`.`table` = :r.table:
GROUP BY `u`.`id`, `j`.`id_juragan`
HAVING `u`.`id` = :u.id:', [...], false)
 3 APPPATH/Models/JuraganModel.php(49): CodeIgniter\Database\BaseBuilder->get()
 4 APPPATH/Controllers/Juragan.php(14): App\Models\JuraganModel->byUserId('18')
 5 APPPATH/Controllers/Api/Juragan.php(59): App\Controllers\Juragan::by_user('18', null)
 6 SYSTEMPATH/CodeIgniter.php(898): App\Controllers\Api\Juragan->by_user()
 7 SYSTEMPATH/CodeIgniter.php(457): CodeIgniter\CodeIgniter->runController(Object(App\Controllers\Api\Juragan))
 8 SYSTEMPATH/CodeIgniter.php(340): CodeIgniter\CodeIgniter->handleRequest(null, Object(Config\Cache), false)
 9 FCPATH/index.php(67): CodeIgniter\CodeIgniter->run()
ERROR - 2025-05-27 16:24:49 --> Error connecting to the database: mysqli_sql_exception: Too many connections in /home/dnzwygdo/djuragancom/vendor/codeigniter4/framework/system/Database/MySQLi/Connection.php:171
Stack trace:
#0 /home/dnzwygdo/djuragancom/vendor/codeigniter4/framework/system/Database/MySQLi/Connection.php(171): mysqli->real_connect('localhost', 'dnzwygdo_jura94...', 'v[,S+a7zlZd0', 'dnzwygdo_juraga...', 3306, '', 0)
#1 /home/dnzwygdo/djuragancom/vendor/codeigniter4/framework/system/Database/BaseConnection.php(382): CodeIgniter\Database\MySQLi\Connection->connect(false)
#2 /home/dnzwygdo/djuragancom/vendor/codeigniter4/framework/system/Database/BaseConnection.php(588): CodeIgniter\Database\BaseConnection->initialize()
#3 /home/dnzwygdo/djuragancom/vendor/codeigniter4/framework/system/Database/BaseBuilder.php(1585): CodeIgniter\Database\BaseConnection->query('SELECT *\nFROM `...', Array, false)
#4 /home/dnzwygdo/djuragancom/vendor/codeigniter4/framework/system/Model.php(222): CodeIgniter\Database\BaseBuilder->get()
#5 /home/dnzwygdo/djuragancom/vendor/codeigniter4/framework/system/BaseModel.php(584): CodeIgniter\Model->doFindAll(0, 0)
#6 /home/dnzwygdo/djuragancom/app/Views/user/invoice/tulis.php(50): CodeIgniter\BaseModel->findAll()
#7 /home/dnzwygdo/djuragancom/vendor/codeigniter4/framework/system/View/View.php(213): include('/home/dnzwygdo/...')
#8 /home/dnzwygdo/djuragancom/vendor/codeigniter4/framework/system/View/View.php(216): CodeIgniter\View\View->CodeIgniter\View\{closure}()
#9 /home/dnzwygdo/djuragancom/vendor/codeigniter4/framework/system/Common.php(1137): CodeIgniter\View\View->render('user/invoice/tu...', Array, true)
#10 /home/dnzwygdo/djuragancom/app/Controllers/User/Invoices.php(20): view('user/invoice/tu...', Array)
#11 /home/dnzwygdo/djuragancom/vendor/codeigniter4/framework/system/CodeIgniter.php(898): App\Controllers\User\Invoices->tulis()
#12 /home/dnzwygdo/djuragancom/vendor/codeigniter4/framework/system/CodeIgniter.php(457): CodeIgniter\CodeIgniter->runController(Object(App\Controllers\User\Invoices))
#13 /home/dnzwygdo/djuragancom/vendor/codeigniter4/framework/system/CodeIgniter.php(340): CodeIgniter\CodeIgniter->handleRequest(NULL, Object(Config\Cache), false)
#14 /home/dnzwygdo/public_html/index.php(67): CodeIgniter\CodeIgniter->run()
#15 {main}

Next CodeIgniter\Database\Exceptions\DatabaseException: Too many connections in /home/dnzwygdo/djuragancom/vendor/codeigniter4/framework/system/Database/MySQLi/Connection.php:215
Stack trace:
#0 /home/dnzwygdo/djuragancom/vendor/codeigniter4/framework/system/Database/BaseConnection.php(382): CodeIgniter\Database\MySQLi\Connection->connect(false)
#1 /home/dnzwygdo/djuragancom/vendor/codeigniter4/framework/system/Database/BaseConnection.php(588): CodeIgniter\Database\BaseConnection->initialize()
#2 /home/dnzwygdo/djuragancom/vendor/codeigniter4/framework/system/Database/BaseBuilder.php(1585): CodeIgniter\Database\BaseConnection->query('SELECT *\nFROM `...', Array, false)
#3 /home/dnzwygdo/djuragancom/vendor/codeigniter4/framework/system/Model.php(222): CodeIgniter\Database\BaseBuilder->get()
#4 /home/dnzwygdo/djuragancom/vendor/codeigniter4/framework/system/BaseModel.php(584): CodeIgniter\Model->doFindAll(0, 0)
#5 /home/dnzwygdo/djuragancom/app/Views/user/invoice/tulis.php(50): CodeIgniter\BaseModel->findAll()
#6 /home/dnzwygdo/djuragancom/vendor/codeigniter4/framework/system/View/View.php(213): include('/home/dnzwygdo/...')
#7 /home/dnzwygdo/djuragancom/vendor/codeigniter4/framework/system/View/View.php(216): CodeIgniter\View\View->CodeIgniter\View\{closure}()
#8 /home/dnzwygdo/djuragancom/vendor/codeigniter4/framework/system/Common.php(1137): CodeIgniter\View\View->render('user/invoice/tu...', Array, true)
#9 /home/dnzwygdo/djuragancom/app/Controllers/User/Invoices.php(20): view('user/invoice/tu...', Array)
#10 /home/dnzwygdo/djuragancom/vendor/codeigniter4/framework/system/CodeIgniter.php(898): App\Controllers\User\Invoices->tulis()
#11 /home/dnzwygdo/djuragancom/vendor/codeigniter4/framework/system/CodeIgniter.php(457): CodeIgniter\CodeIgniter->runController(Object(App\Controllers\User\Invoices))
#12 /home/dnzwygdo/djuragancom/vendor/codeigniter4/framework/system/CodeIgniter.php(340): CodeIgniter\CodeIgniter->handleRequest(NULL, Object(Config\Cache), false)
#13 /home/dnzwygdo/public_html/index.php(67): CodeIgniter\CodeIgniter->run()
#14 {main}
CRITICAL - 2025-05-27 16:24:49 --> Unable to connect to the database.
Main connection [MySQLi]: Too many connections
in SYSTEMPATH/Database/BaseConnection.php on line 418.
 1 SYSTEMPATH/Database/BaseConnection.php(588): CodeIgniter\Database\BaseConnection->initialize()
 2 SYSTEMPATH/Database/BaseBuilder.php(1585): CodeIgniter\Database\BaseConnection->query('SELECT *
FROM `order_asal_order`
WHERE `status` = :status:
ORDER BY `label` ASC', [...], false)
 3 SYSTEMPATH/Model.php(222): CodeIgniter\Database\BaseBuilder->get()
 4 SYSTEMPATH/BaseModel.php(584): CodeIgniter\Model->doFindAll(0, 0)
 5 APPPATH/Views/user/invoice/tulis.php(50): CodeIgniter\BaseModel->findAll()
 6 SYSTEMPATH/View/View.php(213): include('APPPATH/Views/user/invoice/tulis.php')
 7 SYSTEMPATH/View/View.php(216): CodeIgniter\View\View->CodeIgniter\View\{closure}()
 8 SYSTEMPATH/Common.php(1137): CodeIgniter\View\View->render('user/invoice/tulis', [], true)
 9 APPPATH/Controllers/User/Invoices.php(20): view('user/invoice/tulis', [...])
10 SYSTEMPATH/CodeIgniter.php(898): App\Controllers\User\Invoices->tulis()
11 SYSTEMPATH/CodeIgniter.php(457): CodeIgniter\CodeIgniter->runController(Object(App\Controllers\User\Invoices))
12 SYSTEMPATH/CodeIgniter.php(340): CodeIgniter\CodeIgniter->handleRequest(null, Object(Config\Cache), false)
13 FCPATH/index.php(67): CodeIgniter\CodeIgniter->run()
ERROR - 2025-05-27 16:25:21 --> Error connecting to the database: mysqli_sql_exception: Too many connections in /home/dnzwygdo/djuragancom/vendor/codeigniter4/framework/system/Database/MySQLi/Connection.php:171
Stack trace:
#0 /home/dnzwygdo/djuragancom/vendor/codeigniter4/framework/system/Database/MySQLi/Connection.php(171): mysqli->real_connect('localhost', 'dnzwygdo_jura94...', 'v[,S+a7zlZd0', 'dnzwygdo_juraga...', 3306, '', 0)
#1 /home/dnzwygdo/djuragancom/vendor/codeigniter4/framework/system/Database/BaseConnection.php(382): CodeIgniter\Database\MySQLi\Connection->connect(false)
#2 /home/dnzwygdo/djuragancom/vendor/codeigniter4/framework/system/Database/BaseConnection.php(588): CodeIgniter\Database\BaseConnection->initialize()
#3 /home/dnzwygdo/djuragancom/vendor/codeigniter4/framework/system/Database/BaseBuilder.php(1669): CodeIgniter\Database\BaseConnection->query('SELECT COUNT(*)...', Array, false)
#4 /home/dnzwygdo/djuragancom/app/Controllers/Api/Notifikasi.php(37): CodeIgniter\Database\BaseBuilder->countAllResults()
#5 /home/dnzwygdo/djuragancom/vendor/codeigniter4/framework/system/CodeIgniter.php(898): App\Controllers\Api\Notifikasi->get()
#6 /home/dnzwygdo/djuragancom/vendor/codeigniter4/framework/system/CodeIgniter.php(457): CodeIgniter\CodeIgniter->runController(Object(App\Controllers\Api\Notifikasi))
#7 /home/dnzwygdo/djuragancom/vendor/codeigniter4/framework/system/CodeIgniter.php(340): CodeIgniter\CodeIgniter->handleRequest(NULL, Object(Config\Cache), false)
#8 /home/dnzwygdo/public_html/index.php(67): CodeIgniter\CodeIgniter->run()
#9 {main}

Next CodeIgniter\Database\Exceptions\DatabaseException: Too many connections in /home/dnzwygdo/djuragancom/vendor/codeigniter4/framework/system/Database/MySQLi/Connection.php:215
Stack trace:
#0 /home/dnzwygdo/djuragancom/vendor/codeigniter4/framework/system/Database/BaseConnection.php(382): CodeIgniter\Database\MySQLi\Connection->connect(false)
#1 /home/dnzwygdo/djuragancom/vendor/codeigniter4/framework/system/Database/BaseConnection.php(588): CodeIgniter\Database\BaseConnection->initialize()
#2 /home/dnzwygdo/djuragancom/vendor/codeigniter4/framework/system/Database/BaseBuilder.php(1669): CodeIgniter\Database\BaseConnection->query('SELECT COUNT(*)...', Array, false)
#3 /home/dnzwygdo/djuragancom/app/Controllers/Api/Notifikasi.php(37): CodeIgniter\Database\BaseBuilder->countAllResults()
#4 /home/dnzwygdo/djuragancom/vendor/codeigniter4/framework/system/CodeIgniter.php(898): App\Controllers\Api\Notifikasi->get()
#5 /home/dnzwygdo/djuragancom/vendor/codeigniter4/framework/system/CodeIgniter.php(457): CodeIgniter\CodeIgniter->runController(Object(App\Controllers\Api\Notifikasi))
#6 /home/dnzwygdo/djuragancom/vendor/codeigniter4/framework/system/CodeIgniter.php(340): CodeIgniter\CodeIgniter->handleRequest(NULL, Object(Config\Cache), false)
#7 /home/dnzwygdo/public_html/index.php(67): CodeIgniter\CodeIgniter->run()
#8 {main}
ERROR - 2025-05-27 16:25:21 --> Error connecting to the database: mysqli_sql_exception: Too many connections in /home/dnzwygdo/djuragancom/vendor/codeigniter4/framework/system/Database/MySQLi/Connection.php:171
Stack trace:
#0 /home/dnzwygdo/djuragancom/vendor/codeigniter4/framework/system/Database/MySQLi/Connection.php(171): mysqli->real_connect('localhost', 'dnzwygdo_jura94...', 'v[,S+a7zlZd0', 'dnzwygdo_juraga...', 3306, '', 0)
#1 /home/dnzwygdo/djuragancom/vendor/codeigniter4/framework/system/Database/BaseConnection.php(382): CodeIgniter\Database\MySQLi\Connection->connect(false)
#2 /home/dnzwygdo/djuragancom/vendor/codeigniter4/framework/system/Database/BaseConnection.php(588): CodeIgniter\Database\BaseConnection->initialize()
#3 /home/dnzwygdo/djuragancom/vendor/codeigniter4/framework/system/Database/BaseBuilder.php(1669): CodeIgniter\Database\BaseConnection->query('SELECT COUNT(*)...', Array, false)
#4 /home/dnzwygdo/djuragancom/app/Controllers/Api/Notifikasi.php(37): CodeIgniter\Database\BaseBuilder->countAllResults()
#5 /home/dnzwygdo/djuragancom/vendor/codeigniter4/framework/system/CodeIgniter.php(898): App\Controllers\Api\Notifikasi->get()
#6 /home/dnzwygdo/djuragancom/vendor/codeigniter4/framework/system/CodeIgniter.php(457): CodeIgniter\CodeIgniter->runController(Object(App\Controllers\Api\Notifikasi))
#7 /home/dnzwygdo/djuragancom/vendor/codeigniter4/framework/system/CodeIgniter.php(340): CodeIgniter\CodeIgniter->handleRequest(NULL, Object(Config\Cache), false)
#8 /home/dnzwygdo/public_html/index.php(67): CodeIgniter\CodeIgniter->run()
#9 {main}

Next CodeIgniter\Database\Exceptions\DatabaseException: Too many connections in /home/dnzwygdo/djuragancom/vendor/codeigniter4/framework/system/Database/MySQLi/Connection.php:215
Stack trace:
#0 /home/dnzwygdo/djuragancom/vendor/codeigniter4/framework/system/Database/BaseConnection.php(382): CodeIgniter\Database\MySQLi\Connection->connect(false)
#1 /home/dnzwygdo/djuragancom/vendor/codeigniter4/framework/system/Database/BaseConnection.php(588): CodeIgniter\Database\BaseConnection->initialize()
#2 /home/dnzwygdo/djuragancom/vendor/codeigniter4/framework/system/Database/BaseBuilder.php(1669): CodeIgniter\Database\BaseConnection->query('SELECT COUNT(*)...', Array, false)
#3 /home/dnzwygdo/djuragancom/app/Controllers/Api/Notifikasi.php(37): CodeIgniter\Database\BaseBuilder->countAllResults()
#4 /home/dnzwygdo/djuragancom/vendor/codeigniter4/framework/system/CodeIgniter.php(898): App\Controllers\Api\Notifikasi->get()
#5 /home/dnzwygdo/djuragancom/vendor/codeigniter4/framework/system/CodeIgniter.php(457): CodeIgniter\CodeIgniter->runController(Object(App\Controllers\Api\Notifikasi))
#6 /home/dnzwygdo/djuragancom/vendor/codeigniter4/framework/system/CodeIgniter.php(340): CodeIgniter\CodeIgniter->handleRequest(NULL, Object(Config\Cache), false)
#7 /home/dnzwygdo/public_html/index.php(67): CodeIgniter\CodeIgniter->run()
#8 {main}
CRITICAL - 2025-05-27 16:25:21 --> Unable to connect to the database.
Main connection [MySQLi]: Too many connections
in SYSTEMPATH/Database/BaseConnection.php on line 418.
 1 SYSTEMPATH/Database/BaseConnection.php(588): CodeIgniter\Database\BaseConnection->initialize()
 2 SYSTEMPATH/Database/BaseBuilder.php(1669): CodeIgniter\Database\BaseConnection->query('SELECT COUNT(*) AS `numrows`
FROM `order_notifikasi` `n`
LEFT JOIN `order_invoice` `i` ON `n`.`invoice_id` = `i`.`id_invoice`
LEFT JOIN `order_user` `p` ON `n`.`from` = `p`.`id`
LEFT JOIN `order_juragan` `j` ON `j`.`id_juragan` = `n`.`juragan_id`
WHERE `n`.`for` = :n.for:
AND `n`.`read_at` IS NULL', [...], false)
 3 APPPATH/Controllers/Api/Notifikasi.php(37): CodeIgniter\Database\BaseBuilder->countAllResults()
 4 SYSTEMPATH/CodeIgniter.php(898): App\Controllers\Api\Notifikasi->get()
 5 SYSTEMPATH/CodeIgniter.php(457): CodeIgniter\CodeIgniter->runController(Object(App\Controllers\Api\Notifikasi))
 6 SYSTEMPATH/CodeIgniter.php(340): CodeIgniter\CodeIgniter->handleRequest(null, Object(Config\Cache), false)
 7 FCPATH/index.php(67): CodeIgniter\CodeIgniter->run()
CRITICAL - 2025-05-27 16:25:21 --> Unable to connect to the database.
Main connection [MySQLi]: Too many connections
in SYSTEMPATH/Database/BaseConnection.php on line 418.
 1 SYSTEMPATH/Database/BaseConnection.php(588): CodeIgniter\Database\BaseConnection->initialize()
 2 SYSTEMPATH/Database/BaseBuilder.php(1669): CodeIgniter\Database\BaseConnection->query('SELECT COUNT(*) AS `numrows`
FROM `order_notifikasi` `n`
LEFT JOIN `order_invoice` `i` ON `n`.`invoice_id` = `i`.`id_invoice`
LEFT JOIN `order_user` `p` ON `n`.`from` = `p`.`id`
LEFT JOIN `order_juragan` `j` ON `j`.`id_juragan` = `n`.`juragan_id`
WHERE `n`.`for` = :n.for:
AND `n`.`read_at` IS NULL', [...], false)
 3 APPPATH/Controllers/Api/Notifikasi.php(37): CodeIgniter\Database\BaseBuilder->countAllResults()
 4 SYSTEMPATH/CodeIgniter.php(898): App\Controllers\Api\Notifikasi->get()
 5 SYSTEMPATH/CodeIgniter.php(457): CodeIgniter\CodeIgniter->runController(Object(App\Controllers\Api\Notifikasi))
 6 SYSTEMPATH/CodeIgniter.php(340): CodeIgniter\CodeIgniter->handleRequest(null, Object(Config\Cache), false)
 7 FCPATH/index.php(67): CodeIgniter\CodeIgniter->run()
ERROR - 2025-05-27 16:25:24 --> Error connecting to the database: mysqli_sql_exception: Too many connections in /home/dnzwygdo/djuragancom/vendor/codeigniter4/framework/system/Database/MySQLi/Connection.php:171
Stack trace:
#0 /home/dnzwygdo/djuragancom/vendor/codeigniter4/framework/system/Database/MySQLi/Connection.php(171): mysqli->real_connect('localhost', 'dnzwygdo_jura94...', 'v[,S+a7zlZd0', 'dnzwygdo_juraga...', 3306, '', 0)
#1 /home/dnzwygdo/djuragancom/vendor/codeigniter4/framework/system/Database/BaseConnection.php(382): CodeIgniter\Database\MySQLi\Connection->connect(false)
#2 /home/dnzwygdo/djuragancom/vendor/codeigniter4/framework/system/Database/BaseConnection.php(588): CodeIgniter\Database\BaseConnection->initialize()
#3 /home/dnzwygdo/djuragancom/vendor/codeigniter4/framework/system/Database/BaseBuilder.php(1669): CodeIgniter\Database\BaseConnection->query('SELECT COUNT(*)...', Array, false)
#4 /home/dnzwygdo/djuragancom/app/Controllers/Api/Notifikasi.php(37): CodeIgniter\Database\BaseBuilder->countAllResults()
#5 /home/dnzwygdo/djuragancom/vendor/codeigniter4/framework/system/CodeIgniter.php(898): App\Controllers\Api\Notifikasi->get()
#6 /home/dnzwygdo/djuragancom/vendor/codeigniter4/framework/system/CodeIgniter.php(457): CodeIgniter\CodeIgniter->runController(Object(App\Controllers\Api\Notifikasi))
#7 /home/dnzwygdo/djuragancom/vendor/codeigniter4/framework/system/CodeIgniter.php(340): CodeIgniter\CodeIgniter->handleRequest(NULL, Object(Config\Cache), false)
#8 /home/dnzwygdo/public_html/index.php(67): CodeIgniter\CodeIgniter->run()
#9 {main}

Next CodeIgniter\Database\Exceptions\DatabaseException: Too many connections in /home/dnzwygdo/djuragancom/vendor/codeigniter4/framework/system/Database/MySQLi/Connection.php:215
Stack trace:
#0 /home/dnzwygdo/djuragancom/vendor/codeigniter4/framework/system/Database/BaseConnection.php(382): CodeIgniter\Database\MySQLi\Connection->connect(false)
#1 /home/dnzwygdo/djuragancom/vendor/codeigniter4/framework/system/Database/BaseConnection.php(588): CodeIgniter\Database\BaseConnection->initialize()
#2 /home/dnzwygdo/djuragancom/vendor/codeigniter4/framework/system/Database/BaseBuilder.php(1669): CodeIgniter\Database\BaseConnection->query('SELECT COUNT(*)...', Array, false)
#3 /home/dnzwygdo/djuragancom/app/Controllers/Api/Notifikasi.php(37): CodeIgniter\Database\BaseBuilder->countAllResults()
#4 /home/dnzwygdo/djuragancom/vendor/codeigniter4/framework/system/CodeIgniter.php(898): App\Controllers\Api\Notifikasi->get()
#5 /home/dnzwygdo/djuragancom/vendor/codeigniter4/framework/system/CodeIgniter.php(457): CodeIgniter\CodeIgniter->runController(Object(App\Controllers\Api\Notifikasi))
#6 /home/dnzwygdo/djuragancom/vendor/codeigniter4/framework/system/CodeIgniter.php(340): CodeIgniter\CodeIgniter->handleRequest(NULL, Object(Config\Cache), false)
#7 /home/dnzwygdo/public_html/index.php(67): CodeIgniter\CodeIgniter->run()
#8 {main}
CRITICAL - 2025-05-27 16:25:24 --> Unable to connect to the database.
Main connection [MySQLi]: Too many connections
in SYSTEMPATH/Database/BaseConnection.php on line 418.
 1 SYSTEMPATH/Database/BaseConnection.php(588): CodeIgniter\Database\BaseConnection->initialize()
 2 SYSTEMPATH/Database/BaseBuilder.php(1669): CodeIgniter\Database\BaseConnection->query('SELECT COUNT(*) AS `numrows`
FROM `order_notifikasi` `n`
LEFT JOIN `order_invoice` `i` ON `n`.`invoice_id` = `i`.`id_invoice`
LEFT JOIN `order_user` `p` ON `n`.`from` = `p`.`id`
LEFT JOIN `order_juragan` `j` ON `j`.`id_juragan` = `n`.`juragan_id`
WHERE `n`.`for` = :n.for:
AND `n`.`read_at` IS NULL', [...], false)
 3 APPPATH/Controllers/Api/Notifikasi.php(37): CodeIgniter\Database\BaseBuilder->countAllResults()
 4 SYSTEMPATH/CodeIgniter.php(898): App\Controllers\Api\Notifikasi->get()
 5 SYSTEMPATH/CodeIgniter.php(457): CodeIgniter\CodeIgniter->runController(Object(App\Controllers\Api\Notifikasi))
 6 SYSTEMPATH/CodeIgniter.php(340): CodeIgniter\CodeIgniter->handleRequest(null, Object(Config\Cache), false)
 7 FCPATH/index.php(67): CodeIgniter\CodeIgniter->run()
ERROR - 2025-05-27 16:25:33 --> Error connecting to the database: mysqli_sql_exception: Too many connections in /home/dnzwygdo/djuragancom/vendor/codeigniter4/framework/system/Database/MySQLi/Connection.php:171
Stack trace:
#0 /home/dnzwygdo/djuragancom/vendor/codeigniter4/framework/system/Database/MySQLi/Connection.php(171): mysqli->real_connect('localhost', 'dnzwygdo_jura94...', 'v[,S+a7zlZd0', 'dnzwygdo_juraga...', 3306, '', 0)
#1 /home/dnzwygdo/djuragancom/vendor/codeigniter4/framework/system/Database/BaseConnection.php(382): CodeIgniter\Database\MySQLi\Connection->connect(false)
#2 /home/dnzwygdo/djuragancom/vendor/codeigniter4/framework/system/Database/BaseConnection.php(588): CodeIgniter\Database\BaseConnection->initialize()
#3 /home/dnzwygdo/djuragancom/vendor/codeigniter4/framework/system/Database/BaseBuilder.php(1585): CodeIgniter\Database\BaseConnection->query('SELECT `j`.*, `...', Array, false)
#4 /home/dnzwygdo/djuragancom/app/Models/JuraganModel.php(49): CodeIgniter\Database\BaseBuilder->get()
#5 /home/dnzwygdo/djuragancom/app/Controllers/Juragan.php(14): App\Models\JuraganModel->byUserId('18')
#6 /home/dnzwygdo/djuragancom/app/Controllers/Api/Juragan.php(59): App\Controllers\Juragan::by_user('18', NULL)
#7 /home/dnzwygdo/djuragancom/vendor/codeigniter4/framework/system/CodeIgniter.php(898): App\Controllers\Api\Juragan->by_user()
#8 /home/dnzwygdo/djuragancom/vendor/codeigniter4/framework/system/CodeIgniter.php(457): CodeIgniter\CodeIgniter->runController(Object(App\Controllers\Api\Juragan))
#9 /home/dnzwygdo/djuragancom/vendor/codeigniter4/framework/system/CodeIgniter.php(340): CodeIgniter\CodeIgniter->handleRequest(NULL, Object(Config\Cache), false)
#10 /home/dnzwygdo/public_html/index.php(67): CodeIgniter\CodeIgniter->run()
#11 {main}

Next CodeIgniter\Database\Exceptions\DatabaseException: Too many connections in /home/dnzwygdo/djuragancom/vendor/codeigniter4/framework/system/Database/MySQLi/Connection.php:215
Stack trace:
#0 /home/dnzwygdo/djuragancom/vendor/codeigniter4/framework/system/Database/BaseConnection.php(382): CodeIgniter\Database\MySQLi\Connection->connect(false)
#1 /home/dnzwygdo/djuragancom/vendor/codeigniter4/framework/system/Database/BaseConnection.php(588): CodeIgniter\Database\BaseConnection->initialize()
#2 /home/dnzwygdo/djuragancom/vendor/codeigniter4/framework/system/Database/BaseBuilder.php(1585): CodeIgniter\Database\BaseConnection->query('SELECT `j`.*, `...', Array, false)
#3 /home/dnzwygdo/djuragancom/app/Models/JuraganModel.php(49): CodeIgniter\Database\BaseBuilder->get()
#4 /home/dnzwygdo/djuragancom/app/Controllers/Juragan.php(14): App\Models\JuraganModel->byUserId('18')
#5 /home/dnzwygdo/djuragancom/app/Controllers/Api/Juragan.php(59): App\Controllers\Juragan::by_user('18', NULL)
#6 /home/dnzwygdo/djuragancom/vendor/codeigniter4/framework/system/CodeIgniter.php(898): App\Controllers\Api\Juragan->by_user()
#7 /home/dnzwygdo/djuragancom/vendor/codeigniter4/framework/system/CodeIgniter.php(457): CodeIgniter\CodeIgniter->runController(Object(App\Controllers\Api\Juragan))
#8 /home/dnzwygdo/djuragancom/vendor/codeigniter4/framework/system/CodeIgniter.php(340): CodeIgniter\CodeIgniter->handleRequest(NULL, Object(Config\Cache), false)
#9 /home/dnzwygdo/public_html/index.php(67): CodeIgniter\CodeIgniter->run()
#10 {main}
CRITICAL - 2025-05-27 16:25:33 --> Unable to connect to the database.
Main connection [MySQLi]: Too many connections
in SYSTEMPATH/Database/BaseConnection.php on line 418.
 1 SYSTEMPATH/Database/BaseConnection.php(588): CodeIgniter\Database\BaseConnection->initialize()
 2 SYSTEMPATH/Database/BaseBuilder.php(1585): CodeIgniter\Database\BaseConnection->query('SELECT `j`.*, `u`.`id` as `user_id`, `u`.`name` as `nama_user`, `u`.`username`, `u`.`email`, `r`.`table`
FROM `order_juragan` `j`
JOIN `order_relasi` `r` ON `r`.`juragan_id` = `j`.`id_juragan`
JOIN `order_user` `u` ON `u`.`id` = `r`.`val_id`
WHERE `r`.`table` = :r.table:
GROUP BY `u`.`id`, `j`.`id_juragan`
HAVING `u`.`id` = :u.id:', [...], false)
 3 APPPATH/Models/JuraganModel.php(49): CodeIgniter\Database\BaseBuilder->get()
 4 APPPATH/Controllers/Juragan.php(14): App\Models\JuraganModel->byUserId('18')
 5 APPPATH/Controllers/Api/Juragan.php(59): App\Controllers\Juragan::by_user('18', null)
 6 SYSTEMPATH/CodeIgniter.php(898): App\Controllers\Api\Juragan->by_user()
 7 SYSTEMPATH/CodeIgniter.php(457): CodeIgniter\CodeIgniter->runController(Object(App\Controllers\Api\Juragan))
 8 SYSTEMPATH/CodeIgniter.php(340): CodeIgniter\CodeIgniter->handleRequest(null, Object(Config\Cache), false)
 9 FCPATH/index.php(67): CodeIgniter\CodeIgniter->run()
ERROR - 2025-05-27 16:25:33 --> Error connecting to the database: mysqli_sql_exception: Too many connections in /home/dnzwygdo/djuragancom/vendor/codeigniter4/framework/system/Database/MySQLi/Connection.php:171
Stack trace:
#0 /home/dnzwygdo/djuragancom/vendor/codeigniter4/framework/system/Database/MySQLi/Connection.php(171): mysqli->real_connect('localhost', 'dnzwygdo_jura94...', 'v[,S+a7zlZd0', 'dnzwygdo_juraga...', 3306, '', 0)
#1 /home/dnzwygdo/djuragancom/vendor/codeigniter4/framework/system/Database/BaseConnection.php(382): CodeIgniter\Database\MySQLi\Connection->connect(false)
#2 /home/dnzwygdo/djuragancom/vendor/codeigniter4/framework/system/Database/BaseConnection.php(588): CodeIgniter\Database\BaseConnection->initialize()
#3 /home/dnzwygdo/djuragancom/vendor/codeigniter4/framework/system/Database/BaseBuilder.php(1585): CodeIgniter\Database\BaseConnection->query('SELECT `j`.*, `...', Array, false)
#4 /home/dnzwygdo/djuragancom/app/Models/JuraganModel.php(49): CodeIgniter\Database\BaseBuilder->get()
#5 /home/dnzwygdo/djuragancom/app/Controllers/Juragan.php(66): App\Models\JuraganModel->byUserId('18')
#6 /home/dnzwygdo/djuragancom/app/Controllers/Api/Juragan.php(68): App\Controllers\Juragan::get_users('18')
#7 /home/dnzwygdo/djuragancom/vendor/codeigniter4/framework/system/CodeIgniter.php(898): App\Controllers\Api\Juragan->get_users()
#8 /home/dnzwygdo/djuragancom/vendor/codeigniter4/framework/system/CodeIgniter.php(457): CodeIgniter\CodeIgniter->runController(Object(App\Controllers\Api\Juragan))
#9 /home/dnzwygdo/djuragancom/vendor/codeigniter4/framework/system/CodeIgniter.php(340): CodeIgniter\CodeIgniter->handleRequest(NULL, Object(Config\Cache), false)
#10 /home/dnzwygdo/public_html/index.php(67): CodeIgniter\CodeIgniter->run()
#11 {main}

Next CodeIgniter\Database\Exceptions\DatabaseException: Too many connections in /home/dnzwygdo/djuragancom/vendor/codeigniter4/framework/system/Database/MySQLi/Connection.php:215
Stack trace:
#0 /home/dnzwygdo/djuragancom/vendor/codeigniter4/framework/system/Database/BaseConnection.php(382): CodeIgniter\Database\MySQLi\Connection->connect(false)
#1 /home/dnzwygdo/djuragancom/vendor/codeigniter4/framework/system/Database/BaseConnection.php(588): CodeIgniter\Database\BaseConnection->initialize()
#2 /home/dnzwygdo/djuragancom/vendor/codeigniter4/framework/system/Database/BaseBuilder.php(1585): CodeIgniter\Database\BaseConnection->query('SELECT `j`.*, `...', Array, false)
#3 /home/dnzwygdo/djuragancom/app/Models/JuraganModel.php(49): CodeIgniter\Database\BaseBuilder->get()
#4 /home/dnzwygdo/djuragancom/app/Controllers/Juragan.php(66): App\Models\JuraganModel->byUserId('18')
#5 /home/dnzwygdo/djuragancom/app/Controllers/Api/Juragan.php(68): App\Controllers\Juragan::get_users('18')
#6 /home/dnzwygdo/djuragancom/vendor/codeigniter4/framework/system/CodeIgniter.php(898): App\Controllers\Api\Juragan->get_users()
#7 /home/dnzwygdo/djuragancom/vendor/codeigniter4/framework/system/CodeIgniter.php(457): CodeIgniter\CodeIgniter->runController(Object(App\Controllers\Api\Juragan))
#8 /home/dnzwygdo/djuragancom/vendor/codeigniter4/framework/system/CodeIgniter.php(340): CodeIgniter\CodeIgniter->handleRequest(NULL, Object(Config\Cache), false)
#9 /home/dnzwygdo/public_html/index.php(67): CodeIgniter\CodeIgniter->run()
#10 {main}
CRITICAL - 2025-05-27 16:25:33 --> Unable to connect to the database.
Main connection [MySQLi]: Too many connections
in SYSTEMPATH/Database/BaseConnection.php on line 418.
 1 SYSTEMPATH/Database/BaseConnection.php(588): CodeIgniter\Database\BaseConnection->initialize()
 2 SYSTEMPATH/Database/BaseBuilder.php(1585): CodeIgniter\Database\BaseConnection->query('SELECT `j`.*, `u`.`id` as `user_id`, `u`.`name` as `nama_user`, `u`.`username`, `u`.`email`, `r`.`table`
FROM `order_juragan` `j`
JOIN `order_relasi` `r` ON `r`.`juragan_id` = `j`.`id_juragan`
JOIN `order_user` `u` ON `u`.`id` = `r`.`val_id`
WHERE `r`.`table` = :r.table:
GROUP BY `u`.`id`, `j`.`id_juragan`
HAVING `u`.`id` = :u.id:', [...], false)
 3 APPPATH/Models/JuraganModel.php(49): CodeIgniter\Database\BaseBuilder->get()
 4 APPPATH/Controllers/Juragan.php(66): App\Models\JuraganModel->byUserId('18')
 5 APPPATH/Controllers/Api/Juragan.php(68): App\Controllers\Juragan::get_users('18')
 6 SYSTEMPATH/CodeIgniter.php(898): App\Controllers\Api\Juragan->get_users()
 7 SYSTEMPATH/CodeIgniter.php(457): CodeIgniter\CodeIgniter->runController(Object(App\Controllers\Api\Juragan))
 8 SYSTEMPATH/CodeIgniter.php(340): CodeIgniter\CodeIgniter->handleRequest(null, Object(Config\Cache), false)
 9 FCPATH/index.php(67): CodeIgniter\CodeIgniter->run()
ERROR - 2025-05-27 16:25:42 --> Error connecting to the database: mysqli_sql_exception: Too many connections in /home/dnzwygdo/djuragancom/vendor/codeigniter4/framework/system/Database/MySQLi/Connection.php:171
Stack trace:
#0 /home/dnzwygdo/djuragancom/vendor/codeigniter4/framework/system/Database/MySQLi/Connection.php(171): mysqli->real_connect('localhost', 'dnzwygdo_jura94...', 'v[,S+a7zlZd0', 'dnzwygdo_juraga...', 3306, '', 0)
#1 /home/dnzwygdo/djuragancom/vendor/codeigniter4/framework/system/Database/BaseConnection.php(382): CodeIgniter\Database\MySQLi\Connection->connect(false)
#2 /home/dnzwygdo/djuragancom/vendor/codeigniter4/framework/system/Database/BaseConnection.php(588): CodeIgniter\Database\BaseConnection->initialize()
#3 /home/dnzwygdo/djuragancom/vendor/codeigniter4/framework/system/Database/BaseBuilder.php(1585): CodeIgniter\Database\BaseConnection->query('SELECT `j`.*, `...', Array, false)
#4 /home/dnzwygdo/djuragancom/app/Models/JuraganModel.php(49): CodeIgniter\Database\BaseBuilder->get()
#5 /home/dnzwygdo/djuragancom/app/Controllers/Juragan.php(14): App\Models\JuraganModel->byUserId('18')
#6 /home/dnzwygdo/djuragancom/app/Controllers/Api/Juragan.php(59): App\Controllers\Juragan::by_user('18', NULL)
#7 /home/dnzwygdo/djuragancom/vendor/codeigniter4/framework/system/CodeIgniter.php(898): App\Controllers\Api\Juragan->by_user()
#8 /home/dnzwygdo/djuragancom/vendor/codeigniter4/framework/system/CodeIgniter.php(457): CodeIgniter\CodeIgniter->runController(Object(App\Controllers\Api\Juragan))
#9 /home/dnzwygdo/djuragancom/vendor/codeigniter4/framework/system/CodeIgniter.php(340): CodeIgniter\CodeIgniter->handleRequest(NULL, Object(Config\Cache), false)
#10 /home/dnzwygdo/public_html/index.php(67): CodeIgniter\CodeIgniter->run()
#11 {main}

Next CodeIgniter\Database\Exceptions\DatabaseException: Too many connections in /home/dnzwygdo/djuragancom/vendor/codeigniter4/framework/system/Database/MySQLi/Connection.php:215
Stack trace:
#0 /home/dnzwygdo/djuragancom/vendor/codeigniter4/framework/system/Database/BaseConnection.php(382): CodeIgniter\Database\MySQLi\Connection->connect(false)
#1 /home/dnzwygdo/djuragancom/vendor/codeigniter4/framework/system/Database/BaseConnection.php(588): CodeIgniter\Database\BaseConnection->initialize()
#2 /home/dnzwygdo/djuragancom/vendor/codeigniter4/framework/system/Database/BaseBuilder.php(1585): CodeIgniter\Database\BaseConnection->query('SELECT `j`.*, `...', Array, false)
#3 /home/dnzwygdo/djuragancom/app/Models/JuraganModel.php(49): CodeIgniter\Database\BaseBuilder->get()
#4 /home/dnzwygdo/djuragancom/app/Controllers/Juragan.php(14): App\Models\JuraganModel->byUserId('18')
#5 /home/dnzwygdo/djuragancom/app/Controllers/Api/Juragan.php(59): App\Controllers\Juragan::by_user('18', NULL)
#6 /home/dnzwygdo/djuragancom/vendor/codeigniter4/framework/system/CodeIgniter.php(898): App\Controllers\Api\Juragan->by_user()
#7 /home/dnzwygdo/djuragancom/vendor/codeigniter4/framework/system/CodeIgniter.php(457): CodeIgniter\CodeIgniter->runController(Object(App\Controllers\Api\Juragan))
#8 /home/dnzwygdo/djuragancom/vendor/codeigniter4/framework/system/CodeIgniter.php(340): CodeIgniter\CodeIgniter->handleRequest(NULL, Object(Config\Cache), false)
#9 /home/dnzwygdo/public_html/index.php(67): CodeIgniter\CodeIgniter->run()
#10 {main}
ERROR - 2025-05-27 16:25:42 --> Error connecting to the database: mysqli_sql_exception: Too many connections in /home/dnzwygdo/djuragancom/vendor/codeigniter4/framework/system/Database/MySQLi/Connection.php:171
Stack trace:
#0 /home/dnzwygdo/djuragancom/vendor/codeigniter4/framework/system/Database/MySQLi/Connection.php(171): mysqli->real_connect('localhost', 'dnzwygdo_jura94...', 'v[,S+a7zlZd0', 'dnzwygdo_juraga...', 3306, '', 0)
#1 /home/dnzwygdo/djuragancom/vendor/codeigniter4/framework/system/Database/BaseConnection.php(382): CodeIgniter\Database\MySQLi\Connection->connect(false)
#2 /home/dnzwygdo/djuragancom/vendor/codeigniter4/framework/system/Database/BaseConnection.php(588): CodeIgniter\Database\BaseConnection->initialize()
#3 /home/dnzwygdo/djuragancom/vendor/codeigniter4/framework/system/Database/BaseBuilder.php(1585): CodeIgniter\Database\BaseConnection->query('SELECT `j`.*, `...', Array, false)
#4 /home/dnzwygdo/djuragancom/app/Models/JuraganModel.php(49): CodeIgniter\Database\BaseBuilder->get()
#5 /home/dnzwygdo/djuragancom/app/Controllers/Juragan.php(66): App\Models\JuraganModel->byUserId('18')
#6 /home/dnzwygdo/djuragancom/app/Controllers/Api/Juragan.php(68): App\Controllers\Juragan::get_users('18')
#7 /home/dnzwygdo/djuragancom/vendor/codeigniter4/framework/system/CodeIgniter.php(898): App\Controllers\Api\Juragan->get_users()
#8 /home/dnzwygdo/djuragancom/vendor/codeigniter4/framework/system/CodeIgniter.php(457): CodeIgniter\CodeIgniter->runController(Object(App\Controllers\Api\Juragan))
#9 /home/dnzwygdo/djuragancom/vendor/codeigniter4/framework/system/CodeIgniter.php(340): CodeIgniter\CodeIgniter->handleRequest(NULL, Object(Config\Cache), false)
#10 /home/dnzwygdo/public_html/index.php(67): CodeIgniter\CodeIgniter->run()
#11 {main}

Next CodeIgniter\Database\Exceptions\DatabaseException: Too many connections in /home/dnzwygdo/djuragancom/vendor/codeigniter4/framework/system/Database/MySQLi/Connection.php:215
Stack trace:
#0 /home/dnzwygdo/djuragancom/vendor/codeigniter4/framework/system/Database/BaseConnection.php(382): CodeIgniter\Database\MySQLi\Connection->connect(false)
#1 /home/dnzwygdo/djuragancom/vendor/codeigniter4/framework/system/Database/BaseConnection.php(588): CodeIgniter\Database\BaseConnection->initialize()
#2 /home/dnzwygdo/djuragancom/vendor/codeigniter4/framework/system/Database/BaseBuilder.php(1585): CodeIgniter\Database\BaseConnection->query('SELECT `j`.*, `...', Array, false)
#3 /home/dnzwygdo/djuragancom/app/Models/JuraganModel.php(49): CodeIgniter\Database\BaseBuilder->get()
#4 /home/dnzwygdo/djuragancom/app/Controllers/Juragan.php(66): App\Models\JuraganModel->byUserId('18')
#5 /home/dnzwygdo/djuragancom/app/Controllers/Api/Juragan.php(68): App\Controllers\Juragan::get_users('18')
#6 /home/dnzwygdo/djuragancom/vendor/codeigniter4/framework/system/CodeIgniter.php(898): App\Controllers\Api\Juragan->get_users()
#7 /home/dnzwygdo/djuragancom/vendor/codeigniter4/framework/system/CodeIgniter.php(457): CodeIgniter\CodeIgniter->runController(Object(App\Controllers\Api\Juragan))
#8 /home/dnzwygdo/djuragancom/vendor/codeigniter4/framework/system/CodeIgniter.php(340): CodeIgniter\CodeIgniter->handleRequest(NULL, Object(Config\Cache), false)
#9 /home/dnzwygdo/public_html/index.php(67): CodeIgniter\CodeIgniter->run()
#10 {main}
CRITICAL - 2025-05-27 16:25:42 --> Unable to connect to the database.
Main connection [MySQLi]: Too many connections
in SYSTEMPATH/Database/BaseConnection.php on line 418.
 1 SYSTEMPATH/Database/BaseConnection.php(588): CodeIgniter\Database\BaseConnection->initialize()
 2 SYSTEMPATH/Database/BaseBuilder.php(1585): CodeIgniter\Database\BaseConnection->query('SELECT `j`.*, `u`.`id` as `user_id`, `u`.`name` as `nama_user`, `u`.`username`, `u`.`email`, `r`.`table`
FROM `order_juragan` `j`
JOIN `order_relasi` `r` ON `r`.`juragan_id` = `j`.`id_juragan`
JOIN `order_user` `u` ON `u`.`id` = `r`.`val_id`
WHERE `r`.`table` = :r.table:
GROUP BY `u`.`id`, `j`.`id_juragan`
HAVING `u`.`id` = :u.id:', [...], false)
 3 APPPATH/Models/JuraganModel.php(49): CodeIgniter\Database\BaseBuilder->get()
 4 APPPATH/Controllers/Juragan.php(14): App\Models\JuraganModel->byUserId('18')
 5 APPPATH/Controllers/Api/Juragan.php(59): App\Controllers\Juragan::by_user('18', null)
 6 SYSTEMPATH/CodeIgniter.php(898): App\Controllers\Api\Juragan->by_user()
 7 SYSTEMPATH/CodeIgniter.php(457): CodeIgniter\CodeIgniter->runController(Object(App\Controllers\Api\Juragan))
 8 SYSTEMPATH/CodeIgniter.php(340): CodeIgniter\CodeIgniter->handleRequest(null, Object(Config\Cache), false)
 9 FCPATH/index.php(67): CodeIgniter\CodeIgniter->run()
CRITICAL - 2025-05-27 16:25:42 --> Unable to connect to the database.
Main connection [MySQLi]: Too many connections
in SYSTEMPATH/Database/BaseConnection.php on line 418.
 1 SYSTEMPATH/Database/BaseConnection.php(588): CodeIgniter\Database\BaseConnection->initialize()
 2 SYSTEMPATH/Database/BaseBuilder.php(1585): CodeIgniter\Database\BaseConnection->query('SELECT `j`.*, `u`.`id` as `user_id`, `u`.`name` as `nama_user`, `u`.`username`, `u`.`email`, `r`.`table`
FROM `order_juragan` `j`
JOIN `order_relasi` `r` ON `r`.`juragan_id` = `j`.`id_juragan`
JOIN `order_user` `u` ON `u`.`id` = `r`.`val_id`
WHERE `r`.`table` = :r.table:
GROUP BY `u`.`id`, `j`.`id_juragan`
HAVING `u`.`id` = :u.id:', [...], false)
 3 APPPATH/Models/JuraganModel.php(49): CodeIgniter\Database\BaseBuilder->get()
 4 APPPATH/Controllers/Juragan.php(66): App\Models\JuraganModel->byUserId('18')
 5 APPPATH/Controllers/Api/Juragan.php(68): App\Controllers\Juragan::get_users('18')
 6 SYSTEMPATH/CodeIgniter.php(898): App\Controllers\Api\Juragan->get_users()
 7 SYSTEMPATH/CodeIgniter.php(457): CodeIgniter\CodeIgniter->runController(Object(App\Controllers\Api\Juragan))
 8 SYSTEMPATH/CodeIgniter.php(340): CodeIgniter\CodeIgniter->handleRequest(null, Object(Config\Cache), false)
 9 FCPATH/index.php(67): CodeIgniter\CodeIgniter->run()
CRITICAL - 2025-05-27 16:25:52 --> Allowed memory size of 134217728 bytes exhausted (tried to allocate 20480 bytes)
in SYSTEMPATH/Database/MySQLi/Result.php on line 148.
 1 [internal function]: CodeIgniter\Debug\Exceptions->shutdownHandler()
CRITICAL - 2025-05-27 16:25:54 --> Allowed memory size of 134217728 bytes exhausted (tried to allocate 20480 bytes)
in SYSTEMPATH/Database/MySQLi/Result.php on line 148.
 1 [internal function]: CodeIgniter\Debug\Exceptions->shutdownHandler()
CRITICAL - 2025-05-27 16:25:55 --> Allowed memory size of 134217728 bytes exhausted (tried to allocate 20480 bytes)
in SYSTEMPATH/Database/MySQLi/Result.php on line 148.
 1 [internal function]: CodeIgniter\Debug\Exceptions->shutdownHandler()
ERROR - 2025-05-27 16:25:56 --> Error connecting to the database: mysqli_sql_exception: Too many connections in /home/dnzwygdo/djuragancom/vendor/codeigniter4/framework/system/Database/MySQLi/Connection.php:171
Stack trace:
#0 /home/dnzwygdo/djuragancom/vendor/codeigniter4/framework/system/Database/MySQLi/Connection.php(171): mysqli->real_connect('localhost', 'dnzwygdo_jura94...', 'v[,S+a7zlZd0', 'dnzwygdo_juraga...', 3306, '', 0)
#1 /home/dnzwygdo/djuragancom/vendor/codeigniter4/framework/system/Database/BaseConnection.php(382): CodeIgniter\Database\MySQLi\Connection->connect(false)
#2 /home/dnzwygdo/djuragancom/vendor/codeigniter4/framework/system/Database/BaseConnection.php(588): CodeIgniter\Database\BaseConnection->initialize()
#3 /home/dnzwygdo/djuragancom/vendor/codeigniter4/framework/system/Database/BaseBuilder.php(1669): CodeIgniter\Database\BaseConnection->query('SELECT COUNT(*)...', Array, false)
#4 /home/dnzwygdo/djuragancom/app/Controllers/Api/Notifikasi.php(37): CodeIgniter\Database\BaseBuilder->countAllResults()
#5 /home/dnzwygdo/djuragancom/vendor/codeigniter4/framework/system/CodeIgniter.php(898): App\Controllers\Api\Notifikasi->get()
#6 /home/dnzwygdo/djuragancom/vendor/codeigniter4/framework/system/CodeIgniter.php(457): CodeIgniter\CodeIgniter->runController(Object(App\Controllers\Api\Notifikasi))
#7 /home/dnzwygdo/djuragancom/vendor/codeigniter4/framework/system/CodeIgniter.php(340): CodeIgniter\CodeIgniter->handleRequest(NULL, Object(Config\Cache), false)
#8 /home/dnzwygdo/public_html/index.php(67): CodeIgniter\CodeIgniter->run()
#9 {main}

Next CodeIgniter\Database\Exceptions\DatabaseException: Too many connections in /home/dnzwygdo/djuragancom/vendor/codeigniter4/framework/system/Database/MySQLi/Connection.php:215
Stack trace:
#0 /home/dnzwygdo/djuragancom/vendor/codeigniter4/framework/system/Database/BaseConnection.php(382): CodeIgniter\Database\MySQLi\Connection->connect(false)
#1 /home/dnzwygdo/djuragancom/vendor/codeigniter4/framework/system/Database/BaseConnection.php(588): CodeIgniter\Database\BaseConnection->initialize()
#2 /home/dnzwygdo/djuragancom/vendor/codeigniter4/framework/system/Database/BaseBuilder.php(1669): CodeIgniter\Database\BaseConnection->query('SELECT COUNT(*)...', Array, false)
#3 /home/dnzwygdo/djuragancom/app/Controllers/Api/Notifikasi.php(37): CodeIgniter\Database\BaseBuilder->countAllResults()
#4 /home/dnzwygdo/djuragancom/vendor/codeigniter4/framework/system/CodeIgniter.php(898): App\Controllers\Api\Notifikasi->get()
#5 /home/dnzwygdo/djuragancom/vendor/codeigniter4/framework/system/CodeIgniter.php(457): CodeIgniter\CodeIgniter->runController(Object(App\Controllers\Api\Notifikasi))
#6 /home/dnzwygdo/djuragancom/vendor/codeigniter4/framework/system/CodeIgniter.php(340): CodeIgniter\CodeIgniter->handleRequest(NULL, Object(Config\Cache), false)
#7 /home/dnzwygdo/public_html/index.php(67): CodeIgniter\CodeIgniter->run()
#8 {main}
CRITICAL - 2025-05-27 16:25:56 --> Unable to connect to the database.
Main connection [MySQLi]: Too many connections
in SYSTEMPATH/Database/BaseConnection.php on line 418.
 1 SYSTEMPATH/Database/BaseConnection.php(588): CodeIgniter\Database\BaseConnection->initialize()
 2 SYSTEMPATH/Database/BaseBuilder.php(1669): CodeIgniter\Database\BaseConnection->query('SELECT COUNT(*) AS `numrows`
FROM `order_notifikasi` `n`
LEFT JOIN `order_invoice` `i` ON `n`.`invoice_id` = `i`.`id_invoice`
LEFT JOIN `order_user` `p` ON `n`.`from` = `p`.`id`
LEFT JOIN `order_juragan` `j` ON `j`.`id_juragan` = `n`.`juragan_id`
WHERE `n`.`for` = :n.for:
AND `n`.`read_at` IS NULL', [...], false)
 3 APPPATH/Controllers/Api/Notifikasi.php(37): CodeIgniter\Database\BaseBuilder->countAllResults()
 4 SYSTEMPATH/CodeIgniter.php(898): App\Controllers\Api\Notifikasi->get()
 5 SYSTEMPATH/CodeIgniter.php(457): CodeIgniter\CodeIgniter->runController(Object(App\Controllers\Api\Notifikasi))
 6 SYSTEMPATH/CodeIgniter.php(340): CodeIgniter\CodeIgniter->handleRequest(null, Object(Config\Cache), false)
 7 FCPATH/index.php(67): CodeIgniter\CodeIgniter->run()
CRITICAL - 2025-05-27 16:25:56 --> Allowed memory size of 134217728 bytes exhausted (tried to allocate 20480 bytes)
in SYSTEMPATH/Database/MySQLi/Result.php on line 148.
 1 [internal function]: CodeIgniter\Debug\Exceptions->shutdownHandler()
ERROR - 2025-05-27 16:25:57 --> Error connecting to the database: mysqli_sql_exception: Too many connections in /home/dnzwygdo/djuragancom/vendor/codeigniter4/framework/system/Database/MySQLi/Connection.php:171
Stack trace:
#0 /home/dnzwygdo/djuragancom/vendor/codeigniter4/framework/system/Database/MySQLi/Connection.php(171): mysqli->real_connect('localhost', 'dnzwygdo_jura94...', 'v[,S+a7zlZd0', 'dnzwygdo_juraga...', 3306, '', 0)
#1 /home/dnzwygdo/djuragancom/vendor/codeigniter4/framework/system/Database/BaseConnection.php(382): CodeIgniter\Database\MySQLi\Connection->connect(false)
#2 /home/dnzwygdo/djuragancom/vendor/codeigniter4/framework/system/Database/BaseConnection.php(588): CodeIgniter\Database\BaseConnection->initialize()
#3 /home/dnzwygdo/djuragancom/vendor/codeigniter4/framework/system/Database/BaseBuilder.php(1585): CodeIgniter\Database\BaseConnection->query('SELECT `i`.`jur...', Array, false)
#4 /home/dnzwygdo/djuragancom/app/Models/JuraganModel.php(126): CodeIgniter\Database\BaseBuilder->get()
#5 /home/dnzwygdo/djuragancom/app/Controllers/BaseController.php(68): App\Models\JuraganModel->terakhir_update(Array)
#6 /home/dnzwygdo/djuragancom/app/Controllers/User/Invoices.php(130): App\Controllers\BaseController->juraganBy('18')
#7 /home/dnzwygdo/djuragancom/vendor/codeigniter4/framework/system/CodeIgniter.php(898): App\Controllers\User\Invoices->lihat()
#8 /home/dnzwygdo/djuragancom/vendor/codeigniter4/framework/system/CodeIgniter.php(457): CodeIgniter\CodeIgniter->runController(Object(App\Controllers\User\Invoices))
#9 /home/dnzwygdo/djuragancom/vendor/codeigniter4/framework/system/CodeIgniter.php(340): CodeIgniter\CodeIgniter->handleRequest(NULL, Object(Config\Cache), false)
#10 /home/dnzwygdo/public_html/index.php(67): CodeIgniter\CodeIgniter->run()
#11 {main}

Next CodeIgniter\Database\Exceptions\DatabaseException: Too many connections in /home/dnzwygdo/djuragancom/vendor/codeigniter4/framework/system/Database/MySQLi/Connection.php:215
Stack trace:
#0 /home/dnzwygdo/djuragancom/vendor/codeigniter4/framework/system/Database/BaseConnection.php(382): CodeIgniter\Database\MySQLi\Connection->connect(false)
#1 /home/dnzwygdo/djuragancom/vendor/codeigniter4/framework/system/Database/BaseConnection.php(588): CodeIgniter\Database\BaseConnection->initialize()
#2 /home/dnzwygdo/djuragancom/vendor/codeigniter4/framework/system/Database/BaseBuilder.php(1585): CodeIgniter\Database\BaseConnection->query('SELECT `i`.`jur...', Array, false)
#3 /home/dnzwygdo/djuragancom/app/Models/JuraganModel.php(126): CodeIgniter\Database\BaseBuilder->get()
#4 /home/dnzwygdo/djuragancom/app/Controllers/BaseController.php(68): App\Models\JuraganModel->terakhir_update(Array)
#5 /home/dnzwygdo/djuragancom/app/Controllers/User/Invoices.php(130): App\Controllers\BaseController->juraganBy('18')
#6 /home/dnzwygdo/djuragancom/vendor/codeigniter4/framework/system/CodeIgniter.php(898): App\Controllers\User\Invoices->lihat()
#7 /home/dnzwygdo/djuragancom/vendor/codeigniter4/framework/system/CodeIgniter.php(457): CodeIgniter\CodeIgniter->runController(Object(App\Controllers\User\Invoices))
#8 /home/dnzwygdo/djuragancom/vendor/codeigniter4/framework/system/CodeIgniter.php(340): CodeIgniter\CodeIgniter->handleRequest(NULL, Object(Config\Cache), false)
#9 /home/dnzwygdo/public_html/index.php(67): CodeIgniter\CodeIgniter->run()
#10 {main}
CRITICAL - 2025-05-27 16:25:57 --> Unable to connect to the database.
Main connection [MySQLi]: Too many connections
in SYSTEMPATH/Database/BaseConnection.php on line 418.
 1 SYSTEMPATH/Database/BaseConnection.php(588): CodeIgniter\Database\BaseConnection->initialize()
 2 SYSTEMPATH/Database/BaseBuilder.php(1585): CodeIgniter\Database\BaseConnection->query('SELECT `i`.`juragan_id` as `id_juragan`, `j`.*
FROM `order_juragan` `j`
LEFT JOIN `order_relasi` `r` ON `r`.`juragan_id` = `j`.`id_juragan`
LEFT JOIN `order_user` `u` ON `u`.`id` = `r`.`val_id`
LEFT JOIN `order_invoice` `i` ON `i`.`juragan_id` = `j`.`id_juragan`
HAVING `i`.`juragan_id` IN :i.juragan_id:
ORDER BY `i`.`update_at` ASC', [...], false)
 3 APPPATH/Models/JuraganModel.php(126): CodeIgniter\Database\BaseBuilder->get()
 4 APPPATH/Controllers/BaseController.php(68): App\Models\JuraganModel->terakhir_update([...])
 5 APPPATH/Controllers/User/Invoices.php(130): App\Controllers\BaseController->juraganBy('18')
 6 SYSTEMPATH/CodeIgniter.php(898): App\Controllers\User\Invoices->lihat()
 7 SYSTEMPATH/CodeIgniter.php(457): CodeIgniter\CodeIgniter->runController(Object(App\Controllers\User\Invoices))
 8 SYSTEMPATH/CodeIgniter.php(340): CodeIgniter\CodeIgniter->handleRequest(null, Object(Config\Cache), false)
 9 FCPATH/index.php(67): CodeIgniter\CodeIgniter->run()
ERROR - 2025-05-27 16:26:01 --> Error connecting to the database: mysqli_sql_exception: Too many connections in /home/dnzwygdo/djuragancom/vendor/codeigniter4/framework/system/Database/MySQLi/Connection.php:171
Stack trace:
#0 /home/dnzwygdo/djuragancom/vendor/codeigniter4/framework/system/Database/MySQLi/Connection.php(171): mysqli->real_connect('localhost', 'dnzwygdo_jura94...', 'v[,S+a7zlZd0', 'dnzwygdo_juraga...', 3306, '', 0)
#1 /home/dnzwygdo/djuragancom/vendor/codeigniter4/framework/system/Database/BaseConnection.php(382): CodeIgniter\Database\MySQLi\Connection->connect(false)
#2 /home/dnzwygdo/djuragancom/vendor/codeigniter4/framework/system/Database/BaseConnection.php(588): CodeIgniter\Database\BaseConnection->initialize()
#3 /home/dnzwygdo/djuragancom/vendor/codeigniter4/framework/system/Database/BaseBuilder.php(1669): CodeIgniter\Database\BaseConnection->query('SELECT COUNT(*)...', Array, false)
#4 /home/dnzwygdo/djuragancom/app/Controllers/Api/Notifikasi.php(37): CodeIgniter\Database\BaseBuilder->countAllResults()
#5 /home/dnzwygdo/djuragancom/vendor/codeigniter4/framework/system/CodeIgniter.php(898): App\Controllers\Api\Notifikasi->get()
#6 /home/dnzwygdo/djuragancom/vendor/codeigniter4/framework/system/CodeIgniter.php(457): CodeIgniter\CodeIgniter->runController(Object(App\Controllers\Api\Notifikasi))
#7 /home/dnzwygdo/djuragancom/vendor/codeigniter4/framework/system/CodeIgniter.php(340): CodeIgniter\CodeIgniter->handleRequest(NULL, Object(Config\Cache), false)
#8 /home/dnzwygdo/public_html/index.php(67): CodeIgniter\CodeIgniter->run()
#9 {main}

Next CodeIgniter\Database\Exceptions\DatabaseException: Too many connections in /home/dnzwygdo/djuragancom/vendor/codeigniter4/framework/system/Database/MySQLi/Connection.php:215
Stack trace:
#0 /home/dnzwygdo/djuragancom/vendor/codeigniter4/framework/system/Database/BaseConnection.php(382): CodeIgniter\Database\MySQLi\Connection->connect(false)
#1 /home/dnzwygdo/djuragancom/vendor/codeigniter4/framework/system/Database/BaseConnection.php(588): CodeIgniter\Database\BaseConnection->initialize()
#2 /home/dnzwygdo/djuragancom/vendor/codeigniter4/framework/system/Database/BaseBuilder.php(1669): CodeIgniter\Database\BaseConnection->query('SELECT COUNT(*)...', Array, false)
#3 /home/dnzwygdo/djuragancom/app/Controllers/Api/Notifikasi.php(37): CodeIgniter\Database\BaseBuilder->countAllResults()
#4 /home/dnzwygdo/djuragancom/vendor/codeigniter4/framework/system/CodeIgniter.php(898): App\Controllers\Api\Notifikasi->get()
#5 /home/dnzwygdo/djuragancom/vendor/codeigniter4/framework/system/CodeIgniter.php(457): CodeIgniter\CodeIgniter->runController(Object(App\Controllers\Api\Notifikasi))
#6 /home/dnzwygdo/djuragancom/vendor/codeigniter4/framework/system/CodeIgniter.php(340): CodeIgniter\CodeIgniter->handleRequest(NULL, Object(Config\Cache), false)
#7 /home/dnzwygdo/public_html/index.php(67): CodeIgniter\CodeIgniter->run()
#8 {main}
ERROR - 2025-05-27 16:26:01 --> Error connecting to the database: mysqli_sql_exception: Too many connections in /home/dnzwygdo/djuragancom/vendor/codeigniter4/framework/system/Database/MySQLi/Connection.php:171
Stack trace:
#0 /home/dnzwygdo/djuragancom/vendor/codeigniter4/framework/system/Database/MySQLi/Connection.php(171): mysqli->real_connect('localhost', 'dnzwygdo_jura94...', 'v[,S+a7zlZd0', 'dnzwygdo_juraga...', 3306, '', 0)
#1 /home/dnzwygdo/djuragancom/vendor/codeigniter4/framework/system/Database/BaseConnection.php(382): CodeIgniter\Database\MySQLi\Connection->connect(false)
#2 /home/dnzwygdo/djuragancom/vendor/codeigniter4/framework/system/Database/BaseConnection.php(588): CodeIgniter\Database\BaseConnection->initialize()
#3 /home/dnzwygdo/djuragancom/vendor/codeigniter4/framework/system/Database/BaseBuilder.php(1669): CodeIgniter\Database\BaseConnection->query('SELECT COUNT(*)...', Array, false)
#4 /home/dnzwygdo/djuragancom/vendor/codeigniter4/framework/system/Model.php(550): CodeIgniter\Database\BaseBuilder->countAllResults(true)
#5 /home/dnzwygdo/djuragancom/app/Models/InvoiceModel.php(202): CodeIgniter\Model->countAllResults()
#6 /home/dnzwygdo/djuragancom/app/Models/InvoiceModel.php(136): App\Models\InvoiceModel->counts(3)
#7 /home/dnzwygdo/djuragancom/app/Controllers/Api/Invoice.php(17): App\Models\InvoiceModel->getCount(3)
#8 /home/dnzwygdo/djuragancom/vendor/codeigniter4/framework/system/CodeIgniter.php(898): App\Controllers\Api\Invoice->counter_tab('3')
#9 /home/dnzwygdo/djuragancom/vendor/codeigniter4/framework/system/CodeIgniter.php(457): CodeIgniter\CodeIgniter->runController(Object(App\Controllers\Api\Invoice))
#10 /home/dnzwygdo/djuragancom/vendor/codeigniter4/framework/system/CodeIgniter.php(340): CodeIgniter\CodeIgniter->handleRequest(NULL, Object(Config\Cache), false)
#11 /home/dnzwygdo/public_html/index.php(67): CodeIgniter\CodeIgniter->run()
#12 {main}

Next CodeIgniter\Database\Exceptions\DatabaseException: Too many connections in /home/dnzwygdo/djuragancom/vendor/codeigniter4/framework/system/Database/MySQLi/Connection.php:215
Stack trace:
#0 /home/dnzwygdo/djuragancom/vendor/codeigniter4/framework/system/Database/BaseConnection.php(382): CodeIgniter\Database\MySQLi\Connection->connect(false)
#1 /home/dnzwygdo/djuragancom/vendor/codeigniter4/framework/system/Database/BaseConnection.php(588): CodeIgniter\Database\BaseConnection->initialize()
#2 /home/dnzwygdo/djuragancom/vendor/codeigniter4/framework/system/Database/BaseBuilder.php(1669): CodeIgniter\Database\BaseConnection->query('SELECT COUNT(*)...', Array, false)
#3 /home/dnzwygdo/djuragancom/vendor/codeigniter4/framework/system/Model.php(550): CodeIgniter\Database\BaseBuilder->countAllResults(true)
#4 /home/dnzwygdo/djuragancom/app/Models/InvoiceModel.php(202): CodeIgniter\Model->countAllResults()
#5 /home/dnzwygdo/djuragancom/app/Models/InvoiceModel.php(136): App\Models\InvoiceModel->counts(3)
#6 /home/dnzwygdo/djuragancom/app/Controllers/Api/Invoice.php(17): App\Models\InvoiceModel->getCount(3)
#7 /home/dnzwygdo/djuragancom/vendor/codeigniter4/framework/system/CodeIgniter.php(898): App\Controllers\Api\Invoice->counter_tab('3')
#8 /home/dnzwygdo/djuragancom/vendor/codeigniter4/framework/system/CodeIgniter.php(457): CodeIgniter\CodeIgniter->runController(Object(App\Controllers\Api\Invoice))
#9 /home/dnzwygdo/djuragancom/vendor/codeigniter4/framework/system/CodeIgniter.php(340): CodeIgniter\CodeIgniter->handleRequest(NULL, Object(Config\Cache), false)
#10 /home/dnzwygdo/public_html/index.php(67): CodeIgniter\CodeIgniter->run()
#11 {main}
CRITICAL - 2025-05-27 16:26:01 --> Unable to connect to the database.
Main connection [MySQLi]: Too many connections
in SYSTEMPATH/Database/BaseConnection.php on line 418.
 1 SYSTEMPATH/Database/BaseConnection.php(588): CodeIgniter\Database\BaseConnection->initialize()
 2 SYSTEMPATH/Database/BaseBuilder.php(1669): CodeIgniter\Database\BaseConnection->query('SELECT COUNT(*) AS `numrows`
FROM `order_notifikasi` `n`
LEFT JOIN `order_invoice` `i` ON `n`.`invoice_id` = `i`.`id_invoice`
LEFT JOIN `order_user` `p` ON `n`.`from` = `p`.`id`
LEFT JOIN `order_juragan` `j` ON `j`.`id_juragan` = `n`.`juragan_id`
WHERE `n`.`for` = :n.for:
AND `n`.`read_at` IS NULL', [...], false)
 3 APPPATH/Controllers/Api/Notifikasi.php(37): CodeIgniter\Database\BaseBuilder->countAllResults()
 4 SYSTEMPATH/CodeIgniter.php(898): App\Controllers\Api\Notifikasi->get()
 5 SYSTEMPATH/CodeIgniter.php(457): CodeIgniter\CodeIgniter->runController(Object(App\Controllers\Api\Notifikasi))
 6 SYSTEMPATH/CodeIgniter.php(340): CodeIgniter\CodeIgniter->handleRequest(null, Object(Config\Cache), false)
 7 FCPATH/index.php(67): CodeIgniter\CodeIgniter->run()
CRITICAL - 2025-05-27 16:26:01 --> Unable to connect to the database.
Main connection [MySQLi]: Too many connections
in SYSTEMPATH/Database/BaseConnection.php on line 418.
 1 SYSTEMPATH/Database/BaseConnection.php(588): CodeIgniter\Database\BaseConnection->initialize()
 2 SYSTEMPATH/Database/BaseBuilder.php(1669): CodeIgniter\Database\BaseConnection->query('SELECT COUNT(*) AS `numrows`
FROM `order_invoice`
JOIN `order_juragan` `j` ON `j`.`id_juragan` = `order_invoice`.`juragan_id`
WHERE `juragan_id` = :juragan_id:
AND `order_invoice`.`deleted_at` IS NULL', [...], false)
 3 SYSTEMPATH/Model.php(550): CodeIgniter\Database\BaseBuilder->countAllResults(true)
 4 APPPATH/Models/InvoiceModel.php(202): CodeIgniter\Model->countAllResults()
 5 APPPATH/Models/InvoiceModel.php(136): App\Models\InvoiceModel->counts(3)
 6 APPPATH/Controllers/Api/Invoice.php(17): App\Models\InvoiceModel->getCount(3)
 7 SYSTEMPATH/CodeIgniter.php(898): App\Controllers\Api\Invoice->counter_tab('3')
 8 SYSTEMPATH/CodeIgniter.php(457): CodeIgniter\CodeIgniter->runController(Object(App\Controllers\Api\Invoice))
 9 SYSTEMPATH/CodeIgniter.php(340): CodeIgniter\CodeIgniter->handleRequest(null, Object(Config\Cache), false)
10 FCPATH/index.php(67): CodeIgniter\CodeIgniter->run()
CRITICAL - 2025-05-27 16:26:19 --> Allowed memory size of 134217728 bytes exhausted (tried to allocate 20480 bytes)
in SYSTEMPATH/Database/MySQLi/Result.php on line 148.
 1 [internal function]: CodeIgniter\Debug\Exceptions->shutdownHandler()
ERROR - 2025-05-27 16:26:21 --> Error connecting to the database: mysqli_sql_exception: Too many connections in /home/dnzwygdo/djuragancom/vendor/codeigniter4/framework/system/Database/MySQLi/Connection.php:171
Stack trace:
#0 /home/dnzwygdo/djuragancom/vendor/codeigniter4/framework/system/Database/MySQLi/Connection.php(171): mysqli->real_connect('localhost', 'dnzwygdo_jura94...', 'v[,S+a7zlZd0', 'dnzwygdo_juraga...', 3306, '', 0)
#1 /home/dnzwygdo/djuragancom/vendor/codeigniter4/framework/system/Database/BaseConnection.php(382): CodeIgniter\Database\MySQLi\Connection->connect(false)
#2 /home/dnzwygdo/djuragancom/vendor/codeigniter4/framework/system/Database/BaseConnection.php(588): CodeIgniter\Database\BaseConnection->initialize()
#3 /home/dnzwygdo/djuragancom/vendor/codeigniter4/framework/system/Database/BaseBuilder.php(1669): CodeIgniter\Database\BaseConnection->query('SELECT COUNT(*)...', Array, false)
#4 /home/dnzwygdo/djuragancom/app/Controllers/Api/Notifikasi.php(37): CodeIgniter\Database\BaseBuilder->countAllResults()
#5 /home/dnzwygdo/djuragancom/vendor/codeigniter4/framework/system/CodeIgniter.php(898): App\Controllers\Api\Notifikasi->get()
#6 /home/dnzwygdo/djuragancom/vendor/codeigniter4/framework/system/CodeIgniter.php(457): CodeIgniter\CodeIgniter->runController(Object(App\Controllers\Api\Notifikasi))
#7 /home/dnzwygdo/djuragancom/vendor/codeigniter4/framework/system/CodeIgniter.php(340): CodeIgniter\CodeIgniter->handleRequest(NULL, Object(Config\Cache), false)
#8 /home/dnzwygdo/public_html/index.php(67): CodeIgniter\CodeIgniter->run()
#9 {main}

Next CodeIgniter\Database\Exceptions\DatabaseException: Too many connections in /home/dnzwygdo/djuragancom/vendor/codeigniter4/framework/system/Database/MySQLi/Connection.php:215
Stack trace:
#0 /home/dnzwygdo/djuragancom/vendor/codeigniter4/framework/system/Database/BaseConnection.php(382): CodeIgniter\Database\MySQLi\Connection->connect(false)
#1 /home/dnzwygdo/djuragancom/vendor/codeigniter4/framework/system/Database/BaseConnection.php(588): CodeIgniter\Database\BaseConnection->initialize()
#2 /home/dnzwygdo/djuragancom/vendor/codeigniter4/framework/system/Database/BaseBuilder.php(1669): CodeIgniter\Database\BaseConnection->query('SELECT COUNT(*)...', Array, false)
#3 /home/dnzwygdo/djuragancom/app/Controllers/Api/Notifikasi.php(37): CodeIgniter\Database\BaseBuilder->countAllResults()
#4 /home/dnzwygdo/djuragancom/vendor/codeigniter4/framework/system/CodeIgniter.php(898): App\Controllers\Api\Notifikasi->get()
#5 /home/dnzwygdo/djuragancom/vendor/codeigniter4/framework/system/CodeIgniter.php(457): CodeIgniter\CodeIgniter->runController(Object(App\Controllers\Api\Notifikasi))
#6 /home/dnzwygdo/djuragancom/vendor/codeigniter4/framework/system/CodeIgniter.php(340): CodeIgniter\CodeIgniter->handleRequest(NULL, Object(Config\Cache), false)
#7 /home/dnzwygdo/public_html/index.php(67): CodeIgniter\CodeIgniter->run()
#8 {main}
CRITICAL - 2025-05-27 16:26:21 --> Unable to connect to the database.
Main connection [MySQLi]: Too many connections
in SYSTEMPATH/Database/BaseConnection.php on line 418.
 1 SYSTEMPATH/Database/BaseConnection.php(588): CodeIgniter\Database\BaseConnection->initialize()
 2 SYSTEMPATH/Database/BaseBuilder.php(1669): CodeIgniter\Database\BaseConnection->query('SELECT COUNT(*) AS `numrows`
FROM `order_notifikasi` `n`
LEFT JOIN `order_invoice` `i` ON `n`.`invoice_id` = `i`.`id_invoice`
LEFT JOIN `order_user` `p` ON `n`.`from` = `p`.`id`
LEFT JOIN `order_juragan` `j` ON `j`.`id_juragan` = `n`.`juragan_id`
WHERE `n`.`for` = :n.for:
AND `n`.`read_at` IS NULL', [...], false)
 3 APPPATH/Controllers/Api/Notifikasi.php(37): CodeIgniter\Database\BaseBuilder->countAllResults()
 4 SYSTEMPATH/CodeIgniter.php(898): App\Controllers\Api\Notifikasi->get()
 5 SYSTEMPATH/CodeIgniter.php(457): CodeIgniter\CodeIgniter->runController(Object(App\Controllers\Api\Notifikasi))
 6 SYSTEMPATH/CodeIgniter.php(340): CodeIgniter\CodeIgniter->handleRequest(null, Object(Config\Cache), false)
 7 FCPATH/index.php(67): CodeIgniter\CodeIgniter->run()
ERROR - 2025-05-27 16:26:21 --> Error connecting to the database: mysqli_sql_exception: Too many connections in /home/dnzwygdo/djuragancom/vendor/codeigniter4/framework/system/Database/MySQLi/Connection.php:171
Stack trace:
#0 /home/dnzwygdo/djuragancom/vendor/codeigniter4/framework/system/Database/MySQLi/Connection.php(171): mysqli->real_connect('localhost', 'dnzwygdo_jura94...', 'v[,S+a7zlZd0', 'dnzwygdo_juraga...', 3306, '', 0)
#1 /home/dnzwygdo/djuragancom/vendor/codeigniter4/framework/system/Database/BaseConnection.php(382): CodeIgniter\Database\MySQLi\Connection->connect(false)
#2 /home/dnzwygdo/djuragancom/vendor/codeigniter4/framework/system/Database/BaseConnection.php(588): CodeIgniter\Database\BaseConnection->initialize()
#3 /home/dnzwygdo/djuragancom/vendor/codeigniter4/framework/system/Database/BaseBuilder.php(1669): CodeIgniter\Database\BaseConnection->query('SELECT COUNT(*)...', Array, false)
#4 /home/dnzwygdo/djuragancom/app/Controllers/Api/Notifikasi.php(37): CodeIgniter\Database\BaseBuilder->countAllResults()
#5 /home/dnzwygdo/djuragancom/vendor/codeigniter4/framework/system/CodeIgniter.php(898): App\Controllers\Api\Notifikasi->get()
#6 /home/dnzwygdo/djuragancom/vendor/codeigniter4/framework/system/CodeIgniter.php(457): CodeIgniter\CodeIgniter->runController(Object(App\Controllers\Api\Notifikasi))
#7 /home/dnzwygdo/djuragancom/vendor/codeigniter4/framework/system/CodeIgniter.php(340): CodeIgniter\CodeIgniter->handleRequest(NULL, Object(Config\Cache), false)
#8 /home/dnzwygdo/public_html/index.php(67): CodeIgniter\CodeIgniter->run()
#9 {main}

Next CodeIgniter\Database\Exceptions\DatabaseException: Too many connections in /home/dnzwygdo/djuragancom/vendor/codeigniter4/framework/system/Database/MySQLi/Connection.php:215
Stack trace:
#0 /home/dnzwygdo/djuragancom/vendor/codeigniter4/framework/system/Database/BaseConnection.php(382): CodeIgniter\Database\MySQLi\Connection->connect(false)
#1 /home/dnzwygdo/djuragancom/vendor/codeigniter4/framework/system/Database/BaseConnection.php(588): CodeIgniter\Database\BaseConnection->initialize()
#2 /home/dnzwygdo/djuragancom/vendor/codeigniter4/framework/system/Database/BaseBuilder.php(1669): CodeIgniter\Database\BaseConnection->query('SELECT COUNT(*)...', Array, false)
#3 /home/dnzwygdo/djuragancom/app/Controllers/Api/Notifikasi.php(37): CodeIgniter\Database\BaseBuilder->countAllResults()
#4 /home/dnzwygdo/djuragancom/vendor/codeigniter4/framework/system/CodeIgniter.php(898): App\Controllers\Api\Notifikasi->get()
#5 /home/dnzwygdo/djuragancom/vendor/codeigniter4/framework/system/CodeIgniter.php(457): CodeIgniter\CodeIgniter->runController(Object(App\Controllers\Api\Notifikasi))
#6 /home/dnzwygdo/djuragancom/vendor/codeigniter4/framework/system/CodeIgniter.php(340): CodeIgniter\CodeIgniter->handleRequest(NULL, Object(Config\Cache), false)
#7 /home/dnzwygdo/public_html/index.php(67): CodeIgniter\CodeIgniter->run()
#8 {main}
CRITICAL - 2025-05-27 16:26:21 --> Unable to connect to the database.
Main connection [MySQLi]: Too many connections
in SYSTEMPATH/Database/BaseConnection.php on line 418.
 1 SYSTEMPATH/Database/BaseConnection.php(588): CodeIgniter\Database\BaseConnection->initialize()
 2 SYSTEMPATH/Database/BaseBuilder.php(1669): CodeIgniter\Database\BaseConnection->query('SELECT COUNT(*) AS `numrows`
FROM `order_notifikasi` `n`
LEFT JOIN `order_invoice` `i` ON `n`.`invoice_id` = `i`.`id_invoice`
LEFT JOIN `order_user` `p` ON `n`.`from` = `p`.`id`
LEFT JOIN `order_juragan` `j` ON `j`.`id_juragan` = `n`.`juragan_id`
WHERE `n`.`for` = :n.for:
AND `n`.`read_at` IS NULL', [...], false)
 3 APPPATH/Controllers/Api/Notifikasi.php(37): CodeIgniter\Database\BaseBuilder->countAllResults()
 4 SYSTEMPATH/CodeIgniter.php(898): App\Controllers\Api\Notifikasi->get()
 5 SYSTEMPATH/CodeIgniter.php(457): CodeIgniter\CodeIgniter->runController(Object(App\Controllers\Api\Notifikasi))
 6 SYSTEMPATH/CodeIgniter.php(340): CodeIgniter\CodeIgniter->handleRequest(null, Object(Config\Cache), false)
 7 FCPATH/index.php(67): CodeIgniter\CodeIgniter->run()
CRITICAL - 2025-05-27 16:26:21 --> Allowed memory size of 134217728 bytes exhausted (tried to allocate 20480 bytes)
in SYSTEMPATH/Database/MySQLi/Result.php on line 148.
 1 [internal function]: CodeIgniter\Debug\Exceptions->shutdownHandler()
CRITICAL - 2025-05-27 16:26:22 --> Allowed memory size of 134217728 bytes exhausted (tried to allocate 20480 bytes)
in SYSTEMPATH/Database/MySQLi/Result.php on line 148.
 1 [internal function]: CodeIgniter\Debug\Exceptions->shutdownHandler()
CRITICAL - 2025-05-27 16:26:23 --> Allowed memory size of 134217728 bytes exhausted (tried to allocate 20480 bytes)
in SYSTEMPATH/Database/MySQLi/Result.php on line 148.
 1 [internal function]: CodeIgniter\Debug\Exceptions->shutdownHandler()
ERROR - 2025-05-27 16:26:24 --> Error connecting to the database: mysqli_sql_exception: Too many connections in /home/dnzwygdo/djuragancom/vendor/codeigniter4/framework/system/Database/MySQLi/Connection.php:171
Stack trace:
#0 /home/dnzwygdo/djuragancom/vendor/codeigniter4/framework/system/Database/MySQLi/Connection.php(171): mysqli->real_connect('localhost', 'dnzwygdo_jura94...', 'v[,S+a7zlZd0', 'dnzwygdo_juraga...', 3306, '', 0)
#1 /home/dnzwygdo/djuragancom/vendor/codeigniter4/framework/system/Database/BaseConnection.php(382): CodeIgniter\Database\MySQLi\Connection->connect(false)
#2 /home/dnzwygdo/djuragancom/vendor/codeigniter4/framework/system/Database/BaseConnection.php(588): CodeIgniter\Database\BaseConnection->initialize()
#3 /home/dnzwygdo/djuragancom/vendor/codeigniter4/framework/system/Database/BaseBuilder.php(1585): CodeIgniter\Database\BaseConnection->query('SELECT *\nFROM `...', Array, false)
#4 /home/dnzwygdo/djuragancom/vendor/codeigniter4/framework/system/Model.php(222): CodeIgniter\Database\BaseBuilder->get()
#5 /home/dnzwygdo/djuragancom/vendor/codeigniter4/framework/system/BaseModel.php(584): CodeIgniter\Model->doFindAll(0, 0)
#6 /home/dnzwygdo/djuragancom/app/Views/user/invoice/tulis.php(50): CodeIgniter\BaseModel->findAll()
#7 /home/dnzwygdo/djuragancom/vendor/codeigniter4/framework/system/View/View.php(213): include('/home/dnzwygdo/...')
#8 /home/dnzwygdo/djuragancom/vendor/codeigniter4/framework/system/View/View.php(216): CodeIgniter\View\View->CodeIgniter\View\{closure}()
#9 /home/dnzwygdo/djuragancom/vendor/codeigniter4/framework/system/Common.php(1137): CodeIgniter\View\View->render('user/invoice/tu...', Array, true)
#10 /home/dnzwygdo/djuragancom/app/Controllers/User/Invoices.php(20): view('user/invoice/tu...', Array)
#11 /home/dnzwygdo/djuragancom/vendor/codeigniter4/framework/system/CodeIgniter.php(898): App\Controllers\User\Invoices->tulis()
#12 /home/dnzwygdo/djuragancom/vendor/codeigniter4/framework/system/CodeIgniter.php(457): CodeIgniter\CodeIgniter->runController(Object(App\Controllers\User\Invoices))
#13 /home/dnzwygdo/djuragancom/vendor/codeigniter4/framework/system/CodeIgniter.php(340): CodeIgniter\CodeIgniter->handleRequest(NULL, Object(Config\Cache), false)
#14 /home/dnzwygdo/public_html/index.php(67): CodeIgniter\CodeIgniter->run()
#15 {main}

Next CodeIgniter\Database\Exceptions\DatabaseException: Too many connections in /home/dnzwygdo/djuragancom/vendor/codeigniter4/framework/system/Database/MySQLi/Connection.php:215
Stack trace:
#0 /home/dnzwygdo/djuragancom/vendor/codeigniter4/framework/system/Database/BaseConnection.php(382): CodeIgniter\Database\MySQLi\Connection->connect(false)
#1 /home/dnzwygdo/djuragancom/vendor/codeigniter4/framework/system/Database/BaseConnection.php(588): CodeIgniter\Database\BaseConnection->initialize()
#2 /home/dnzwygdo/djuragancom/vendor/codeigniter4/framework/system/Database/BaseBuilder.php(1585): CodeIgniter\Database\BaseConnection->query('SELECT *\nFROM `...', Array, false)
#3 /home/dnzwygdo/djuragancom/vendor/codeigniter4/framework/system/Model.php(222): CodeIgniter\Database\BaseBuilder->get()
#4 /home/dnzwygdo/djuragancom/vendor/codeigniter4/framework/system/BaseModel.php(584): CodeIgniter\Model->doFindAll(0, 0)
#5 /home/dnzwygdo/djuragancom/app/Views/user/invoice/tulis.php(50): CodeIgniter\BaseModel->findAll()
#6 /home/dnzwygdo/djuragancom/vendor/codeigniter4/framework/system/View/View.php(213): include('/home/dnzwygdo/...')
#7 /home/dnzwygdo/djuragancom/vendor/codeigniter4/framework/system/View/View.php(216): CodeIgniter\View\View->CodeIgniter\View\{closure}()
#8 /home/dnzwygdo/djuragancom/vendor/codeigniter4/framework/system/Common.php(1137): CodeIgniter\View\View->render('user/invoice/tu...', Array, true)
#9 /home/dnzwygdo/djuragancom/app/Controllers/User/Invoices.php(20): view('user/invoice/tu...', Array)
#10 /home/dnzwygdo/djuragancom/vendor/codeigniter4/framework/system/CodeIgniter.php(898): App\Controllers\User\Invoices->tulis()
#11 /home/dnzwygdo/djuragancom/vendor/codeigniter4/framework/system/CodeIgniter.php(457): CodeIgniter\CodeIgniter->runController(Object(App\Controllers\User\Invoices))
#12 /home/dnzwygdo/djuragancom/vendor/codeigniter4/framework/system/CodeIgniter.php(340): CodeIgniter\CodeIgniter->handleRequest(NULL, Object(Config\Cache), false)
#13 /home/dnzwygdo/public_html/index.php(67): CodeIgniter\CodeIgniter->run()
#14 {main}
CRITICAL - 2025-05-27 16:26:24 --> Unable to connect to the database.
Main connection [MySQLi]: Too many connections
in SYSTEMPATH/Database/BaseConnection.php on line 418.
 1 SYSTEMPATH/Database/BaseConnection.php(588): CodeIgniter\Database\BaseConnection->initialize()
 2 SYSTEMPATH/Database/BaseBuilder.php(1585): CodeIgniter\Database\BaseConnection->query('SELECT *
FROM `order_asal_order`
WHERE `status` = :status:
ORDER BY `label` ASC', [...], false)
 3 SYSTEMPATH/Model.php(222): CodeIgniter\Database\BaseBuilder->get()
 4 SYSTEMPATH/BaseModel.php(584): CodeIgniter\Model->doFindAll(0, 0)
 5 APPPATH/Views/user/invoice/tulis.php(50): CodeIgniter\BaseModel->findAll()
 6 SYSTEMPATH/View/View.php(213): include('APPPATH/Views/user/invoice/tulis.php')
 7 SYSTEMPATH/View/View.php(216): CodeIgniter\View\View->CodeIgniter\View\{closure}()
 8 SYSTEMPATH/Common.php(1137): CodeIgniter\View\View->render('user/invoice/tulis', [], true)
 9 APPPATH/Controllers/User/Invoices.php(20): view('user/invoice/tulis', [...])
10 SYSTEMPATH/CodeIgniter.php(898): App\Controllers\User\Invoices->tulis()
11 SYSTEMPATH/CodeIgniter.php(457): CodeIgniter\CodeIgniter->runController(Object(App\Controllers\User\Invoices))
12 SYSTEMPATH/CodeIgniter.php(340): CodeIgniter\CodeIgniter->handleRequest(null, Object(Config\Cache), false)
13 FCPATH/index.php(67): CodeIgniter\CodeIgniter->run()
ERROR - 2025-05-27 16:26:24 --> Error connecting to the database: mysqli_sql_exception: Too many connections in /home/dnzwygdo/djuragancom/vendor/codeigniter4/framework/system/Database/MySQLi/Connection.php:171
Stack trace:
#0 /home/dnzwygdo/djuragancom/vendor/codeigniter4/framework/system/Database/MySQLi/Connection.php(171): mysqli->real_connect('localhost', 'dnzwygdo_jura94...', 'v[,S+a7zlZd0', 'dnzwygdo_juraga...', 3306, '', 0)
#1 /home/dnzwygdo/djuragancom/vendor/codeigniter4/framework/system/Database/BaseConnection.php(382): CodeIgniter\Database\MySQLi\Connection->connect(false)
#2 /home/dnzwygdo/djuragancom/vendor/codeigniter4/framework/system/Database/BaseConnection.php(588): CodeIgniter\Database\BaseConnection->initialize()
#3 /home/dnzwygdo/djuragancom/vendor/codeigniter4/framework/system/Database/BaseBuilder.php(1669): CodeIgniter\Database\BaseConnection->query('SELECT COUNT(*)...', Array, false)
#4 /home/dnzwygdo/djuragancom/app/Controllers/Api/Notifikasi.php(37): CodeIgniter\Database\BaseBuilder->countAllResults()
#5 /home/dnzwygdo/djuragancom/vendor/codeigniter4/framework/system/CodeIgniter.php(898): App\Controllers\Api\Notifikasi->get()
#6 /home/dnzwygdo/djuragancom/vendor/codeigniter4/framework/system/CodeIgniter.php(457): CodeIgniter\CodeIgniter->runController(Object(App\Controllers\Api\Notifikasi))
#7 /home/dnzwygdo/djuragancom/vendor/codeigniter4/framework/system/CodeIgniter.php(340): CodeIgniter\CodeIgniter->handleRequest(NULL, Object(Config\Cache), false)
#8 /home/dnzwygdo/public_html/index.php(67): CodeIgniter\CodeIgniter->run()
#9 {main}

Next CodeIgniter\Database\Exceptions\DatabaseException: Too many connections in /home/dnzwygdo/djuragancom/vendor/codeigniter4/framework/system/Database/MySQLi/Connection.php:215
Stack trace:
#0 /home/dnzwygdo/djuragancom/vendor/codeigniter4/framework/system/Database/BaseConnection.php(382): CodeIgniter\Database\MySQLi\Connection->connect(false)
#1 /home/dnzwygdo/djuragancom/vendor/codeigniter4/framework/system/Database/BaseConnection.php(588): CodeIgniter\Database\BaseConnection->initialize()
#2 /home/dnzwygdo/djuragancom/vendor/codeigniter4/framework/system/Database/BaseBuilder.php(1669): CodeIgniter\Database\BaseConnection->query('SELECT COUNT(*)...', Array, false)
#3 /home/dnzwygdo/djuragancom/app/Controllers/Api/Notifikasi.php(37): CodeIgniter\Database\BaseBuilder->countAllResults()
#4 /home/dnzwygdo/djuragancom/vendor/codeigniter4/framework/system/CodeIgniter.php(898): App\Controllers\Api\Notifikasi->get()
#5 /home/dnzwygdo/djuragancom/vendor/codeigniter4/framework/system/CodeIgniter.php(457): CodeIgniter\CodeIgniter->runController(Object(App\Controllers\Api\Notifikasi))
#6 /home/dnzwygdo/djuragancom/vendor/codeigniter4/framework/system/CodeIgniter.php(340): CodeIgniter\CodeIgniter->handleRequest(NULL, Object(Config\Cache), false)
#7 /home/dnzwygdo/public_html/index.php(67): CodeIgniter\CodeIgniter->run()
#8 {main}
ERROR - 2025-05-27 16:26:24 --> Error connecting to the database: mysqli_sql_exception: Too many connections in /home/dnzwygdo/djuragancom/vendor/codeigniter4/framework/system/Database/MySQLi/Connection.php:171
Stack trace:
#0 /home/dnzwygdo/djuragancom/vendor/codeigniter4/framework/system/Database/MySQLi/Connection.php(171): mysqli->real_connect('localhost', 'dnzwygdo_jura94...', 'v[,S+a7zlZd0', 'dnzwygdo_juraga...', 3306, '', 0)
#1 /home/dnzwygdo/djuragancom/vendor/codeigniter4/framework/system/Database/BaseConnection.php(382): CodeIgniter\Database\MySQLi\Connection->connect(false)
#2 /home/dnzwygdo/djuragancom/vendor/codeigniter4/framework/system/Database/BaseConnection.php(588): CodeIgniter\Database\BaseConnection->initialize()
#3 /home/dnzwygdo/djuragancom/vendor/codeigniter4/framework/system/Database/BaseBuilder.php(1669): CodeIgniter\Database\BaseConnection->query('SELECT COUNT(*)...', Array, false)
#4 /home/dnzwygdo/djuragancom/vendor/codeigniter4/framework/system/Model.php(550): CodeIgniter\Database\BaseBuilder->countAllResults(true)
#5 /home/dnzwygdo/djuragancom/app/Models/InvoiceModel.php(202): CodeIgniter\Model->countAllResults()
#6 /home/dnzwygdo/djuragancom/app/Models/InvoiceModel.php(136): App\Models\InvoiceModel->counts(10)
#7 /home/dnzwygdo/djuragancom/app/Controllers/Api/Invoice.php(17): App\Models\InvoiceModel->getCount(10)
#8 /home/dnzwygdo/djuragancom/vendor/codeigniter4/framework/system/CodeIgniter.php(898): App\Controllers\Api\Invoice->counter_tab('10')
#9 /home/dnzwygdo/djuragancom/vendor/codeigniter4/framework/system/CodeIgniter.php(457): CodeIgniter\CodeIgniter->runController(Object(App\Controllers\Api\Invoice))
#10 /home/dnzwygdo/djuragancom/vendor/codeigniter4/framework/system/CodeIgniter.php(340): CodeIgniter\CodeIgniter->handleRequest(NULL, Object(Config\Cache), false)
#11 /home/dnzwygdo/public_html/index.php(67): CodeIgniter\CodeIgniter->run()
#12 {main}

Next CodeIgniter\Database\Exceptions\DatabaseException: Too many connections in /home/dnzwygdo/djuragancom/vendor/codeigniter4/framework/system/Database/MySQLi/Connection.php:215
Stack trace:
#0 /home/dnzwygdo/djuragancom/vendor/codeigniter4/framework/system/Database/BaseConnection.php(382): CodeIgniter\Database\MySQLi\Connection->connect(false)
#1 /home/dnzwygdo/djuragancom/vendor/codeigniter4/framework/system/Database/BaseConnection.php(588): CodeIgniter\Database\BaseConnection->initialize()
#2 /home/dnzwygdo/djuragancom/vendor/codeigniter4/framework/system/Database/BaseBuilder.php(1669): CodeIgniter\Database\BaseConnection->query('SELECT COUNT(*)...', Array, false)
#3 /home/dnzwygdo/djuragancom/vendor/codeigniter4/framework/system/Model.php(550): CodeIgniter\Database\BaseBuilder->countAllResults(true)
#4 /home/dnzwygdo/djuragancom/app/Models/InvoiceModel.php(202): CodeIgniter\Model->countAllResults()
#5 /home/dnzwygdo/djuragancom/app/Models/InvoiceModel.php(136): App\Models\InvoiceModel->counts(10)
#6 /home/dnzwygdo/djuragancom/app/Controllers/Api/Invoice.php(17): App\Models\InvoiceModel->getCount(10)
#7 /home/dnzwygdo/djuragancom/vendor/codeigniter4/framework/system/CodeIgniter.php(898): App\Controllers\Api\Invoice->counter_tab('10')
#8 /home/dnzwygdo/djuragancom/vendor/codeigniter4/framework/system/CodeIgniter.php(457): CodeIgniter\CodeIgniter->runController(Object(App\Controllers\Api\Invoice))
#9 /home/dnzwygdo/djuragancom/vendor/codeigniter4/framework/system/CodeIgniter.php(340): CodeIgniter\CodeIgniter->handleRequest(NULL, Object(Config\Cache), false)
#10 /home/dnzwygdo/public_html/index.php(67): CodeIgniter\CodeIgniter->run()
#11 {main}
CRITICAL - 2025-05-27 16:26:24 --> Unable to connect to the database.
Main connection [MySQLi]: Too many connections
in SYSTEMPATH/Database/BaseConnection.php on line 418.
 1 SYSTEMPATH/Database/BaseConnection.php(588): CodeIgniter\Database\BaseConnection->initialize()
 2 SYSTEMPATH/Database/BaseBuilder.php(1669): CodeIgniter\Database\BaseConnection->query('SELECT COUNT(*) AS `numrows`
FROM `order_notifikasi` `n`
LEFT JOIN `order_invoice` `i` ON `n`.`invoice_id` = `i`.`id_invoice`
LEFT JOIN `order_user` `p` ON `n`.`from` = `p`.`id`
LEFT JOIN `order_juragan` `j` ON `j`.`id_juragan` = `n`.`juragan_id`
WHERE `n`.`for` = :n.for:
AND `n`.`read_at` IS NULL', [...], false)
 3 APPPATH/Controllers/Api/Notifikasi.php(37): CodeIgniter\Database\BaseBuilder->countAllResults()
 4 SYSTEMPATH/CodeIgniter.php(898): App\Controllers\Api\Notifikasi->get()
 5 SYSTEMPATH/CodeIgniter.php(457): CodeIgniter\CodeIgniter->runController(Object(App\Controllers\Api\Notifikasi))
 6 SYSTEMPATH/CodeIgniter.php(340): CodeIgniter\CodeIgniter->handleRequest(null, Object(Config\Cache), false)
 7 FCPATH/index.php(67): CodeIgniter\CodeIgniter->run()
CRITICAL - 2025-05-27 16:26:24 --> Unable to connect to the database.
Main connection [MySQLi]: Too many connections
in SYSTEMPATH/Database/BaseConnection.php on line 418.
 1 SYSTEMPATH/Database/BaseConnection.php(588): CodeIgniter\Database\BaseConnection->initialize()
 2 SYSTEMPATH/Database/BaseBuilder.php(1669): CodeIgniter\Database\BaseConnection->query('SELECT COUNT(*) AS `numrows`
FROM `order_invoice`
JOIN `order_juragan` `j` ON `j`.`id_juragan` = `order_invoice`.`juragan_id`
WHERE `juragan_id` = :juragan_id:
AND `order_invoice`.`deleted_at` IS NULL', [...], false)
 3 SYSTEMPATH/Model.php(550): CodeIgniter\Database\BaseBuilder->countAllResults(true)
 4 APPPATH/Models/InvoiceModel.php(202): CodeIgniter\Model->countAllResults()
 5 APPPATH/Models/InvoiceModel.php(136): App\Models\InvoiceModel->counts(10)
 6 APPPATH/Controllers/Api/Invoice.php(17): App\Models\InvoiceModel->getCount(10)
 7 SYSTEMPATH/CodeIgniter.php(898): App\Controllers\Api\Invoice->counter_tab('10')
 8 SYSTEMPATH/CodeIgniter.php(457): CodeIgniter\CodeIgniter->runController(Object(App\Controllers\Api\Invoice))
 9 SYSTEMPATH/CodeIgniter.php(340): CodeIgniter\CodeIgniter->handleRequest(null, Object(Config\Cache), false)
10 FCPATH/index.php(67): CodeIgniter\CodeIgniter->run()
ERROR - 2025-05-27 16:26:28 --> Error connecting to the database: mysqli_sql_exception: Too many connections in /home/dnzwygdo/djuragancom/vendor/codeigniter4/framework/system/Database/MySQLi/Connection.php:171
Stack trace:
#0 /home/dnzwygdo/djuragancom/vendor/codeigniter4/framework/system/Database/MySQLi/Connection.php(171): mysqli->real_connect('localhost', 'dnzwygdo_jura94...', 'v[,S+a7zlZd0', 'dnzwygdo_juraga...', 3306, '', 0)
#1 /home/dnzwygdo/djuragancom/vendor/codeigniter4/framework/system/Database/BaseConnection.php(382): CodeIgniter\Database\MySQLi\Connection->connect(false)
#2 /home/dnzwygdo/djuragancom/vendor/codeigniter4/framework/system/Database/BaseConnection.php(588): CodeIgniter\Database\BaseConnection->initialize()
#3 /home/dnzwygdo/djuragancom/vendor/codeigniter4/framework/system/Database/BaseBuilder.php(1585): CodeIgniter\Database\BaseConnection->query('SELECT `j`.*, `...', Array, false)
#4 /home/dnzwygdo/djuragancom/app/Models/JuraganModel.php(49): CodeIgniter\Database\BaseBuilder->get()
#5 /home/dnzwygdo/djuragancom/app/Controllers/Juragan.php(66): App\Models\JuraganModel->byUserId('18')
#6 /home/dnzwygdo/djuragancom/app/Controllers/Api/Juragan.php(68): App\Controllers\Juragan::get_users('18')
#7 /home/dnzwygdo/djuragancom/vendor/codeigniter4/framework/system/CodeIgniter.php(898): App\Controllers\Api\Juragan->get_users()
#8 /home/dnzwygdo/djuragancom/vendor/codeigniter4/framework/system/CodeIgniter.php(457): CodeIgniter\CodeIgniter->runController(Object(App\Controllers\Api\Juragan))
#9 /home/dnzwygdo/djuragancom/vendor/codeigniter4/framework/system/CodeIgniter.php(340): CodeIgniter\CodeIgniter->handleRequest(NULL, Object(Config\Cache), false)
#10 /home/dnzwygdo/public_html/index.php(67): CodeIgniter\CodeIgniter->run()
#11 {main}

Next CodeIgniter\Database\Exceptions\DatabaseException: Too many connections in /home/dnzwygdo/djuragancom/vendor/codeigniter4/framework/system/Database/MySQLi/Connection.php:215
Stack trace:
#0 /home/dnzwygdo/djuragancom/vendor/codeigniter4/framework/system/Database/BaseConnection.php(382): CodeIgniter\Database\MySQLi\Connection->connect(false)
#1 /home/dnzwygdo/djuragancom/vendor/codeigniter4/framework/system/Database/BaseConnection.php(588): CodeIgniter\Database\BaseConnection->initialize()
#2 /home/dnzwygdo/djuragancom/vendor/codeigniter4/framework/system/Database/BaseBuilder.php(1585): CodeIgniter\Database\BaseConnection->query('SELECT `j`.*, `...', Array, false)
#3 /home/dnzwygdo/djuragancom/app/Models/JuraganModel.php(49): CodeIgniter\Database\BaseBuilder->get()
#4 /home/dnzwygdo/djuragancom/app/Controllers/Juragan.php(66): App\Models\JuraganModel->byUserId('18')
#5 /home/dnzwygdo/djuragancom/app/Controllers/Api/Juragan.php(68): App\Controllers\Juragan::get_users('18')
#6 /home/dnzwygdo/djuragancom/vendor/codeigniter4/framework/system/CodeIgniter.php(898): App\Controllers\Api\Juragan->get_users()
#7 /home/dnzwygdo/djuragancom/vendor/codeigniter4/framework/system/CodeIgniter.php(457): CodeIgniter\CodeIgniter->runController(Object(App\Controllers\Api\Juragan))
#8 /home/dnzwygdo/djuragancom/vendor/codeigniter4/framework/system/CodeIgniter.php(340): CodeIgniter\CodeIgniter->handleRequest(NULL, Object(Config\Cache), false)
#9 /home/dnzwygdo/public_html/index.php(67): CodeIgniter\CodeIgniter->run()
#10 {main}
CRITICAL - 2025-05-27 16:26:28 --> Unable to connect to the database.
Main connection [MySQLi]: Too many connections
in SYSTEMPATH/Database/BaseConnection.php on line 418.
 1 SYSTEMPATH/Database/BaseConnection.php(588): CodeIgniter\Database\BaseConnection->initialize()
 2 SYSTEMPATH/Database/BaseBuilder.php(1585): CodeIgniter\Database\BaseConnection->query('SELECT `j`.*, `u`.`id` as `user_id`, `u`.`name` as `nama_user`, `u`.`username`, `u`.`email`, `r`.`table`
FROM `order_juragan` `j`
JOIN `order_relasi` `r` ON `r`.`juragan_id` = `j`.`id_juragan`
JOIN `order_user` `u` ON `u`.`id` = `r`.`val_id`
WHERE `r`.`table` = :r.table:
GROUP BY `u`.`id`, `j`.`id_juragan`
HAVING `u`.`id` = :u.id:', [...], false)
 3 APPPATH/Models/JuraganModel.php(49): CodeIgniter\Database\BaseBuilder->get()
 4 APPPATH/Controllers/Juragan.php(66): App\Models\JuraganModel->byUserId('18')
 5 APPPATH/Controllers/Api/Juragan.php(68): App\Controllers\Juragan::get_users('18')
 6 SYSTEMPATH/CodeIgniter.php(898): App\Controllers\Api\Juragan->get_users()
 7 SYSTEMPATH/CodeIgniter.php(457): CodeIgniter\CodeIgniter->runController(Object(App\Controllers\Api\Juragan))
 8 SYSTEMPATH/CodeIgniter.php(340): CodeIgniter\CodeIgniter->handleRequest(null, Object(Config\Cache), false)
 9 FCPATH/index.php(67): CodeIgniter\CodeIgniter->run()
ERROR - 2025-05-27 16:27:17 --> Error connecting to the database: mysqli_sql_exception: Too many connections in /home/dnzwygdo/djuragancom/vendor/codeigniter4/framework/system/Database/MySQLi/Connection.php:171
Stack trace:
#0 /home/dnzwygdo/djuragancom/vendor/codeigniter4/framework/system/Database/MySQLi/Connection.php(171): mysqli->real_connect('localhost', 'dnzwygdo_jura94...', 'v[,S+a7zlZd0', 'dnzwygdo_juraga...', 3306, '', 0)
#1 /home/dnzwygdo/djuragancom/vendor/codeigniter4/framework/system/Database/BaseConnection.php(382): CodeIgniter\Database\MySQLi\Connection->connect(false)
#2 /home/dnzwygdo/djuragancom/vendor/codeigniter4/framework/system/Database/BaseConnection.php(588): CodeIgniter\Database\BaseConnection->initialize()
#3 /home/dnzwygdo/djuragancom/vendor/codeigniter4/framework/system/Database/BaseBuilder.php(1669): CodeIgniter\Database\BaseConnection->query('SELECT COUNT(*)...', Array, false)
#4 /home/dnzwygdo/djuragancom/app/Controllers/Api/Notifikasi.php(37): CodeIgniter\Database\BaseBuilder->countAllResults()
#5 /home/dnzwygdo/djuragancom/vendor/codeigniter4/framework/system/CodeIgniter.php(898): App\Controllers\Api\Notifikasi->get()
#6 /home/dnzwygdo/djuragancom/vendor/codeigniter4/framework/system/CodeIgniter.php(457): CodeIgniter\CodeIgniter->runController(Object(App\Controllers\Api\Notifikasi))
#7 /home/dnzwygdo/djuragancom/vendor/codeigniter4/framework/system/CodeIgniter.php(340): CodeIgniter\CodeIgniter->handleRequest(NULL, Object(Config\Cache), false)
#8 /home/dnzwygdo/public_html/index.php(67): CodeIgniter\CodeIgniter->run()
#9 {main}

Next CodeIgniter\Database\Exceptions\DatabaseException: Too many connections in /home/dnzwygdo/djuragancom/vendor/codeigniter4/framework/system/Database/MySQLi/Connection.php:215
Stack trace:
#0 /home/dnzwygdo/djuragancom/vendor/codeigniter4/framework/system/Database/BaseConnection.php(382): CodeIgniter\Database\MySQLi\Connection->connect(false)
#1 /home/dnzwygdo/djuragancom/vendor/codeigniter4/framework/system/Database/BaseConnection.php(588): CodeIgniter\Database\BaseConnection->initialize()
#2 /home/dnzwygdo/djuragancom/vendor/codeigniter4/framework/system/Database/BaseBuilder.php(1669): CodeIgniter\Database\BaseConnection->query('SELECT COUNT(*)...', Array, false)
#3 /home/dnzwygdo/djuragancom/app/Controllers/Api/Notifikasi.php(37): CodeIgniter\Database\BaseBuilder->countAllResults()
#4 /home/dnzwygdo/djuragancom/vendor/codeigniter4/framework/system/CodeIgniter.php(898): App\Controllers\Api\Notifikasi->get()
#5 /home/dnzwygdo/djuragancom/vendor/codeigniter4/framework/system/CodeIgniter.php(457): CodeIgniter\CodeIgniter->runController(Object(App\Controllers\Api\Notifikasi))
#6 /home/dnzwygdo/djuragancom/vendor/codeigniter4/framework/system/CodeIgniter.php(340): CodeIgniter\CodeIgniter->handleRequest(NULL, Object(Config\Cache), false)
#7 /home/dnzwygdo/public_html/index.php(67): CodeIgniter\CodeIgniter->run()
#8 {main}
CRITICAL - 2025-05-27 16:27:17 --> Unable to connect to the database.
Main connection [MySQLi]: Too many connections
in SYSTEMPATH/Database/BaseConnection.php on line 418.
 1 SYSTEMPATH/Database/BaseConnection.php(588): CodeIgniter\Database\BaseConnection->initialize()
 2 SYSTEMPATH/Database/BaseBuilder.php(1669): CodeIgniter\Database\BaseConnection->query('SELECT COUNT(*) AS `numrows`
FROM `order_notifikasi` `n`
LEFT JOIN `order_invoice` `i` ON `n`.`invoice_id` = `i`.`id_invoice`
LEFT JOIN `order_user` `p` ON `n`.`from` = `p`.`id`
LEFT JOIN `order_juragan` `j` ON `j`.`id_juragan` = `n`.`juragan_id`
WHERE `n`.`for` = :n.for:
AND `n`.`read_at` IS NULL', [...], false)
 3 APPPATH/Controllers/Api/Notifikasi.php(37): CodeIgniter\Database\BaseBuilder->countAllResults()
 4 SYSTEMPATH/CodeIgniter.php(898): App\Controllers\Api\Notifikasi->get()
 5 SYSTEMPATH/CodeIgniter.php(457): CodeIgniter\CodeIgniter->runController(Object(App\Controllers\Api\Notifikasi))
 6 SYSTEMPATH/CodeIgniter.php(340): CodeIgniter\CodeIgniter->handleRequest(null, Object(Config\Cache), false)
 7 FCPATH/index.php(67): CodeIgniter\CodeIgniter->run()
ERROR - 2025-05-27 16:27:21 --> Error connecting to the database: mysqli_sql_exception: Too many connections in /home/dnzwygdo/djuragancom/vendor/codeigniter4/framework/system/Database/MySQLi/Connection.php:171
Stack trace:
#0 /home/dnzwygdo/djuragancom/vendor/codeigniter4/framework/system/Database/MySQLi/Connection.php(171): mysqli->real_connect('localhost', 'dnzwygdo_jura94...', 'v[,S+a7zlZd0', 'dnzwygdo_juraga...', 3306, '', 0)
#1 /home/dnzwygdo/djuragancom/vendor/codeigniter4/framework/system/Database/BaseConnection.php(382): CodeIgniter\Database\MySQLi\Connection->connect(false)
#2 /home/dnzwygdo/djuragancom/vendor/codeigniter4/framework/system/Database/BaseConnection.php(588): CodeIgniter\Database\BaseConnection->initialize()
#3 /home/dnzwygdo/djuragancom/vendor/codeigniter4/framework/system/Database/BaseBuilder.php(1669): CodeIgniter\Database\BaseConnection->query('SELECT COUNT(*)...', Array, false)
#4 /home/dnzwygdo/djuragancom/app/Controllers/Api/Notifikasi.php(37): CodeIgniter\Database\BaseBuilder->countAllResults()
#5 /home/dnzwygdo/djuragancom/vendor/codeigniter4/framework/system/CodeIgniter.php(898): App\Controllers\Api\Notifikasi->get()
#6 /home/dnzwygdo/djuragancom/vendor/codeigniter4/framework/system/CodeIgniter.php(457): CodeIgniter\CodeIgniter->runController(Object(App\Controllers\Api\Notifikasi))
#7 /home/dnzwygdo/djuragancom/vendor/codeigniter4/framework/system/CodeIgniter.php(340): CodeIgniter\CodeIgniter->handleRequest(NULL, Object(Config\Cache), false)
#8 /home/dnzwygdo/public_html/index.php(67): CodeIgniter\CodeIgniter->run()
#9 {main}

Next CodeIgniter\Database\Exceptions\DatabaseException: Too many connections in /home/dnzwygdo/djuragancom/vendor/codeigniter4/framework/system/Database/MySQLi/Connection.php:215
Stack trace:
#0 /home/dnzwygdo/djuragancom/vendor/codeigniter4/framework/system/Database/BaseConnection.php(382): CodeIgniter\Database\MySQLi\Connection->connect(false)
#1 /home/dnzwygdo/djuragancom/vendor/codeigniter4/framework/system/Database/BaseConnection.php(588): CodeIgniter\Database\BaseConnection->initialize()
#2 /home/dnzwygdo/djuragancom/vendor/codeigniter4/framework/system/Database/BaseBuilder.php(1669): CodeIgniter\Database\BaseConnection->query('SELECT COUNT(*)...', Array, false)
#3 /home/dnzwygdo/djuragancom/app/Controllers/Api/Notifikasi.php(37): CodeIgniter\Database\BaseBuilder->countAllResults()
#4 /home/dnzwygdo/djuragancom/vendor/codeigniter4/framework/system/CodeIgniter.php(898): App\Controllers\Api\Notifikasi->get()
#5 /home/dnzwygdo/djuragancom/vendor/codeigniter4/framework/system/CodeIgniter.php(457): CodeIgniter\CodeIgniter->runController(Object(App\Controllers\Api\Notifikasi))
#6 /home/dnzwygdo/djuragancom/vendor/codeigniter4/framework/system/CodeIgniter.php(340): CodeIgniter\CodeIgniter->handleRequest(NULL, Object(Config\Cache), false)
#7 /home/dnzwygdo/public_html/index.php(67): CodeIgniter\CodeIgniter->run()
#8 {main}
CRITICAL - 2025-05-27 16:27:21 --> Unable to connect to the database.
Main connection [MySQLi]: Too many connections
in SYSTEMPATH/Database/BaseConnection.php on line 418.
 1 SYSTEMPATH/Database/BaseConnection.php(588): CodeIgniter\Database\BaseConnection->initialize()
 2 SYSTEMPATH/Database/BaseBuilder.php(1669): CodeIgniter\Database\BaseConnection->query('SELECT COUNT(*) AS `numrows`
FROM `order_notifikasi` `n`
LEFT JOIN `order_invoice` `i` ON `n`.`invoice_id` = `i`.`id_invoice`
LEFT JOIN `order_user` `p` ON `n`.`from` = `p`.`id`
LEFT JOIN `order_juragan` `j` ON `j`.`id_juragan` = `n`.`juragan_id`
WHERE `n`.`for` = :n.for:
AND `n`.`read_at` IS NULL', [...], false)
 3 APPPATH/Controllers/Api/Notifikasi.php(37): CodeIgniter\Database\BaseBuilder->countAllResults()
 4 SYSTEMPATH/CodeIgniter.php(898): App\Controllers\Api\Notifikasi->get()
 5 SYSTEMPATH/CodeIgniter.php(457): CodeIgniter\CodeIgniter->runController(Object(App\Controllers\Api\Notifikasi))
 6 SYSTEMPATH/CodeIgniter.php(340): CodeIgniter\CodeIgniter->handleRequest(null, Object(Config\Cache), false)
 7 FCPATH/index.php(67): CodeIgniter\CodeIgniter->run()
ERROR - 2025-05-27 16:27:21 --> Error connecting to the database: mysqli_sql_exception: Too many connections in /home/dnzwygdo/djuragancom/vendor/codeigniter4/framework/system/Database/MySQLi/Connection.php:171
Stack trace:
#0 /home/dnzwygdo/djuragancom/vendor/codeigniter4/framework/system/Database/MySQLi/Connection.php(171): mysqli->real_connect('localhost', 'dnzwygdo_jura94...', 'v[,S+a7zlZd0', 'dnzwygdo_juraga...', 3306, '', 0)
#1 /home/dnzwygdo/djuragancom/vendor/codeigniter4/framework/system/Database/BaseConnection.php(382): CodeIgniter\Database\MySQLi\Connection->connect(false)
#2 /home/dnzwygdo/djuragancom/vendor/codeigniter4/framework/system/Database/BaseConnection.php(588): CodeIgniter\Database\BaseConnection->initialize()
#3 /home/dnzwygdo/djuragancom/vendor/codeigniter4/framework/system/Database/BaseBuilder.php(1669): CodeIgniter\Database\BaseConnection->query('SELECT COUNT(*)...', Array, false)
#4 /home/dnzwygdo/djuragancom/app/Controllers/Api/Notifikasi.php(37): CodeIgniter\Database\BaseBuilder->countAllResults()
#5 /home/dnzwygdo/djuragancom/vendor/codeigniter4/framework/system/CodeIgniter.php(898): App\Controllers\Api\Notifikasi->get()
#6 /home/dnzwygdo/djuragancom/vendor/codeigniter4/framework/system/CodeIgniter.php(457): CodeIgniter\CodeIgniter->runController(Object(App\Controllers\Api\Notifikasi))
#7 /home/dnzwygdo/djuragancom/vendor/codeigniter4/framework/system/CodeIgniter.php(340): CodeIgniter\CodeIgniter->handleRequest(NULL, Object(Config\Cache), false)
#8 /home/dnzwygdo/public_html/index.php(67): CodeIgniter\CodeIgniter->run()
#9 {main}

Next CodeIgniter\Database\Exceptions\DatabaseException: Too many connections in /home/dnzwygdo/djuragancom/vendor/codeigniter4/framework/system/Database/MySQLi/Connection.php:215
Stack trace:
#0 /home/dnzwygdo/djuragancom/vendor/codeigniter4/framework/system/Database/BaseConnection.php(382): CodeIgniter\Database\MySQLi\Connection->connect(false)
#1 /home/dnzwygdo/djuragancom/vendor/codeigniter4/framework/system/Database/BaseConnection.php(588): CodeIgniter\Database\BaseConnection->initialize()
#2 /home/dnzwygdo/djuragancom/vendor/codeigniter4/framework/system/Database/BaseBuilder.php(1669): CodeIgniter\Database\BaseConnection->query('SELECT COUNT(*)...', Array, false)
#3 /home/dnzwygdo/djuragancom/app/Controllers/Api/Notifikasi.php(37): CodeIgniter\Database\BaseBuilder->countAllResults()
#4 /home/dnzwygdo/djuragancom/vendor/codeigniter4/framework/system/CodeIgniter.php(898): App\Controllers\Api\Notifikasi->get()
#5 /home/dnzwygdo/djuragancom/vendor/codeigniter4/framework/system/CodeIgniter.php(457): CodeIgniter\CodeIgniter->runController(Object(App\Controllers\Api\Notifikasi))
#6 /home/dnzwygdo/djuragancom/vendor/codeigniter4/framework/system/CodeIgniter.php(340): CodeIgniter\CodeIgniter->handleRequest(NULL, Object(Config\Cache), false)
#7 /home/dnzwygdo/public_html/index.php(67): CodeIgniter\CodeIgniter->run()
#8 {main}
CRITICAL - 2025-05-27 16:27:21 --> Unable to connect to the database.
Main connection [MySQLi]: Too many connections
in SYSTEMPATH/Database/BaseConnection.php on line 418.
 1 SYSTEMPATH/Database/BaseConnection.php(588): CodeIgniter\Database\BaseConnection->initialize()
 2 SYSTEMPATH/Database/BaseBuilder.php(1669): CodeIgniter\Database\BaseConnection->query('SELECT COUNT(*) AS `numrows`
FROM `order_notifikasi` `n`
LEFT JOIN `order_invoice` `i` ON `n`.`invoice_id` = `i`.`id_invoice`
LEFT JOIN `order_user` `p` ON `n`.`from` = `p`.`id`
LEFT JOIN `order_juragan` `j` ON `j`.`id_juragan` = `n`.`juragan_id`
WHERE `n`.`for` = :n.for:
AND `n`.`read_at` IS NULL', [...], false)
 3 APPPATH/Controllers/Api/Notifikasi.php(37): CodeIgniter\Database\BaseBuilder->countAllResults()
 4 SYSTEMPATH/CodeIgniter.php(898): App\Controllers\Api\Notifikasi->get()
 5 SYSTEMPATH/CodeIgniter.php(457): CodeIgniter\CodeIgniter->runController(Object(App\Controllers\Api\Notifikasi))
 6 SYSTEMPATH/CodeIgniter.php(340): CodeIgniter\CodeIgniter->handleRequest(null, Object(Config\Cache), false)
 7 FCPATH/index.php(67): CodeIgniter\CodeIgniter->run()
ERROR - 2025-05-27 16:27:24 --> Error connecting to the database: mysqli_sql_exception: Too many connections in /home/dnzwygdo/djuragancom/vendor/codeigniter4/framework/system/Database/MySQLi/Connection.php:171
Stack trace:
#0 /home/dnzwygdo/djuragancom/vendor/codeigniter4/framework/system/Database/MySQLi/Connection.php(171): mysqli->real_connect('localhost', 'dnzwygdo_jura94...', 'v[,S+a7zlZd0', 'dnzwygdo_juraga...', 3306, '', 0)
#1 /home/dnzwygdo/djuragancom/vendor/codeigniter4/framework/system/Database/BaseConnection.php(382): CodeIgniter\Database\MySQLi\Connection->connect(false)
#2 /home/dnzwygdo/djuragancom/vendor/codeigniter4/framework/system/Database/BaseConnection.php(588): CodeIgniter\Database\BaseConnection->initialize()
#3 /home/dnzwygdo/djuragancom/vendor/codeigniter4/framework/system/Database/BaseBuilder.php(1669): CodeIgniter\Database\BaseConnection->query('SELECT COUNT(*)...', Array, false)
#4 /home/dnzwygdo/djuragancom/app/Controllers/Api/Notifikasi.php(37): CodeIgniter\Database\BaseBuilder->countAllResults()
#5 /home/dnzwygdo/djuragancom/vendor/codeigniter4/framework/system/CodeIgniter.php(898): App\Controllers\Api\Notifikasi->get()
#6 /home/dnzwygdo/djuragancom/vendor/codeigniter4/framework/system/CodeIgniter.php(457): CodeIgniter\CodeIgniter->runController(Object(App\Controllers\Api\Notifikasi))
#7 /home/dnzwygdo/djuragancom/vendor/codeigniter4/framework/system/CodeIgniter.php(340): CodeIgniter\CodeIgniter->handleRequest(NULL, Object(Config\Cache), false)
#8 /home/dnzwygdo/public_html/index.php(67): CodeIgniter\CodeIgniter->run()
#9 {main}

Next CodeIgniter\Database\Exceptions\DatabaseException: Too many connections in /home/dnzwygdo/djuragancom/vendor/codeigniter4/framework/system/Database/MySQLi/Connection.php:215
Stack trace:
#0 /home/dnzwygdo/djuragancom/vendor/codeigniter4/framework/system/Database/BaseConnection.php(382): CodeIgniter\Database\MySQLi\Connection->connect(false)
#1 /home/dnzwygdo/djuragancom/vendor/codeigniter4/framework/system/Database/BaseConnection.php(588): CodeIgniter\Database\BaseConnection->initialize()
#2 /home/dnzwygdo/djuragancom/vendor/codeigniter4/framework/system/Database/BaseBuilder.php(1669): CodeIgniter\Database\BaseConnection->query('SELECT COUNT(*)...', Array, false)
#3 /home/dnzwygdo/djuragancom/app/Controllers/Api/Notifikasi.php(37): CodeIgniter\Database\BaseBuilder->countAllResults()
#4 /home/dnzwygdo/djuragancom/vendor/codeigniter4/framework/system/CodeIgniter.php(898): App\Controllers\Api\Notifikasi->get()
#5 /home/dnzwygdo/djuragancom/vendor/codeigniter4/framework/system/CodeIgniter.php(457): CodeIgniter\CodeIgniter->runController(Object(App\Controllers\Api\Notifikasi))
#6 /home/dnzwygdo/djuragancom/vendor/codeigniter4/framework/system/CodeIgniter.php(340): CodeIgniter\CodeIgniter->handleRequest(NULL, Object(Config\Cache), false)
#7 /home/dnzwygdo/public_html/index.php(67): CodeIgniter\CodeIgniter->run()
#8 {main}
CRITICAL - 2025-05-27 16:27:24 --> Unable to connect to the database.
Main connection [MySQLi]: Too many connections
in SYSTEMPATH/Database/BaseConnection.php on line 418.
 1 SYSTEMPATH/Database/BaseConnection.php(588): CodeIgniter\Database\BaseConnection->initialize()
 2 SYSTEMPATH/Database/BaseBuilder.php(1669): CodeIgniter\Database\BaseConnection->query('SELECT COUNT(*) AS `numrows`
FROM `order_notifikasi` `n`
LEFT JOIN `order_invoice` `i` ON `n`.`invoice_id` = `i`.`id_invoice`
LEFT JOIN `order_user` `p` ON `n`.`from` = `p`.`id`
LEFT JOIN `order_juragan` `j` ON `j`.`id_juragan` = `n`.`juragan_id`
WHERE `n`.`for` = :n.for:
AND `n`.`read_at` IS NULL', [...], false)
 3 APPPATH/Controllers/Api/Notifikasi.php(37): CodeIgniter\Database\BaseBuilder->countAllResults()
 4 SYSTEMPATH/CodeIgniter.php(898): App\Controllers\Api\Notifikasi->get()
 5 SYSTEMPATH/CodeIgniter.php(457): CodeIgniter\CodeIgniter->runController(Object(App\Controllers\Api\Notifikasi))
 6 SYSTEMPATH/CodeIgniter.php(340): CodeIgniter\CodeIgniter->handleRequest(null, Object(Config\Cache), false)
 7 FCPATH/index.php(67): CodeIgniter\CodeIgniter->run()
ERROR - 2025-05-27 16:28:21 --> Error connecting to the database: mysqli_sql_exception: Too many connections in /home/dnzwygdo/djuragancom/vendor/codeigniter4/framework/system/Database/MySQLi/Connection.php:171
Stack trace:
#0 /home/dnzwygdo/djuragancom/vendor/codeigniter4/framework/system/Database/MySQLi/Connection.php(171): mysqli->real_connect('localhost', 'dnzwygdo_jura94...', 'v[,S+a7zlZd0', 'dnzwygdo_juraga...', 3306, '', 0)
#1 /home/dnzwygdo/djuragancom/vendor/codeigniter4/framework/system/Database/BaseConnection.php(382): CodeIgniter\Database\MySQLi\Connection->connect(false)
#2 /home/dnzwygdo/djuragancom/vendor/codeigniter4/framework/system/Database/BaseConnection.php(588): CodeIgniter\Database\BaseConnection->initialize()
#3 /home/dnzwygdo/djuragancom/vendor/codeigniter4/framework/system/Database/BaseBuilder.php(1669): CodeIgniter\Database\BaseConnection->query('SELECT COUNT(*)...', Array, false)
#4 /home/dnzwygdo/djuragancom/app/Controllers/Api/Notifikasi.php(37): CodeIgniter\Database\BaseBuilder->countAllResults()
#5 /home/dnzwygdo/djuragancom/vendor/codeigniter4/framework/system/CodeIgniter.php(898): App\Controllers\Api\Notifikasi->get()
#6 /home/dnzwygdo/djuragancom/vendor/codeigniter4/framework/system/CodeIgniter.php(457): CodeIgniter\CodeIgniter->runController(Object(App\Controllers\Api\Notifikasi))
#7 /home/dnzwygdo/djuragancom/vendor/codeigniter4/framework/system/CodeIgniter.php(340): CodeIgniter\CodeIgniter->handleRequest(NULL, Object(Config\Cache), false)
#8 /home/dnzwygdo/public_html/index.php(67): CodeIgniter\CodeIgniter->run()
#9 {main}

Next CodeIgniter\Database\Exceptions\DatabaseException: Too many connections in /home/dnzwygdo/djuragancom/vendor/codeigniter4/framework/system/Database/MySQLi/Connection.php:215
Stack trace:
#0 /home/dnzwygdo/djuragancom/vendor/codeigniter4/framework/system/Database/BaseConnection.php(382): CodeIgniter\Database\MySQLi\Connection->connect(false)
#1 /home/dnzwygdo/djuragancom/vendor/codeigniter4/framework/system/Database/BaseConnection.php(588): CodeIgniter\Database\BaseConnection->initialize()
#2 /home/dnzwygdo/djuragancom/vendor/codeigniter4/framework/system/Database/BaseBuilder.php(1669): CodeIgniter\Database\BaseConnection->query('SELECT COUNT(*)...', Array, false)
#3 /home/dnzwygdo/djuragancom/app/Controllers/Api/Notifikasi.php(37): CodeIgniter\Database\BaseBuilder->countAllResults()
#4 /home/dnzwygdo/djuragancom/vendor/codeigniter4/framework/system/CodeIgniter.php(898): App\Controllers\Api\Notifikasi->get()
#5 /home/dnzwygdo/djuragancom/vendor/codeigniter4/framework/system/CodeIgniter.php(457): CodeIgniter\CodeIgniter->runController(Object(App\Controllers\Api\Notifikasi))
#6 /home/dnzwygdo/djuragancom/vendor/codeigniter4/framework/system/CodeIgniter.php(340): CodeIgniter\CodeIgniter->handleRequest(NULL, Object(Config\Cache), false)
#7 /home/dnzwygdo/public_html/index.php(67): CodeIgniter\CodeIgniter->run()
#8 {main}
CRITICAL - 2025-05-27 16:28:21 --> Unable to connect to the database.
Main connection [MySQLi]: Too many connections
in SYSTEMPATH/Database/BaseConnection.php on line 418.
 1 SYSTEMPATH/Database/BaseConnection.php(588): CodeIgniter\Database\BaseConnection->initialize()
 2 SYSTEMPATH/Database/BaseBuilder.php(1669): CodeIgniter\Database\BaseConnection->query('SELECT COUNT(*) AS `numrows`
FROM `order_notifikasi` `n`
LEFT JOIN `order_invoice` `i` ON `n`.`invoice_id` = `i`.`id_invoice`
LEFT JOIN `order_user` `p` ON `n`.`from` = `p`.`id`
LEFT JOIN `order_juragan` `j` ON `j`.`id_juragan` = `n`.`juragan_id`
WHERE `n`.`for` = :n.for:
AND `n`.`read_at` IS NULL', [...], false)
 3 APPPATH/Controllers/Api/Notifikasi.php(37): CodeIgniter\Database\BaseBuilder->countAllResults()
 4 SYSTEMPATH/CodeIgniter.php(898): App\Controllers\Api\Notifikasi->get()
 5 SYSTEMPATH/CodeIgniter.php(457): CodeIgniter\CodeIgniter->runController(Object(App\Controllers\Api\Notifikasi))
 6 SYSTEMPATH/CodeIgniter.php(340): CodeIgniter\CodeIgniter->handleRequest(null, Object(Config\Cache), false)
 7 FCPATH/index.php(67): CodeIgniter\CodeIgniter->run()
ERROR - 2025-05-27 16:28:21 --> Error connecting to the database: mysqli_sql_exception: Too many connections in /home/dnzwygdo/djuragancom/vendor/codeigniter4/framework/system/Database/MySQLi/Connection.php:171
Stack trace:
#0 /home/dnzwygdo/djuragancom/vendor/codeigniter4/framework/system/Database/MySQLi/Connection.php(171): mysqli->real_connect('localhost', 'dnzwygdo_jura94...', 'v[,S+a7zlZd0', 'dnzwygdo_juraga...', 3306, '', 0)
#1 /home/dnzwygdo/djuragancom/vendor/codeigniter4/framework/system/Database/BaseConnection.php(382): CodeIgniter\Database\MySQLi\Connection->connect(false)
#2 /home/dnzwygdo/djuragancom/vendor/codeigniter4/framework/system/Database/BaseConnection.php(588): CodeIgniter\Database\BaseConnection->initialize()
#3 /home/dnzwygdo/djuragancom/vendor/codeigniter4/framework/system/Database/BaseBuilder.php(1669): CodeIgniter\Database\BaseConnection->query('SELECT COUNT(*)...', Array, false)
#4 /home/dnzwygdo/djuragancom/app/Controllers/Api/Notifikasi.php(37): CodeIgniter\Database\BaseBuilder->countAllResults()
#5 /home/dnzwygdo/djuragancom/vendor/codeigniter4/framework/system/CodeIgniter.php(898): App\Controllers\Api\Notifikasi->get()
#6 /home/dnzwygdo/djuragancom/vendor/codeigniter4/framework/system/CodeIgniter.php(457): CodeIgniter\CodeIgniter->runController(Object(App\Controllers\Api\Notifikasi))
#7 /home/dnzwygdo/djuragancom/vendor/codeigniter4/framework/system/CodeIgniter.php(340): CodeIgniter\CodeIgniter->handleRequest(NULL, Object(Config\Cache), false)
#8 /home/dnzwygdo/public_html/index.php(67): CodeIgniter\CodeIgniter->run()
#9 {main}

Next CodeIgniter\Database\Exceptions\DatabaseException: Too many connections in /home/dnzwygdo/djuragancom/vendor/codeigniter4/framework/system/Database/MySQLi/Connection.php:215
Stack trace:
#0 /home/dnzwygdo/djuragancom/vendor/codeigniter4/framework/system/Database/BaseConnection.php(382): CodeIgniter\Database\MySQLi\Connection->connect(false)
#1 /home/dnzwygdo/djuragancom/vendor/codeigniter4/framework/system/Database/BaseConnection.php(588): CodeIgniter\Database\BaseConnection->initialize()
#2 /home/dnzwygdo/djuragancom/vendor/codeigniter4/framework/system/Database/BaseBuilder.php(1669): CodeIgniter\Database\BaseConnection->query('SELECT COUNT(*)...', Array, false)
#3 /home/dnzwygdo/djuragancom/app/Controllers/Api/Notifikasi.php(37): CodeIgniter\Database\BaseBuilder->countAllResults()
#4 /home/dnzwygdo/djuragancom/vendor/codeigniter4/framework/system/CodeIgniter.php(898): App\Controllers\Api\Notifikasi->get()
#5 /home/dnzwygdo/djuragancom/vendor/codeigniter4/framework/system/CodeIgniter.php(457): CodeIgniter\CodeIgniter->runController(Object(App\Controllers\Api\Notifikasi))
#6 /home/dnzwygdo/djuragancom/vendor/codeigniter4/framework/system/CodeIgniter.php(340): CodeIgniter\CodeIgniter->handleRequest(NULL, Object(Config\Cache), false)
#7 /home/dnzwygdo/public_html/index.php(67): CodeIgniter\CodeIgniter->run()
#8 {main}
CRITICAL - 2025-05-27 16:28:21 --> Unable to connect to the database.
Main connection [MySQLi]: Too many connections
in SYSTEMPATH/Database/BaseConnection.php on line 418.
 1 SYSTEMPATH/Database/BaseConnection.php(588): CodeIgniter\Database\BaseConnection->initialize()
 2 SYSTEMPATH/Database/BaseBuilder.php(1669): CodeIgniter\Database\BaseConnection->query('SELECT COUNT(*) AS `numrows`
FROM `order_notifikasi` `n`
LEFT JOIN `order_invoice` `i` ON `n`.`invoice_id` = `i`.`id_invoice`
LEFT JOIN `order_user` `p` ON `n`.`from` = `p`.`id`
LEFT JOIN `order_juragan` `j` ON `j`.`id_juragan` = `n`.`juragan_id`
WHERE `n`.`for` = :n.for:
AND `n`.`read_at` IS NULL', [...], false)
 3 APPPATH/Controllers/Api/Notifikasi.php(37): CodeIgniter\Database\BaseBuilder->countAllResults()
 4 SYSTEMPATH/CodeIgniter.php(898): App\Controllers\Api\Notifikasi->get()
 5 SYSTEMPATH/CodeIgniter.php(457): CodeIgniter\CodeIgniter->runController(Object(App\Controllers\Api\Notifikasi))
 6 SYSTEMPATH/CodeIgniter.php(340): CodeIgniter\CodeIgniter->handleRequest(null, Object(Config\Cache), false)
 7 FCPATH/index.php(67): CodeIgniter\CodeIgniter->run()
ERROR - 2025-05-27 16:28:24 --> Error connecting to the database: mysqli_sql_exception: Too many connections in /home/dnzwygdo/djuragancom/vendor/codeigniter4/framework/system/Database/MySQLi/Connection.php:171
Stack trace:
#0 /home/dnzwygdo/djuragancom/vendor/codeigniter4/framework/system/Database/MySQLi/Connection.php(171): mysqli->real_connect('localhost', 'dnzwygdo_jura94...', 'v[,S+a7zlZd0', 'dnzwygdo_juraga...', 3306, '', 0)
#1 /home/dnzwygdo/djuragancom/vendor/codeigniter4/framework/system/Database/BaseConnection.php(382): CodeIgniter\Database\MySQLi\Connection->connect(false)
#2 /home/dnzwygdo/djuragancom/vendor/codeigniter4/framework/system/Database/BaseConnection.php(588): CodeIgniter\Database\BaseConnection->initialize()
#3 /home/dnzwygdo/djuragancom/vendor/codeigniter4/framework/system/Database/BaseBuilder.php(1669): CodeIgniter\Database\BaseConnection->query('SELECT COUNT(*)...', Array, false)
#4 /home/dnzwygdo/djuragancom/app/Controllers/Api/Notifikasi.php(37): CodeIgniter\Database\BaseBuilder->countAllResults()
#5 /home/dnzwygdo/djuragancom/vendor/codeigniter4/framework/system/CodeIgniter.php(898): App\Controllers\Api\Notifikasi->get()
#6 /home/dnzwygdo/djuragancom/vendor/codeigniter4/framework/system/CodeIgniter.php(457): CodeIgniter\CodeIgniter->runController(Object(App\Controllers\Api\Notifikasi))
#7 /home/dnzwygdo/djuragancom/vendor/codeigniter4/framework/system/CodeIgniter.php(340): CodeIgniter\CodeIgniter->handleRequest(NULL, Object(Config\Cache), false)
#8 /home/dnzwygdo/public_html/index.php(67): CodeIgniter\CodeIgniter->run()
#9 {main}

Next CodeIgniter\Database\Exceptions\DatabaseException: Too many connections in /home/dnzwygdo/djuragancom/vendor/codeigniter4/framework/system/Database/MySQLi/Connection.php:215
Stack trace:
#0 /home/dnzwygdo/djuragancom/vendor/codeigniter4/framework/system/Database/BaseConnection.php(382): CodeIgniter\Database\MySQLi\Connection->connect(false)
#1 /home/dnzwygdo/djuragancom/vendor/codeigniter4/framework/system/Database/BaseConnection.php(588): CodeIgniter\Database\BaseConnection->initialize()
#2 /home/dnzwygdo/djuragancom/vendor/codeigniter4/framework/system/Database/BaseBuilder.php(1669): CodeIgniter\Database\BaseConnection->query('SELECT COUNT(*)...', Array, false)
#3 /home/dnzwygdo/djuragancom/app/Controllers/Api/Notifikasi.php(37): CodeIgniter\Database\BaseBuilder->countAllResults()
#4 /home/dnzwygdo/djuragancom/vendor/codeigniter4/framework/system/CodeIgniter.php(898): App\Controllers\Api\Notifikasi->get()
#5 /home/dnzwygdo/djuragancom/vendor/codeigniter4/framework/system/CodeIgniter.php(457): CodeIgniter\CodeIgniter->runController(Object(App\Controllers\Api\Notifikasi))
#6 /home/dnzwygdo/djuragancom/vendor/codeigniter4/framework/system/CodeIgniter.php(340): CodeIgniter\CodeIgniter->handleRequest(NULL, Object(Config\Cache), false)
#7 /home/dnzwygdo/public_html/index.php(67): CodeIgniter\CodeIgniter->run()
#8 {main}
CRITICAL - 2025-05-27 16:28:24 --> Unable to connect to the database.
Main connection [MySQLi]: Too many connections
in SYSTEMPATH/Database/BaseConnection.php on line 418.
 1 SYSTEMPATH/Database/BaseConnection.php(588): CodeIgniter\Database\BaseConnection->initialize()
 2 SYSTEMPATH/Database/BaseBuilder.php(1669): CodeIgniter\Database\BaseConnection->query('SELECT COUNT(*) AS `numrows`
FROM `order_notifikasi` `n`
LEFT JOIN `order_invoice` `i` ON `n`.`invoice_id` = `i`.`id_invoice`
LEFT JOIN `order_user` `p` ON `n`.`from` = `p`.`id`
LEFT JOIN `order_juragan` `j` ON `j`.`id_juragan` = `n`.`juragan_id`
WHERE `n`.`for` = :n.for:
AND `n`.`read_at` IS NULL', [...], false)
 3 APPPATH/Controllers/Api/Notifikasi.php(37): CodeIgniter\Database\BaseBuilder->countAllResults()
 4 SYSTEMPATH/CodeIgniter.php(898): App\Controllers\Api\Notifikasi->get()
 5 SYSTEMPATH/CodeIgniter.php(457): CodeIgniter\CodeIgniter->runController(Object(App\Controllers\Api\Notifikasi))
 6 SYSTEMPATH/CodeIgniter.php(340): CodeIgniter\CodeIgniter->handleRequest(null, Object(Config\Cache), false)
 7 FCPATH/index.php(67): CodeIgniter\CodeIgniter->run()
ERROR - 2025-05-27 16:28:55 --> Error connecting to the database: mysqli_sql_exception: Too many connections in /home/dnzwygdo/djuragancom/vendor/codeigniter4/framework/system/Database/MySQLi/Connection.php:171
Stack trace:
#0 /home/dnzwygdo/djuragancom/vendor/codeigniter4/framework/system/Database/MySQLi/Connection.php(171): mysqli->real_connect('localhost', 'dnzwygdo_jura94...', 'v[,S+a7zlZd0', 'dnzwygdo_juraga...', 3306, '', 0)
#1 /home/dnzwygdo/djuragancom/vendor/codeigniter4/framework/system/Database/BaseConnection.php(382): CodeIgniter\Database\MySQLi\Connection->connect(false)
#2 /home/dnzwygdo/djuragancom/vendor/codeigniter4/framework/system/Database/BaseConnection.php(588): CodeIgniter\Database\BaseConnection->initialize()
#3 /home/dnzwygdo/djuragancom/vendor/codeigniter4/framework/system/Database/BaseBuilder.php(1669): CodeIgniter\Database\BaseConnection->query('SELECT COUNT(*)...', Array, false)
#4 /home/dnzwygdo/djuragancom/app/Controllers/Api/Notifikasi.php(37): CodeIgniter\Database\BaseBuilder->countAllResults()
#5 /home/dnzwygdo/djuragancom/vendor/codeigniter4/framework/system/CodeIgniter.php(898): App\Controllers\Api\Notifikasi->get()
#6 /home/dnzwygdo/djuragancom/vendor/codeigniter4/framework/system/CodeIgniter.php(457): CodeIgniter\CodeIgniter->runController(Object(App\Controllers\Api\Notifikasi))
#7 /home/dnzwygdo/djuragancom/vendor/codeigniter4/framework/system/CodeIgniter.php(340): CodeIgniter\CodeIgniter->handleRequest(NULL, Object(Config\Cache), false)
#8 /home/dnzwygdo/public_html/index.php(67): CodeIgniter\CodeIgniter->run()
#9 {main}

Next CodeIgniter\Database\Exceptions\DatabaseException: Too many connections in /home/dnzwygdo/djuragancom/vendor/codeigniter4/framework/system/Database/MySQLi/Connection.php:215
Stack trace:
#0 /home/dnzwygdo/djuragancom/vendor/codeigniter4/framework/system/Database/BaseConnection.php(382): CodeIgniter\Database\MySQLi\Connection->connect(false)
#1 /home/dnzwygdo/djuragancom/vendor/codeigniter4/framework/system/Database/BaseConnection.php(588): CodeIgniter\Database\BaseConnection->initialize()
#2 /home/dnzwygdo/djuragancom/vendor/codeigniter4/framework/system/Database/BaseBuilder.php(1669): CodeIgniter\Database\BaseConnection->query('SELECT COUNT(*)...', Array, false)
#3 /home/dnzwygdo/djuragancom/app/Controllers/Api/Notifikasi.php(37): CodeIgniter\Database\BaseBuilder->countAllResults()
#4 /home/dnzwygdo/djuragancom/vendor/codeigniter4/framework/system/CodeIgniter.php(898): App\Controllers\Api\Notifikasi->get()
#5 /home/dnzwygdo/djuragancom/vendor/codeigniter4/framework/system/CodeIgniter.php(457): CodeIgniter\CodeIgniter->runController(Object(App\Controllers\Api\Notifikasi))
#6 /home/dnzwygdo/djuragancom/vendor/codeigniter4/framework/system/CodeIgniter.php(340): CodeIgniter\CodeIgniter->handleRequest(NULL, Object(Config\Cache), false)
#7 /home/dnzwygdo/public_html/index.php(67): CodeIgniter\CodeIgniter->run()
#8 {main}
CRITICAL - 2025-05-27 16:28:55 --> Unable to connect to the database.
Main connection [MySQLi]: Too many connections
in SYSTEMPATH/Database/BaseConnection.php on line 418.
 1 SYSTEMPATH/Database/BaseConnection.php(588): CodeIgniter\Database\BaseConnection->initialize()
 2 SYSTEMPATH/Database/BaseBuilder.php(1669): CodeIgniter\Database\BaseConnection->query('SELECT COUNT(*) AS `numrows`
FROM `order_notifikasi` `n`
LEFT JOIN `order_invoice` `i` ON `n`.`invoice_id` = `i`.`id_invoice`
LEFT JOIN `order_user` `p` ON `n`.`from` = `p`.`id`
LEFT JOIN `order_juragan` `j` ON `j`.`id_juragan` = `n`.`juragan_id`
WHERE `n`.`for` = :n.for:
AND `n`.`read_at` IS NULL', [...], false)
 3 APPPATH/Controllers/Api/Notifikasi.php(37): CodeIgniter\Database\BaseBuilder->countAllResults()
 4 SYSTEMPATH/CodeIgniter.php(898): App\Controllers\Api\Notifikasi->get()
 5 SYSTEMPATH/CodeIgniter.php(457): CodeIgniter\CodeIgniter->runController(Object(App\Controllers\Api\Notifikasi))
 6 SYSTEMPATH/CodeIgniter.php(340): CodeIgniter\CodeIgniter->handleRequest(null, Object(Config\Cache), false)
 7 FCPATH/index.php(67): CodeIgniter\CodeIgniter->run()
ERROR - 2025-05-27 16:29:17 --> Error connecting to the database: mysqli_sql_exception: Too many connections in /home/dnzwygdo/djuragancom/vendor/codeigniter4/framework/system/Database/MySQLi/Connection.php:171
Stack trace:
#0 /home/dnzwygdo/djuragancom/vendor/codeigniter4/framework/system/Database/MySQLi/Connection.php(171): mysqli->real_connect('localhost', 'dnzwygdo_jura94...', 'v[,S+a7zlZd0', 'dnzwygdo_juraga...', 3306, '', 0)
#1 /home/dnzwygdo/djuragancom/vendor/codeigniter4/framework/system/Database/BaseConnection.php(382): CodeIgniter\Database\MySQLi\Connection->connect(false)
#2 /home/dnzwygdo/djuragancom/vendor/codeigniter4/framework/system/Database/BaseConnection.php(588): CodeIgniter\Database\BaseConnection->initialize()
#3 /home/dnzwygdo/djuragancom/vendor/codeigniter4/framework/system/Database/BaseBuilder.php(1669): CodeIgniter\Database\BaseConnection->query('SELECT COUNT(*)...', Array, false)
#4 /home/dnzwygdo/djuragancom/app/Controllers/Api/Notifikasi.php(37): CodeIgniter\Database\BaseBuilder->countAllResults()
#5 /home/dnzwygdo/djuragancom/vendor/codeigniter4/framework/system/CodeIgniter.php(898): App\Controllers\Api\Notifikasi->get()
#6 /home/dnzwygdo/djuragancom/vendor/codeigniter4/framework/system/CodeIgniter.php(457): CodeIgniter\CodeIgniter->runController(Object(App\Controllers\Api\Notifikasi))
#7 /home/dnzwygdo/djuragancom/vendor/codeigniter4/framework/system/CodeIgniter.php(340): CodeIgniter\CodeIgniter->handleRequest(NULL, Object(Config\Cache), false)
#8 /home/dnzwygdo/public_html/index.php(67): CodeIgniter\CodeIgniter->run()
#9 {main}

Next CodeIgniter\Database\Exceptions\DatabaseException: Too many connections in /home/dnzwygdo/djuragancom/vendor/codeigniter4/framework/system/Database/MySQLi/Connection.php:215
Stack trace:
#0 /home/dnzwygdo/djuragancom/vendor/codeigniter4/framework/system/Database/BaseConnection.php(382): CodeIgniter\Database\MySQLi\Connection->connect(false)
#1 /home/dnzwygdo/djuragancom/vendor/codeigniter4/framework/system/Database/BaseConnection.php(588): CodeIgniter\Database\BaseConnection->initialize()
#2 /home/dnzwygdo/djuragancom/vendor/codeigniter4/framework/system/Database/BaseBuilder.php(1669): CodeIgniter\Database\BaseConnection->query('SELECT COUNT(*)...', Array, false)
#3 /home/dnzwygdo/djuragancom/app/Controllers/Api/Notifikasi.php(37): CodeIgniter\Database\BaseBuilder->countAllResults()
#4 /home/dnzwygdo/djuragancom/vendor/codeigniter4/framework/system/CodeIgniter.php(898): App\Controllers\Api\Notifikasi->get()
#5 /home/dnzwygdo/djuragancom/vendor/codeigniter4/framework/system/CodeIgniter.php(457): CodeIgniter\CodeIgniter->runController(Object(App\Controllers\Api\Notifikasi))
#6 /home/dnzwygdo/djuragancom/vendor/codeigniter4/framework/system/CodeIgniter.php(340): CodeIgniter\CodeIgniter->handleRequest(NULL, Object(Config\Cache), false)
#7 /home/dnzwygdo/public_html/index.php(67): CodeIgniter\CodeIgniter->run()
#8 {main}
CRITICAL - 2025-05-27 16:29:17 --> Unable to connect to the database.
Main connection [MySQLi]: Too many connections
in SYSTEMPATH/Database/BaseConnection.php on line 418.
 1 SYSTEMPATH/Database/BaseConnection.php(588): CodeIgniter\Database\BaseConnection->initialize()
 2 SYSTEMPATH/Database/BaseBuilder.php(1669): CodeIgniter\Database\BaseConnection->query('SELECT COUNT(*) AS `numrows`
FROM `order_notifikasi` `n`
LEFT JOIN `order_invoice` `i` ON `n`.`invoice_id` = `i`.`id_invoice`
LEFT JOIN `order_user` `p` ON `n`.`from` = `p`.`id`
LEFT JOIN `order_juragan` `j` ON `j`.`id_juragan` = `n`.`juragan_id`
WHERE `n`.`for` = :n.for:
AND `n`.`read_at` IS NULL', [...], false)
 3 APPPATH/Controllers/Api/Notifikasi.php(37): CodeIgniter\Database\BaseBuilder->countAllResults()
 4 SYSTEMPATH/CodeIgniter.php(898): App\Controllers\Api\Notifikasi->get()
 5 SYSTEMPATH/CodeIgniter.php(457): CodeIgniter\CodeIgniter->runController(Object(App\Controllers\Api\Notifikasi))
 6 SYSTEMPATH/CodeIgniter.php(340): CodeIgniter\CodeIgniter->handleRequest(null, Object(Config\Cache), false)
 7 FCPATH/index.php(67): CodeIgniter\CodeIgniter->run()
ERROR - 2025-05-27 16:29:21 --> Error connecting to the database: mysqli_sql_exception: Too many connections in /home/dnzwygdo/djuragancom/vendor/codeigniter4/framework/system/Database/MySQLi/Connection.php:171
Stack trace:
#0 /home/dnzwygdo/djuragancom/vendor/codeigniter4/framework/system/Database/MySQLi/Connection.php(171): mysqli->real_connect('localhost', 'dnzwygdo_jura94...', 'v[,S+a7zlZd0', 'dnzwygdo_juraga...', 3306, '', 0)
#1 /home/dnzwygdo/djuragancom/vendor/codeigniter4/framework/system/Database/BaseConnection.php(382): CodeIgniter\Database\MySQLi\Connection->connect(false)
#2 /home/dnzwygdo/djuragancom/vendor/codeigniter4/framework/system/Database/BaseConnection.php(588): CodeIgniter\Database\BaseConnection->initialize()
#3 /home/dnzwygdo/djuragancom/vendor/codeigniter4/framework/system/Database/BaseBuilder.php(1669): CodeIgniter\Database\BaseConnection->query('SELECT COUNT(*)...', Array, false)
#4 /home/dnzwygdo/djuragancom/app/Controllers/Api/Notifikasi.php(37): CodeIgniter\Database\BaseBuilder->countAllResults()
#5 /home/dnzwygdo/djuragancom/vendor/codeigniter4/framework/system/CodeIgniter.php(898): App\Controllers\Api\Notifikasi->get()
#6 /home/dnzwygdo/djuragancom/vendor/codeigniter4/framework/system/CodeIgniter.php(457): CodeIgniter\CodeIgniter->runController(Object(App\Controllers\Api\Notifikasi))
#7 /home/dnzwygdo/djuragancom/vendor/codeigniter4/framework/system/CodeIgniter.php(340): CodeIgniter\CodeIgniter->handleRequest(NULL, Object(Config\Cache), false)
#8 /home/dnzwygdo/public_html/index.php(67): CodeIgniter\CodeIgniter->run()
#9 {main}

Next CodeIgniter\Database\Exceptions\DatabaseException: Too many connections in /home/dnzwygdo/djuragancom/vendor/codeigniter4/framework/system/Database/MySQLi/Connection.php:215
Stack trace:
#0 /home/dnzwygdo/djuragancom/vendor/codeigniter4/framework/system/Database/BaseConnection.php(382): CodeIgniter\Database\MySQLi\Connection->connect(false)
#1 /home/dnzwygdo/djuragancom/vendor/codeigniter4/framework/system/Database/BaseConnection.php(588): CodeIgniter\Database\BaseConnection->initialize()
#2 /home/dnzwygdo/djuragancom/vendor/codeigniter4/framework/system/Database/BaseBuilder.php(1669): CodeIgniter\Database\BaseConnection->query('SELECT COUNT(*)...', Array, false)
#3 /home/dnzwygdo/djuragancom/app/Controllers/Api/Notifikasi.php(37): CodeIgniter\Database\BaseBuilder->countAllResults()
#4 /home/dnzwygdo/djuragancom/vendor/codeigniter4/framework/system/CodeIgniter.php(898): App\Controllers\Api\Notifikasi->get()
#5 /home/dnzwygdo/djuragancom/vendor/codeigniter4/framework/system/CodeIgniter.php(457): CodeIgniter\CodeIgniter->runController(Object(App\Controllers\Api\Notifikasi))
#6 /home/dnzwygdo/djuragancom/vendor/codeigniter4/framework/system/CodeIgniter.php(340): CodeIgniter\CodeIgniter->handleRequest(NULL, Object(Config\Cache), false)
#7 /home/dnzwygdo/public_html/index.php(67): CodeIgniter\CodeIgniter->run()
#8 {main}
CRITICAL - 2025-05-27 16:29:21 --> Unable to connect to the database.
Main connection [MySQLi]: Too many connections
in SYSTEMPATH/Database/BaseConnection.php on line 418.
 1 SYSTEMPATH/Database/BaseConnection.php(588): CodeIgniter\Database\BaseConnection->initialize()
 2 SYSTEMPATH/Database/BaseBuilder.php(1669): CodeIgniter\Database\BaseConnection->query('SELECT COUNT(*) AS `numrows`
FROM `order_notifikasi` `n`
LEFT JOIN `order_invoice` `i` ON `n`.`invoice_id` = `i`.`id_invoice`
LEFT JOIN `order_user` `p` ON `n`.`from` = `p`.`id`
LEFT JOIN `order_juragan` `j` ON `j`.`id_juragan` = `n`.`juragan_id`
WHERE `n`.`for` = :n.for:
AND `n`.`read_at` IS NULL', [...], false)
 3 APPPATH/Controllers/Api/Notifikasi.php(37): CodeIgniter\Database\BaseBuilder->countAllResults()
 4 SYSTEMPATH/CodeIgniter.php(898): App\Controllers\Api\Notifikasi->get()
 5 SYSTEMPATH/CodeIgniter.php(457): CodeIgniter\CodeIgniter->runController(Object(App\Controllers\Api\Notifikasi))
 6 SYSTEMPATH/CodeIgniter.php(340): CodeIgniter\CodeIgniter->handleRequest(null, Object(Config\Cache), false)
 7 FCPATH/index.php(67): CodeIgniter\CodeIgniter->run()
ERROR - 2025-05-27 16:29:21 --> Error connecting to the database: mysqli_sql_exception: Too many connections in /home/dnzwygdo/djuragancom/vendor/codeigniter4/framework/system/Database/MySQLi/Connection.php:171
Stack trace:
#0 /home/dnzwygdo/djuragancom/vendor/codeigniter4/framework/system/Database/MySQLi/Connection.php(171): mysqli->real_connect('localhost', 'dnzwygdo_jura94...', 'v[,S+a7zlZd0', 'dnzwygdo_juraga...', 3306, '', 0)
#1 /home/dnzwygdo/djuragancom/vendor/codeigniter4/framework/system/Database/BaseConnection.php(382): CodeIgniter\Database\MySQLi\Connection->connect(false)
#2 /home/dnzwygdo/djuragancom/vendor/codeigniter4/framework/system/Database/BaseConnection.php(588): CodeIgniter\Database\BaseConnection->initialize()
#3 /home/dnzwygdo/djuragancom/vendor/codeigniter4/framework/system/Database/BaseBuilder.php(1669): CodeIgniter\Database\BaseConnection->query('SELECT COUNT(*)...', Array, false)
#4 /home/dnzwygdo/djuragancom/app/Controllers/Api/Notifikasi.php(37): CodeIgniter\Database\BaseBuilder->countAllResults()
#5 /home/dnzwygdo/djuragancom/vendor/codeigniter4/framework/system/CodeIgniter.php(898): App\Controllers\Api\Notifikasi->get()
#6 /home/dnzwygdo/djuragancom/vendor/codeigniter4/framework/system/CodeIgniter.php(457): CodeIgniter\CodeIgniter->runController(Object(App\Controllers\Api\Notifikasi))
#7 /home/dnzwygdo/djuragancom/vendor/codeigniter4/framework/system/CodeIgniter.php(340): CodeIgniter\CodeIgniter->handleRequest(NULL, Object(Config\Cache), false)
#8 /home/dnzwygdo/public_html/index.php(67): CodeIgniter\CodeIgniter->run()
#9 {main}

Next CodeIgniter\Database\Exceptions\DatabaseException: Too many connections in /home/dnzwygdo/djuragancom/vendor/codeigniter4/framework/system/Database/MySQLi/Connection.php:215
Stack trace:
#0 /home/dnzwygdo/djuragancom/vendor/codeigniter4/framework/system/Database/BaseConnection.php(382): CodeIgniter\Database\MySQLi\Connection->connect(false)
#1 /home/dnzwygdo/djuragancom/vendor/codeigniter4/framework/system/Database/BaseConnection.php(588): CodeIgniter\Database\BaseConnection->initialize()
#2 /home/dnzwygdo/djuragancom/vendor/codeigniter4/framework/system/Database/BaseBuilder.php(1669): CodeIgniter\Database\BaseConnection->query('SELECT COUNT(*)...', Array, false)
#3 /home/dnzwygdo/djuragancom/app/Controllers/Api/Notifikasi.php(37): CodeIgniter\Database\BaseBuilder->countAllResults()
#4 /home/dnzwygdo/djuragancom/vendor/codeigniter4/framework/system/CodeIgniter.php(898): App\Controllers\Api\Notifikasi->get()
#5 /home/dnzwygdo/djuragancom/vendor/codeigniter4/framework/system/CodeIgniter.php(457): CodeIgniter\CodeIgniter->runController(Object(App\Controllers\Api\Notifikasi))
#6 /home/dnzwygdo/djuragancom/vendor/codeigniter4/framework/system/CodeIgniter.php(340): CodeIgniter\CodeIgniter->handleRequest(NULL, Object(Config\Cache), false)
#7 /home/dnzwygdo/public_html/index.php(67): CodeIgniter\CodeIgniter->run()
#8 {main}
ERROR - 2025-05-27 16:29:21 --> Error connecting to the database: mysqli_sql_exception: Too many connections in /home/dnzwygdo/djuragancom/vendor/codeigniter4/framework/system/Database/MySQLi/Connection.php:171
Stack trace:
#0 /home/dnzwygdo/djuragancom/vendor/codeigniter4/framework/system/Database/MySQLi/Connection.php(171): mysqli->real_connect('localhost', 'dnzwygdo_jura94...', 'v[,S+a7zlZd0', 'dnzwygdo_juraga...', 3306, '', 0)
#1 /home/dnzwygdo/djuragancom/vendor/codeigniter4/framework/system/Database/BaseConnection.php(382): CodeIgniter\Database\MySQLi\Connection->connect(false)
#2 /home/dnzwygdo/djuragancom/vendor/codeigniter4/framework/system/Database/BaseConnection.php(588): CodeIgniter\Database\BaseConnection->initialize()
#3 /home/dnzwygdo/djuragancom/vendor/codeigniter4/framework/system/Database/BaseBuilder.php(1669): CodeIgniter\Database\BaseConnection->query('SELECT COUNT(*)...', Array, false)
#4 /home/dnzwygdo/djuragancom/app/Controllers/Api/Notifikasi.php(37): CodeIgniter\Database\BaseBuilder->countAllResults()
#5 /home/dnzwygdo/djuragancom/vendor/codeigniter4/framework/system/CodeIgniter.php(898): App\Controllers\Api\Notifikasi->get()
#6 /home/dnzwygdo/djuragancom/vendor/codeigniter4/framework/system/CodeIgniter.php(457): CodeIgniter\CodeIgniter->runController(Object(App\Controllers\Api\Notifikasi))
#7 /home/dnzwygdo/djuragancom/vendor/codeigniter4/framework/system/CodeIgniter.php(340): CodeIgniter\CodeIgniter->handleRequest(NULL, Object(Config\Cache), false)
#8 /home/dnzwygdo/public_html/index.php(67): CodeIgniter\CodeIgniter->run()
#9 {main}

Next CodeIgniter\Database\Exceptions\DatabaseException: Too many connections in /home/dnzwygdo/djuragancom/vendor/codeigniter4/framework/system/Database/MySQLi/Connection.php:215
Stack trace:
#0 /home/dnzwygdo/djuragancom/vendor/codeigniter4/framework/system/Database/BaseConnection.php(382): CodeIgniter\Database\MySQLi\Connection->connect(false)
#1 /home/dnzwygdo/djuragancom/vendor/codeigniter4/framework/system/Database/BaseConnection.php(588): CodeIgniter\Database\BaseConnection->initialize()
#2 /home/dnzwygdo/djuragancom/vendor/codeigniter4/framework/system/Database/BaseBuilder.php(1669): CodeIgniter\Database\BaseConnection->query('SELECT COUNT(*)...', Array, false)
#3 /home/dnzwygdo/djuragancom/app/Controllers/Api/Notifikasi.php(37): CodeIgniter\Database\BaseBuilder->countAllResults()
#4 /home/dnzwygdo/djuragancom/vendor/codeigniter4/framework/system/CodeIgniter.php(898): App\Controllers\Api\Notifikasi->get()
#5 /home/dnzwygdo/djuragancom/vendor/codeigniter4/framework/system/CodeIgniter.php(457): CodeIgniter\CodeIgniter->runController(Object(App\Controllers\Api\Notifikasi))
#6 /home/dnzwygdo/djuragancom/vendor/codeigniter4/framework/system/CodeIgniter.php(340): CodeIgniter\CodeIgniter->handleRequest(NULL, Object(Config\Cache), false)
#7 /home/dnzwygdo/public_html/index.php(67): CodeIgniter\CodeIgniter->run()
#8 {main}
CRITICAL - 2025-05-27 16:29:21 --> Unable to connect to the database.
Main connection [MySQLi]: Too many connections
in SYSTEMPATH/Database/BaseConnection.php on line 418.
 1 SYSTEMPATH/Database/BaseConnection.php(588): CodeIgniter\Database\BaseConnection->initialize()
 2 SYSTEMPATH/Database/BaseBuilder.php(1669): CodeIgniter\Database\BaseConnection->query('SELECT COUNT(*) AS `numrows`
FROM `order_notifikasi` `n`
LEFT JOIN `order_invoice` `i` ON `n`.`invoice_id` = `i`.`id_invoice`
LEFT JOIN `order_user` `p` ON `n`.`from` = `p`.`id`
LEFT JOIN `order_juragan` `j` ON `j`.`id_juragan` = `n`.`juragan_id`
WHERE `n`.`for` = :n.for:
AND `n`.`read_at` IS NULL', [...], false)
 3 APPPATH/Controllers/Api/Notifikasi.php(37): CodeIgniter\Database\BaseBuilder->countAllResults()
 4 SYSTEMPATH/CodeIgniter.php(898): App\Controllers\Api\Notifikasi->get()
 5 SYSTEMPATH/CodeIgniter.php(457): CodeIgniter\CodeIgniter->runController(Object(App\Controllers\Api\Notifikasi))
 6 SYSTEMPATH/CodeIgniter.php(340): CodeIgniter\CodeIgniter->handleRequest(null, Object(Config\Cache), false)
 7 FCPATH/index.php(67): CodeIgniter\CodeIgniter->run()
CRITICAL - 2025-05-27 16:29:21 --> Unable to connect to the database.
Main connection [MySQLi]: Too many connections
in SYSTEMPATH/Database/BaseConnection.php on line 418.
 1 SYSTEMPATH/Database/BaseConnection.php(588): CodeIgniter\Database\BaseConnection->initialize()
 2 SYSTEMPATH/Database/BaseBuilder.php(1669): CodeIgniter\Database\BaseConnection->query('SELECT COUNT(*) AS `numrows`
FROM `order_notifikasi` `n`
LEFT JOIN `order_invoice` `i` ON `n`.`invoice_id` = `i`.`id_invoice`
LEFT JOIN `order_user` `p` ON `n`.`from` = `p`.`id`
LEFT JOIN `order_juragan` `j` ON `j`.`id_juragan` = `n`.`juragan_id`
WHERE `n`.`for` = :n.for:
AND `n`.`read_at` IS NULL', [...], false)
 3 APPPATH/Controllers/Api/Notifikasi.php(37): CodeIgniter\Database\BaseBuilder->countAllResults()
 4 SYSTEMPATH/CodeIgniter.php(898): App\Controllers\Api\Notifikasi->get()
 5 SYSTEMPATH/CodeIgniter.php(457): CodeIgniter\CodeIgniter->runController(Object(App\Controllers\Api\Notifikasi))
 6 SYSTEMPATH/CodeIgniter.php(340): CodeIgniter\CodeIgniter->handleRequest(null, Object(Config\Cache), false)
 7 FCPATH/index.php(67): CodeIgniter\CodeIgniter->run()
ERROR - 2025-05-27 16:29:24 --> Error connecting to the database: mysqli_sql_exception: Too many connections in /home/dnzwygdo/djuragancom/vendor/codeigniter4/framework/system/Database/MySQLi/Connection.php:171
Stack trace:
#0 /home/dnzwygdo/djuragancom/vendor/codeigniter4/framework/system/Database/MySQLi/Connection.php(171): mysqli->real_connect('localhost', 'dnzwygdo_jura94...', 'v[,S+a7zlZd0', 'dnzwygdo_juraga...', 3306, '', 0)
#1 /home/dnzwygdo/djuragancom/vendor/codeigniter4/framework/system/Database/BaseConnection.php(382): CodeIgniter\Database\MySQLi\Connection->connect(false)
#2 /home/dnzwygdo/djuragancom/vendor/codeigniter4/framework/system/Database/BaseConnection.php(588): CodeIgniter\Database\BaseConnection->initialize()
#3 /home/dnzwygdo/djuragancom/vendor/codeigniter4/framework/system/Database/BaseBuilder.php(1669): CodeIgniter\Database\BaseConnection->query('SELECT COUNT(*)...', Array, false)
#4 /home/dnzwygdo/djuragancom/app/Controllers/Api/Notifikasi.php(37): CodeIgniter\Database\BaseBuilder->countAllResults()
#5 /home/dnzwygdo/djuragancom/vendor/codeigniter4/framework/system/CodeIgniter.php(898): App\Controllers\Api\Notifikasi->get()
#6 /home/dnzwygdo/djuragancom/vendor/codeigniter4/framework/system/CodeIgniter.php(457): CodeIgniter\CodeIgniter->runController(Object(App\Controllers\Api\Notifikasi))
#7 /home/dnzwygdo/djuragancom/vendor/codeigniter4/framework/system/CodeIgniter.php(340): CodeIgniter\CodeIgniter->handleRequest(NULL, Object(Config\Cache), false)
#8 /home/dnzwygdo/public_html/index.php(67): CodeIgniter\CodeIgniter->run()
#9 {main}

Next CodeIgniter\Database\Exceptions\DatabaseException: Too many connections in /home/dnzwygdo/djuragancom/vendor/codeigniter4/framework/system/Database/MySQLi/Connection.php:215
Stack trace:
#0 /home/dnzwygdo/djuragancom/vendor/codeigniter4/framework/system/Database/BaseConnection.php(382): CodeIgniter\Database\MySQLi\Connection->connect(false)
#1 /home/dnzwygdo/djuragancom/vendor/codeigniter4/framework/system/Database/BaseConnection.php(588): CodeIgniter\Database\BaseConnection->initialize()
#2 /home/dnzwygdo/djuragancom/vendor/codeigniter4/framework/system/Database/BaseBuilder.php(1669): CodeIgniter\Database\BaseConnection->query('SELECT COUNT(*)...', Array, false)
#3 /home/dnzwygdo/djuragancom/app/Controllers/Api/Notifikasi.php(37): CodeIgniter\Database\BaseBuilder->countAllResults()
#4 /home/dnzwygdo/djuragancom/vendor/codeigniter4/framework/system/CodeIgniter.php(898): App\Controllers\Api\Notifikasi->get()
#5 /home/dnzwygdo/djuragancom/vendor/codeigniter4/framework/system/CodeIgniter.php(457): CodeIgniter\CodeIgniter->runController(Object(App\Controllers\Api\Notifikasi))
#6 /home/dnzwygdo/djuragancom/vendor/codeigniter4/framework/system/CodeIgniter.php(340): CodeIgniter\CodeIgniter->handleRequest(NULL, Object(Config\Cache), false)
#7 /home/dnzwygdo/public_html/index.php(67): CodeIgniter\CodeIgniter->run()
#8 {main}
CRITICAL - 2025-05-27 16:29:24 --> Unable to connect to the database.
Main connection [MySQLi]: Too many connections
in SYSTEMPATH/Database/BaseConnection.php on line 418.
 1 SYSTEMPATH/Database/BaseConnection.php(588): CodeIgniter\Database\BaseConnection->initialize()
 2 SYSTEMPATH/Database/BaseBuilder.php(1669): CodeIgniter\Database\BaseConnection->query('SELECT COUNT(*) AS `numrows`
FROM `order_notifikasi` `n`
LEFT JOIN `order_invoice` `i` ON `n`.`invoice_id` = `i`.`id_invoice`
LEFT JOIN `order_user` `p` ON `n`.`from` = `p`.`id`
LEFT JOIN `order_juragan` `j` ON `j`.`id_juragan` = `n`.`juragan_id`
WHERE `n`.`for` = :n.for:
AND `n`.`read_at` IS NULL', [...], false)
 3 APPPATH/Controllers/Api/Notifikasi.php(37): CodeIgniter\Database\BaseBuilder->countAllResults()
 4 SYSTEMPATH/CodeIgniter.php(898): App\Controllers\Api\Notifikasi->get()
 5 SYSTEMPATH/CodeIgniter.php(457): CodeIgniter\CodeIgniter->runController(Object(App\Controllers\Api\Notifikasi))
 6 SYSTEMPATH/CodeIgniter.php(340): CodeIgniter\CodeIgniter->handleRequest(null, Object(Config\Cache), false)
 7 FCPATH/index.php(67): CodeIgniter\CodeIgniter->run()
ERROR - 2025-05-27 16:30:17 --> Error connecting to the database: mysqli_sql_exception: Too many connections in /home/dnzwygdo/djuragancom/vendor/codeigniter4/framework/system/Database/MySQLi/Connection.php:171
Stack trace:
#0 /home/dnzwygdo/djuragancom/vendor/codeigniter4/framework/system/Database/MySQLi/Connection.php(171): mysqli->real_connect('localhost', 'dnzwygdo_jura94...', 'v[,S+a7zlZd0', 'dnzwygdo_juraga...', 3306, '', 0)
#1 /home/dnzwygdo/djuragancom/vendor/codeigniter4/framework/system/Database/BaseConnection.php(382): CodeIgniter\Database\MySQLi\Connection->connect(false)
#2 /home/dnzwygdo/djuragancom/vendor/codeigniter4/framework/system/Database/BaseConnection.php(588): CodeIgniter\Database\BaseConnection->initialize()
#3 /home/dnzwygdo/djuragancom/vendor/codeigniter4/framework/system/Database/BaseBuilder.php(1669): CodeIgniter\Database\BaseConnection->query('SELECT COUNT(*)...', Array, false)
#4 /home/dnzwygdo/djuragancom/app/Controllers/Api/Notifikasi.php(37): CodeIgniter\Database\BaseBuilder->countAllResults()
#5 /home/dnzwygdo/djuragancom/vendor/codeigniter4/framework/system/CodeIgniter.php(898): App\Controllers\Api\Notifikasi->get()
#6 /home/dnzwygdo/djuragancom/vendor/codeigniter4/framework/system/CodeIgniter.php(457): CodeIgniter\CodeIgniter->runController(Object(App\Controllers\Api\Notifikasi))
#7 /home/dnzwygdo/djuragancom/vendor/codeigniter4/framework/system/CodeIgniter.php(340): CodeIgniter\CodeIgniter->handleRequest(NULL, Object(Config\Cache), false)
#8 /home/dnzwygdo/public_html/index.php(67): CodeIgniter\CodeIgniter->run()
#9 {main}

Next CodeIgniter\Database\Exceptions\DatabaseException: Too many connections in /home/dnzwygdo/djuragancom/vendor/codeigniter4/framework/system/Database/MySQLi/Connection.php:215
Stack trace:
#0 /home/dnzwygdo/djuragancom/vendor/codeigniter4/framework/system/Database/BaseConnection.php(382): CodeIgniter\Database\MySQLi\Connection->connect(false)
#1 /home/dnzwygdo/djuragancom/vendor/codeigniter4/framework/system/Database/BaseConnection.php(588): CodeIgniter\Database\BaseConnection->initialize()
#2 /home/dnzwygdo/djuragancom/vendor/codeigniter4/framework/system/Database/BaseBuilder.php(1669): CodeIgniter\Database\BaseConnection->query('SELECT COUNT(*)...', Array, false)
#3 /home/dnzwygdo/djuragancom/app/Controllers/Api/Notifikasi.php(37): CodeIgniter\Database\BaseBuilder->countAllResults()
#4 /home/dnzwygdo/djuragancom/vendor/codeigniter4/framework/system/CodeIgniter.php(898): App\Controllers\Api\Notifikasi->get()
#5 /home/dnzwygdo/djuragancom/vendor/codeigniter4/framework/system/CodeIgniter.php(457): CodeIgniter\CodeIgniter->runController(Object(App\Controllers\Api\Notifikasi))
#6 /home/dnzwygdo/djuragancom/vendor/codeigniter4/framework/system/CodeIgniter.php(340): CodeIgniter\CodeIgniter->handleRequest(NULL, Object(Config\Cache), false)
#7 /home/dnzwygdo/public_html/index.php(67): CodeIgniter\CodeIgniter->run()
#8 {main}
CRITICAL - 2025-05-27 16:30:17 --> Unable to connect to the database.
Main connection [MySQLi]: Too many connections
in SYSTEMPATH/Database/BaseConnection.php on line 418.
 1 SYSTEMPATH/Database/BaseConnection.php(588): CodeIgniter\Database\BaseConnection->initialize()
 2 SYSTEMPATH/Database/BaseBuilder.php(1669): CodeIgniter\Database\BaseConnection->query('SELECT COUNT(*) AS `numrows`
FROM `order_notifikasi` `n`
LEFT JOIN `order_invoice` `i` ON `n`.`invoice_id` = `i`.`id_invoice`
LEFT JOIN `order_user` `p` ON `n`.`from` = `p`.`id`
LEFT JOIN `order_juragan` `j` ON `j`.`id_juragan` = `n`.`juragan_id`
WHERE `n`.`for` = :n.for:
AND `n`.`read_at` IS NULL', [...], false)
 3 APPPATH/Controllers/Api/Notifikasi.php(37): CodeIgniter\Database\BaseBuilder->countAllResults()
 4 SYSTEMPATH/CodeIgniter.php(898): App\Controllers\Api\Notifikasi->get()
 5 SYSTEMPATH/CodeIgniter.php(457): CodeIgniter\CodeIgniter->runController(Object(App\Controllers\Api\Notifikasi))
 6 SYSTEMPATH/CodeIgniter.php(340): CodeIgniter\CodeIgniter->handleRequest(null, Object(Config\Cache), false)
 7 FCPATH/index.php(67): CodeIgniter\CodeIgniter->run()
ERROR - 2025-05-27 16:30:21 --> Error connecting to the database: mysqli_sql_exception: Too many connections in /home/dnzwygdo/djuragancom/vendor/codeigniter4/framework/system/Database/MySQLi/Connection.php:171
Stack trace:
#0 /home/dnzwygdo/djuragancom/vendor/codeigniter4/framework/system/Database/MySQLi/Connection.php(171): mysqli->real_connect('localhost', 'dnzwygdo_jura94...', 'v[,S+a7zlZd0', 'dnzwygdo_juraga...', 3306, '', 0)
#1 /home/dnzwygdo/djuragancom/vendor/codeigniter4/framework/system/Database/BaseConnection.php(382): CodeIgniter\Database\MySQLi\Connection->connect(false)
#2 /home/dnzwygdo/djuragancom/vendor/codeigniter4/framework/system/Database/BaseConnection.php(588): CodeIgniter\Database\BaseConnection->initialize()
#3 /home/dnzwygdo/djuragancom/vendor/codeigniter4/framework/system/Database/BaseBuilder.php(1669): CodeIgniter\Database\BaseConnection->query('SELECT COUNT(*)...', Array, false)
#4 /home/dnzwygdo/djuragancom/app/Controllers/Api/Notifikasi.php(37): CodeIgniter\Database\BaseBuilder->countAllResults()
#5 /home/dnzwygdo/djuragancom/vendor/codeigniter4/framework/system/CodeIgniter.php(898): App\Controllers\Api\Notifikasi->get()
#6 /home/dnzwygdo/djuragancom/vendor/codeigniter4/framework/system/CodeIgniter.php(457): CodeIgniter\CodeIgniter->runController(Object(App\Controllers\Api\Notifikasi))
#7 /home/dnzwygdo/djuragancom/vendor/codeigniter4/framework/system/CodeIgniter.php(340): CodeIgniter\CodeIgniter->handleRequest(NULL, Object(Config\Cache), false)
#8 /home/dnzwygdo/public_html/index.php(67): CodeIgniter\CodeIgniter->run()
#9 {main}

Next CodeIgniter\Database\Exceptions\DatabaseException: Too many connections in /home/dnzwygdo/djuragancom/vendor/codeigniter4/framework/system/Database/MySQLi/Connection.php:215
Stack trace:
#0 /home/dnzwygdo/djuragancom/vendor/codeigniter4/framework/system/Database/BaseConnection.php(382): CodeIgniter\Database\MySQLi\Connection->connect(false)
#1 /home/dnzwygdo/djuragancom/vendor/codeigniter4/framework/system/Database/BaseConnection.php(588): CodeIgniter\Database\BaseConnection->initialize()
#2 /home/dnzwygdo/djuragancom/vendor/codeigniter4/framework/system/Database/BaseBuilder.php(1669): CodeIgniter\Database\BaseConnection->query('SELECT COUNT(*)...', Array, false)
#3 /home/dnzwygdo/djuragancom/app/Controllers/Api/Notifikasi.php(37): CodeIgniter\Database\BaseBuilder->countAllResults()
#4 /home/dnzwygdo/djuragancom/vendor/codeigniter4/framework/system/CodeIgniter.php(898): App\Controllers\Api\Notifikasi->get()
#5 /home/dnzwygdo/djuragancom/vendor/codeigniter4/framework/system/CodeIgniter.php(457): CodeIgniter\CodeIgniter->runController(Object(App\Controllers\Api\Notifikasi))
#6 /home/dnzwygdo/djuragancom/vendor/codeigniter4/framework/system/CodeIgniter.php(340): CodeIgniter\CodeIgniter->handleRequest(NULL, Object(Config\Cache), false)
#7 /home/dnzwygdo/public_html/index.php(67): CodeIgniter\CodeIgniter->run()
#8 {main}
CRITICAL - 2025-05-27 16:30:21 --> Unable to connect to the database.
Main connection [MySQLi]: Too many connections
in SYSTEMPATH/Database/BaseConnection.php on line 418.
 1 SYSTEMPATH/Database/BaseConnection.php(588): CodeIgniter\Database\BaseConnection->initialize()
 2 SYSTEMPATH/Database/BaseBuilder.php(1669): CodeIgniter\Database\BaseConnection->query('SELECT COUNT(*) AS `numrows`
FROM `order_notifikasi` `n`
LEFT JOIN `order_invoice` `i` ON `n`.`invoice_id` = `i`.`id_invoice`
LEFT JOIN `order_user` `p` ON `n`.`from` = `p`.`id`
LEFT JOIN `order_juragan` `j` ON `j`.`id_juragan` = `n`.`juragan_id`
WHERE `n`.`for` = :n.for:
AND `n`.`read_at` IS NULL', [...], false)
 3 APPPATH/Controllers/Api/Notifikasi.php(37): CodeIgniter\Database\BaseBuilder->countAllResults()
 4 SYSTEMPATH/CodeIgniter.php(898): App\Controllers\Api\Notifikasi->get()
 5 SYSTEMPATH/CodeIgniter.php(457): CodeIgniter\CodeIgniter->runController(Object(App\Controllers\Api\Notifikasi))
 6 SYSTEMPATH/CodeIgniter.php(340): CodeIgniter\CodeIgniter->handleRequest(null, Object(Config\Cache), false)
 7 FCPATH/index.php(67): CodeIgniter\CodeIgniter->run()
ERROR - 2025-05-27 16:30:37 --> Error connecting to the database: mysqli_sql_exception: Too many connections in /home/dnzwygdo/djuragancom/vendor/codeigniter4/framework/system/Database/MySQLi/Connection.php:171
Stack trace:
#0 /home/dnzwygdo/djuragancom/vendor/codeigniter4/framework/system/Database/MySQLi/Connection.php(171): mysqli->real_connect('localhost', 'dnzwygdo_jura94...', 'v[,S+a7zlZd0', 'dnzwygdo_juraga...', 3306, '', 0)
#1 /home/dnzwygdo/djuragancom/vendor/codeigniter4/framework/system/Database/BaseConnection.php(382): CodeIgniter\Database\MySQLi\Connection->connect(false)
#2 /home/dnzwygdo/djuragancom/vendor/codeigniter4/framework/system/Database/BaseConnection.php(588): CodeIgniter\Database\BaseConnection->initialize()
#3 /home/dnzwygdo/djuragancom/vendor/codeigniter4/framework/system/Database/BaseBuilder.php(1669): CodeIgniter\Database\BaseConnection->query('SELECT COUNT(*)...', Array, false)
#4 /home/dnzwygdo/djuragancom/app/Controllers/Api/Notifikasi.php(37): CodeIgniter\Database\BaseBuilder->countAllResults()
#5 /home/dnzwygdo/djuragancom/vendor/codeigniter4/framework/system/CodeIgniter.php(898): App\Controllers\Api\Notifikasi->get()
#6 /home/dnzwygdo/djuragancom/vendor/codeigniter4/framework/system/CodeIgniter.php(457): CodeIgniter\CodeIgniter->runController(Object(App\Controllers\Api\Notifikasi))
#7 /home/dnzwygdo/djuragancom/vendor/codeigniter4/framework/system/CodeIgniter.php(340): CodeIgniter\CodeIgniter->handleRequest(NULL, Object(Config\Cache), false)
#8 /home/dnzwygdo/public_html/index.php(67): CodeIgniter\CodeIgniter->run()
#9 {main}

Next CodeIgniter\Database\Exceptions\DatabaseException: Too many connections in /home/dnzwygdo/djuragancom/vendor/codeigniter4/framework/system/Database/MySQLi/Connection.php:215
Stack trace:
#0 /home/dnzwygdo/djuragancom/vendor/codeigniter4/framework/system/Database/BaseConnection.php(382): CodeIgniter\Database\MySQLi\Connection->connect(false)
#1 /home/dnzwygdo/djuragancom/vendor/codeigniter4/framework/system/Database/BaseConnection.php(588): CodeIgniter\Database\BaseConnection->initialize()
#2 /home/dnzwygdo/djuragancom/vendor/codeigniter4/framework/system/Database/BaseBuilder.php(1669): CodeIgniter\Database\BaseConnection->query('SELECT COUNT(*)...', Array, false)
#3 /home/dnzwygdo/djuragancom/app/Controllers/Api/Notifikasi.php(37): CodeIgniter\Database\BaseBuilder->countAllResults()
#4 /home/dnzwygdo/djuragancom/vendor/codeigniter4/framework/system/CodeIgniter.php(898): App\Controllers\Api\Notifikasi->get()
#5 /home/dnzwygdo/djuragancom/vendor/codeigniter4/framework/system/CodeIgniter.php(457): CodeIgniter\CodeIgniter->runController(Object(App\Controllers\Api\Notifikasi))
#6 /home/dnzwygdo/djuragancom/vendor/codeigniter4/framework/system/CodeIgniter.php(340): CodeIgniter\CodeIgniter->handleRequest(NULL, Object(Config\Cache), false)
#7 /home/dnzwygdo/public_html/index.php(67): CodeIgniter\CodeIgniter->run()
#8 {main}
CRITICAL - 2025-05-27 16:30:37 --> Unable to connect to the database.
Main connection [MySQLi]: Too many connections
in SYSTEMPATH/Database/BaseConnection.php on line 418.
 1 SYSTEMPATH/Database/BaseConnection.php(588): CodeIgniter\Database\BaseConnection->initialize()
 2 SYSTEMPATH/Database/BaseBuilder.php(1669): CodeIgniter\Database\BaseConnection->query('SELECT COUNT(*) AS `numrows`
FROM `order_notifikasi` `n`
LEFT JOIN `order_invoice` `i` ON `n`.`invoice_id` = `i`.`id_invoice`
LEFT JOIN `order_user` `p` ON `n`.`from` = `p`.`id`
LEFT JOIN `order_juragan` `j` ON `j`.`id_juragan` = `n`.`juragan_id`
WHERE `n`.`for` = :n.for:
AND `n`.`read_at` IS NULL', [...], false)
 3 APPPATH/Controllers/Api/Notifikasi.php(37): CodeIgniter\Database\BaseBuilder->countAllResults()
 4 SYSTEMPATH/CodeIgniter.php(898): App\Controllers\Api\Notifikasi->get()
 5 SYSTEMPATH/CodeIgniter.php(457): CodeIgniter\CodeIgniter->runController(Object(App\Controllers\Api\Notifikasi))
 6 SYSTEMPATH/CodeIgniter.php(340): CodeIgniter\CodeIgniter->handleRequest(null, Object(Config\Cache), false)
 7 FCPATH/index.php(67): CodeIgniter\CodeIgniter->run()
ERROR - 2025-05-27 16:30:47 --> Error connecting to the database: mysqli_sql_exception: Too many connections in /home/dnzwygdo/djuragancom/vendor/codeigniter4/framework/system/Database/MySQLi/Connection.php:171
Stack trace:
#0 /home/dnzwygdo/djuragancom/vendor/codeigniter4/framework/system/Database/MySQLi/Connection.php(171): mysqli->real_connect('localhost', 'dnzwygdo_jura94...', 'v[,S+a7zlZd0', 'dnzwygdo_juraga...', 3306, '', 0)
#1 /home/dnzwygdo/djuragancom/vendor/codeigniter4/framework/system/Database/BaseConnection.php(382): CodeIgniter\Database\MySQLi\Connection->connect(false)
#2 /home/dnzwygdo/djuragancom/vendor/codeigniter4/framework/system/Database/BaseConnection.php(588): CodeIgniter\Database\BaseConnection->initialize()
#3 /home/dnzwygdo/djuragancom/vendor/codeigniter4/framework/system/Database/BaseBuilder.php(1669): CodeIgniter\Database\BaseConnection->query('SELECT COUNT(*)...', Array, false)
#4 /home/dnzwygdo/djuragancom/app/Controllers/Api/Notifikasi.php(37): CodeIgniter\Database\BaseBuilder->countAllResults()
#5 /home/dnzwygdo/djuragancom/vendor/codeigniter4/framework/system/CodeIgniter.php(898): App\Controllers\Api\Notifikasi->get()
#6 /home/dnzwygdo/djuragancom/vendor/codeigniter4/framework/system/CodeIgniter.php(457): CodeIgniter\CodeIgniter->runController(Object(App\Controllers\Api\Notifikasi))
#7 /home/dnzwygdo/djuragancom/vendor/codeigniter4/framework/system/CodeIgniter.php(340): CodeIgniter\CodeIgniter->handleRequest(NULL, Object(Config\Cache), false)
#8 /home/dnzwygdo/public_html/index.php(67): CodeIgniter\CodeIgniter->run()
#9 {main}

Next CodeIgniter\Database\Exceptions\DatabaseException: Too many connections in /home/dnzwygdo/djuragancom/vendor/codeigniter4/framework/system/Database/MySQLi/Connection.php:215
Stack trace:
#0 /home/dnzwygdo/djuragancom/vendor/codeigniter4/framework/system/Database/BaseConnection.php(382): CodeIgniter\Database\MySQLi\Connection->connect(false)
#1 /home/dnzwygdo/djuragancom/vendor/codeigniter4/framework/system/Database/BaseConnection.php(588): CodeIgniter\Database\BaseConnection->initialize()
#2 /home/dnzwygdo/djuragancom/vendor/codeigniter4/framework/system/Database/BaseBuilder.php(1669): CodeIgniter\Database\BaseConnection->query('SELECT COUNT(*)...', Array, false)
#3 /home/dnzwygdo/djuragancom/app/Controllers/Api/Notifikasi.php(37): CodeIgniter\Database\BaseBuilder->countAllResults()
#4 /home/dnzwygdo/djuragancom/vendor/codeigniter4/framework/system/CodeIgniter.php(898): App\Controllers\Api\Notifikasi->get()
#5 /home/dnzwygdo/djuragancom/vendor/codeigniter4/framework/system/CodeIgniter.php(457): CodeIgniter\CodeIgniter->runController(Object(App\Controllers\Api\Notifikasi))
#6 /home/dnzwygdo/djuragancom/vendor/codeigniter4/framework/system/CodeIgniter.php(340): CodeIgniter\CodeIgniter->handleRequest(NULL, Object(Config\Cache), false)
#7 /home/dnzwygdo/public_html/index.php(67): CodeIgniter\CodeIgniter->run()
#8 {main}
CRITICAL - 2025-05-27 16:30:47 --> Unable to connect to the database.
Main connection [MySQLi]: Too many connections
in SYSTEMPATH/Database/BaseConnection.php on line 418.
 1 SYSTEMPATH/Database/BaseConnection.php(588): CodeIgniter\Database\BaseConnection->initialize()
 2 SYSTEMPATH/Database/BaseBuilder.php(1669): CodeIgniter\Database\BaseConnection->query('SELECT COUNT(*) AS `numrows`
FROM `order_notifikasi` `n`
LEFT JOIN `order_invoice` `i` ON `n`.`invoice_id` = `i`.`id_invoice`
LEFT JOIN `order_user` `p` ON `n`.`from` = `p`.`id`
LEFT JOIN `order_juragan` `j` ON `j`.`id_juragan` = `n`.`juragan_id`
WHERE `n`.`for` = :n.for:
AND `n`.`read_at` IS NULL', [...], false)
 3 APPPATH/Controllers/Api/Notifikasi.php(37): CodeIgniter\Database\BaseBuilder->countAllResults()
 4 SYSTEMPATH/CodeIgniter.php(898): App\Controllers\Api\Notifikasi->get()
 5 SYSTEMPATH/CodeIgniter.php(457): CodeIgniter\CodeIgniter->runController(Object(App\Controllers\Api\Notifikasi))
 6 SYSTEMPATH/CodeIgniter.php(340): CodeIgniter\CodeIgniter->handleRequest(null, Object(Config\Cache), false)
 7 FCPATH/index.php(67): CodeIgniter\CodeIgniter->run()
ERROR - 2025-05-27 16:30:57 --> Error connecting to the database: mysqli_sql_exception: Too many connections in /home/dnzwygdo/djuragancom/vendor/codeigniter4/framework/system/Database/MySQLi/Connection.php:171
Stack trace:
#0 /home/dnzwygdo/djuragancom/vendor/codeigniter4/framework/system/Database/MySQLi/Connection.php(171): mysqli->real_connect('localhost', 'dnzwygdo_jura94...', 'v[,S+a7zlZd0', 'dnzwygdo_juraga...', 3306, '', 0)
#1 /home/dnzwygdo/djuragancom/vendor/codeigniter4/framework/system/Database/BaseConnection.php(382): CodeIgniter\Database\MySQLi\Connection->connect(false)
#2 /home/dnzwygdo/djuragancom/vendor/codeigniter4/framework/system/Database/BaseConnection.php(588): CodeIgniter\Database\BaseConnection->initialize()
#3 /home/dnzwygdo/djuragancom/vendor/codeigniter4/framework/system/Database/BaseBuilder.php(1669): CodeIgniter\Database\BaseConnection->query('SELECT COUNT(*)...', Array, false)
#4 /home/dnzwygdo/djuragancom/app/Controllers/Api/Notifikasi.php(37): CodeIgniter\Database\BaseBuilder->countAllResults()
#5 /home/dnzwygdo/djuragancom/vendor/codeigniter4/framework/system/CodeIgniter.php(898): App\Controllers\Api\Notifikasi->get()
#6 /home/dnzwygdo/djuragancom/vendor/codeigniter4/framework/system/CodeIgniter.php(457): CodeIgniter\CodeIgniter->runController(Object(App\Controllers\Api\Notifikasi))
#7 /home/dnzwygdo/djuragancom/vendor/codeigniter4/framework/system/CodeIgniter.php(340): CodeIgniter\CodeIgniter->handleRequest(NULL, Object(Config\Cache), false)
#8 /home/dnzwygdo/public_html/index.php(67): CodeIgniter\CodeIgniter->run()
#9 {main}

Next CodeIgniter\Database\Exceptions\DatabaseException: Too many connections in /home/dnzwygdo/djuragancom/vendor/codeigniter4/framework/system/Database/MySQLi/Connection.php:215
Stack trace:
#0 /home/dnzwygdo/djuragancom/vendor/codeigniter4/framework/system/Database/BaseConnection.php(382): CodeIgniter\Database\MySQLi\Connection->connect(false)
#1 /home/dnzwygdo/djuragancom/vendor/codeigniter4/framework/system/Database/BaseConnection.php(588): CodeIgniter\Database\BaseConnection->initialize()
#2 /home/dnzwygdo/djuragancom/vendor/codeigniter4/framework/system/Database/BaseBuilder.php(1669): CodeIgniter\Database\BaseConnection->query('SELECT COUNT(*)...', Array, false)
#3 /home/dnzwygdo/djuragancom/app/Controllers/Api/Notifikasi.php(37): CodeIgniter\Database\BaseBuilder->countAllResults()
#4 /home/dnzwygdo/djuragancom/vendor/codeigniter4/framework/system/CodeIgniter.php(898): App\Controllers\Api\Notifikasi->get()
#5 /home/dnzwygdo/djuragancom/vendor/codeigniter4/framework/system/CodeIgniter.php(457): CodeIgniter\CodeIgniter->runController(Object(App\Controllers\Api\Notifikasi))
#6 /home/dnzwygdo/djuragancom/vendor/codeigniter4/framework/system/CodeIgniter.php(340): CodeIgniter\CodeIgniter->handleRequest(NULL, Object(Config\Cache), false)
#7 /home/dnzwygdo/public_html/index.php(67): CodeIgniter\CodeIgniter->run()
#8 {main}
CRITICAL - 2025-05-27 16:30:57 --> Unable to connect to the database.
Main connection [MySQLi]: Too many connections
in SYSTEMPATH/Database/BaseConnection.php on line 418.
 1 SYSTEMPATH/Database/BaseConnection.php(588): CodeIgniter\Database\BaseConnection->initialize()
 2 SYSTEMPATH/Database/BaseBuilder.php(1669): CodeIgniter\Database\BaseConnection->query('SELECT COUNT(*) AS `numrows`
FROM `order_notifikasi` `n`
LEFT JOIN `order_invoice` `i` ON `n`.`invoice_id` = `i`.`id_invoice`
LEFT JOIN `order_user` `p` ON `n`.`from` = `p`.`id`
LEFT JOIN `order_juragan` `j` ON `j`.`id_juragan` = `n`.`juragan_id`
WHERE `n`.`for` = :n.for:
AND `n`.`read_at` IS NULL', [...], false)
 3 APPPATH/Controllers/Api/Notifikasi.php(37): CodeIgniter\Database\BaseBuilder->countAllResults()
 4 SYSTEMPATH/CodeIgniter.php(898): App\Controllers\Api\Notifikasi->get()
 5 SYSTEMPATH/CodeIgniter.php(457): CodeIgniter\CodeIgniter->runController(Object(App\Controllers\Api\Notifikasi))
 6 SYSTEMPATH/CodeIgniter.php(340): CodeIgniter\CodeIgniter->handleRequest(null, Object(Config\Cache), false)
 7 FCPATH/index.php(67): CodeIgniter\CodeIgniter->run()
ERROR - 2025-05-27 16:31:17 --> Error connecting to the database: mysqli_sql_exception: Too many connections in /home/dnzwygdo/djuragancom/vendor/codeigniter4/framework/system/Database/MySQLi/Connection.php:171
Stack trace:
#0 /home/dnzwygdo/djuragancom/vendor/codeigniter4/framework/system/Database/MySQLi/Connection.php(171): mysqli->real_connect('localhost', 'dnzwygdo_jura94...', 'v[,S+a7zlZd0', 'dnzwygdo_juraga...', 3306, '', 0)
#1 /home/dnzwygdo/djuragancom/vendor/codeigniter4/framework/system/Database/BaseConnection.php(382): CodeIgniter\Database\MySQLi\Connection->connect(false)
#2 /home/dnzwygdo/djuragancom/vendor/codeigniter4/framework/system/Database/BaseConnection.php(588): CodeIgniter\Database\BaseConnection->initialize()
#3 /home/dnzwygdo/djuragancom/vendor/codeigniter4/framework/system/Database/BaseBuilder.php(1669): CodeIgniter\Database\BaseConnection->query('SELECT COUNT(*)...', Array, false)
#4 /home/dnzwygdo/djuragancom/app/Controllers/Api/Notifikasi.php(37): CodeIgniter\Database\BaseBuilder->countAllResults()
#5 /home/dnzwygdo/djuragancom/vendor/codeigniter4/framework/system/CodeIgniter.php(898): App\Controllers\Api\Notifikasi->get()
#6 /home/dnzwygdo/djuragancom/vendor/codeigniter4/framework/system/CodeIgniter.php(457): CodeIgniter\CodeIgniter->runController(Object(App\Controllers\Api\Notifikasi))
#7 /home/dnzwygdo/djuragancom/vendor/codeigniter4/framework/system/CodeIgniter.php(340): CodeIgniter\CodeIgniter->handleRequest(NULL, Object(Config\Cache), false)
#8 /home/dnzwygdo/public_html/index.php(67): CodeIgniter\CodeIgniter->run()
#9 {main}

Next CodeIgniter\Database\Exceptions\DatabaseException: Too many connections in /home/dnzwygdo/djuragancom/vendor/codeigniter4/framework/system/Database/MySQLi/Connection.php:215
Stack trace:
#0 /home/dnzwygdo/djuragancom/vendor/codeigniter4/framework/system/Database/BaseConnection.php(382): CodeIgniter\Database\MySQLi\Connection->connect(false)
#1 /home/dnzwygdo/djuragancom/vendor/codeigniter4/framework/system/Database/BaseConnection.php(588): CodeIgniter\Database\BaseConnection->initialize()
#2 /home/dnzwygdo/djuragancom/vendor/codeigniter4/framework/system/Database/BaseBuilder.php(1669): CodeIgniter\Database\BaseConnection->query('SELECT COUNT(*)...', Array, false)
#3 /home/dnzwygdo/djuragancom/app/Controllers/Api/Notifikasi.php(37): CodeIgniter\Database\BaseBuilder->countAllResults()
#4 /home/dnzwygdo/djuragancom/vendor/codeigniter4/framework/system/CodeIgniter.php(898): App\Controllers\Api\Notifikasi->get()
#5 /home/dnzwygdo/djuragancom/vendor/codeigniter4/framework/system/CodeIgniter.php(457): CodeIgniter\CodeIgniter->runController(Object(App\Controllers\Api\Notifikasi))
#6 /home/dnzwygdo/djuragancom/vendor/codeigniter4/framework/system/CodeIgniter.php(340): CodeIgniter\CodeIgniter->handleRequest(NULL, Object(Config\Cache), false)
#7 /home/dnzwygdo/public_html/index.php(67): CodeIgniter\CodeIgniter->run()
#8 {main}
CRITICAL - 2025-05-27 16:31:17 --> Unable to connect to the database.
Main connection [MySQLi]: Too many connections
in SYSTEMPATH/Database/BaseConnection.php on line 418.
 1 SYSTEMPATH/Database/BaseConnection.php(588): CodeIgniter\Database\BaseConnection->initialize()
 2 SYSTEMPATH/Database/BaseBuilder.php(1669): CodeIgniter\Database\BaseConnection->query('SELECT COUNT(*) AS `numrows`
FROM `order_notifikasi` `n`
LEFT JOIN `order_invoice` `i` ON `n`.`invoice_id` = `i`.`id_invoice`
LEFT JOIN `order_user` `p` ON `n`.`from` = `p`.`id`
LEFT JOIN `order_juragan` `j` ON `j`.`id_juragan` = `n`.`juragan_id`
WHERE `n`.`for` = :n.for:
AND `n`.`read_at` IS NULL', [...], false)
 3 APPPATH/Controllers/Api/Notifikasi.php(37): CodeIgniter\Database\BaseBuilder->countAllResults()
 4 SYSTEMPATH/CodeIgniter.php(898): App\Controllers\Api\Notifikasi->get()
 5 SYSTEMPATH/CodeIgniter.php(457): CodeIgniter\CodeIgniter->runController(Object(App\Controllers\Api\Notifikasi))
 6 SYSTEMPATH/CodeIgniter.php(340): CodeIgniter\CodeIgniter->handleRequest(null, Object(Config\Cache), false)
 7 FCPATH/index.php(67): CodeIgniter\CodeIgniter->run()
ERROR - 2025-05-27 16:31:21 --> Error connecting to the database: mysqli_sql_exception: Too many connections in /home/dnzwygdo/djuragancom/vendor/codeigniter4/framework/system/Database/MySQLi/Connection.php:171
Stack trace:
#0 /home/dnzwygdo/djuragancom/vendor/codeigniter4/framework/system/Database/MySQLi/Connection.php(171): mysqli->real_connect('localhost', 'dnzwygdo_jura94...', 'v[,S+a7zlZd0', 'dnzwygdo_juraga...', 3306, '', 0)
#1 /home/dnzwygdo/djuragancom/vendor/codeigniter4/framework/system/Database/BaseConnection.php(382): CodeIgniter\Database\MySQLi\Connection->connect(false)
#2 /home/dnzwygdo/djuragancom/vendor/codeigniter4/framework/system/Database/BaseConnection.php(588): CodeIgniter\Database\BaseConnection->initialize()
#3 /home/dnzwygdo/djuragancom/vendor/codeigniter4/framework/system/Database/BaseBuilder.php(1669): CodeIgniter\Database\BaseConnection->query('SELECT COUNT(*)...', Array, false)
#4 /home/dnzwygdo/djuragancom/app/Controllers/Api/Notifikasi.php(37): CodeIgniter\Database\BaseBuilder->countAllResults()
#5 /home/dnzwygdo/djuragancom/vendor/codeigniter4/framework/system/CodeIgniter.php(898): App\Controllers\Api\Notifikasi->get()
#6 /home/dnzwygdo/djuragancom/vendor/codeigniter4/framework/system/CodeIgniter.php(457): CodeIgniter\CodeIgniter->runController(Object(App\Controllers\Api\Notifikasi))
#7 /home/dnzwygdo/djuragancom/vendor/codeigniter4/framework/system/CodeIgniter.php(340): CodeIgniter\CodeIgniter->handleRequest(NULL, Object(Config\Cache), false)
#8 /home/dnzwygdo/public_html/index.php(67): CodeIgniter\CodeIgniter->run()
#9 {main}

Next CodeIgniter\Database\Exceptions\DatabaseException: Too many connections in /home/dnzwygdo/djuragancom/vendor/codeigniter4/framework/system/Database/MySQLi/Connection.php:215
Stack trace:
#0 /home/dnzwygdo/djuragancom/vendor/codeigniter4/framework/system/Database/BaseConnection.php(382): CodeIgniter\Database\MySQLi\Connection->connect(false)
#1 /home/dnzwygdo/djuragancom/vendor/codeigniter4/framework/system/Database/BaseConnection.php(588): CodeIgniter\Database\BaseConnection->initialize()
#2 /home/dnzwygdo/djuragancom/vendor/codeigniter4/framework/system/Database/BaseBuilder.php(1669): CodeIgniter\Database\BaseConnection->query('SELECT COUNT(*)...', Array, false)
#3 /home/dnzwygdo/djuragancom/app/Controllers/Api/Notifikasi.php(37): CodeIgniter\Database\BaseBuilder->countAllResults()
#4 /home/dnzwygdo/djuragancom/vendor/codeigniter4/framework/system/CodeIgniter.php(898): App\Controllers\Api\Notifikasi->get()
#5 /home/dnzwygdo/djuragancom/vendor/codeigniter4/framework/system/CodeIgniter.php(457): CodeIgniter\CodeIgniter->runController(Object(App\Controllers\Api\Notifikasi))
#6 /home/dnzwygdo/djuragancom/vendor/codeigniter4/framework/system/CodeIgniter.php(340): CodeIgniter\CodeIgniter->handleRequest(NULL, Object(Config\Cache), false)
#7 /home/dnzwygdo/public_html/index.php(67): CodeIgniter\CodeIgniter->run()
#8 {main}
ERROR - 2025-05-27 16:31:21 --> Error connecting to the database: mysqli_sql_exception: Too many connections in /home/dnzwygdo/djuragancom/vendor/codeigniter4/framework/system/Database/MySQLi/Connection.php:171
Stack trace:
#0 /home/dnzwygdo/djuragancom/vendor/codeigniter4/framework/system/Database/MySQLi/Connection.php(171): mysqli->real_connect('localhost', 'dnzwygdo_jura94...', 'v[,S+a7zlZd0', 'dnzwygdo_juraga...', 3306, '', 0)
#1 /home/dnzwygdo/djuragancom/vendor/codeigniter4/framework/system/Database/BaseConnection.php(382): CodeIgniter\Database\MySQLi\Connection->connect(false)
#2 /home/dnzwygdo/djuragancom/vendor/codeigniter4/framework/system/Database/BaseConnection.php(588): CodeIgniter\Database\BaseConnection->initialize()
#3 /home/dnzwygdo/djuragancom/vendor/codeigniter4/framework/system/Database/BaseBuilder.php(1669): CodeIgniter\Database\BaseConnection->query('SELECT COUNT(*)...', Array, false)
#4 /home/dnzwygdo/djuragancom/app/Controllers/Api/Notifikasi.php(37): CodeIgniter\Database\BaseBuilder->countAllResults()
#5 /home/dnzwygdo/djuragancom/vendor/codeigniter4/framework/system/CodeIgniter.php(898): App\Controllers\Api\Notifikasi->get()
#6 /home/dnzwygdo/djuragancom/vendor/codeigniter4/framework/system/CodeIgniter.php(457): CodeIgniter\CodeIgniter->runController(Object(App\Controllers\Api\Notifikasi))
#7 /home/dnzwygdo/djuragancom/vendor/codeigniter4/framework/system/CodeIgniter.php(340): CodeIgniter\CodeIgniter->handleRequest(NULL, Object(Config\Cache), false)
#8 /home/dnzwygdo/public_html/index.php(67): CodeIgniter\CodeIgniter->run()
#9 {main}

Next CodeIgniter\Database\Exceptions\DatabaseException: Too many connections in /home/dnzwygdo/djuragancom/vendor/codeigniter4/framework/system/Database/MySQLi/Connection.php:215
Stack trace:
#0 /home/dnzwygdo/djuragancom/vendor/codeigniter4/framework/system/Database/BaseConnection.php(382): CodeIgniter\Database\MySQLi\Connection->connect(false)
#1 /home/dnzwygdo/djuragancom/vendor/codeigniter4/framework/system/Database/BaseConnection.php(588): CodeIgniter\Database\BaseConnection->initialize()
#2 /home/dnzwygdo/djuragancom/vendor/codeigniter4/framework/system/Database/BaseBuilder.php(1669): CodeIgniter\Database\BaseConnection->query('SELECT COUNT(*)...', Array, false)
#3 /home/dnzwygdo/djuragancom/app/Controllers/Api/Notifikasi.php(37): CodeIgniter\Database\BaseBuilder->countAllResults()
#4 /home/dnzwygdo/djuragancom/vendor/codeigniter4/framework/system/CodeIgniter.php(898): App\Controllers\Api\Notifikasi->get()
#5 /home/dnzwygdo/djuragancom/vendor/codeigniter4/framework/system/CodeIgniter.php(457): CodeIgniter\CodeIgniter->runController(Object(App\Controllers\Api\Notifikasi))
#6 /home/dnzwygdo/djuragancom/vendor/codeigniter4/framework/system/CodeIgniter.php(340): CodeIgniter\CodeIgniter->handleRequest(NULL, Object(Config\Cache), false)
#7 /home/dnzwygdo/public_html/index.php(67): CodeIgniter\CodeIgniter->run()
#8 {main}
CRITICAL - 2025-05-27 16:31:21 --> Unable to connect to the database.
Main connection [MySQLi]: Too many connections
in SYSTEMPATH/Database/BaseConnection.php on line 418.
 1 SYSTEMPATH/Database/BaseConnection.php(588): CodeIgniter\Database\BaseConnection->initialize()
 2 SYSTEMPATH/Database/BaseBuilder.php(1669): CodeIgniter\Database\BaseConnection->query('SELECT COUNT(*) AS `numrows`
FROM `order_notifikasi` `n`
LEFT JOIN `order_invoice` `i` ON `n`.`invoice_id` = `i`.`id_invoice`
LEFT JOIN `order_user` `p` ON `n`.`from` = `p`.`id`
LEFT JOIN `order_juragan` `j` ON `j`.`id_juragan` = `n`.`juragan_id`
WHERE `n`.`for` = :n.for:
AND `n`.`read_at` IS NULL', [...], false)
 3 APPPATH/Controllers/Api/Notifikasi.php(37): CodeIgniter\Database\BaseBuilder->countAllResults()
 4 SYSTEMPATH/CodeIgniter.php(898): App\Controllers\Api\Notifikasi->get()
 5 SYSTEMPATH/CodeIgniter.php(457): CodeIgniter\CodeIgniter->runController(Object(App\Controllers\Api\Notifikasi))
 6 SYSTEMPATH/CodeIgniter.php(340): CodeIgniter\CodeIgniter->handleRequest(null, Object(Config\Cache), false)
 7 FCPATH/index.php(67): CodeIgniter\CodeIgniter->run()
CRITICAL - 2025-05-27 16:31:21 --> Unable to connect to the database.
Main connection [MySQLi]: Too many connections
in SYSTEMPATH/Database/BaseConnection.php on line 418.
 1 SYSTEMPATH/Database/BaseConnection.php(588): CodeIgniter\Database\BaseConnection->initialize()
 2 SYSTEMPATH/Database/BaseBuilder.php(1669): CodeIgniter\Database\BaseConnection->query('SELECT COUNT(*) AS `numrows`
FROM `order_notifikasi` `n`
LEFT JOIN `order_invoice` `i` ON `n`.`invoice_id` = `i`.`id_invoice`
LEFT JOIN `order_user` `p` ON `n`.`from` = `p`.`id`
LEFT JOIN `order_juragan` `j` ON `j`.`id_juragan` = `n`.`juragan_id`
WHERE `n`.`for` = :n.for:
AND `n`.`read_at` IS NULL', [...], false)
 3 APPPATH/Controllers/Api/Notifikasi.php(37): CodeIgniter\Database\BaseBuilder->countAllResults()
 4 SYSTEMPATH/CodeIgniter.php(898): App\Controllers\Api\Notifikasi->get()
 5 SYSTEMPATH/CodeIgniter.php(457): CodeIgniter\CodeIgniter->runController(Object(App\Controllers\Api\Notifikasi))
 6 SYSTEMPATH/CodeIgniter.php(340): CodeIgniter\CodeIgniter->handleRequest(null, Object(Config\Cache), false)
 7 FCPATH/index.php(67): CodeIgniter\CodeIgniter->run()
ERROR - 2025-05-27 16:31:24 --> Error connecting to the database: mysqli_sql_exception: Too many connections in /home/dnzwygdo/djuragancom/vendor/codeigniter4/framework/system/Database/MySQLi/Connection.php:171
Stack trace:
#0 /home/dnzwygdo/djuragancom/vendor/codeigniter4/framework/system/Database/MySQLi/Connection.php(171): mysqli->real_connect('localhost', 'dnzwygdo_jura94...', 'v[,S+a7zlZd0', 'dnzwygdo_juraga...', 3306, '', 0)
#1 /home/dnzwygdo/djuragancom/vendor/codeigniter4/framework/system/Database/BaseConnection.php(382): CodeIgniter\Database\MySQLi\Connection->connect(false)
#2 /home/dnzwygdo/djuragancom/vendor/codeigniter4/framework/system/Database/BaseConnection.php(588): CodeIgniter\Database\BaseConnection->initialize()
#3 /home/dnzwygdo/djuragancom/vendor/codeigniter4/framework/system/Database/BaseBuilder.php(1669): CodeIgniter\Database\BaseConnection->query('SELECT COUNT(*)...', Array, false)
#4 /home/dnzwygdo/djuragancom/app/Controllers/Api/Notifikasi.php(37): CodeIgniter\Database\BaseBuilder->countAllResults()
#5 /home/dnzwygdo/djuragancom/vendor/codeigniter4/framework/system/CodeIgniter.php(898): App\Controllers\Api\Notifikasi->get()
#6 /home/dnzwygdo/djuragancom/vendor/codeigniter4/framework/system/CodeIgniter.php(457): CodeIgniter\CodeIgniter->runController(Object(App\Controllers\Api\Notifikasi))
#7 /home/dnzwygdo/djuragancom/vendor/codeigniter4/framework/system/CodeIgniter.php(340): CodeIgniter\CodeIgniter->handleRequest(NULL, Object(Config\Cache), false)
#8 /home/dnzwygdo/public_html/index.php(67): CodeIgniter\CodeIgniter->run()
#9 {main}

Next CodeIgniter\Database\Exceptions\DatabaseException: Too many connections in /home/dnzwygdo/djuragancom/vendor/codeigniter4/framework/system/Database/MySQLi/Connection.php:215
Stack trace:
#0 /home/dnzwygdo/djuragancom/vendor/codeigniter4/framework/system/Database/BaseConnection.php(382): CodeIgniter\Database\MySQLi\Connection->connect(false)
#1 /home/dnzwygdo/djuragancom/vendor/codeigniter4/framework/system/Database/BaseConnection.php(588): CodeIgniter\Database\BaseConnection->initialize()
#2 /home/dnzwygdo/djuragancom/vendor/codeigniter4/framework/system/Database/BaseBuilder.php(1669): CodeIgniter\Database\BaseConnection->query('SELECT COUNT(*)...', Array, false)
#3 /home/dnzwygdo/djuragancom/app/Controllers/Api/Notifikasi.php(37): CodeIgniter\Database\BaseBuilder->countAllResults()
#4 /home/dnzwygdo/djuragancom/vendor/codeigniter4/framework/system/CodeIgniter.php(898): App\Controllers\Api\Notifikasi->get()
#5 /home/dnzwygdo/djuragancom/vendor/codeigniter4/framework/system/CodeIgniter.php(457): CodeIgniter\CodeIgniter->runController(Object(App\Controllers\Api\Notifikasi))
#6 /home/dnzwygdo/djuragancom/vendor/codeigniter4/framework/system/CodeIgniter.php(340): CodeIgniter\CodeIgniter->handleRequest(NULL, Object(Config\Cache), false)
#7 /home/dnzwygdo/public_html/index.php(67): CodeIgniter\CodeIgniter->run()
#8 {main}
CRITICAL - 2025-05-27 16:31:24 --> Unable to connect to the database.
Main connection [MySQLi]: Too many connections
in SYSTEMPATH/Database/BaseConnection.php on line 418.
 1 SYSTEMPATH/Database/BaseConnection.php(588): CodeIgniter\Database\BaseConnection->initialize()
 2 SYSTEMPATH/Database/BaseBuilder.php(1669): CodeIgniter\Database\BaseConnection->query('SELECT COUNT(*) AS `numrows`
FROM `order_notifikasi` `n`
LEFT JOIN `order_invoice` `i` ON `n`.`invoice_id` = `i`.`id_invoice`
LEFT JOIN `order_user` `p` ON `n`.`from` = `p`.`id`
LEFT JOIN `order_juragan` `j` ON `j`.`id_juragan` = `n`.`juragan_id`
WHERE `n`.`for` = :n.for:
AND `n`.`read_at` IS NULL', [...], false)
 3 APPPATH/Controllers/Api/Notifikasi.php(37): CodeIgniter\Database\BaseBuilder->countAllResults()
 4 SYSTEMPATH/CodeIgniter.php(898): App\Controllers\Api\Notifikasi->get()
 5 SYSTEMPATH/CodeIgniter.php(457): CodeIgniter\CodeIgniter->runController(Object(App\Controllers\Api\Notifikasi))
 6 SYSTEMPATH/CodeIgniter.php(340): CodeIgniter\CodeIgniter->handleRequest(null, Object(Config\Cache), false)
 7 FCPATH/index.php(67): CodeIgniter\CodeIgniter->run()
ERROR - 2025-05-27 16:31:37 --> Error connecting to the database: mysqli_sql_exception: Too many connections in /home/dnzwygdo/djuragancom/vendor/codeigniter4/framework/system/Database/MySQLi/Connection.php:171
Stack trace:
#0 /home/dnzwygdo/djuragancom/vendor/codeigniter4/framework/system/Database/MySQLi/Connection.php(171): mysqli->real_connect('localhost', 'dnzwygdo_jura94...', 'v[,S+a7zlZd0', 'dnzwygdo_juraga...', 3306, '', 0)
#1 /home/dnzwygdo/djuragancom/vendor/codeigniter4/framework/system/Database/BaseConnection.php(382): CodeIgniter\Database\MySQLi\Connection->connect(false)
#2 /home/dnzwygdo/djuragancom/vendor/codeigniter4/framework/system/Database/BaseConnection.php(588): CodeIgniter\Database\BaseConnection->initialize()
#3 /home/dnzwygdo/djuragancom/vendor/codeigniter4/framework/system/Database/BaseBuilder.php(1669): CodeIgniter\Database\BaseConnection->query('SELECT COUNT(*)...', Array, false)
#4 /home/dnzwygdo/djuragancom/app/Controllers/Api/Notifikasi.php(37): CodeIgniter\Database\BaseBuilder->countAllResults()
#5 /home/dnzwygdo/djuragancom/vendor/codeigniter4/framework/system/CodeIgniter.php(898): App\Controllers\Api\Notifikasi->get()
#6 /home/dnzwygdo/djuragancom/vendor/codeigniter4/framework/system/CodeIgniter.php(457): CodeIgniter\CodeIgniter->runController(Object(App\Controllers\Api\Notifikasi))
#7 /home/dnzwygdo/djuragancom/vendor/codeigniter4/framework/system/CodeIgniter.php(340): CodeIgniter\CodeIgniter->handleRequest(NULL, Object(Config\Cache), false)
#8 /home/dnzwygdo/public_html/index.php(67): CodeIgniter\CodeIgniter->run()
#9 {main}

Next CodeIgniter\Database\Exceptions\DatabaseException: Too many connections in /home/dnzwygdo/djuragancom/vendor/codeigniter4/framework/system/Database/MySQLi/Connection.php:215
Stack trace:
#0 /home/dnzwygdo/djuragancom/vendor/codeigniter4/framework/system/Database/BaseConnection.php(382): CodeIgniter\Database\MySQLi\Connection->connect(false)
#1 /home/dnzwygdo/djuragancom/vendor/codeigniter4/framework/system/Database/BaseConnection.php(588): CodeIgniter\Database\BaseConnection->initialize()
#2 /home/dnzwygdo/djuragancom/vendor/codeigniter4/framework/system/Database/BaseBuilder.php(1669): CodeIgniter\Database\BaseConnection->query('SELECT COUNT(*)...', Array, false)
#3 /home/dnzwygdo/djuragancom/app/Controllers/Api/Notifikasi.php(37): CodeIgniter\Database\BaseBuilder->countAllResults()
#4 /home/dnzwygdo/djuragancom/vendor/codeigniter4/framework/system/CodeIgniter.php(898): App\Controllers\Api\Notifikasi->get()
#5 /home/dnzwygdo/djuragancom/vendor/codeigniter4/framework/system/CodeIgniter.php(457): CodeIgniter\CodeIgniter->runController(Object(App\Controllers\Api\Notifikasi))
#6 /home/dnzwygdo/djuragancom/vendor/codeigniter4/framework/system/CodeIgniter.php(340): CodeIgniter\CodeIgniter->handleRequest(NULL, Object(Config\Cache), false)
#7 /home/dnzwygdo/public_html/index.php(67): CodeIgniter\CodeIgniter->run()
#8 {main}
CRITICAL - 2025-05-27 16:31:37 --> Unable to connect to the database.
Main connection [MySQLi]: Too many connections
in SYSTEMPATH/Database/BaseConnection.php on line 418.
 1 SYSTEMPATH/Database/BaseConnection.php(588): CodeIgniter\Database\BaseConnection->initialize()
 2 SYSTEMPATH/Database/BaseBuilder.php(1669): CodeIgniter\Database\BaseConnection->query('SELECT COUNT(*) AS `numrows`
FROM `order_notifikasi` `n`
LEFT JOIN `order_invoice` `i` ON `n`.`invoice_id` = `i`.`id_invoice`
LEFT JOIN `order_user` `p` ON `n`.`from` = `p`.`id`
LEFT JOIN `order_juragan` `j` ON `j`.`id_juragan` = `n`.`juragan_id`
WHERE `n`.`for` = :n.for:
AND `n`.`read_at` IS NULL', [...], false)
 3 APPPATH/Controllers/Api/Notifikasi.php(37): CodeIgniter\Database\BaseBuilder->countAllResults()
 4 SYSTEMPATH/CodeIgniter.php(898): App\Controllers\Api\Notifikasi->get()
 5 SYSTEMPATH/CodeIgniter.php(457): CodeIgniter\CodeIgniter->runController(Object(App\Controllers\Api\Notifikasi))
 6 SYSTEMPATH/CodeIgniter.php(340): CodeIgniter\CodeIgniter->handleRequest(null, Object(Config\Cache), false)
 7 FCPATH/index.php(67): CodeIgniter\CodeIgniter->run()
ERROR - 2025-05-27 16:32:07 --> Error connecting to the database: mysqli_sql_exception: Too many connections in /home/dnzwygdo/djuragancom/vendor/codeigniter4/framework/system/Database/MySQLi/Connection.php:171
Stack trace:
#0 /home/dnzwygdo/djuragancom/vendor/codeigniter4/framework/system/Database/MySQLi/Connection.php(171): mysqli->real_connect('localhost', 'dnzwygdo_jura94...', 'v[,S+a7zlZd0', 'dnzwygdo_juraga...', 3306, '', 0)
#1 /home/dnzwygdo/djuragancom/vendor/codeigniter4/framework/system/Database/BaseConnection.php(382): CodeIgniter\Database\MySQLi\Connection->connect(false)
#2 /home/dnzwygdo/djuragancom/vendor/codeigniter4/framework/system/Database/BaseConnection.php(588): CodeIgniter\Database\BaseConnection->initialize()
#3 /home/dnzwygdo/djuragancom/vendor/codeigniter4/framework/system/Database/BaseBuilder.php(1669): CodeIgniter\Database\BaseConnection->query('SELECT COUNT(*)...', Array, false)
#4 /home/dnzwygdo/djuragancom/app/Controllers/Api/Notifikasi.php(37): CodeIgniter\Database\BaseBuilder->countAllResults()
#5 /home/dnzwygdo/djuragancom/vendor/codeigniter4/framework/system/CodeIgniter.php(898): App\Controllers\Api\Notifikasi->get()
#6 /home/dnzwygdo/djuragancom/vendor/codeigniter4/framework/system/CodeIgniter.php(457): CodeIgniter\CodeIgniter->runController(Object(App\Controllers\Api\Notifikasi))
#7 /home/dnzwygdo/djuragancom/vendor/codeigniter4/framework/system/CodeIgniter.php(340): CodeIgniter\CodeIgniter->handleRequest(NULL, Object(Config\Cache), false)
#8 /home/dnzwygdo/public_html/index.php(67): CodeIgniter\CodeIgniter->run()
#9 {main}

Next CodeIgniter\Database\Exceptions\DatabaseException: Too many connections in /home/dnzwygdo/djuragancom/vendor/codeigniter4/framework/system/Database/MySQLi/Connection.php:215
Stack trace:
#0 /home/dnzwygdo/djuragancom/vendor/codeigniter4/framework/system/Database/BaseConnection.php(382): CodeIgniter\Database\MySQLi\Connection->connect(false)
#1 /home/dnzwygdo/djuragancom/vendor/codeigniter4/framework/system/Database/BaseConnection.php(588): CodeIgniter\Database\BaseConnection->initialize()
#2 /home/dnzwygdo/djuragancom/vendor/codeigniter4/framework/system/Database/BaseBuilder.php(1669): CodeIgniter\Database\BaseConnection->query('SELECT COUNT(*)...', Array, false)
#3 /home/dnzwygdo/djuragancom/app/Controllers/Api/Notifikasi.php(37): CodeIgniter\Database\BaseBuilder->countAllResults()
#4 /home/dnzwygdo/djuragancom/vendor/codeigniter4/framework/system/CodeIgniter.php(898): App\Controllers\Api\Notifikasi->get()
#5 /home/dnzwygdo/djuragancom/vendor/codeigniter4/framework/system/CodeIgniter.php(457): CodeIgniter\CodeIgniter->runController(Object(App\Controllers\Api\Notifikasi))
#6 /home/dnzwygdo/djuragancom/vendor/codeigniter4/framework/system/CodeIgniter.php(340): CodeIgniter\CodeIgniter->handleRequest(NULL, Object(Config\Cache), false)
#7 /home/dnzwygdo/public_html/index.php(67): CodeIgniter\CodeIgniter->run()
#8 {main}
CRITICAL - 2025-05-27 16:32:07 --> Unable to connect to the database.
Main connection [MySQLi]: Too many connections
in SYSTEMPATH/Database/BaseConnection.php on line 418.
 1 SYSTEMPATH/Database/BaseConnection.php(588): CodeIgniter\Database\BaseConnection->initialize()
 2 SYSTEMPATH/Database/BaseBuilder.php(1669): CodeIgniter\Database\BaseConnection->query('SELECT COUNT(*) AS `numrows`
FROM `order_notifikasi` `n`
LEFT JOIN `order_invoice` `i` ON `n`.`invoice_id` = `i`.`id_invoice`
LEFT JOIN `order_user` `p` ON `n`.`from` = `p`.`id`
LEFT JOIN `order_juragan` `j` ON `j`.`id_juragan` = `n`.`juragan_id`
WHERE `n`.`for` = :n.for:
AND `n`.`read_at` IS NULL', [...], false)
 3 APPPATH/Controllers/Api/Notifikasi.php(37): CodeIgniter\Database\BaseBuilder->countAllResults()
 4 SYSTEMPATH/CodeIgniter.php(898): App\Controllers\Api\Notifikasi->get()
 5 SYSTEMPATH/CodeIgniter.php(457): CodeIgniter\CodeIgniter->runController(Object(App\Controllers\Api\Notifikasi))
 6 SYSTEMPATH/CodeIgniter.php(340): CodeIgniter\CodeIgniter->handleRequest(null, Object(Config\Cache), false)
 7 FCPATH/index.php(67): CodeIgniter\CodeIgniter->run()
ERROR - 2025-05-27 16:32:17 --> Error connecting to the database: mysqli_sql_exception: Too many connections in /home/dnzwygdo/djuragancom/vendor/codeigniter4/framework/system/Database/MySQLi/Connection.php:171
Stack trace:
#0 /home/dnzwygdo/djuragancom/vendor/codeigniter4/framework/system/Database/MySQLi/Connection.php(171): mysqli->real_connect('localhost', 'dnzwygdo_jura94...', 'v[,S+a7zlZd0', 'dnzwygdo_juraga...', 3306, '', 0)
#1 /home/dnzwygdo/djuragancom/vendor/codeigniter4/framework/system/Database/BaseConnection.php(382): CodeIgniter\Database\MySQLi\Connection->connect(false)
#2 /home/dnzwygdo/djuragancom/vendor/codeigniter4/framework/system/Database/BaseConnection.php(588): CodeIgniter\Database\BaseConnection->initialize()
#3 /home/dnzwygdo/djuragancom/vendor/codeigniter4/framework/system/Database/BaseBuilder.php(1669): CodeIgniter\Database\BaseConnection->query('SELECT COUNT(*)...', Array, false)
#4 /home/dnzwygdo/djuragancom/app/Controllers/Api/Notifikasi.php(37): CodeIgniter\Database\BaseBuilder->countAllResults()
#5 /home/dnzwygdo/djuragancom/vendor/codeigniter4/framework/system/CodeIgniter.php(898): App\Controllers\Api\Notifikasi->get()
#6 /home/dnzwygdo/djuragancom/vendor/codeigniter4/framework/system/CodeIgniter.php(457): CodeIgniter\CodeIgniter->runController(Object(App\Controllers\Api\Notifikasi))
#7 /home/dnzwygdo/djuragancom/vendor/codeigniter4/framework/system/CodeIgniter.php(340): CodeIgniter\CodeIgniter->handleRequest(NULL, Object(Config\Cache), false)
#8 /home/dnzwygdo/public_html/index.php(67): CodeIgniter\CodeIgniter->run()
#9 {main}

Next CodeIgniter\Database\Exceptions\DatabaseException: Too many connections in /home/dnzwygdo/djuragancom/vendor/codeigniter4/framework/system/Database/MySQLi/Connection.php:215
Stack trace:
#0 /home/dnzwygdo/djuragancom/vendor/codeigniter4/framework/system/Database/BaseConnection.php(382): CodeIgniter\Database\MySQLi\Connection->connect(false)
#1 /home/dnzwygdo/djuragancom/vendor/codeigniter4/framework/system/Database/BaseConnection.php(588): CodeIgniter\Database\BaseConnection->initialize()
#2 /home/dnzwygdo/djuragancom/vendor/codeigniter4/framework/system/Database/BaseBuilder.php(1669): CodeIgniter\Database\BaseConnection->query('SELECT COUNT(*)...', Array, false)
#3 /home/dnzwygdo/djuragancom/app/Controllers/Api/Notifikasi.php(37): CodeIgniter\Database\BaseBuilder->countAllResults()
#4 /home/dnzwygdo/djuragancom/vendor/codeigniter4/framework/system/CodeIgniter.php(898): App\Controllers\Api\Notifikasi->get()
#5 /home/dnzwygdo/djuragancom/vendor/codeigniter4/framework/system/CodeIgniter.php(457): CodeIgniter\CodeIgniter->runController(Object(App\Controllers\Api\Notifikasi))
#6 /home/dnzwygdo/djuragancom/vendor/codeigniter4/framework/system/CodeIgniter.php(340): CodeIgniter\CodeIgniter->handleRequest(NULL, Object(Config\Cache), false)
#7 /home/dnzwygdo/public_html/index.php(67): CodeIgniter\CodeIgniter->run()
#8 {main}
CRITICAL - 2025-05-27 16:32:17 --> Unable to connect to the database.
Main connection [MySQLi]: Too many connections
in SYSTEMPATH/Database/BaseConnection.php on line 418.
 1 SYSTEMPATH/Database/BaseConnection.php(588): CodeIgniter\Database\BaseConnection->initialize()
 2 SYSTEMPATH/Database/BaseBuilder.php(1669): CodeIgniter\Database\BaseConnection->query('SELECT COUNT(*) AS `numrows`
FROM `order_notifikasi` `n`
LEFT JOIN `order_invoice` `i` ON `n`.`invoice_id` = `i`.`id_invoice`
LEFT JOIN `order_user` `p` ON `n`.`from` = `p`.`id`
LEFT JOIN `order_juragan` `j` ON `j`.`id_juragan` = `n`.`juragan_id`
WHERE `n`.`for` = :n.for:
AND `n`.`read_at` IS NULL', [...], false)
 3 APPPATH/Controllers/Api/Notifikasi.php(37): CodeIgniter\Database\BaseBuilder->countAllResults()
 4 SYSTEMPATH/CodeIgniter.php(898): App\Controllers\Api\Notifikasi->get()
 5 SYSTEMPATH/CodeIgniter.php(457): CodeIgniter\CodeIgniter->runController(Object(App\Controllers\Api\Notifikasi))
 6 SYSTEMPATH/CodeIgniter.php(340): CodeIgniter\CodeIgniter->handleRequest(null, Object(Config\Cache), false)
 7 FCPATH/index.php(67): CodeIgniter\CodeIgniter->run()
ERROR - 2025-05-27 16:32:21 --> Error connecting to the database: mysqli_sql_exception: Too many connections in /home/dnzwygdo/djuragancom/vendor/codeigniter4/framework/system/Database/MySQLi/Connection.php:171
Stack trace:
#0 /home/dnzwygdo/djuragancom/vendor/codeigniter4/framework/system/Database/MySQLi/Connection.php(171): mysqli->real_connect('localhost', 'dnzwygdo_jura94...', 'v[,S+a7zlZd0', 'dnzwygdo_juraga...', 3306, '', 0)
#1 /home/dnzwygdo/djuragancom/vendor/codeigniter4/framework/system/Database/BaseConnection.php(382): CodeIgniter\Database\MySQLi\Connection->connect(false)
#2 /home/dnzwygdo/djuragancom/vendor/codeigniter4/framework/system/Database/BaseConnection.php(588): CodeIgniter\Database\BaseConnection->initialize()
#3 /home/dnzwygdo/djuragancom/vendor/codeigniter4/framework/system/Database/BaseBuilder.php(1669): CodeIgniter\Database\BaseConnection->query('SELECT COUNT(*)...', Array, false)
#4 /home/dnzwygdo/djuragancom/app/Controllers/Api/Notifikasi.php(37): CodeIgniter\Database\BaseBuilder->countAllResults()
#5 /home/dnzwygdo/djuragancom/vendor/codeigniter4/framework/system/CodeIgniter.php(898): App\Controllers\Api\Notifikasi->get()
#6 /home/dnzwygdo/djuragancom/vendor/codeigniter4/framework/system/CodeIgniter.php(457): CodeIgniter\CodeIgniter->runController(Object(App\Controllers\Api\Notifikasi))
#7 /home/dnzwygdo/djuragancom/vendor/codeigniter4/framework/system/CodeIgniter.php(340): CodeIgniter\CodeIgniter->handleRequest(NULL, Object(Config\Cache), false)
#8 /home/dnzwygdo/public_html/index.php(67): CodeIgniter\CodeIgniter->run()
#9 {main}

Next CodeIgniter\Database\Exceptions\DatabaseException: Too many connections in /home/dnzwygdo/djuragancom/vendor/codeigniter4/framework/system/Database/MySQLi/Connection.php:215
Stack trace:
#0 /home/dnzwygdo/djuragancom/vendor/codeigniter4/framework/system/Database/BaseConnection.php(382): CodeIgniter\Database\MySQLi\Connection->connect(false)
#1 /home/dnzwygdo/djuragancom/vendor/codeigniter4/framework/system/Database/BaseConnection.php(588): CodeIgniter\Database\BaseConnection->initialize()
#2 /home/dnzwygdo/djuragancom/vendor/codeigniter4/framework/system/Database/BaseBuilder.php(1669): CodeIgniter\Database\BaseConnection->query('SELECT COUNT(*)...', Array, false)
#3 /home/dnzwygdo/djuragancom/app/Controllers/Api/Notifikasi.php(37): CodeIgniter\Database\BaseBuilder->countAllResults()
#4 /home/dnzwygdo/djuragancom/vendor/codeigniter4/framework/system/CodeIgniter.php(898): App\Controllers\Api\Notifikasi->get()
#5 /home/dnzwygdo/djuragancom/vendor/codeigniter4/framework/system/CodeIgniter.php(457): CodeIgniter\CodeIgniter->runController(Object(App\Controllers\Api\Notifikasi))
#6 /home/dnzwygdo/djuragancom/vendor/codeigniter4/framework/system/CodeIgniter.php(340): CodeIgniter\CodeIgniter->handleRequest(NULL, Object(Config\Cache), false)
#7 /home/dnzwygdo/public_html/index.php(67): CodeIgniter\CodeIgniter->run()
#8 {main}
CRITICAL - 2025-05-27 16:32:21 --> Unable to connect to the database.
Main connection [MySQLi]: Too many connections
in SYSTEMPATH/Database/BaseConnection.php on line 418.
 1 SYSTEMPATH/Database/BaseConnection.php(588): CodeIgniter\Database\BaseConnection->initialize()
 2 SYSTEMPATH/Database/BaseBuilder.php(1669): CodeIgniter\Database\BaseConnection->query('SELECT COUNT(*) AS `numrows`
FROM `order_notifikasi` `n`
LEFT JOIN `order_invoice` `i` ON `n`.`invoice_id` = `i`.`id_invoice`
LEFT JOIN `order_user` `p` ON `n`.`from` = `p`.`id`
LEFT JOIN `order_juragan` `j` ON `j`.`id_juragan` = `n`.`juragan_id`
WHERE `n`.`for` = :n.for:
AND `n`.`read_at` IS NULL', [...], false)
 3 APPPATH/Controllers/Api/Notifikasi.php(37): CodeIgniter\Database\BaseBuilder->countAllResults()
 4 SYSTEMPATH/CodeIgniter.php(898): App\Controllers\Api\Notifikasi->get()
 5 SYSTEMPATH/CodeIgniter.php(457): CodeIgniter\CodeIgniter->runController(Object(App\Controllers\Api\Notifikasi))
 6 SYSTEMPATH/CodeIgniter.php(340): CodeIgniter\CodeIgniter->handleRequest(null, Object(Config\Cache), false)
 7 FCPATH/index.php(67): CodeIgniter\CodeIgniter->run()
ERROR - 2025-05-27 16:32:21 --> Error connecting to the database: mysqli_sql_exception: Too many connections in /home/dnzwygdo/djuragancom/vendor/codeigniter4/framework/system/Database/MySQLi/Connection.php:171
Stack trace:
#0 /home/dnzwygdo/djuragancom/vendor/codeigniter4/framework/system/Database/MySQLi/Connection.php(171): mysqli->real_connect('localhost', 'dnzwygdo_jura94...', 'v[,S+a7zlZd0', 'dnzwygdo_juraga...', 3306, '', 0)
#1 /home/dnzwygdo/djuragancom/vendor/codeigniter4/framework/system/Database/BaseConnection.php(382): CodeIgniter\Database\MySQLi\Connection->connect(false)
#2 /home/dnzwygdo/djuragancom/vendor/codeigniter4/framework/system/Database/BaseConnection.php(588): CodeIgniter\Database\BaseConnection->initialize()
#3 /home/dnzwygdo/djuragancom/vendor/codeigniter4/framework/system/Database/BaseBuilder.php(1669): CodeIgniter\Database\BaseConnection->query('SELECT COUNT(*)...', Array, false)
#4 /home/dnzwygdo/djuragancom/app/Controllers/Api/Notifikasi.php(37): CodeIgniter\Database\BaseBuilder->countAllResults()
#5 /home/dnzwygdo/djuragancom/vendor/codeigniter4/framework/system/CodeIgniter.php(898): App\Controllers\Api\Notifikasi->get()
#6 /home/dnzwygdo/djuragancom/vendor/codeigniter4/framework/system/CodeIgniter.php(457): CodeIgniter\CodeIgniter->runController(Object(App\Controllers\Api\Notifikasi))
#7 /home/dnzwygdo/djuragancom/vendor/codeigniter4/framework/system/CodeIgniter.php(340): CodeIgniter\CodeIgniter->handleRequest(NULL, Object(Config\Cache), false)
#8 /home/dnzwygdo/public_html/index.php(67): CodeIgniter\CodeIgniter->run()
#9 {main}

Next CodeIgniter\Database\Exceptions\DatabaseException: Too many connections in /home/dnzwygdo/djuragancom/vendor/codeigniter4/framework/system/Database/MySQLi/Connection.php:215
Stack trace:
#0 /home/dnzwygdo/djuragancom/vendor/codeigniter4/framework/system/Database/BaseConnection.php(382): CodeIgniter\Database\MySQLi\Connection->connect(false)
#1 /home/dnzwygdo/djuragancom/vendor/codeigniter4/framework/system/Database/BaseConnection.php(588): CodeIgniter\Database\BaseConnection->initialize()
#2 /home/dnzwygdo/djuragancom/vendor/codeigniter4/framework/system/Database/BaseBuilder.php(1669): CodeIgniter\Database\BaseConnection->query('SELECT COUNT(*)...', Array, false)
#3 /home/dnzwygdo/djuragancom/app/Controllers/Api/Notifikasi.php(37): CodeIgniter\Database\BaseBuilder->countAllResults()
#4 /home/dnzwygdo/djuragancom/vendor/codeigniter4/framework/system/CodeIgniter.php(898): App\Controllers\Api\Notifikasi->get()
#5 /home/dnzwygdo/djuragancom/vendor/codeigniter4/framework/system/CodeIgniter.php(457): CodeIgniter\CodeIgniter->runController(Object(App\Controllers\Api\Notifikasi))
#6 /home/dnzwygdo/djuragancom/vendor/codeigniter4/framework/system/CodeIgniter.php(340): CodeIgniter\CodeIgniter->handleRequest(NULL, Object(Config\Cache), false)
#7 /home/dnzwygdo/public_html/index.php(67): CodeIgniter\CodeIgniter->run()
#8 {main}
CRITICAL - 2025-05-27 16:32:21 --> Unable to connect to the database.
Main connection [MySQLi]: Too many connections
in SYSTEMPATH/Database/BaseConnection.php on line 418.
 1 SYSTEMPATH/Database/BaseConnection.php(588): CodeIgniter\Database\BaseConnection->initialize()
 2 SYSTEMPATH/Database/BaseBuilder.php(1669): CodeIgniter\Database\BaseConnection->query('SELECT COUNT(*) AS `numrows`
FROM `order_notifikasi` `n`
LEFT JOIN `order_invoice` `i` ON `n`.`invoice_id` = `i`.`id_invoice`
LEFT JOIN `order_user` `p` ON `n`.`from` = `p`.`id`
LEFT JOIN `order_juragan` `j` ON `j`.`id_juragan` = `n`.`juragan_id`
WHERE `n`.`for` = :n.for:
AND `n`.`read_at` IS NULL', [...], false)
 3 APPPATH/Controllers/Api/Notifikasi.php(37): CodeIgniter\Database\BaseBuilder->countAllResults()
 4 SYSTEMPATH/CodeIgniter.php(898): App\Controllers\Api\Notifikasi->get()
 5 SYSTEMPATH/CodeIgniter.php(457): CodeIgniter\CodeIgniter->runController(Object(App\Controllers\Api\Notifikasi))
 6 SYSTEMPATH/CodeIgniter.php(340): CodeIgniter\CodeIgniter->handleRequest(null, Object(Config\Cache), false)
 7 FCPATH/index.php(67): CodeIgniter\CodeIgniter->run()
ERROR - 2025-05-27 16:32:21 --> Error connecting to the database: mysqli_sql_exception: Too many connections in /home/dnzwygdo/djuragancom/vendor/codeigniter4/framework/system/Database/MySQLi/Connection.php:171
Stack trace:
#0 /home/dnzwygdo/djuragancom/vendor/codeigniter4/framework/system/Database/MySQLi/Connection.php(171): mysqli->real_connect('localhost', 'dnzwygdo_jura94...', 'v[,S+a7zlZd0', 'dnzwygdo_juraga...', 3306, '', 0)
#1 /home/dnzwygdo/djuragancom/vendor/codeigniter4/framework/system/Database/BaseConnection.php(382): CodeIgniter\Database\MySQLi\Connection->connect(false)
#2 /home/dnzwygdo/djuragancom/vendor/codeigniter4/framework/system/Database/BaseConnection.php(588): CodeIgniter\Database\BaseConnection->initialize()
#3 /home/dnzwygdo/djuragancom/vendor/codeigniter4/framework/system/Database/BaseBuilder.php(1669): CodeIgniter\Database\BaseConnection->query('SELECT COUNT(*)...', Array, false)
#4 /home/dnzwygdo/djuragancom/app/Controllers/Api/Notifikasi.php(37): CodeIgniter\Database\BaseBuilder->countAllResults()
#5 /home/dnzwygdo/djuragancom/vendor/codeigniter4/framework/system/CodeIgniter.php(898): App\Controllers\Api\Notifikasi->get()
#6 /home/dnzwygdo/djuragancom/vendor/codeigniter4/framework/system/CodeIgniter.php(457): CodeIgniter\CodeIgniter->runController(Object(App\Controllers\Api\Notifikasi))
#7 /home/dnzwygdo/djuragancom/vendor/codeigniter4/framework/system/CodeIgniter.php(340): CodeIgniter\CodeIgniter->handleRequest(NULL, Object(Config\Cache), false)
#8 /home/dnzwygdo/public_html/index.php(67): CodeIgniter\CodeIgniter->run()
#9 {main}

Next CodeIgniter\Database\Exceptions\DatabaseException: Too many connections in /home/dnzwygdo/djuragancom/vendor/codeigniter4/framework/system/Database/MySQLi/Connection.php:215
Stack trace:
#0 /home/dnzwygdo/djuragancom/vendor/codeigniter4/framework/system/Database/BaseConnection.php(382): CodeIgniter\Database\MySQLi\Connection->connect(false)
#1 /home/dnzwygdo/djuragancom/vendor/codeigniter4/framework/system/Database/BaseConnection.php(588): CodeIgniter\Database\BaseConnection->initialize()
#2 /home/dnzwygdo/djuragancom/vendor/codeigniter4/framework/system/Database/BaseBuilder.php(1669): CodeIgniter\Database\BaseConnection->query('SELECT COUNT(*)...', Array, false)
#3 /home/dnzwygdo/djuragancom/app/Controllers/Api/Notifikasi.php(37): CodeIgniter\Database\BaseBuilder->countAllResults()
#4 /home/dnzwygdo/djuragancom/vendor/codeigniter4/framework/system/CodeIgniter.php(898): App\Controllers\Api\Notifikasi->get()
#5 /home/dnzwygdo/djuragancom/vendor/codeigniter4/framework/system/CodeIgniter.php(457): CodeIgniter\CodeIgniter->runController(Object(App\Controllers\Api\Notifikasi))
#6 /home/dnzwygdo/djuragancom/vendor/codeigniter4/framework/system/CodeIgniter.php(340): CodeIgniter\CodeIgniter->handleRequest(NULL, Object(Config\Cache), false)
#7 /home/dnzwygdo/public_html/index.php(67): CodeIgniter\CodeIgniter->run()
#8 {main}
CRITICAL - 2025-05-27 16:32:21 --> Unable to connect to the database.
Main connection [MySQLi]: Too many connections
in SYSTEMPATH/Database/BaseConnection.php on line 418.
 1 SYSTEMPATH/Database/BaseConnection.php(588): CodeIgniter\Database\BaseConnection->initialize()
 2 SYSTEMPATH/Database/BaseBuilder.php(1669): CodeIgniter\Database\BaseConnection->query('SELECT COUNT(*) AS `numrows`
FROM `order_notifikasi` `n`
LEFT JOIN `order_invoice` `i` ON `n`.`invoice_id` = `i`.`id_invoice`
LEFT JOIN `order_user` `p` ON `n`.`from` = `p`.`id`
LEFT JOIN `order_juragan` `j` ON `j`.`id_juragan` = `n`.`juragan_id`
WHERE `n`.`for` = :n.for:
AND `n`.`read_at` IS NULL', [...], false)
 3 APPPATH/Controllers/Api/Notifikasi.php(37): CodeIgniter\Database\BaseBuilder->countAllResults()
 4 SYSTEMPATH/CodeIgniter.php(898): App\Controllers\Api\Notifikasi->get()
 5 SYSTEMPATH/CodeIgniter.php(457): CodeIgniter\CodeIgniter->runController(Object(App\Controllers\Api\Notifikasi))
 6 SYSTEMPATH/CodeIgniter.php(340): CodeIgniter\CodeIgniter->handleRequest(null, Object(Config\Cache), false)
 7 FCPATH/index.php(67): CodeIgniter\CodeIgniter->run()
ERROR - 2025-05-27 16:32:24 --> Error connecting to the database: mysqli_sql_exception: Too many connections in /home/dnzwygdo/djuragancom/vendor/codeigniter4/framework/system/Database/MySQLi/Connection.php:171
Stack trace:
#0 /home/dnzwygdo/djuragancom/vendor/codeigniter4/framework/system/Database/MySQLi/Connection.php(171): mysqli->real_connect('localhost', 'dnzwygdo_jura94...', 'v[,S+a7zlZd0', 'dnzwygdo_juraga...', 3306, '', 0)
#1 /home/dnzwygdo/djuragancom/vendor/codeigniter4/framework/system/Database/BaseConnection.php(382): CodeIgniter\Database\MySQLi\Connection->connect(false)
#2 /home/dnzwygdo/djuragancom/vendor/codeigniter4/framework/system/Database/BaseConnection.php(588): CodeIgniter\Database\BaseConnection->initialize()
#3 /home/dnzwygdo/djuragancom/vendor/codeigniter4/framework/system/Database/BaseBuilder.php(1669): CodeIgniter\Database\BaseConnection->query('SELECT COUNT(*)...', Array, false)
#4 /home/dnzwygdo/djuragancom/app/Controllers/Api/Notifikasi.php(37): CodeIgniter\Database\BaseBuilder->countAllResults()
#5 /home/dnzwygdo/djuragancom/vendor/codeigniter4/framework/system/CodeIgniter.php(898): App\Controllers\Api\Notifikasi->get()
#6 /home/dnzwygdo/djuragancom/vendor/codeigniter4/framework/system/CodeIgniter.php(457): CodeIgniter\CodeIgniter->runController(Object(App\Controllers\Api\Notifikasi))
#7 /home/dnzwygdo/djuragancom/vendor/codeigniter4/framework/system/CodeIgniter.php(340): CodeIgniter\CodeIgniter->handleRequest(NULL, Object(Config\Cache), false)
#8 /home/dnzwygdo/public_html/index.php(67): CodeIgniter\CodeIgniter->run()
#9 {main}

Next CodeIgniter\Database\Exceptions\DatabaseException: Too many connections in /home/dnzwygdo/djuragancom/vendor/codeigniter4/framework/system/Database/MySQLi/Connection.php:215
Stack trace:
#0 /home/dnzwygdo/djuragancom/vendor/codeigniter4/framework/system/Database/BaseConnection.php(382): CodeIgniter\Database\MySQLi\Connection->connect(false)
#1 /home/dnzwygdo/djuragancom/vendor/codeigniter4/framework/system/Database/BaseConnection.php(588): CodeIgniter\Database\BaseConnection->initialize()
#2 /home/dnzwygdo/djuragancom/vendor/codeigniter4/framework/system/Database/BaseBuilder.php(1669): CodeIgniter\Database\BaseConnection->query('SELECT COUNT(*)...', Array, false)
#3 /home/dnzwygdo/djuragancom/app/Controllers/Api/Notifikasi.php(37): CodeIgniter\Database\BaseBuilder->countAllResults()
#4 /home/dnzwygdo/djuragancom/vendor/codeigniter4/framework/system/CodeIgniter.php(898): App\Controllers\Api\Notifikasi->get()
#5 /home/dnzwygdo/djuragancom/vendor/codeigniter4/framework/system/CodeIgniter.php(457): CodeIgniter\CodeIgniter->runController(Object(App\Controllers\Api\Notifikasi))
#6 /home/dnzwygdo/djuragancom/vendor/codeigniter4/framework/system/CodeIgniter.php(340): CodeIgniter\CodeIgniter->handleRequest(NULL, Object(Config\Cache), false)
#7 /home/dnzwygdo/public_html/index.php(67): CodeIgniter\CodeIgniter->run()
#8 {main}
CRITICAL - 2025-05-27 16:32:24 --> Unable to connect to the database.
Main connection [MySQLi]: Too many connections
in SYSTEMPATH/Database/BaseConnection.php on line 418.
 1 SYSTEMPATH/Database/BaseConnection.php(588): CodeIgniter\Database\BaseConnection->initialize()
 2 SYSTEMPATH/Database/BaseBuilder.php(1669): CodeIgniter\Database\BaseConnection->query('SELECT COUNT(*) AS `numrows`
FROM `order_notifikasi` `n`
LEFT JOIN `order_invoice` `i` ON `n`.`invoice_id` = `i`.`id_invoice`
LEFT JOIN `order_user` `p` ON `n`.`from` = `p`.`id`
LEFT JOIN `order_juragan` `j` ON `j`.`id_juragan` = `n`.`juragan_id`
WHERE `n`.`for` = :n.for:
AND `n`.`read_at` IS NULL', [...], false)
 3 APPPATH/Controllers/Api/Notifikasi.php(37): CodeIgniter\Database\BaseBuilder->countAllResults()
 4 SYSTEMPATH/CodeIgniter.php(898): App\Controllers\Api\Notifikasi->get()
 5 SYSTEMPATH/CodeIgniter.php(457): CodeIgniter\CodeIgniter->runController(Object(App\Controllers\Api\Notifikasi))
 6 SYSTEMPATH/CodeIgniter.php(340): CodeIgniter\CodeIgniter->handleRequest(null, Object(Config\Cache), false)
 7 FCPATH/index.php(67): CodeIgniter\CodeIgniter->run()
ERROR - 2025-05-27 16:32:27 --> Error connecting to the database: mysqli_sql_exception: Too many connections in /home/dnzwygdo/djuragancom/vendor/codeigniter4/framework/system/Database/MySQLi/Connection.php:171
Stack trace:
#0 /home/dnzwygdo/djuragancom/vendor/codeigniter4/framework/system/Database/MySQLi/Connection.php(171): mysqli->real_connect('localhost', 'dnzwygdo_jura94...', 'v[,S+a7zlZd0', 'dnzwygdo_juraga...', 3306, '', 0)
#1 /home/dnzwygdo/djuragancom/vendor/codeigniter4/framework/system/Database/BaseConnection.php(382): CodeIgniter\Database\MySQLi\Connection->connect(false)
#2 /home/dnzwygdo/djuragancom/vendor/codeigniter4/framework/system/Database/BaseConnection.php(588): CodeIgniter\Database\BaseConnection->initialize()
#3 /home/dnzwygdo/djuragancom/vendor/codeigniter4/framework/system/Database/BaseBuilder.php(1669): CodeIgniter\Database\BaseConnection->query('SELECT COUNT(*)...', Array, false)
#4 /home/dnzwygdo/djuragancom/app/Controllers/Api/Notifikasi.php(37): CodeIgniter\Database\BaseBuilder->countAllResults()
#5 /home/dnzwygdo/djuragancom/vendor/codeigniter4/framework/system/CodeIgniter.php(898): App\Controllers\Api\Notifikasi->get()
#6 /home/dnzwygdo/djuragancom/vendor/codeigniter4/framework/system/CodeIgniter.php(457): CodeIgniter\CodeIgniter->runController(Object(App\Controllers\Api\Notifikasi))
#7 /home/dnzwygdo/djuragancom/vendor/codeigniter4/framework/system/CodeIgniter.php(340): CodeIgniter\CodeIgniter->handleRequest(NULL, Object(Config\Cache), false)
#8 /home/dnzwygdo/public_html/index.php(67): CodeIgniter\CodeIgniter->run()
#9 {main}

Next CodeIgniter\Database\Exceptions\DatabaseException: Too many connections in /home/dnzwygdo/djuragancom/vendor/codeigniter4/framework/system/Database/MySQLi/Connection.php:215
Stack trace:
#0 /home/dnzwygdo/djuragancom/vendor/codeigniter4/framework/system/Database/BaseConnection.php(382): CodeIgniter\Database\MySQLi\Connection->connect(false)
#1 /home/dnzwygdo/djuragancom/vendor/codeigniter4/framework/system/Database/BaseConnection.php(588): CodeIgniter\Database\BaseConnection->initialize()
#2 /home/dnzwygdo/djuragancom/vendor/codeigniter4/framework/system/Database/BaseBuilder.php(1669): CodeIgniter\Database\BaseConnection->query('SELECT COUNT(*)...', Array, false)
#3 /home/dnzwygdo/djuragancom/app/Controllers/Api/Notifikasi.php(37): CodeIgniter\Database\BaseBuilder->countAllResults()
#4 /home/dnzwygdo/djuragancom/vendor/codeigniter4/framework/system/CodeIgniter.php(898): App\Controllers\Api\Notifikasi->get()
#5 /home/dnzwygdo/djuragancom/vendor/codeigniter4/framework/system/CodeIgniter.php(457): CodeIgniter\CodeIgniter->runController(Object(App\Controllers\Api\Notifikasi))
#6 /home/dnzwygdo/djuragancom/vendor/codeigniter4/framework/system/CodeIgniter.php(340): CodeIgniter\CodeIgniter->handleRequest(NULL, Object(Config\Cache), false)
#7 /home/dnzwygdo/public_html/index.php(67): CodeIgniter\CodeIgniter->run()
#8 {main}
CRITICAL - 2025-05-27 16:32:27 --> Unable to connect to the database.
Main connection [MySQLi]: Too many connections
in SYSTEMPATH/Database/BaseConnection.php on line 418.
 1 SYSTEMPATH/Database/BaseConnection.php(588): CodeIgniter\Database\BaseConnection->initialize()
 2 SYSTEMPATH/Database/BaseBuilder.php(1669): CodeIgniter\Database\BaseConnection->query('SELECT COUNT(*) AS `numrows`
FROM `order_notifikasi` `n`
LEFT JOIN `order_invoice` `i` ON `n`.`invoice_id` = `i`.`id_invoice`
LEFT JOIN `order_user` `p` ON `n`.`from` = `p`.`id`
LEFT JOIN `order_juragan` `j` ON `j`.`id_juragan` = `n`.`juragan_id`
WHERE `n`.`for` = :n.for:
AND `n`.`read_at` IS NULL', [...], false)
 3 APPPATH/Controllers/Api/Notifikasi.php(37): CodeIgniter\Database\BaseBuilder->countAllResults()
 4 SYSTEMPATH/CodeIgniter.php(898): App\Controllers\Api\Notifikasi->get()
 5 SYSTEMPATH/CodeIgniter.php(457): CodeIgniter\CodeIgniter->runController(Object(App\Controllers\Api\Notifikasi))
 6 SYSTEMPATH/CodeIgniter.php(340): CodeIgniter\CodeIgniter->handleRequest(null, Object(Config\Cache), false)
 7 FCPATH/index.php(67): CodeIgniter\CodeIgniter->run()
ERROR - 2025-05-27 16:32:37 --> Error connecting to the database: mysqli_sql_exception: Too many connections in /home/dnzwygdo/djuragancom/vendor/codeigniter4/framework/system/Database/MySQLi/Connection.php:171
Stack trace:
#0 /home/dnzwygdo/djuragancom/vendor/codeigniter4/framework/system/Database/MySQLi/Connection.php(171): mysqli->real_connect('localhost', 'dnzwygdo_jura94...', 'v[,S+a7zlZd0', 'dnzwygdo_juraga...', 3306, '', 0)
#1 /home/dnzwygdo/djuragancom/vendor/codeigniter4/framework/system/Database/BaseConnection.php(382): CodeIgniter\Database\MySQLi\Connection->connect(false)
#2 /home/dnzwygdo/djuragancom/vendor/codeigniter4/framework/system/Database/BaseConnection.php(588): CodeIgniter\Database\BaseConnection->initialize()
#3 /home/dnzwygdo/djuragancom/vendor/codeigniter4/framework/system/Database/BaseBuilder.php(1669): CodeIgniter\Database\BaseConnection->query('SELECT COUNT(*)...', Array, false)
#4 /home/dnzwygdo/djuragancom/app/Controllers/Api/Notifikasi.php(37): CodeIgniter\Database\BaseBuilder->countAllResults()
#5 /home/dnzwygdo/djuragancom/vendor/codeigniter4/framework/system/CodeIgniter.php(898): App\Controllers\Api\Notifikasi->get()
#6 /home/dnzwygdo/djuragancom/vendor/codeigniter4/framework/system/CodeIgniter.php(457): CodeIgniter\CodeIgniter->runController(Object(App\Controllers\Api\Notifikasi))
#7 /home/dnzwygdo/djuragancom/vendor/codeigniter4/framework/system/CodeIgniter.php(340): CodeIgniter\CodeIgniter->handleRequest(NULL, Object(Config\Cache), false)
#8 /home/dnzwygdo/public_html/index.php(67): CodeIgniter\CodeIgniter->run()
#9 {main}

Next CodeIgniter\Database\Exceptions\DatabaseException: Too many connections in /home/dnzwygdo/djuragancom/vendor/codeigniter4/framework/system/Database/MySQLi/Connection.php:215
Stack trace:
#0 /home/dnzwygdo/djuragancom/vendor/codeigniter4/framework/system/Database/BaseConnection.php(382): CodeIgniter\Database\MySQLi\Connection->connect(false)
#1 /home/dnzwygdo/djuragancom/vendor/codeigniter4/framework/system/Database/BaseConnection.php(588): CodeIgniter\Database\BaseConnection->initialize()
#2 /home/dnzwygdo/djuragancom/vendor/codeigniter4/framework/system/Database/BaseBuilder.php(1669): CodeIgniter\Database\BaseConnection->query('SELECT COUNT(*)...', Array, false)
#3 /home/dnzwygdo/djuragancom/app/Controllers/Api/Notifikasi.php(37): CodeIgniter\Database\BaseBuilder->countAllResults()
#4 /home/dnzwygdo/djuragancom/vendor/codeigniter4/framework/system/CodeIgniter.php(898): App\Controllers\Api\Notifikasi->get()
#5 /home/dnzwygdo/djuragancom/vendor/codeigniter4/framework/system/CodeIgniter.php(457): CodeIgniter\CodeIgniter->runController(Object(App\Controllers\Api\Notifikasi))
#6 /home/dnzwygdo/djuragancom/vendor/codeigniter4/framework/system/CodeIgniter.php(340): CodeIgniter\CodeIgniter->handleRequest(NULL, Object(Config\Cache), false)
#7 /home/dnzwygdo/public_html/index.php(67): CodeIgniter\CodeIgniter->run()
#8 {main}
CRITICAL - 2025-05-27 16:32:37 --> Unable to connect to the database.
Main connection [MySQLi]: Too many connections
in SYSTEMPATH/Database/BaseConnection.php on line 418.
 1 SYSTEMPATH/Database/BaseConnection.php(588): CodeIgniter\Database\BaseConnection->initialize()
 2 SYSTEMPATH/Database/BaseBuilder.php(1669): CodeIgniter\Database\BaseConnection->query('SELECT COUNT(*) AS `numrows`
FROM `order_notifikasi` `n`
LEFT JOIN `order_invoice` `i` ON `n`.`invoice_id` = `i`.`id_invoice`
LEFT JOIN `order_user` `p` ON `n`.`from` = `p`.`id`
LEFT JOIN `order_juragan` `j` ON `j`.`id_juragan` = `n`.`juragan_id`
WHERE `n`.`for` = :n.for:
AND `n`.`read_at` IS NULL', [...], false)
 3 APPPATH/Controllers/Api/Notifikasi.php(37): CodeIgniter\Database\BaseBuilder->countAllResults()
 4 SYSTEMPATH/CodeIgniter.php(898): App\Controllers\Api\Notifikasi->get()
 5 SYSTEMPATH/CodeIgniter.php(457): CodeIgniter\CodeIgniter->runController(Object(App\Controllers\Api\Notifikasi))
 6 SYSTEMPATH/CodeIgniter.php(340): CodeIgniter\CodeIgniter->handleRequest(null, Object(Config\Cache), false)
 7 FCPATH/index.php(67): CodeIgniter\CodeIgniter->run()
ERROR - 2025-05-27 16:32:47 --> Error connecting to the database: mysqli_sql_exception: Too many connections in /home/dnzwygdo/djuragancom/vendor/codeigniter4/framework/system/Database/MySQLi/Connection.php:171
Stack trace:
#0 /home/dnzwygdo/djuragancom/vendor/codeigniter4/framework/system/Database/MySQLi/Connection.php(171): mysqli->real_connect('localhost', 'dnzwygdo_jura94...', 'v[,S+a7zlZd0', 'dnzwygdo_juraga...', 3306, '', 0)
#1 /home/dnzwygdo/djuragancom/vendor/codeigniter4/framework/system/Database/BaseConnection.php(382): CodeIgniter\Database\MySQLi\Connection->connect(false)
#2 /home/dnzwygdo/djuragancom/vendor/codeigniter4/framework/system/Database/BaseConnection.php(588): CodeIgniter\Database\BaseConnection->initialize()
#3 /home/dnzwygdo/djuragancom/vendor/codeigniter4/framework/system/Database/BaseBuilder.php(1669): CodeIgniter\Database\BaseConnection->query('SELECT COUNT(*)...', Array, false)
#4 /home/dnzwygdo/djuragancom/app/Controllers/Api/Notifikasi.php(37): CodeIgniter\Database\BaseBuilder->countAllResults()
#5 /home/dnzwygdo/djuragancom/vendor/codeigniter4/framework/system/CodeIgniter.php(898): App\Controllers\Api\Notifikasi->get()
#6 /home/dnzwygdo/djuragancom/vendor/codeigniter4/framework/system/CodeIgniter.php(457): CodeIgniter\CodeIgniter->runController(Object(App\Controllers\Api\Notifikasi))
#7 /home/dnzwygdo/djuragancom/vendor/codeigniter4/framework/system/CodeIgniter.php(340): CodeIgniter\CodeIgniter->handleRequest(NULL, Object(Config\Cache), false)
#8 /home/dnzwygdo/public_html/index.php(67): CodeIgniter\CodeIgniter->run()
#9 {main}

Next CodeIgniter\Database\Exceptions\DatabaseException: Too many connections in /home/dnzwygdo/djuragancom/vendor/codeigniter4/framework/system/Database/MySQLi/Connection.php:215
Stack trace:
#0 /home/dnzwygdo/djuragancom/vendor/codeigniter4/framework/system/Database/BaseConnection.php(382): CodeIgniter\Database\MySQLi\Connection->connect(false)
#1 /home/dnzwygdo/djuragancom/vendor/codeigniter4/framework/system/Database/BaseConnection.php(588): CodeIgniter\Database\BaseConnection->initialize()
#2 /home/dnzwygdo/djuragancom/vendor/codeigniter4/framework/system/Database/BaseBuilder.php(1669): CodeIgniter\Database\BaseConnection->query('SELECT COUNT(*)...', Array, false)
#3 /home/dnzwygdo/djuragancom/app/Controllers/Api/Notifikasi.php(37): CodeIgniter\Database\BaseBuilder->countAllResults()
#4 /home/dnzwygdo/djuragancom/vendor/codeigniter4/framework/system/CodeIgniter.php(898): App\Controllers\Api\Notifikasi->get()
#5 /home/dnzwygdo/djuragancom/vendor/codeigniter4/framework/system/CodeIgniter.php(457): CodeIgniter\CodeIgniter->runController(Object(App\Controllers\Api\Notifikasi))
#6 /home/dnzwygdo/djuragancom/vendor/codeigniter4/framework/system/CodeIgniter.php(340): CodeIgniter\CodeIgniter->handleRequest(NULL, Object(Config\Cache), false)
#7 /home/dnzwygdo/public_html/index.php(67): CodeIgniter\CodeIgniter->run()
#8 {main}
CRITICAL - 2025-05-27 16:32:47 --> Unable to connect to the database.
Main connection [MySQLi]: Too many connections
in SYSTEMPATH/Database/BaseConnection.php on line 418.
 1 SYSTEMPATH/Database/BaseConnection.php(588): CodeIgniter\Database\BaseConnection->initialize()
 2 SYSTEMPATH/Database/BaseBuilder.php(1669): CodeIgniter\Database\BaseConnection->query('SELECT COUNT(*) AS `numrows`
FROM `order_notifikasi` `n`
LEFT JOIN `order_invoice` `i` ON `n`.`invoice_id` = `i`.`id_invoice`
LEFT JOIN `order_user` `p` ON `n`.`from` = `p`.`id`
LEFT JOIN `order_juragan` `j` ON `j`.`id_juragan` = `n`.`juragan_id`
WHERE `n`.`for` = :n.for:
AND `n`.`read_at` IS NULL', [...], false)
 3 APPPATH/Controllers/Api/Notifikasi.php(37): CodeIgniter\Database\BaseBuilder->countAllResults()
 4 SYSTEMPATH/CodeIgniter.php(898): App\Controllers\Api\Notifikasi->get()
 5 SYSTEMPATH/CodeIgniter.php(457): CodeIgniter\CodeIgniter->runController(Object(App\Controllers\Api\Notifikasi))
 6 SYSTEMPATH/CodeIgniter.php(340): CodeIgniter\CodeIgniter->handleRequest(null, Object(Config\Cache), false)
 7 FCPATH/index.php(67): CodeIgniter\CodeIgniter->run()
ERROR - 2025-05-27 16:32:57 --> Error connecting to the database: mysqli_sql_exception: Too many connections in /home/dnzwygdo/djuragancom/vendor/codeigniter4/framework/system/Database/MySQLi/Connection.php:171
Stack trace:
#0 /home/dnzwygdo/djuragancom/vendor/codeigniter4/framework/system/Database/MySQLi/Connection.php(171): mysqli->real_connect('localhost', 'dnzwygdo_jura94...', 'v[,S+a7zlZd0', 'dnzwygdo_juraga...', 3306, '', 0)
#1 /home/dnzwygdo/djuragancom/vendor/codeigniter4/framework/system/Database/BaseConnection.php(382): CodeIgniter\Database\MySQLi\Connection->connect(false)
#2 /home/dnzwygdo/djuragancom/vendor/codeigniter4/framework/system/Database/BaseConnection.php(588): CodeIgniter\Database\BaseConnection->initialize()
#3 /home/dnzwygdo/djuragancom/vendor/codeigniter4/framework/system/Database/BaseBuilder.php(1669): CodeIgniter\Database\BaseConnection->query('SELECT COUNT(*)...', Array, false)
#4 /home/dnzwygdo/djuragancom/app/Controllers/Api/Notifikasi.php(37): CodeIgniter\Database\BaseBuilder->countAllResults()
#5 /home/dnzwygdo/djuragancom/vendor/codeigniter4/framework/system/CodeIgniter.php(898): App\Controllers\Api\Notifikasi->get()
#6 /home/dnzwygdo/djuragancom/vendor/codeigniter4/framework/system/CodeIgniter.php(457): CodeIgniter\CodeIgniter->runController(Object(App\Controllers\Api\Notifikasi))
#7 /home/dnzwygdo/djuragancom/vendor/codeigniter4/framework/system/CodeIgniter.php(340): CodeIgniter\CodeIgniter->handleRequest(NULL, Object(Config\Cache), false)
#8 /home/dnzwygdo/public_html/index.php(67): CodeIgniter\CodeIgniter->run()
#9 {main}

Next CodeIgniter\Database\Exceptions\DatabaseException: Too many connections in /home/dnzwygdo/djuragancom/vendor/codeigniter4/framework/system/Database/MySQLi/Connection.php:215
Stack trace:
#0 /home/dnzwygdo/djuragancom/vendor/codeigniter4/framework/system/Database/BaseConnection.php(382): CodeIgniter\Database\MySQLi\Connection->connect(false)
#1 /home/dnzwygdo/djuragancom/vendor/codeigniter4/framework/system/Database/BaseConnection.php(588): CodeIgniter\Database\BaseConnection->initialize()
#2 /home/dnzwygdo/djuragancom/vendor/codeigniter4/framework/system/Database/BaseBuilder.php(1669): CodeIgniter\Database\BaseConnection->query('SELECT COUNT(*)...', Array, false)
#3 /home/dnzwygdo/djuragancom/app/Controllers/Api/Notifikasi.php(37): CodeIgniter\Database\BaseBuilder->countAllResults()
#4 /home/dnzwygdo/djuragancom/vendor/codeigniter4/framework/system/CodeIgniter.php(898): App\Controllers\Api\Notifikasi->get()
#5 /home/dnzwygdo/djuragancom/vendor/codeigniter4/framework/system/CodeIgniter.php(457): CodeIgniter\CodeIgniter->runController(Object(App\Controllers\Api\Notifikasi))
#6 /home/dnzwygdo/djuragancom/vendor/codeigniter4/framework/system/CodeIgniter.php(340): CodeIgniter\CodeIgniter->handleRequest(NULL, Object(Config\Cache), false)
#7 /home/dnzwygdo/public_html/index.php(67): CodeIgniter\CodeIgniter->run()
#8 {main}
CRITICAL - 2025-05-27 16:32:57 --> Unable to connect to the database.
Main connection [MySQLi]: Too many connections
in SYSTEMPATH/Database/BaseConnection.php on line 418.
 1 SYSTEMPATH/Database/BaseConnection.php(588): CodeIgniter\Database\BaseConnection->initialize()
 2 SYSTEMPATH/Database/BaseBuilder.php(1669): CodeIgniter\Database\BaseConnection->query('SELECT COUNT(*) AS `numrows`
FROM `order_notifikasi` `n`
LEFT JOIN `order_invoice` `i` ON `n`.`invoice_id` = `i`.`id_invoice`
LEFT JOIN `order_user` `p` ON `n`.`from` = `p`.`id`
LEFT JOIN `order_juragan` `j` ON `j`.`id_juragan` = `n`.`juragan_id`
WHERE `n`.`for` = :n.for:
AND `n`.`read_at` IS NULL', [...], false)
 3 APPPATH/Controllers/Api/Notifikasi.php(37): CodeIgniter\Database\BaseBuilder->countAllResults()
 4 SYSTEMPATH/CodeIgniter.php(898): App\Controllers\Api\Notifikasi->get()
 5 SYSTEMPATH/CodeIgniter.php(457): CodeIgniter\CodeIgniter->runController(Object(App\Controllers\Api\Notifikasi))
 6 SYSTEMPATH/CodeIgniter.php(340): CodeIgniter\CodeIgniter->handleRequest(null, Object(Config\Cache), false)
 7 FCPATH/index.php(67): CodeIgniter\CodeIgniter->run()
ERROR - 2025-05-27 16:33:21 --> Error connecting to the database: mysqli_sql_exception: Too many connections in /home/dnzwygdo/djuragancom/vendor/codeigniter4/framework/system/Database/MySQLi/Connection.php:171
Stack trace:
#0 /home/dnzwygdo/djuragancom/vendor/codeigniter4/framework/system/Database/MySQLi/Connection.php(171): mysqli->real_connect('localhost', 'dnzwygdo_jura94...', 'v[,S+a7zlZd0', 'dnzwygdo_juraga...', 3306, '', 0)
#1 /home/dnzwygdo/djuragancom/vendor/codeigniter4/framework/system/Database/BaseConnection.php(382): CodeIgniter\Database\MySQLi\Connection->connect(false)
#2 /home/dnzwygdo/djuragancom/vendor/codeigniter4/framework/system/Database/BaseConnection.php(588): CodeIgniter\Database\BaseConnection->initialize()
#3 /home/dnzwygdo/djuragancom/vendor/codeigniter4/framework/system/Database/BaseBuilder.php(1669): CodeIgniter\Database\BaseConnection->query('SELECT COUNT(*)...', Array, false)
#4 /home/dnzwygdo/djuragancom/app/Controllers/Api/Notifikasi.php(37): CodeIgniter\Database\BaseBuilder->countAllResults()
#5 /home/dnzwygdo/djuragancom/vendor/codeigniter4/framework/system/CodeIgniter.php(898): App\Controllers\Api\Notifikasi->get()
#6 /home/dnzwygdo/djuragancom/vendor/codeigniter4/framework/system/CodeIgniter.php(457): CodeIgniter\CodeIgniter->runController(Object(App\Controllers\Api\Notifikasi))
#7 /home/dnzwygdo/djuragancom/vendor/codeigniter4/framework/system/CodeIgniter.php(340): CodeIgniter\CodeIgniter->handleRequest(NULL, Object(Config\Cache), false)
#8 /home/dnzwygdo/public_html/index.php(67): CodeIgniter\CodeIgniter->run()
#9 {main}

Next CodeIgniter\Database\Exceptions\DatabaseException: Too many connections in /home/dnzwygdo/djuragancom/vendor/codeigniter4/framework/system/Database/MySQLi/Connection.php:215
Stack trace:
#0 /home/dnzwygdo/djuragancom/vendor/codeigniter4/framework/system/Database/BaseConnection.php(382): CodeIgniter\Database\MySQLi\Connection->connect(false)
#1 /home/dnzwygdo/djuragancom/vendor/codeigniter4/framework/system/Database/BaseConnection.php(588): CodeIgniter\Database\BaseConnection->initialize()
#2 /home/dnzwygdo/djuragancom/vendor/codeigniter4/framework/system/Database/BaseBuilder.php(1669): CodeIgniter\Database\BaseConnection->query('SELECT COUNT(*)...', Array, false)
#3 /home/dnzwygdo/djuragancom/app/Controllers/Api/Notifikasi.php(37): CodeIgniter\Database\BaseBuilder->countAllResults()
#4 /home/dnzwygdo/djuragancom/vendor/codeigniter4/framework/system/CodeIgniter.php(898): App\Controllers\Api\Notifikasi->get()
#5 /home/dnzwygdo/djuragancom/vendor/codeigniter4/framework/system/CodeIgniter.php(457): CodeIgniter\CodeIgniter->runController(Object(App\Controllers\Api\Notifikasi))
#6 /home/dnzwygdo/djuragancom/vendor/codeigniter4/framework/system/CodeIgniter.php(340): CodeIgniter\CodeIgniter->handleRequest(NULL, Object(Config\Cache), false)
#7 /home/dnzwygdo/public_html/index.php(67): CodeIgniter\CodeIgniter->run()
#8 {main}
ERROR - 2025-05-27 16:33:21 --> Error connecting to the database: mysqli_sql_exception: Too many connections in /home/dnzwygdo/djuragancom/vendor/codeigniter4/framework/system/Database/MySQLi/Connection.php:171
Stack trace:
#0 /home/dnzwygdo/djuragancom/vendor/codeigniter4/framework/system/Database/MySQLi/Connection.php(171): mysqli->real_connect('localhost', 'dnzwygdo_jura94...', 'v[,S+a7zlZd0', 'dnzwygdo_juraga...', 3306, '', 0)
#1 /home/dnzwygdo/djuragancom/vendor/codeigniter4/framework/system/Database/BaseConnection.php(382): CodeIgniter\Database\MySQLi\Connection->connect(false)
#2 /home/dnzwygdo/djuragancom/vendor/codeigniter4/framework/system/Database/BaseConnection.php(588): CodeIgniter\Database\BaseConnection->initialize()
#3 /home/dnzwygdo/djuragancom/vendor/codeigniter4/framework/system/Database/BaseBuilder.php(1669): CodeIgniter\Database\BaseConnection->query('SELECT COUNT(*)...', Array, false)
#4 /home/dnzwygdo/djuragancom/app/Controllers/Api/Notifikasi.php(37): CodeIgniter\Database\BaseBuilder->countAllResults()
#5 /home/dnzwygdo/djuragancom/vendor/codeigniter4/framework/system/CodeIgniter.php(898): App\Controllers\Api\Notifikasi->get()
#6 /home/dnzwygdo/djuragancom/vendor/codeigniter4/framework/system/CodeIgniter.php(457): CodeIgniter\CodeIgniter->runController(Object(App\Controllers\Api\Notifikasi))
#7 /home/dnzwygdo/djuragancom/vendor/codeigniter4/framework/system/CodeIgniter.php(340): CodeIgniter\CodeIgniter->handleRequest(NULL, Object(Config\Cache), false)
#8 /home/dnzwygdo/public_html/index.php(67): CodeIgniter\CodeIgniter->run()
#9 {main}

Next CodeIgniter\Database\Exceptions\DatabaseException: Too many connections in /home/dnzwygdo/djuragancom/vendor/codeigniter4/framework/system/Database/MySQLi/Connection.php:215
Stack trace:
#0 /home/dnzwygdo/djuragancom/vendor/codeigniter4/framework/system/Database/BaseConnection.php(382): CodeIgniter\Database\MySQLi\Connection->connect(false)
#1 /home/dnzwygdo/djuragancom/vendor/codeigniter4/framework/system/Database/BaseConnection.php(588): CodeIgniter\Database\BaseConnection->initialize()
#2 /home/dnzwygdo/djuragancom/vendor/codeigniter4/framework/system/Database/BaseBuilder.php(1669): CodeIgniter\Database\BaseConnection->query('SELECT COUNT(*)...', Array, false)
#3 /home/dnzwygdo/djuragancom/app/Controllers/Api/Notifikasi.php(37): CodeIgniter\Database\BaseBuilder->countAllResults()
#4 /home/dnzwygdo/djuragancom/vendor/codeigniter4/framework/system/CodeIgniter.php(898): App\Controllers\Api\Notifikasi->get()
#5 /home/dnzwygdo/djuragancom/vendor/codeigniter4/framework/system/CodeIgniter.php(457): CodeIgniter\CodeIgniter->runController(Object(App\Controllers\Api\Notifikasi))
#6 /home/dnzwygdo/djuragancom/vendor/codeigniter4/framework/system/CodeIgniter.php(340): CodeIgniter\CodeIgniter->handleRequest(NULL, Object(Config\Cache), false)
#7 /home/dnzwygdo/public_html/index.php(67): CodeIgniter\CodeIgniter->run()
#8 {main}
CRITICAL - 2025-05-27 16:33:21 --> Unable to connect to the database.
Main connection [MySQLi]: Too many connections
in SYSTEMPATH/Database/BaseConnection.php on line 418.
 1 SYSTEMPATH/Database/BaseConnection.php(588): CodeIgniter\Database\BaseConnection->initialize()
 2 SYSTEMPATH/Database/BaseBuilder.php(1669): CodeIgniter\Database\BaseConnection->query('SELECT COUNT(*) AS `numrows`
FROM `order_notifikasi` `n`
LEFT JOIN `order_invoice` `i` ON `n`.`invoice_id` = `i`.`id_invoice`
LEFT JOIN `order_user` `p` ON `n`.`from` = `p`.`id`
LEFT JOIN `order_juragan` `j` ON `j`.`id_juragan` = `n`.`juragan_id`
WHERE `n`.`for` = :n.for:
AND `n`.`read_at` IS NULL', [...], false)
 3 APPPATH/Controllers/Api/Notifikasi.php(37): CodeIgniter\Database\BaseBuilder->countAllResults()
 4 SYSTEMPATH/CodeIgniter.php(898): App\Controllers\Api\Notifikasi->get()
 5 SYSTEMPATH/CodeIgniter.php(457): CodeIgniter\CodeIgniter->runController(Object(App\Controllers\Api\Notifikasi))
 6 SYSTEMPATH/CodeIgniter.php(340): CodeIgniter\CodeIgniter->handleRequest(null, Object(Config\Cache), false)
 7 FCPATH/index.php(67): CodeIgniter\CodeIgniter->run()
CRITICAL - 2025-05-27 16:33:21 --> Unable to connect to the database.
Main connection [MySQLi]: Too many connections
in SYSTEMPATH/Database/BaseConnection.php on line 418.
 1 SYSTEMPATH/Database/BaseConnection.php(588): CodeIgniter\Database\BaseConnection->initialize()
 2 SYSTEMPATH/Database/BaseBuilder.php(1669): CodeIgniter\Database\BaseConnection->query('SELECT COUNT(*) AS `numrows`
FROM `order_notifikasi` `n`
LEFT JOIN `order_invoice` `i` ON `n`.`invoice_id` = `i`.`id_invoice`
LEFT JOIN `order_user` `p` ON `n`.`from` = `p`.`id`
LEFT JOIN `order_juragan` `j` ON `j`.`id_juragan` = `n`.`juragan_id`
WHERE `n`.`for` = :n.for:
AND `n`.`read_at` IS NULL', [...], false)
 3 APPPATH/Controllers/Api/Notifikasi.php(37): CodeIgniter\Database\BaseBuilder->countAllResults()
 4 SYSTEMPATH/CodeIgniter.php(898): App\Controllers\Api\Notifikasi->get()
 5 SYSTEMPATH/CodeIgniter.php(457): CodeIgniter\CodeIgniter->runController(Object(App\Controllers\Api\Notifikasi))
 6 SYSTEMPATH/CodeIgniter.php(340): CodeIgniter\CodeIgniter->handleRequest(null, Object(Config\Cache), false)
 7 FCPATH/index.php(67): CodeIgniter\CodeIgniter->run()
ERROR - 2025-05-27 16:33:24 --> Error connecting to the database: mysqli_sql_exception: Too many connections in /home/dnzwygdo/djuragancom/vendor/codeigniter4/framework/system/Database/MySQLi/Connection.php:171
Stack trace:
#0 /home/dnzwygdo/djuragancom/vendor/codeigniter4/framework/system/Database/MySQLi/Connection.php(171): mysqli->real_connect('localhost', 'dnzwygdo_jura94...', 'v[,S+a7zlZd0', 'dnzwygdo_juraga...', 3306, '', 0)
#1 /home/dnzwygdo/djuragancom/vendor/codeigniter4/framework/system/Database/BaseConnection.php(382): CodeIgniter\Database\MySQLi\Connection->connect(false)
#2 /home/dnzwygdo/djuragancom/vendor/codeigniter4/framework/system/Database/BaseConnection.php(588): CodeIgniter\Database\BaseConnection->initialize()
#3 /home/dnzwygdo/djuragancom/vendor/codeigniter4/framework/system/Database/BaseBuilder.php(1669): CodeIgniter\Database\BaseConnection->query('SELECT COUNT(*)...', Array, false)
#4 /home/dnzwygdo/djuragancom/app/Controllers/Api/Notifikasi.php(37): CodeIgniter\Database\BaseBuilder->countAllResults()
#5 /home/dnzwygdo/djuragancom/vendor/codeigniter4/framework/system/CodeIgniter.php(898): App\Controllers\Api\Notifikasi->get()
#6 /home/dnzwygdo/djuragancom/vendor/codeigniter4/framework/system/CodeIgniter.php(457): CodeIgniter\CodeIgniter->runController(Object(App\Controllers\Api\Notifikasi))
#7 /home/dnzwygdo/djuragancom/vendor/codeigniter4/framework/system/CodeIgniter.php(340): CodeIgniter\CodeIgniter->handleRequest(NULL, Object(Config\Cache), false)
#8 /home/dnzwygdo/public_html/index.php(67): CodeIgniter\CodeIgniter->run()
#9 {main}

Next CodeIgniter\Database\Exceptions\DatabaseException: Too many connections in /home/dnzwygdo/djuragancom/vendor/codeigniter4/framework/system/Database/MySQLi/Connection.php:215
Stack trace:
#0 /home/dnzwygdo/djuragancom/vendor/codeigniter4/framework/system/Database/BaseConnection.php(382): CodeIgniter\Database\MySQLi\Connection->connect(false)
#1 /home/dnzwygdo/djuragancom/vendor/codeigniter4/framework/system/Database/BaseConnection.php(588): CodeIgniter\Database\BaseConnection->initialize()
#2 /home/dnzwygdo/djuragancom/vendor/codeigniter4/framework/system/Database/BaseBuilder.php(1669): CodeIgniter\Database\BaseConnection->query('SELECT COUNT(*)...', Array, false)
#3 /home/dnzwygdo/djuragancom/app/Controllers/Api/Notifikasi.php(37): CodeIgniter\Database\BaseBuilder->countAllResults()
#4 /home/dnzwygdo/djuragancom/vendor/codeigniter4/framework/system/CodeIgniter.php(898): App\Controllers\Api\Notifikasi->get()
#5 /home/dnzwygdo/djuragancom/vendor/codeigniter4/framework/system/CodeIgniter.php(457): CodeIgniter\CodeIgniter->runController(Object(App\Controllers\Api\Notifikasi))
#6 /home/dnzwygdo/djuragancom/vendor/codeigniter4/framework/system/CodeIgniter.php(340): CodeIgniter\CodeIgniter->handleRequest(NULL, Object(Config\Cache), false)
#7 /home/dnzwygdo/public_html/index.php(67): CodeIgniter\CodeIgniter->run()
#8 {main}
CRITICAL - 2025-05-27 16:33:24 --> Unable to connect to the database.
Main connection [MySQLi]: Too many connections
in SYSTEMPATH/Database/BaseConnection.php on line 418.
 1 SYSTEMPATH/Database/BaseConnection.php(588): CodeIgniter\Database\BaseConnection->initialize()
 2 SYSTEMPATH/Database/BaseBuilder.php(1669): CodeIgniter\Database\BaseConnection->query('SELECT COUNT(*) AS `numrows`
FROM `order_notifikasi` `n`
LEFT JOIN `order_invoice` `i` ON `n`.`invoice_id` = `i`.`id_invoice`
LEFT JOIN `order_user` `p` ON `n`.`from` = `p`.`id`
LEFT JOIN `order_juragan` `j` ON `j`.`id_juragan` = `n`.`juragan_id`
WHERE `n`.`for` = :n.for:
AND `n`.`read_at` IS NULL', [...], false)
 3 APPPATH/Controllers/Api/Notifikasi.php(37): CodeIgniter\Database\BaseBuilder->countAllResults()
 4 SYSTEMPATH/CodeIgniter.php(898): App\Controllers\Api\Notifikasi->get()
 5 SYSTEMPATH/CodeIgniter.php(457): CodeIgniter\CodeIgniter->runController(Object(App\Controllers\Api\Notifikasi))
 6 SYSTEMPATH/CodeIgniter.php(340): CodeIgniter\CodeIgniter->handleRequest(null, Object(Config\Cache), false)
 7 FCPATH/index.php(67): CodeIgniter\CodeIgniter->run()
ERROR - 2025-05-27 16:33:57 --> Error connecting to the database: mysqli_sql_exception: Too many connections in /home/dnzwygdo/djuragancom/vendor/codeigniter4/framework/system/Database/MySQLi/Connection.php:171
Stack trace:
#0 /home/dnzwygdo/djuragancom/vendor/codeigniter4/framework/system/Database/MySQLi/Connection.php(171): mysqli->real_connect('localhost', 'dnzwygdo_jura94...', 'v[,S+a7zlZd0', 'dnzwygdo_juraga...', 3306, '', 0)
#1 /home/dnzwygdo/djuragancom/vendor/codeigniter4/framework/system/Database/BaseConnection.php(382): CodeIgniter\Database\MySQLi\Connection->connect(false)
#2 /home/dnzwygdo/djuragancom/vendor/codeigniter4/framework/system/Database/BaseConnection.php(588): CodeIgniter\Database\BaseConnection->initialize()
#3 /home/dnzwygdo/djuragancom/vendor/codeigniter4/framework/system/Database/BaseBuilder.php(1669): CodeIgniter\Database\BaseConnection->query('SELECT COUNT(*)...', Array, false)
#4 /home/dnzwygdo/djuragancom/app/Controllers/Api/Notifikasi.php(37): CodeIgniter\Database\BaseBuilder->countAllResults()
#5 /home/dnzwygdo/djuragancom/vendor/codeigniter4/framework/system/CodeIgniter.php(898): App\Controllers\Api\Notifikasi->get()
#6 /home/dnzwygdo/djuragancom/vendor/codeigniter4/framework/system/CodeIgniter.php(457): CodeIgniter\CodeIgniter->runController(Object(App\Controllers\Api\Notifikasi))
#7 /home/dnzwygdo/djuragancom/vendor/codeigniter4/framework/system/CodeIgniter.php(340): CodeIgniter\CodeIgniter->handleRequest(NULL, Object(Config\Cache), false)
#8 /home/dnzwygdo/public_html/index.php(67): CodeIgniter\CodeIgniter->run()
#9 {main}

Next CodeIgniter\Database\Exceptions\DatabaseException: Too many connections in /home/dnzwygdo/djuragancom/vendor/codeigniter4/framework/system/Database/MySQLi/Connection.php:215
Stack trace:
#0 /home/dnzwygdo/djuragancom/vendor/codeigniter4/framework/system/Database/BaseConnection.php(382): CodeIgniter\Database\MySQLi\Connection->connect(false)
#1 /home/dnzwygdo/djuragancom/vendor/codeigniter4/framework/system/Database/BaseConnection.php(588): CodeIgniter\Database\BaseConnection->initialize()
#2 /home/dnzwygdo/djuragancom/vendor/codeigniter4/framework/system/Database/BaseBuilder.php(1669): CodeIgniter\Database\BaseConnection->query('SELECT COUNT(*)...', Array, false)
#3 /home/dnzwygdo/djuragancom/app/Controllers/Api/Notifikasi.php(37): CodeIgniter\Database\BaseBuilder->countAllResults()
#4 /home/dnzwygdo/djuragancom/vendor/codeigniter4/framework/system/CodeIgniter.php(898): App\Controllers\Api\Notifikasi->get()
#5 /home/dnzwygdo/djuragancom/vendor/codeigniter4/framework/system/CodeIgniter.php(457): CodeIgniter\CodeIgniter->runController(Object(App\Controllers\Api\Notifikasi))
#6 /home/dnzwygdo/djuragancom/vendor/codeigniter4/framework/system/CodeIgniter.php(340): CodeIgniter\CodeIgniter->handleRequest(NULL, Object(Config\Cache), false)
#7 /home/dnzwygdo/public_html/index.php(67): CodeIgniter\CodeIgniter->run()
#8 {main}
CRITICAL - 2025-05-27 16:33:57 --> Unable to connect to the database.
Main connection [MySQLi]: Too many connections
in SYSTEMPATH/Database/BaseConnection.php on line 418.
 1 SYSTEMPATH/Database/BaseConnection.php(588): CodeIgniter\Database\BaseConnection->initialize()
 2 SYSTEMPATH/Database/BaseBuilder.php(1669): CodeIgniter\Database\BaseConnection->query('SELECT COUNT(*) AS `numrows`
FROM `order_notifikasi` `n`
LEFT JOIN `order_invoice` `i` ON `n`.`invoice_id` = `i`.`id_invoice`
LEFT JOIN `order_user` `p` ON `n`.`from` = `p`.`id`
LEFT JOIN `order_juragan` `j` ON `j`.`id_juragan` = `n`.`juragan_id`
WHERE `n`.`for` = :n.for:
AND `n`.`read_at` IS NULL', [...], false)
 3 APPPATH/Controllers/Api/Notifikasi.php(37): CodeIgniter\Database\BaseBuilder->countAllResults()
 4 SYSTEMPATH/CodeIgniter.php(898): App\Controllers\Api\Notifikasi->get()
 5 SYSTEMPATH/CodeIgniter.php(457): CodeIgniter\CodeIgniter->runController(Object(App\Controllers\Api\Notifikasi))
 6 SYSTEMPATH/CodeIgniter.php(340): CodeIgniter\CodeIgniter->handleRequest(null, Object(Config\Cache), false)
 7 FCPATH/index.php(67): CodeIgniter\CodeIgniter->run()
ERROR - 2025-05-27 16:34:17 --> Error connecting to the database: mysqli_sql_exception: Too many connections in /home/dnzwygdo/djuragancom/vendor/codeigniter4/framework/system/Database/MySQLi/Connection.php:171
Stack trace:
#0 /home/dnzwygdo/djuragancom/vendor/codeigniter4/framework/system/Database/MySQLi/Connection.php(171): mysqli->real_connect('localhost', 'dnzwygdo_jura94...', 'v[,S+a7zlZd0', 'dnzwygdo_juraga...', 3306, '', 0)
#1 /home/dnzwygdo/djuragancom/vendor/codeigniter4/framework/system/Database/BaseConnection.php(382): CodeIgniter\Database\MySQLi\Connection->connect(false)
#2 /home/dnzwygdo/djuragancom/vendor/codeigniter4/framework/system/Database/BaseConnection.php(588): CodeIgniter\Database\BaseConnection->initialize()
#3 /home/dnzwygdo/djuragancom/vendor/codeigniter4/framework/system/Database/BaseBuilder.php(1669): CodeIgniter\Database\BaseConnection->query('SELECT COUNT(*)...', Array, false)
#4 /home/dnzwygdo/djuragancom/app/Controllers/Api/Notifikasi.php(37): CodeIgniter\Database\BaseBuilder->countAllResults()
#5 /home/dnzwygdo/djuragancom/vendor/codeigniter4/framework/system/CodeIgniter.php(898): App\Controllers\Api\Notifikasi->get()
#6 /home/dnzwygdo/djuragancom/vendor/codeigniter4/framework/system/CodeIgniter.php(457): CodeIgniter\CodeIgniter->runController(Object(App\Controllers\Api\Notifikasi))
#7 /home/dnzwygdo/djuragancom/vendor/codeigniter4/framework/system/CodeIgniter.php(340): CodeIgniter\CodeIgniter->handleRequest(NULL, Object(Config\Cache), false)
#8 /home/dnzwygdo/public_html/index.php(67): CodeIgniter\CodeIgniter->run()
#9 {main}

Next CodeIgniter\Database\Exceptions\DatabaseException: Too many connections in /home/dnzwygdo/djuragancom/vendor/codeigniter4/framework/system/Database/MySQLi/Connection.php:215
Stack trace:
#0 /home/dnzwygdo/djuragancom/vendor/codeigniter4/framework/system/Database/BaseConnection.php(382): CodeIgniter\Database\MySQLi\Connection->connect(false)
#1 /home/dnzwygdo/djuragancom/vendor/codeigniter4/framework/system/Database/BaseConnection.php(588): CodeIgniter\Database\BaseConnection->initialize()
#2 /home/dnzwygdo/djuragancom/vendor/codeigniter4/framework/system/Database/BaseBuilder.php(1669): CodeIgniter\Database\BaseConnection->query('SELECT COUNT(*)...', Array, false)
#3 /home/dnzwygdo/djuragancom/app/Controllers/Api/Notifikasi.php(37): CodeIgniter\Database\BaseBuilder->countAllResults()
#4 /home/dnzwygdo/djuragancom/vendor/codeigniter4/framework/system/CodeIgniter.php(898): App\Controllers\Api\Notifikasi->get()
#5 /home/dnzwygdo/djuragancom/vendor/codeigniter4/framework/system/CodeIgniter.php(457): CodeIgniter\CodeIgniter->runController(Object(App\Controllers\Api\Notifikasi))
#6 /home/dnzwygdo/djuragancom/vendor/codeigniter4/framework/system/CodeIgniter.php(340): CodeIgniter\CodeIgniter->handleRequest(NULL, Object(Config\Cache), false)
#7 /home/dnzwygdo/public_html/index.php(67): CodeIgniter\CodeIgniter->run()
#8 {main}
CRITICAL - 2025-05-27 16:34:17 --> Unable to connect to the database.
Main connection [MySQLi]: Too many connections
in SYSTEMPATH/Database/BaseConnection.php on line 418.
 1 SYSTEMPATH/Database/BaseConnection.php(588): CodeIgniter\Database\BaseConnection->initialize()
 2 SYSTEMPATH/Database/BaseBuilder.php(1669): CodeIgniter\Database\BaseConnection->query('SELECT COUNT(*) AS `numrows`
FROM `order_notifikasi` `n`
LEFT JOIN `order_invoice` `i` ON `n`.`invoice_id` = `i`.`id_invoice`
LEFT JOIN `order_user` `p` ON `n`.`from` = `p`.`id`
LEFT JOIN `order_juragan` `j` ON `j`.`id_juragan` = `n`.`juragan_id`
WHERE `n`.`for` = :n.for:
AND `n`.`read_at` IS NULL', [...], false)
 3 APPPATH/Controllers/Api/Notifikasi.php(37): CodeIgniter\Database\BaseBuilder->countAllResults()
 4 SYSTEMPATH/CodeIgniter.php(898): App\Controllers\Api\Notifikasi->get()
 5 SYSTEMPATH/CodeIgniter.php(457): CodeIgniter\CodeIgniter->runController(Object(App\Controllers\Api\Notifikasi))
 6 SYSTEMPATH/CodeIgniter.php(340): CodeIgniter\CodeIgniter->handleRequest(null, Object(Config\Cache), false)
 7 FCPATH/index.php(67): CodeIgniter\CodeIgniter->run()
ERROR - 2025-05-27 16:34:21 --> Error connecting to the database: mysqli_sql_exception: Too many connections in /home/dnzwygdo/djuragancom/vendor/codeigniter4/framework/system/Database/MySQLi/Connection.php:171
Stack trace:
#0 /home/dnzwygdo/djuragancom/vendor/codeigniter4/framework/system/Database/MySQLi/Connection.php(171): mysqli->real_connect('localhost', 'dnzwygdo_jura94...', 'v[,S+a7zlZd0', 'dnzwygdo_juraga...', 3306, '', 0)
#1 /home/dnzwygdo/djuragancom/vendor/codeigniter4/framework/system/Database/BaseConnection.php(382): CodeIgniter\Database\MySQLi\Connection->connect(false)
#2 /home/dnzwygdo/djuragancom/vendor/codeigniter4/framework/system/Database/BaseConnection.php(588): CodeIgniter\Database\BaseConnection->initialize()
#3 /home/dnzwygdo/djuragancom/vendor/codeigniter4/framework/system/Database/BaseBuilder.php(1669): CodeIgniter\Database\BaseConnection->query('SELECT COUNT(*)...', Array, false)
#4 /home/dnzwygdo/djuragancom/app/Controllers/Api/Notifikasi.php(37): CodeIgniter\Database\BaseBuilder->countAllResults()
#5 /home/dnzwygdo/djuragancom/vendor/codeigniter4/framework/system/CodeIgniter.php(898): App\Controllers\Api\Notifikasi->get()
#6 /home/dnzwygdo/djuragancom/vendor/codeigniter4/framework/system/CodeIgniter.php(457): CodeIgniter\CodeIgniter->runController(Object(App\Controllers\Api\Notifikasi))
#7 /home/dnzwygdo/djuragancom/vendor/codeigniter4/framework/system/CodeIgniter.php(340): CodeIgniter\CodeIgniter->handleRequest(NULL, Object(Config\Cache), false)
#8 /home/dnzwygdo/public_html/index.php(67): CodeIgniter\CodeIgniter->run()
#9 {main}

Next CodeIgniter\Database\Exceptions\DatabaseException: Too many connections in /home/dnzwygdo/djuragancom/vendor/codeigniter4/framework/system/Database/MySQLi/Connection.php:215
Stack trace:
#0 /home/dnzwygdo/djuragancom/vendor/codeigniter4/framework/system/Database/BaseConnection.php(382): CodeIgniter\Database\MySQLi\Connection->connect(false)
#1 /home/dnzwygdo/djuragancom/vendor/codeigniter4/framework/system/Database/BaseConnection.php(588): CodeIgniter\Database\BaseConnection->initialize()
#2 /home/dnzwygdo/djuragancom/vendor/codeigniter4/framework/system/Database/BaseBuilder.php(1669): CodeIgniter\Database\BaseConnection->query('SELECT COUNT(*)...', Array, false)
#3 /home/dnzwygdo/djuragancom/app/Controllers/Api/Notifikasi.php(37): CodeIgniter\Database\BaseBuilder->countAllResults()
#4 /home/dnzwygdo/djuragancom/vendor/codeigniter4/framework/system/CodeIgniter.php(898): App\Controllers\Api\Notifikasi->get()
#5 /home/dnzwygdo/djuragancom/vendor/codeigniter4/framework/system/CodeIgniter.php(457): CodeIgniter\CodeIgniter->runController(Object(App\Controllers\Api\Notifikasi))
#6 /home/dnzwygdo/djuragancom/vendor/codeigniter4/framework/system/CodeIgniter.php(340): CodeIgniter\CodeIgniter->handleRequest(NULL, Object(Config\Cache), false)
#7 /home/dnzwygdo/public_html/index.php(67): CodeIgniter\CodeIgniter->run()
#8 {main}
CRITICAL - 2025-05-27 16:34:21 --> Unable to connect to the database.
Main connection [MySQLi]: Too many connections
in SYSTEMPATH/Database/BaseConnection.php on line 418.
 1 SYSTEMPATH/Database/BaseConnection.php(588): CodeIgniter\Database\BaseConnection->initialize()
 2 SYSTEMPATH/Database/BaseBuilder.php(1669): CodeIgniter\Database\BaseConnection->query('SELECT COUNT(*) AS `numrows`
FROM `order_notifikasi` `n`
LEFT JOIN `order_invoice` `i` ON `n`.`invoice_id` = `i`.`id_invoice`
LEFT JOIN `order_user` `p` ON `n`.`from` = `p`.`id`
LEFT JOIN `order_juragan` `j` ON `j`.`id_juragan` = `n`.`juragan_id`
WHERE `n`.`for` = :n.for:
AND `n`.`read_at` IS NULL', [...], false)
 3 APPPATH/Controllers/Api/Notifikasi.php(37): CodeIgniter\Database\BaseBuilder->countAllResults()
 4 SYSTEMPATH/CodeIgniter.php(898): App\Controllers\Api\Notifikasi->get()
 5 SYSTEMPATH/CodeIgniter.php(457): CodeIgniter\CodeIgniter->runController(Object(App\Controllers\Api\Notifikasi))
 6 SYSTEMPATH/CodeIgniter.php(340): CodeIgniter\CodeIgniter->handleRequest(null, Object(Config\Cache), false)
 7 FCPATH/index.php(67): CodeIgniter\CodeIgniter->run()
ERROR - 2025-05-27 16:34:21 --> Error connecting to the database: mysqli_sql_exception: Too many connections in /home/dnzwygdo/djuragancom/vendor/codeigniter4/framework/system/Database/MySQLi/Connection.php:171
Stack trace:
#0 /home/dnzwygdo/djuragancom/vendor/codeigniter4/framework/system/Database/MySQLi/Connection.php(171): mysqli->real_connect('localhost', 'dnzwygdo_jura94...', 'v[,S+a7zlZd0', 'dnzwygdo_juraga...', 3306, '', 0)
#1 /home/dnzwygdo/djuragancom/vendor/codeigniter4/framework/system/Database/BaseConnection.php(382): CodeIgniter\Database\MySQLi\Connection->connect(false)
#2 /home/dnzwygdo/djuragancom/vendor/codeigniter4/framework/system/Database/BaseConnection.php(588): CodeIgniter\Database\BaseConnection->initialize()
#3 /home/dnzwygdo/djuragancom/vendor/codeigniter4/framework/system/Database/BaseBuilder.php(1669): CodeIgniter\Database\BaseConnection->query('SELECT COUNT(*)...', Array, false)
#4 /home/dnzwygdo/djuragancom/app/Controllers/Api/Notifikasi.php(37): CodeIgniter\Database\BaseBuilder->countAllResults()
#5 /home/dnzwygdo/djuragancom/vendor/codeigniter4/framework/system/CodeIgniter.php(898): App\Controllers\Api\Notifikasi->get()
#6 /home/dnzwygdo/djuragancom/vendor/codeigniter4/framework/system/CodeIgniter.php(457): CodeIgniter\CodeIgniter->runController(Object(App\Controllers\Api\Notifikasi))
#7 /home/dnzwygdo/djuragancom/vendor/codeigniter4/framework/system/CodeIgniter.php(340): CodeIgniter\CodeIgniter->handleRequest(NULL, Object(Config\Cache), false)
#8 /home/dnzwygdo/public_html/index.php(67): CodeIgniter\CodeIgniter->run()
#9 {main}

Next CodeIgniter\Database\Exceptions\DatabaseException: Too many connections in /home/dnzwygdo/djuragancom/vendor/codeigniter4/framework/system/Database/MySQLi/Connection.php:215
Stack trace:
#0 /home/dnzwygdo/djuragancom/vendor/codeigniter4/framework/system/Database/BaseConnection.php(382): CodeIgniter\Database\MySQLi\Connection->connect(false)
#1 /home/dnzwygdo/djuragancom/vendor/codeigniter4/framework/system/Database/BaseConnection.php(588): CodeIgniter\Database\BaseConnection->initialize()
#2 /home/dnzwygdo/djuragancom/vendor/codeigniter4/framework/system/Database/BaseBuilder.php(1669): CodeIgniter\Database\BaseConnection->query('SELECT COUNT(*)...', Array, false)
#3 /home/dnzwygdo/djuragancom/app/Controllers/Api/Notifikasi.php(37): CodeIgniter\Database\BaseBuilder->countAllResults()
#4 /home/dnzwygdo/djuragancom/vendor/codeigniter4/framework/system/CodeIgniter.php(898): App\Controllers\Api\Notifikasi->get()
#5 /home/dnzwygdo/djuragancom/vendor/codeigniter4/framework/system/CodeIgniter.php(457): CodeIgniter\CodeIgniter->runController(Object(App\Controllers\Api\Notifikasi))
#6 /home/dnzwygdo/djuragancom/vendor/codeigniter4/framework/system/CodeIgniter.php(340): CodeIgniter\CodeIgniter->handleRequest(NULL, Object(Config\Cache), false)
#7 /home/dnzwygdo/public_html/index.php(67): CodeIgniter\CodeIgniter->run()
#8 {main}
CRITICAL - 2025-05-27 16:34:21 --> Unable to connect to the database.
Main connection [MySQLi]: Too many connections
in SYSTEMPATH/Database/BaseConnection.php on line 418.
 1 SYSTEMPATH/Database/BaseConnection.php(588): CodeIgniter\Database\BaseConnection->initialize()
 2 SYSTEMPATH/Database/BaseBuilder.php(1669): CodeIgniter\Database\BaseConnection->query('SELECT COUNT(*) AS `numrows`
FROM `order_notifikasi` `n`
LEFT JOIN `order_invoice` `i` ON `n`.`invoice_id` = `i`.`id_invoice`
LEFT JOIN `order_user` `p` ON `n`.`from` = `p`.`id`
LEFT JOIN `order_juragan` `j` ON `j`.`id_juragan` = `n`.`juragan_id`
WHERE `n`.`for` = :n.for:
AND `n`.`read_at` IS NULL', [...], false)
 3 APPPATH/Controllers/Api/Notifikasi.php(37): CodeIgniter\Database\BaseBuilder->countAllResults()
 4 SYSTEMPATH/CodeIgniter.php(898): App\Controllers\Api\Notifikasi->get()
 5 SYSTEMPATH/CodeIgniter.php(457): CodeIgniter\CodeIgniter->runController(Object(App\Controllers\Api\Notifikasi))
 6 SYSTEMPATH/CodeIgniter.php(340): CodeIgniter\CodeIgniter->handleRequest(null, Object(Config\Cache), false)
 7 FCPATH/index.php(67): CodeIgniter\CodeIgniter->run()
ERROR - 2025-05-27 16:34:27 --> Error connecting to the database: mysqli_sql_exception: Too many connections in /home/dnzwygdo/djuragancom/vendor/codeigniter4/framework/system/Database/MySQLi/Connection.php:171
Stack trace:
#0 /home/dnzwygdo/djuragancom/vendor/codeigniter4/framework/system/Database/MySQLi/Connection.php(171): mysqli->real_connect('localhost', 'dnzwygdo_jura94...', 'v[,S+a7zlZd0', 'dnzwygdo_juraga...', 3306, '', 0)
#1 /home/dnzwygdo/djuragancom/vendor/codeigniter4/framework/system/Database/BaseConnection.php(382): CodeIgniter\Database\MySQLi\Connection->connect(false)
#2 /home/dnzwygdo/djuragancom/vendor/codeigniter4/framework/system/Database/BaseConnection.php(588): CodeIgniter\Database\BaseConnection->initialize()
#3 /home/dnzwygdo/djuragancom/vendor/codeigniter4/framework/system/Database/BaseBuilder.php(1669): CodeIgniter\Database\BaseConnection->query('SELECT COUNT(*)...', Array, false)
#4 /home/dnzwygdo/djuragancom/app/Controllers/Api/Notifikasi.php(37): CodeIgniter\Database\BaseBuilder->countAllResults()
#5 /home/dnzwygdo/djuragancom/vendor/codeigniter4/framework/system/CodeIgniter.php(898): App\Controllers\Api\Notifikasi->get()
#6 /home/dnzwygdo/djuragancom/vendor/codeigniter4/framework/system/CodeIgniter.php(457): CodeIgniter\CodeIgniter->runController(Object(App\Controllers\Api\Notifikasi))
#7 /home/dnzwygdo/djuragancom/vendor/codeigniter4/framework/system/CodeIgniter.php(340): CodeIgniter\CodeIgniter->handleRequest(NULL, Object(Config\Cache), false)
#8 /home/dnzwygdo/public_html/index.php(67): CodeIgniter\CodeIgniter->run()
#9 {main}

Next CodeIgniter\Database\Exceptions\DatabaseException: Too many connections in /home/dnzwygdo/djuragancom/vendor/codeigniter4/framework/system/Database/MySQLi/Connection.php:215
Stack trace:
#0 /home/dnzwygdo/djuragancom/vendor/codeigniter4/framework/system/Database/BaseConnection.php(382): CodeIgniter\Database\MySQLi\Connection->connect(false)
#1 /home/dnzwygdo/djuragancom/vendor/codeigniter4/framework/system/Database/BaseConnection.php(588): CodeIgniter\Database\BaseConnection->initialize()
#2 /home/dnzwygdo/djuragancom/vendor/codeigniter4/framework/system/Database/BaseBuilder.php(1669): CodeIgniter\Database\BaseConnection->query('SELECT COUNT(*)...', Array, false)
#3 /home/dnzwygdo/djuragancom/app/Controllers/Api/Notifikasi.php(37): CodeIgniter\Database\BaseBuilder->countAllResults()
#4 /home/dnzwygdo/djuragancom/vendor/codeigniter4/framework/system/CodeIgniter.php(898): App\Controllers\Api\Notifikasi->get()
#5 /home/dnzwygdo/djuragancom/vendor/codeigniter4/framework/system/CodeIgniter.php(457): CodeIgniter\CodeIgniter->runController(Object(App\Controllers\Api\Notifikasi))
#6 /home/dnzwygdo/djuragancom/vendor/codeigniter4/framework/system/CodeIgniter.php(340): CodeIgniter\CodeIgniter->handleRequest(NULL, Object(Config\Cache), false)
#7 /home/dnzwygdo/public_html/index.php(67): CodeIgniter\CodeIgniter->run()
#8 {main}
CRITICAL - 2025-05-27 16:34:27 --> Unable to connect to the database.
Main connection [MySQLi]: Too many connections
in SYSTEMPATH/Database/BaseConnection.php on line 418.
 1 SYSTEMPATH/Database/BaseConnection.php(588): CodeIgniter\Database\BaseConnection->initialize()
 2 SYSTEMPATH/Database/BaseBuilder.php(1669): CodeIgniter\Database\BaseConnection->query('SELECT COUNT(*) AS `numrows`
FROM `order_notifikasi` `n`
LEFT JOIN `order_invoice` `i` ON `n`.`invoice_id` = `i`.`id_invoice`
LEFT JOIN `order_user` `p` ON `n`.`from` = `p`.`id`
LEFT JOIN `order_juragan` `j` ON `j`.`id_juragan` = `n`.`juragan_id`
WHERE `n`.`for` = :n.for:
AND `n`.`read_at` IS NULL', [...], false)
 3 APPPATH/Controllers/Api/Notifikasi.php(37): CodeIgniter\Database\BaseBuilder->countAllResults()
 4 SYSTEMPATH/CodeIgniter.php(898): App\Controllers\Api\Notifikasi->get()
 5 SYSTEMPATH/CodeIgniter.php(457): CodeIgniter\CodeIgniter->runController(Object(App\Controllers\Api\Notifikasi))
 6 SYSTEMPATH/CodeIgniter.php(340): CodeIgniter\CodeIgniter->handleRequest(null, Object(Config\Cache), false)
 7 FCPATH/index.php(67): CodeIgniter\CodeIgniter->run()
ERROR - 2025-05-27 16:34:31 --> Error connecting to the database: mysqli_sql_exception: Too many connections in /home/dnzwygdo/djuragancom/vendor/codeigniter4/framework/system/Database/MySQLi/Connection.php:171
Stack trace:
#0 /home/dnzwygdo/djuragancom/vendor/codeigniter4/framework/system/Database/MySQLi/Connection.php(171): mysqli->real_connect('localhost', 'dnzwygdo_jura94...', 'v[,S+a7zlZd0', 'dnzwygdo_juraga...', 3306, '', 0)
#1 /home/dnzwygdo/djuragancom/vendor/codeigniter4/framework/system/Database/BaseConnection.php(382): CodeIgniter\Database\MySQLi\Connection->connect(false)
#2 /home/dnzwygdo/djuragancom/vendor/codeigniter4/framework/system/Database/BaseConnection.php(588): CodeIgniter\Database\BaseConnection->initialize()
#3 /home/dnzwygdo/djuragancom/vendor/codeigniter4/framework/system/Database/BaseBuilder.php(1585): CodeIgniter\Database\BaseConnection->query('SELECT *\nFROM `...', Array, false)
#4 /home/dnzwygdo/djuragancom/vendor/codeigniter4/framework/system/Model.php(181): CodeIgniter\Database\BaseBuilder->get()
#5 /home/dnzwygdo/djuragancom/vendor/codeigniter4/framework/system/BaseModel.php(523): CodeIgniter\Model->doFind(true, '18')
#6 /home/dnzwygdo/djuragancom/app/Controllers/User/Invoices.php(45): CodeIgniter\BaseModel->find('18')
#7 /home/dnzwygdo/djuragancom/vendor/codeigniter4/framework/system/CodeIgniter.php(898): App\Controllers\User\Invoices->save()
#8 /home/dnzwygdo/djuragancom/vendor/codeigniter4/framework/system/CodeIgniter.php(457): CodeIgniter\CodeIgniter->runController(Object(App\Controllers\User\Invoices))
#9 /home/dnzwygdo/djuragancom/vendor/codeigniter4/framework/system/CodeIgniter.php(340): CodeIgniter\CodeIgniter->handleRequest(NULL, Object(Config\Cache), false)
#10 /home/dnzwygdo/public_html/index.php(67): CodeIgniter\CodeIgniter->run()
#11 {main}

Next CodeIgniter\Database\Exceptions\DatabaseException: Too many connections in /home/dnzwygdo/djuragancom/vendor/codeigniter4/framework/system/Database/MySQLi/Connection.php:215
Stack trace:
#0 /home/dnzwygdo/djuragancom/vendor/codeigniter4/framework/system/Database/BaseConnection.php(382): CodeIgniter\Database\MySQLi\Connection->connect(false)
#1 /home/dnzwygdo/djuragancom/vendor/codeigniter4/framework/system/Database/BaseConnection.php(588): CodeIgniter\Database\BaseConnection->initialize()
#2 /home/dnzwygdo/djuragancom/vendor/codeigniter4/framework/system/Database/BaseBuilder.php(1585): CodeIgniter\Database\BaseConnection->query('SELECT *\nFROM `...', Array, false)
#3 /home/dnzwygdo/djuragancom/vendor/codeigniter4/framework/system/Model.php(181): CodeIgniter\Database\BaseBuilder->get()
#4 /home/dnzwygdo/djuragancom/vendor/codeigniter4/framework/system/BaseModel.php(523): CodeIgniter\Model->doFind(true, '18')
#5 /home/dnzwygdo/djuragancom/app/Controllers/User/Invoices.php(45): CodeIgniter\BaseModel->find('18')
#6 /home/dnzwygdo/djuragancom/vendor/codeigniter4/framework/system/CodeIgniter.php(898): App\Controllers\User\Invoices->save()
#7 /home/dnzwygdo/djuragancom/vendor/codeigniter4/framework/system/CodeIgniter.php(457): CodeIgniter\CodeIgniter->runController(Object(App\Controllers\User\Invoices))
#8 /home/dnzwygdo/djuragancom/vendor/codeigniter4/framework/system/CodeIgniter.php(340): CodeIgniter\CodeIgniter->handleRequest(NULL, Object(Config\Cache), false)
#9 /home/dnzwygdo/public_html/index.php(67): CodeIgniter\CodeIgniter->run()
#10 {main}
CRITICAL - 2025-05-27 16:34:31 --> Unable to connect to the database.
Main connection [MySQLi]: Too many connections
in SYSTEMPATH/Database/BaseConnection.php on line 418.
 1 SYSTEMPATH/Database/BaseConnection.php(588): CodeIgniter\Database\BaseConnection->initialize()
 2 SYSTEMPATH/Database/BaseBuilder.php(1585): CodeIgniter\Database\BaseConnection->query('SELECT *
FROM `order_user`
WHERE `order_user`.`deleted_at` IS NULL
AND `order_user`.`id` = :user.id:', [...], false)
 3 SYSTEMPATH/Model.php(181): CodeIgniter\Database\BaseBuilder->get()
 4 SYSTEMPATH/BaseModel.php(523): CodeIgniter\Model->doFind(true, '18')
 5 APPPATH/Controllers/User/Invoices.php(45): CodeIgniter\BaseModel->find('18')
 6 SYSTEMPATH/CodeIgniter.php(898): App\Controllers\User\Invoices->save()
 7 SYSTEMPATH/CodeIgniter.php(457): CodeIgniter\CodeIgniter->runController(Object(App\Controllers\User\Invoices))
 8 SYSTEMPATH/CodeIgniter.php(340): CodeIgniter\CodeIgniter->handleRequest(null, Object(Config\Cache), false)
 9 FCPATH/index.php(67): CodeIgniter\CodeIgniter->run()
ERROR - 2025-05-27 16:34:37 --> Error connecting to the database: mysqli_sql_exception: Too many connections in /home/dnzwygdo/djuragancom/vendor/codeigniter4/framework/system/Database/MySQLi/Connection.php:171
Stack trace:
#0 /home/dnzwygdo/djuragancom/vendor/codeigniter4/framework/system/Database/MySQLi/Connection.php(171): mysqli->real_connect('localhost', 'dnzwygdo_jura94...', 'v[,S+a7zlZd0', 'dnzwygdo_juraga...', 3306, '', 0)
#1 /home/dnzwygdo/djuragancom/vendor/codeigniter4/framework/system/Database/BaseConnection.php(382): CodeIgniter\Database\MySQLi\Connection->connect(false)
#2 /home/dnzwygdo/djuragancom/vendor/codeigniter4/framework/system/Database/BaseConnection.php(588): CodeIgniter\Database\BaseConnection->initialize()
#3 /home/dnzwygdo/djuragancom/vendor/codeigniter4/framework/system/Database/BaseBuilder.php(1669): CodeIgniter\Database\BaseConnection->query('SELECT COUNT(*)...', Array, false)
#4 /home/dnzwygdo/djuragancom/app/Controllers/Api/Notifikasi.php(37): CodeIgniter\Database\BaseBuilder->countAllResults()
#5 /home/dnzwygdo/djuragancom/vendor/codeigniter4/framework/system/CodeIgniter.php(898): App\Controllers\Api\Notifikasi->get()
#6 /home/dnzwygdo/djuragancom/vendor/codeigniter4/framework/system/CodeIgniter.php(457): CodeIgniter\CodeIgniter->runController(Object(App\Controllers\Api\Notifikasi))
#7 /home/dnzwygdo/djuragancom/vendor/codeigniter4/framework/system/CodeIgniter.php(340): CodeIgniter\CodeIgniter->handleRequest(NULL, Object(Config\Cache), false)
#8 /home/dnzwygdo/public_html/index.php(67): CodeIgniter\CodeIgniter->run()
#9 {main}

Next CodeIgniter\Database\Exceptions\DatabaseException: Too many connections in /home/dnzwygdo/djuragancom/vendor/codeigniter4/framework/system/Database/MySQLi/Connection.php:215
Stack trace:
#0 /home/dnzwygdo/djuragancom/vendor/codeigniter4/framework/system/Database/BaseConnection.php(382): CodeIgniter\Database\MySQLi\Connection->connect(false)
#1 /home/dnzwygdo/djuragancom/vendor/codeigniter4/framework/system/Database/BaseConnection.php(588): CodeIgniter\Database\BaseConnection->initialize()
#2 /home/dnzwygdo/djuragancom/vendor/codeigniter4/framework/system/Database/BaseBuilder.php(1669): CodeIgniter\Database\BaseConnection->query('SELECT COUNT(*)...', Array, false)
#3 /home/dnzwygdo/djuragancom/app/Controllers/Api/Notifikasi.php(37): CodeIgniter\Database\BaseBuilder->countAllResults()
#4 /home/dnzwygdo/djuragancom/vendor/codeigniter4/framework/system/CodeIgniter.php(898): App\Controllers\Api\Notifikasi->get()
#5 /home/dnzwygdo/djuragancom/vendor/codeigniter4/framework/system/CodeIgniter.php(457): CodeIgniter\CodeIgniter->runController(Object(App\Controllers\Api\Notifikasi))
#6 /home/dnzwygdo/djuragancom/vendor/codeigniter4/framework/system/CodeIgniter.php(340): CodeIgniter\CodeIgniter->handleRequest(NULL, Object(Config\Cache), false)
#7 /home/dnzwygdo/public_html/index.php(67): CodeIgniter\CodeIgniter->run()
#8 {main}
CRITICAL - 2025-05-27 16:34:37 --> Unable to connect to the database.
Main connection [MySQLi]: Too many connections
in SYSTEMPATH/Database/BaseConnection.php on line 418.
 1 SYSTEMPATH/Database/BaseConnection.php(588): CodeIgniter\Database\BaseConnection->initialize()
 2 SYSTEMPATH/Database/BaseBuilder.php(1669): CodeIgniter\Database\BaseConnection->query('SELECT COUNT(*) AS `numrows`
FROM `order_notifikasi` `n`
LEFT JOIN `order_invoice` `i` ON `n`.`invoice_id` = `i`.`id_invoice`
LEFT JOIN `order_user` `p` ON `n`.`from` = `p`.`id`
LEFT JOIN `order_juragan` `j` ON `j`.`id_juragan` = `n`.`juragan_id`
WHERE `n`.`for` = :n.for:
AND `n`.`read_at` IS NULL', [...], false)
 3 APPPATH/Controllers/Api/Notifikasi.php(37): CodeIgniter\Database\BaseBuilder->countAllResults()
 4 SYSTEMPATH/CodeIgniter.php(898): App\Controllers\Api\Notifikasi->get()
 5 SYSTEMPATH/CodeIgniter.php(457): CodeIgniter\CodeIgniter->runController(Object(App\Controllers\Api\Notifikasi))
 6 SYSTEMPATH/CodeIgniter.php(340): CodeIgniter\CodeIgniter->handleRequest(null, Object(Config\Cache), false)
 7 FCPATH/index.php(67): CodeIgniter\CodeIgniter->run()
ERROR - 2025-05-27 16:35:07 --> Error connecting to the database: mysqli_sql_exception: Too many connections in /home/dnzwygdo/djuragancom/vendor/codeigniter4/framework/system/Database/MySQLi/Connection.php:171
Stack trace:
#0 /home/dnzwygdo/djuragancom/vendor/codeigniter4/framework/system/Database/MySQLi/Connection.php(171): mysqli->real_connect('localhost', 'dnzwygdo_jura94...', 'v[,S+a7zlZd0', 'dnzwygdo_juraga...', 3306, '', 0)
#1 /home/dnzwygdo/djuragancom/vendor/codeigniter4/framework/system/Database/BaseConnection.php(382): CodeIgniter\Database\MySQLi\Connection->connect(false)
#2 /home/dnzwygdo/djuragancom/vendor/codeigniter4/framework/system/Database/BaseConnection.php(588): CodeIgniter\Database\BaseConnection->initialize()
#3 /home/dnzwygdo/djuragancom/vendor/codeigniter4/framework/system/Database/BaseBuilder.php(1669): CodeIgniter\Database\BaseConnection->query('SELECT COUNT(*)...', Array, false)
#4 /home/dnzwygdo/djuragancom/app/Controllers/Api/Notifikasi.php(37): CodeIgniter\Database\BaseBuilder->countAllResults()
#5 /home/dnzwygdo/djuragancom/vendor/codeigniter4/framework/system/CodeIgniter.php(898): App\Controllers\Api\Notifikasi->get()
#6 /home/dnzwygdo/djuragancom/vendor/codeigniter4/framework/system/CodeIgniter.php(457): CodeIgniter\CodeIgniter->runController(Object(App\Controllers\Api\Notifikasi))
#7 /home/dnzwygdo/djuragancom/vendor/codeigniter4/framework/system/CodeIgniter.php(340): CodeIgniter\CodeIgniter->handleRequest(NULL, Object(Config\Cache), false)
#8 /home/dnzwygdo/public_html/index.php(67): CodeIgniter\CodeIgniter->run()
#9 {main}

Next CodeIgniter\Database\Exceptions\DatabaseException: Too many connections in /home/dnzwygdo/djuragancom/vendor/codeigniter4/framework/system/Database/MySQLi/Connection.php:215
Stack trace:
#0 /home/dnzwygdo/djuragancom/vendor/codeigniter4/framework/system/Database/BaseConnection.php(382): CodeIgniter\Database\MySQLi\Connection->connect(false)
#1 /home/dnzwygdo/djuragancom/vendor/codeigniter4/framework/system/Database/BaseConnection.php(588): CodeIgniter\Database\BaseConnection->initialize()
#2 /home/dnzwygdo/djuragancom/vendor/codeigniter4/framework/system/Database/BaseBuilder.php(1669): CodeIgniter\Database\BaseConnection->query('SELECT COUNT(*)...', Array, false)
#3 /home/dnzwygdo/djuragancom/app/Controllers/Api/Notifikasi.php(37): CodeIgniter\Database\BaseBuilder->countAllResults()
#4 /home/dnzwygdo/djuragancom/vendor/codeigniter4/framework/system/CodeIgniter.php(898): App\Controllers\Api\Notifikasi->get()
#5 /home/dnzwygdo/djuragancom/vendor/codeigniter4/framework/system/CodeIgniter.php(457): CodeIgniter\CodeIgniter->runController(Object(App\Controllers\Api\Notifikasi))
#6 /home/dnzwygdo/djuragancom/vendor/codeigniter4/framework/system/CodeIgniter.php(340): CodeIgniter\CodeIgniter->handleRequest(NULL, Object(Config\Cache), false)
#7 /home/dnzwygdo/public_html/index.php(67): CodeIgniter\CodeIgniter->run()
#8 {main}
CRITICAL - 2025-05-27 16:35:07 --> Unable to connect to the database.
Main connection [MySQLi]: Too many connections
in SYSTEMPATH/Database/BaseConnection.php on line 418.
 1 SYSTEMPATH/Database/BaseConnection.php(588): CodeIgniter\Database\BaseConnection->initialize()
 2 SYSTEMPATH/Database/BaseBuilder.php(1669): CodeIgniter\Database\BaseConnection->query('SELECT COUNT(*) AS `numrows`
FROM `order_notifikasi` `n`
LEFT JOIN `order_invoice` `i` ON `n`.`invoice_id` = `i`.`id_invoice`
LEFT JOIN `order_user` `p` ON `n`.`from` = `p`.`id`
LEFT JOIN `order_juragan` `j` ON `j`.`id_juragan` = `n`.`juragan_id`
WHERE `n`.`for` = :n.for:
AND `n`.`read_at` IS NULL', [...], false)
 3 APPPATH/Controllers/Api/Notifikasi.php(37): CodeIgniter\Database\BaseBuilder->countAllResults()
 4 SYSTEMPATH/CodeIgniter.php(898): App\Controllers\Api\Notifikasi->get()
 5 SYSTEMPATH/CodeIgniter.php(457): CodeIgniter\CodeIgniter->runController(Object(App\Controllers\Api\Notifikasi))
 6 SYSTEMPATH/CodeIgniter.php(340): CodeIgniter\CodeIgniter->handleRequest(null, Object(Config\Cache), false)
 7 FCPATH/index.php(67): CodeIgniter\CodeIgniter->run()
ERROR - 2025-05-27 16:35:17 --> Error connecting to the database: mysqli_sql_exception: Too many connections in /home/dnzwygdo/djuragancom/vendor/codeigniter4/framework/system/Database/MySQLi/Connection.php:171
Stack trace:
#0 /home/dnzwygdo/djuragancom/vendor/codeigniter4/framework/system/Database/MySQLi/Connection.php(171): mysqli->real_connect('localhost', 'dnzwygdo_jura94...', 'v[,S+a7zlZd0', 'dnzwygdo_juraga...', 3306, '', 0)
#1 /home/dnzwygdo/djuragancom/vendor/codeigniter4/framework/system/Database/BaseConnection.php(382): CodeIgniter\Database\MySQLi\Connection->connect(false)
#2 /home/dnzwygdo/djuragancom/vendor/codeigniter4/framework/system/Database/BaseConnection.php(588): CodeIgniter\Database\BaseConnection->initialize()
#3 /home/dnzwygdo/djuragancom/vendor/codeigniter4/framework/system/Database/BaseBuilder.php(1669): CodeIgniter\Database\BaseConnection->query('SELECT COUNT(*)...', Array, false)
#4 /home/dnzwygdo/djuragancom/app/Controllers/Api/Notifikasi.php(37): CodeIgniter\Database\BaseBuilder->countAllResults()
#5 /home/dnzwygdo/djuragancom/vendor/codeigniter4/framework/system/CodeIgniter.php(898): App\Controllers\Api\Notifikasi->get()
#6 /home/dnzwygdo/djuragancom/vendor/codeigniter4/framework/system/CodeIgniter.php(457): CodeIgniter\CodeIgniter->runController(Object(App\Controllers\Api\Notifikasi))
#7 /home/dnzwygdo/djuragancom/vendor/codeigniter4/framework/system/CodeIgniter.php(340): CodeIgniter\CodeIgniter->handleRequest(NULL, Object(Config\Cache), false)
#8 /home/dnzwygdo/public_html/index.php(67): CodeIgniter\CodeIgniter->run()
#9 {main}

Next CodeIgniter\Database\Exceptions\DatabaseException: Too many connections in /home/dnzwygdo/djuragancom/vendor/codeigniter4/framework/system/Database/MySQLi/Connection.php:215
Stack trace:
#0 /home/dnzwygdo/djuragancom/vendor/codeigniter4/framework/system/Database/BaseConnection.php(382): CodeIgniter\Database\MySQLi\Connection->connect(false)
#1 /home/dnzwygdo/djuragancom/vendor/codeigniter4/framework/system/Database/BaseConnection.php(588): CodeIgniter\Database\BaseConnection->initialize()
#2 /home/dnzwygdo/djuragancom/vendor/codeigniter4/framework/system/Database/BaseBuilder.php(1669): CodeIgniter\Database\BaseConnection->query('SELECT COUNT(*)...', Array, false)
#3 /home/dnzwygdo/djuragancom/app/Controllers/Api/Notifikasi.php(37): CodeIgniter\Database\BaseBuilder->countAllResults()
#4 /home/dnzwygdo/djuragancom/vendor/codeigniter4/framework/system/CodeIgniter.php(898): App\Controllers\Api\Notifikasi->get()
#5 /home/dnzwygdo/djuragancom/vendor/codeigniter4/framework/system/CodeIgniter.php(457): CodeIgniter\CodeIgniter->runController(Object(App\Controllers\Api\Notifikasi))
#6 /home/dnzwygdo/djuragancom/vendor/codeigniter4/framework/system/CodeIgniter.php(340): CodeIgniter\CodeIgniter->handleRequest(NULL, Object(Config\Cache), false)
#7 /home/dnzwygdo/public_html/index.php(67): CodeIgniter\CodeIgniter->run()
#8 {main}
CRITICAL - 2025-05-27 16:35:17 --> Unable to connect to the database.
Main connection [MySQLi]: Too many connections
in SYSTEMPATH/Database/BaseConnection.php on line 418.
 1 SYSTEMPATH/Database/BaseConnection.php(588): CodeIgniter\Database\BaseConnection->initialize()
 2 SYSTEMPATH/Database/BaseBuilder.php(1669): CodeIgniter\Database\BaseConnection->query('SELECT COUNT(*) AS `numrows`
FROM `order_notifikasi` `n`
LEFT JOIN `order_invoice` `i` ON `n`.`invoice_id` = `i`.`id_invoice`
LEFT JOIN `order_user` `p` ON `n`.`from` = `p`.`id`
LEFT JOIN `order_juragan` `j` ON `j`.`id_juragan` = `n`.`juragan_id`
WHERE `n`.`for` = :n.for:
AND `n`.`read_at` IS NULL', [...], false)
 3 APPPATH/Controllers/Api/Notifikasi.php(37): CodeIgniter\Database\BaseBuilder->countAllResults()
 4 SYSTEMPATH/CodeIgniter.php(898): App\Controllers\Api\Notifikasi->get()
 5 SYSTEMPATH/CodeIgniter.php(457): CodeIgniter\CodeIgniter->runController(Object(App\Controllers\Api\Notifikasi))
 6 SYSTEMPATH/CodeIgniter.php(340): CodeIgniter\CodeIgniter->handleRequest(null, Object(Config\Cache), false)
 7 FCPATH/index.php(67): CodeIgniter\CodeIgniter->run()
ERROR - 2025-05-27 16:35:21 --> Error connecting to the database: mysqli_sql_exception: Too many connections in /home/dnzwygdo/djuragancom/vendor/codeigniter4/framework/system/Database/MySQLi/Connection.php:171
Stack trace:
#0 /home/dnzwygdo/djuragancom/vendor/codeigniter4/framework/system/Database/MySQLi/Connection.php(171): mysqli->real_connect('localhost', 'dnzwygdo_jura94...', 'v[,S+a7zlZd0', 'dnzwygdo_juraga...', 3306, '', 0)
#1 /home/dnzwygdo/djuragancom/vendor/codeigniter4/framework/system/Database/BaseConnection.php(382): CodeIgniter\Database\MySQLi\Connection->connect(false)
#2 /home/dnzwygdo/djuragancom/vendor/codeigniter4/framework/system/Database/BaseConnection.php(588): CodeIgniter\Database\BaseConnection->initialize()
#3 /home/dnzwygdo/djuragancom/vendor/codeigniter4/framework/system/Database/BaseBuilder.php(1669): CodeIgniter\Database\BaseConnection->query('SELECT COUNT(*)...', Array, false)
#4 /home/dnzwygdo/djuragancom/app/Controllers/Api/Notifikasi.php(37): CodeIgniter\Database\BaseBuilder->countAllResults()
#5 /home/dnzwygdo/djuragancom/vendor/codeigniter4/framework/system/CodeIgniter.php(898): App\Controllers\Api\Notifikasi->get()
#6 /home/dnzwygdo/djuragancom/vendor/codeigniter4/framework/system/CodeIgniter.php(457): CodeIgniter\CodeIgniter->runController(Object(App\Controllers\Api\Notifikasi))
#7 /home/dnzwygdo/djuragancom/vendor/codeigniter4/framework/system/CodeIgniter.php(340): CodeIgniter\CodeIgniter->handleRequest(NULL, Object(Config\Cache), false)
#8 /home/dnzwygdo/public_html/index.php(67): CodeIgniter\CodeIgniter->run()
#9 {main}

Next CodeIgniter\Database\Exceptions\DatabaseException: Too many connections in /home/dnzwygdo/djuragancom/vendor/codeigniter4/framework/system/Database/MySQLi/Connection.php:215
Stack trace:
#0 /home/dnzwygdo/djuragancom/vendor/codeigniter4/framework/system/Database/BaseConnection.php(382): CodeIgniter\Database\MySQLi\Connection->connect(false)
#1 /home/dnzwygdo/djuragancom/vendor/codeigniter4/framework/system/Database/BaseConnection.php(588): CodeIgniter\Database\BaseConnection->initialize()
#2 /home/dnzwygdo/djuragancom/vendor/codeigniter4/framework/system/Database/BaseBuilder.php(1669): CodeIgniter\Database\BaseConnection->query('SELECT COUNT(*)...', Array, false)
#3 /home/dnzwygdo/djuragancom/app/Controllers/Api/Notifikasi.php(37): CodeIgniter\Database\BaseBuilder->countAllResults()
#4 /home/dnzwygdo/djuragancom/vendor/codeigniter4/framework/system/CodeIgniter.php(898): App\Controllers\Api\Notifikasi->get()
#5 /home/dnzwygdo/djuragancom/vendor/codeigniter4/framework/system/CodeIgniter.php(457): CodeIgniter\CodeIgniter->runController(Object(App\Controllers\Api\Notifikasi))
#6 /home/dnzwygdo/djuragancom/vendor/codeigniter4/framework/system/CodeIgniter.php(340): CodeIgniter\CodeIgniter->handleRequest(NULL, Object(Config\Cache), false)
#7 /home/dnzwygdo/public_html/index.php(67): CodeIgniter\CodeIgniter->run()
#8 {main}
CRITICAL - 2025-05-27 16:35:21 --> Unable to connect to the database.
Main connection [MySQLi]: Too many connections
in SYSTEMPATH/Database/BaseConnection.php on line 418.
 1 SYSTEMPATH/Database/BaseConnection.php(588): CodeIgniter\Database\BaseConnection->initialize()
 2 SYSTEMPATH/Database/BaseBuilder.php(1669): CodeIgniter\Database\BaseConnection->query('SELECT COUNT(*) AS `numrows`
FROM `order_notifikasi` `n`
LEFT JOIN `order_invoice` `i` ON `n`.`invoice_id` = `i`.`id_invoice`
LEFT JOIN `order_user` `p` ON `n`.`from` = `p`.`id`
LEFT JOIN `order_juragan` `j` ON `j`.`id_juragan` = `n`.`juragan_id`
WHERE `n`.`for` = :n.for:
AND `n`.`read_at` IS NULL', [...], false)
 3 APPPATH/Controllers/Api/Notifikasi.php(37): CodeIgniter\Database\BaseBuilder->countAllResults()
 4 SYSTEMPATH/CodeIgniter.php(898): App\Controllers\Api\Notifikasi->get()
 5 SYSTEMPATH/CodeIgniter.php(457): CodeIgniter\CodeIgniter->runController(Object(App\Controllers\Api\Notifikasi))
 6 SYSTEMPATH/CodeIgniter.php(340): CodeIgniter\CodeIgniter->handleRequest(null, Object(Config\Cache), false)
 7 FCPATH/index.php(67): CodeIgniter\CodeIgniter->run()
ERROR - 2025-05-27 16:35:21 --> Error connecting to the database: mysqli_sql_exception: Too many connections in /home/dnzwygdo/djuragancom/vendor/codeigniter4/framework/system/Database/MySQLi/Connection.php:171
Stack trace:
#0 /home/dnzwygdo/djuragancom/vendor/codeigniter4/framework/system/Database/MySQLi/Connection.php(171): mysqli->real_connect('localhost', 'dnzwygdo_jura94...', 'v[,S+a7zlZd0', 'dnzwygdo_juraga...', 3306, '', 0)
#1 /home/dnzwygdo/djuragancom/vendor/codeigniter4/framework/system/Database/BaseConnection.php(382): CodeIgniter\Database\MySQLi\Connection->connect(false)
#2 /home/dnzwygdo/djuragancom/vendor/codeigniter4/framework/system/Database/BaseConnection.php(588): CodeIgniter\Database\BaseConnection->initialize()
#3 /home/dnzwygdo/djuragancom/vendor/codeigniter4/framework/system/Database/BaseBuilder.php(1669): CodeIgniter\Database\BaseConnection->query('SELECT COUNT(*)...', Array, false)
#4 /home/dnzwygdo/djuragancom/app/Controllers/Api/Notifikasi.php(37): CodeIgniter\Database\BaseBuilder->countAllResults()
#5 /home/dnzwygdo/djuragancom/vendor/codeigniter4/framework/system/CodeIgniter.php(898): App\Controllers\Api\Notifikasi->get()
#6 /home/dnzwygdo/djuragancom/vendor/codeigniter4/framework/system/CodeIgniter.php(457): CodeIgniter\CodeIgniter->runController(Object(App\Controllers\Api\Notifikasi))
#7 /home/dnzwygdo/djuragancom/vendor/codeigniter4/framework/system/CodeIgniter.php(340): CodeIgniter\CodeIgniter->handleRequest(NULL, Object(Config\Cache), false)
#8 /home/dnzwygdo/public_html/index.php(67): CodeIgniter\CodeIgniter->run()
#9 {main}

Next CodeIgniter\Database\Exceptions\DatabaseException: Too many connections in /home/dnzwygdo/djuragancom/vendor/codeigniter4/framework/system/Database/MySQLi/Connection.php:215
Stack trace:
#0 /home/dnzwygdo/djuragancom/vendor/codeigniter4/framework/system/Database/BaseConnection.php(382): CodeIgniter\Database\MySQLi\Connection->connect(false)
#1 /home/dnzwygdo/djuragancom/vendor/codeigniter4/framework/system/Database/BaseConnection.php(588): CodeIgniter\Database\BaseConnection->initialize()
#2 /home/dnzwygdo/djuragancom/vendor/codeigniter4/framework/system/Database/BaseBuilder.php(1669): CodeIgniter\Database\BaseConnection->query('SELECT COUNT(*)...', Array, false)
#3 /home/dnzwygdo/djuragancom/app/Controllers/Api/Notifikasi.php(37): CodeIgniter\Database\BaseBuilder->countAllResults()
#4 /home/dnzwygdo/djuragancom/vendor/codeigniter4/framework/system/CodeIgniter.php(898): App\Controllers\Api\Notifikasi->get()
#5 /home/dnzwygdo/djuragancom/vendor/codeigniter4/framework/system/CodeIgniter.php(457): CodeIgniter\CodeIgniter->runController(Object(App\Controllers\Api\Notifikasi))
#6 /home/dnzwygdo/djuragancom/vendor/codeigniter4/framework/system/CodeIgniter.php(340): CodeIgniter\CodeIgniter->handleRequest(NULL, Object(Config\Cache), false)
#7 /home/dnzwygdo/public_html/index.php(67): CodeIgniter\CodeIgniter->run()
#8 {main}
CRITICAL - 2025-05-27 16:35:21 --> Unable to connect to the database.
Main connection [MySQLi]: Too many connections
in SYSTEMPATH/Database/BaseConnection.php on line 418.
 1 SYSTEMPATH/Database/BaseConnection.php(588): CodeIgniter\Database\BaseConnection->initialize()
 2 SYSTEMPATH/Database/BaseBuilder.php(1669): CodeIgniter\Database\BaseConnection->query('SELECT COUNT(*) AS `numrows`
FROM `order_notifikasi` `n`
LEFT JOIN `order_invoice` `i` ON `n`.`invoice_id` = `i`.`id_invoice`
LEFT JOIN `order_user` `p` ON `n`.`from` = `p`.`id`
LEFT JOIN `order_juragan` `j` ON `j`.`id_juragan` = `n`.`juragan_id`
WHERE `n`.`for` = :n.for:
AND `n`.`read_at` IS NULL', [...], false)
 3 APPPATH/Controllers/Api/Notifikasi.php(37): CodeIgniter\Database\BaseBuilder->countAllResults()
 4 SYSTEMPATH/CodeIgniter.php(898): App\Controllers\Api\Notifikasi->get()
 5 SYSTEMPATH/CodeIgniter.php(457): CodeIgniter\CodeIgniter->runController(Object(App\Controllers\Api\Notifikasi))
 6 SYSTEMPATH/CodeIgniter.php(340): CodeIgniter\CodeIgniter->handleRequest(null, Object(Config\Cache), false)
 7 FCPATH/index.php(67): CodeIgniter\CodeIgniter->run()
ERROR - 2025-05-27 16:35:21 --> Error connecting to the database: mysqli_sql_exception: Too many connections in /home/dnzwygdo/djuragancom/vendor/codeigniter4/framework/system/Database/MySQLi/Connection.php:171
Stack trace:
#0 /home/dnzwygdo/djuragancom/vendor/codeigniter4/framework/system/Database/MySQLi/Connection.php(171): mysqli->real_connect('localhost', 'dnzwygdo_jura94...', 'v[,S+a7zlZd0', 'dnzwygdo_juraga...', 3306, '', 0)
#1 /home/dnzwygdo/djuragancom/vendor/codeigniter4/framework/system/Database/BaseConnection.php(382): CodeIgniter\Database\MySQLi\Connection->connect(false)
#2 /home/dnzwygdo/djuragancom/vendor/codeigniter4/framework/system/Database/BaseConnection.php(588): CodeIgniter\Database\BaseConnection->initialize()
#3 /home/dnzwygdo/djuragancom/vendor/codeigniter4/framework/system/Database/BaseBuilder.php(1669): CodeIgniter\Database\BaseConnection->query('SELECT COUNT(*)...', Array, false)
#4 /home/dnzwygdo/djuragancom/app/Controllers/Api/Notifikasi.php(37): CodeIgniter\Database\BaseBuilder->countAllResults()
#5 /home/dnzwygdo/djuragancom/vendor/codeigniter4/framework/system/CodeIgniter.php(898): App\Controllers\Api\Notifikasi->get()
#6 /home/dnzwygdo/djuragancom/vendor/codeigniter4/framework/system/CodeIgniter.php(457): CodeIgniter\CodeIgniter->runController(Object(App\Controllers\Api\Notifikasi))
#7 /home/dnzwygdo/djuragancom/vendor/codeigniter4/framework/system/CodeIgniter.php(340): CodeIgniter\CodeIgniter->handleRequest(NULL, Object(Config\Cache), false)
#8 /home/dnzwygdo/public_html/index.php(67): CodeIgniter\CodeIgniter->run()
#9 {main}

Next CodeIgniter\Database\Exceptions\DatabaseException: Too many connections in /home/dnzwygdo/djuragancom/vendor/codeigniter4/framework/system/Database/MySQLi/Connection.php:215
Stack trace:
#0 /home/dnzwygdo/djuragancom/vendor/codeigniter4/framework/system/Database/BaseConnection.php(382): CodeIgniter\Database\MySQLi\Connection->connect(false)
#1 /home/dnzwygdo/djuragancom/vendor/codeigniter4/framework/system/Database/BaseConnection.php(588): CodeIgniter\Database\BaseConnection->initialize()
#2 /home/dnzwygdo/djuragancom/vendor/codeigniter4/framework/system/Database/BaseBuilder.php(1669): CodeIgniter\Database\BaseConnection->query('SELECT COUNT(*)...', Array, false)
#3 /home/dnzwygdo/djuragancom/app/Controllers/Api/Notifikasi.php(37): CodeIgniter\Database\BaseBuilder->countAllResults()
#4 /home/dnzwygdo/djuragancom/vendor/codeigniter4/framework/system/CodeIgniter.php(898): App\Controllers\Api\Notifikasi->get()
#5 /home/dnzwygdo/djuragancom/vendor/codeigniter4/framework/system/CodeIgniter.php(457): CodeIgniter\CodeIgniter->runController(Object(App\Controllers\Api\Notifikasi))
#6 /home/dnzwygdo/djuragancom/vendor/codeigniter4/framework/system/CodeIgniter.php(340): CodeIgniter\CodeIgniter->handleRequest(NULL, Object(Config\Cache), false)
#7 /home/dnzwygdo/public_html/index.php(67): CodeIgniter\CodeIgniter->run()
#8 {main}
CRITICAL - 2025-05-27 16:35:21 --> Unable to connect to the database.
Main connection [MySQLi]: Too many connections
in SYSTEMPATH/Database/BaseConnection.php on line 418.
 1 SYSTEMPATH/Database/BaseConnection.php(588): CodeIgniter\Database\BaseConnection->initialize()
 2 SYSTEMPATH/Database/BaseBuilder.php(1669): CodeIgniter\Database\BaseConnection->query('SELECT COUNT(*) AS `numrows`
FROM `order_notifikasi` `n`
LEFT JOIN `order_invoice` `i` ON `n`.`invoice_id` = `i`.`id_invoice`
LEFT JOIN `order_user` `p` ON `n`.`from` = `p`.`id`
LEFT JOIN `order_juragan` `j` ON `j`.`id_juragan` = `n`.`juragan_id`
WHERE `n`.`for` = :n.for:
AND `n`.`read_at` IS NULL', [...], false)
 3 APPPATH/Controllers/Api/Notifikasi.php(37): CodeIgniter\Database\BaseBuilder->countAllResults()
 4 SYSTEMPATH/CodeIgniter.php(898): App\Controllers\Api\Notifikasi->get()
 5 SYSTEMPATH/CodeIgniter.php(457): CodeIgniter\CodeIgniter->runController(Object(App\Controllers\Api\Notifikasi))
 6 SYSTEMPATH/CodeIgniter.php(340): CodeIgniter\CodeIgniter->handleRequest(null, Object(Config\Cache), false)
 7 FCPATH/index.php(67): CodeIgniter\CodeIgniter->run()
ERROR - 2025-05-27 16:35:55 --> Error connecting to the database: mysqli_sql_exception: Too many connections in /home/dnzwygdo/djuragancom/vendor/codeigniter4/framework/system/Database/MySQLi/Connection.php:171
Stack trace:
#0 /home/dnzwygdo/djuragancom/vendor/codeigniter4/framework/system/Database/MySQLi/Connection.php(171): mysqli->real_connect('localhost', 'dnzwygdo_jura94...', 'v[,S+a7zlZd0', 'dnzwygdo_juraga...', 3306, '', 0)
#1 /home/dnzwygdo/djuragancom/vendor/codeigniter4/framework/system/Database/BaseConnection.php(382): CodeIgniter\Database\MySQLi\Connection->connect(false)
#2 /home/dnzwygdo/djuragancom/vendor/codeigniter4/framework/system/Database/BaseConnection.php(588): CodeIgniter\Database\BaseConnection->initialize()
#3 /home/dnzwygdo/djuragancom/vendor/codeigniter4/framework/system/Database/BaseBuilder.php(1585): CodeIgniter\Database\BaseConnection->query('SELECT `j`.*, `...', Array, false)
#4 /home/dnzwygdo/djuragancom/app/Models/JuraganModel.php(49): CodeIgniter\Database\BaseBuilder->get()
#5 /home/dnzwygdo/djuragancom/app/Controllers/Juragan.php(66): App\Models\JuraganModel->byUserId('18')
#6 /home/dnzwygdo/djuragancom/app/Controllers/Api/Juragan.php(68): App\Controllers\Juragan::get_users('18')
#7 /home/dnzwygdo/djuragancom/vendor/codeigniter4/framework/system/CodeIgniter.php(898): App\Controllers\Api\Juragan->get_users()
#8 /home/dnzwygdo/djuragancom/vendor/codeigniter4/framework/system/CodeIgniter.php(457): CodeIgniter\CodeIgniter->runController(Object(App\Controllers\Api\Juragan))
#9 /home/dnzwygdo/djuragancom/vendor/codeigniter4/framework/system/CodeIgniter.php(340): CodeIgniter\CodeIgniter->handleRequest(NULL, Object(Config\Cache), false)
#10 /home/dnzwygdo/public_html/index.php(67): CodeIgniter\CodeIgniter->run()
#11 {main}

Next CodeIgniter\Database\Exceptions\DatabaseException: Too many connections in /home/dnzwygdo/djuragancom/vendor/codeigniter4/framework/system/Database/MySQLi/Connection.php:215
Stack trace:
#0 /home/dnzwygdo/djuragancom/vendor/codeigniter4/framework/system/Database/BaseConnection.php(382): CodeIgniter\Database\MySQLi\Connection->connect(false)
#1 /home/dnzwygdo/djuragancom/vendor/codeigniter4/framework/system/Database/BaseConnection.php(588): CodeIgniter\Database\BaseConnection->initialize()
#2 /home/dnzwygdo/djuragancom/vendor/codeigniter4/framework/system/Database/BaseBuilder.php(1585): CodeIgniter\Database\BaseConnection->query('SELECT `j`.*, `...', Array, false)
#3 /home/dnzwygdo/djuragancom/app/Models/JuraganModel.php(49): CodeIgniter\Database\BaseBuilder->get()
#4 /home/dnzwygdo/djuragancom/app/Controllers/Juragan.php(66): App\Models\JuraganModel->byUserId('18')
#5 /home/dnzwygdo/djuragancom/app/Controllers/Api/Juragan.php(68): App\Controllers\Juragan::get_users('18')
#6 /home/dnzwygdo/djuragancom/vendor/codeigniter4/framework/system/CodeIgniter.php(898): App\Controllers\Api\Juragan->get_users()
#7 /home/dnzwygdo/djuragancom/vendor/codeigniter4/framework/system/CodeIgniter.php(457): CodeIgniter\CodeIgniter->runController(Object(App\Controllers\Api\Juragan))
#8 /home/dnzwygdo/djuragancom/vendor/codeigniter4/framework/system/CodeIgniter.php(340): CodeIgniter\CodeIgniter->handleRequest(NULL, Object(Config\Cache), false)
#9 /home/dnzwygdo/public_html/index.php(67): CodeIgniter\CodeIgniter->run()
#10 {main}
CRITICAL - 2025-05-27 16:35:55 --> Unable to connect to the database.
Main connection [MySQLi]: Too many connections
in SYSTEMPATH/Database/BaseConnection.php on line 418.
 1 SYSTEMPATH/Database/BaseConnection.php(588): CodeIgniter\Database\BaseConnection->initialize()
 2 SYSTEMPATH/Database/BaseBuilder.php(1585): CodeIgniter\Database\BaseConnection->query('SELECT `j`.*, `u`.`id` as `user_id`, `u`.`name` as `nama_user`, `u`.`username`, `u`.`email`, `r`.`table`
FROM `order_juragan` `j`
JOIN `order_relasi` `r` ON `r`.`juragan_id` = `j`.`id_juragan`
JOIN `order_user` `u` ON `u`.`id` = `r`.`val_id`
WHERE `r`.`table` = :r.table:
GROUP BY `u`.`id`, `j`.`id_juragan`
HAVING `u`.`id` = :u.id:', [...], false)
 3 APPPATH/Models/JuraganModel.php(49): CodeIgniter\Database\BaseBuilder->get()
 4 APPPATH/Controllers/Juragan.php(66): App\Models\JuraganModel->byUserId('18')
 5 APPPATH/Controllers/Api/Juragan.php(68): App\Controllers\Juragan::get_users('18')
 6 SYSTEMPATH/CodeIgniter.php(898): App\Controllers\Api\Juragan->get_users()
 7 SYSTEMPATH/CodeIgniter.php(457): CodeIgniter\CodeIgniter->runController(Object(App\Controllers\Api\Juragan))
 8 SYSTEMPATH/CodeIgniter.php(340): CodeIgniter\CodeIgniter->handleRequest(null, Object(Config\Cache), false)
 9 FCPATH/index.php(67): CodeIgniter\CodeIgniter->run()
ERROR - 2025-05-27 16:36:05 --> Error connecting to the database: mysqli_sql_exception: Too many connections in /home/dnzwygdo/djuragancom/vendor/codeigniter4/framework/system/Database/MySQLi/Connection.php:171
Stack trace:
#0 /home/dnzwygdo/djuragancom/vendor/codeigniter4/framework/system/Database/MySQLi/Connection.php(171): mysqli->real_connect('localhost', 'dnzwygdo_jura94...', 'v[,S+a7zlZd0', 'dnzwygdo_juraga...', 3306, '', 0)
#1 /home/dnzwygdo/djuragancom/vendor/codeigniter4/framework/system/Database/BaseConnection.php(382): CodeIgniter\Database\MySQLi\Connection->connect(false)
#2 /home/dnzwygdo/djuragancom/vendor/codeigniter4/framework/system/Database/BaseConnection.php(588): CodeIgniter\Database\BaseConnection->initialize()
#3 /home/dnzwygdo/djuragancom/vendor/codeigniter4/framework/system/Database/BaseBuilder.php(1669): CodeIgniter\Database\BaseConnection->query('SELECT COUNT(*)...', Array, false)
#4 /home/dnzwygdo/djuragancom/app/Controllers/Api/Notifikasi.php(37): CodeIgniter\Database\BaseBuilder->countAllResults()
#5 /home/dnzwygdo/djuragancom/vendor/codeigniter4/framework/system/CodeIgniter.php(898): App\Controllers\Api\Notifikasi->get()
#6 /home/dnzwygdo/djuragancom/vendor/codeigniter4/framework/system/CodeIgniter.php(457): CodeIgniter\CodeIgniter->runController(Object(App\Controllers\Api\Notifikasi))
#7 /home/dnzwygdo/djuragancom/vendor/codeigniter4/framework/system/CodeIgniter.php(340): CodeIgniter\CodeIgniter->handleRequest(NULL, Object(Config\Cache), false)
#8 /home/dnzwygdo/public_html/index.php(67): CodeIgniter\CodeIgniter->run()
#9 {main}

Next CodeIgniter\Database\Exceptions\DatabaseException: Too many connections in /home/dnzwygdo/djuragancom/vendor/codeigniter4/framework/system/Database/MySQLi/Connection.php:215
Stack trace:
#0 /home/dnzwygdo/djuragancom/vendor/codeigniter4/framework/system/Database/BaseConnection.php(382): CodeIgniter\Database\MySQLi\Connection->connect(false)
#1 /home/dnzwygdo/djuragancom/vendor/codeigniter4/framework/system/Database/BaseConnection.php(588): CodeIgniter\Database\BaseConnection->initialize()
#2 /home/dnzwygdo/djuragancom/vendor/codeigniter4/framework/system/Database/BaseBuilder.php(1669): CodeIgniter\Database\BaseConnection->query('SELECT COUNT(*)...', Array, false)
#3 /home/dnzwygdo/djuragancom/app/Controllers/Api/Notifikasi.php(37): CodeIgniter\Database\BaseBuilder->countAllResults()
#4 /home/dnzwygdo/djuragancom/vendor/codeigniter4/framework/system/CodeIgniter.php(898): App\Controllers\Api\Notifikasi->get()
#5 /home/dnzwygdo/djuragancom/vendor/codeigniter4/framework/system/CodeIgniter.php(457): CodeIgniter\CodeIgniter->runController(Object(App\Controllers\Api\Notifikasi))
#6 /home/dnzwygdo/djuragancom/vendor/codeigniter4/framework/system/CodeIgniter.php(340): CodeIgniter\CodeIgniter->handleRequest(NULL, Object(Config\Cache), false)
#7 /home/dnzwygdo/public_html/index.php(67): CodeIgniter\CodeIgniter->run()
#8 {main}
CRITICAL - 2025-05-27 16:36:05 --> Unable to connect to the database.
Main connection [MySQLi]: Too many connections
in SYSTEMPATH/Database/BaseConnection.php on line 418.
 1 SYSTEMPATH/Database/BaseConnection.php(588): CodeIgniter\Database\BaseConnection->initialize()
 2 SYSTEMPATH/Database/BaseBuilder.php(1669): CodeIgniter\Database\BaseConnection->query('SELECT COUNT(*) AS `numrows`
FROM `order_notifikasi` `n`
LEFT JOIN `order_invoice` `i` ON `n`.`invoice_id` = `i`.`id_invoice`
LEFT JOIN `order_user` `p` ON `n`.`from` = `p`.`id`
LEFT JOIN `order_juragan` `j` ON `j`.`id_juragan` = `n`.`juragan_id`
WHERE `n`.`for` = :n.for:
AND `n`.`read_at` IS NULL', [...], false)
 3 APPPATH/Controllers/Api/Notifikasi.php(37): CodeIgniter\Database\BaseBuilder->countAllResults()
 4 SYSTEMPATH/CodeIgniter.php(898): App\Controllers\Api\Notifikasi->get()
 5 SYSTEMPATH/CodeIgniter.php(457): CodeIgniter\CodeIgniter->runController(Object(App\Controllers\Api\Notifikasi))
 6 SYSTEMPATH/CodeIgniter.php(340): CodeIgniter\CodeIgniter->handleRequest(null, Object(Config\Cache), false)
 7 FCPATH/index.php(67): CodeIgniter\CodeIgniter->run()
ERROR - 2025-05-27 16:36:09 --> Error connecting to the database: mysqli_sql_exception: Too many connections in /home/dnzwygdo/djuragancom/vendor/codeigniter4/framework/system/Database/MySQLi/Connection.php:171
Stack trace:
#0 /home/dnzwygdo/djuragancom/vendor/codeigniter4/framework/system/Database/MySQLi/Connection.php(171): mysqli->real_connect('localhost', 'dnzwygdo_jura94...', 'v[,S+a7zlZd0', 'dnzwygdo_juraga...', 3306, '', 0)
#1 /home/dnzwygdo/djuragancom/vendor/codeigniter4/framework/system/Database/BaseConnection.php(382): CodeIgniter\Database\MySQLi\Connection->connect(false)
#2 /home/dnzwygdo/djuragancom/vendor/codeigniter4/framework/system/Database/BaseConnection.php(588): CodeIgniter\Database\BaseConnection->initialize()
#3 /home/dnzwygdo/djuragancom/vendor/codeigniter4/framework/system/Database/BaseBuilder.php(1669): CodeIgniter\Database\BaseConnection->query('SELECT COUNT(*)...', Array, false)
#4 /home/dnzwygdo/djuragancom/vendor/codeigniter4/framework/system/Model.php(550): CodeIgniter\Database\BaseBuilder->countAllResults(true)
#5 /home/dnzwygdo/djuragancom/app/Controllers/BaseController.php(90): CodeIgniter\Model->countAllResults()
#6 /home/dnzwygdo/djuragancom/app/Controllers/BaseController.php(106): App\Controllers\BaseController->isJuragan('0918e5c4f1ce317...')
#7 /home/dnzwygdo/djuragancom/app/Controllers/User/Invoices.php(136): App\Controllers\BaseController->allowedJuragan('18', '0918e5c4f1ce317...')
#8 /home/dnzwygdo/djuragancom/vendor/codeigniter4/framework/system/CodeIgniter.php(898): App\Controllers\User\Invoices->lihat('0918e5c4f1ce317...')
#9 /home/dnzwygdo/djuragancom/vendor/codeigniter4/framework/system/CodeIgniter.php(457): CodeIgniter\CodeIgniter->runController(Object(App\Controllers\User\Invoices))
#10 /home/dnzwygdo/djuragancom/vendor/codeigniter4/framework/system/CodeIgniter.php(340): CodeIgniter\CodeIgniter->handleRequest(NULL, Object(Config\Cache), false)
#11 /home/dnzwygdo/public_html/index.php(67): CodeIgniter\CodeIgniter->run()
#12 {main}

Next CodeIgniter\Database\Exceptions\DatabaseException: Too many connections in /home/dnzwygdo/djuragancom/vendor/codeigniter4/framework/system/Database/MySQLi/Connection.php:215
Stack trace:
#0 /home/dnzwygdo/djuragancom/vendor/codeigniter4/framework/system/Database/BaseConnection.php(382): CodeIgniter\Database\MySQLi\Connection->connect(false)
#1 /home/dnzwygdo/djuragancom/vendor/codeigniter4/framework/system/Database/BaseConnection.php(588): CodeIgniter\Database\BaseConnection->initialize()
#2 /home/dnzwygdo/djuragancom/vendor/codeigniter4/framework/system/Database/BaseBuilder.php(1669): CodeIgniter\Database\BaseConnection->query('SELECT COUNT(*)...', Array, false)
#3 /home/dnzwygdo/djuragancom/vendor/codeigniter4/framework/system/Model.php(550): CodeIgniter\Database\BaseBuilder->countAllResults(true)
#4 /home/dnzwygdo/djuragancom/app/Controllers/BaseController.php(90): CodeIgniter\Model->countAllResults()
#5 /home/dnzwygdo/djuragancom/app/Controllers/BaseController.php(106): App\Controllers\BaseController->isJuragan('0918e5c4f1ce317...')
#6 /home/dnzwygdo/djuragancom/app/Controllers/User/Invoices.php(136): App\Controllers\BaseController->allowedJuragan('18', '0918e5c4f1ce317...')
#7 /home/dnzwygdo/djuragancom/vendor/codeigniter4/framework/system/CodeIgniter.php(898): App\Controllers\User\Invoices->lihat('0918e5c4f1ce317...')
#8 /home/dnzwygdo/djuragancom/vendor/codeigniter4/framework/system/CodeIgniter.php(457): CodeIgniter\CodeIgniter->runController(Object(App\Controllers\User\Invoices))
#9 /home/dnzwygdo/djuragancom/vendor/codeigniter4/framework/system/CodeIgniter.php(340): CodeIgniter\CodeIgniter->handleRequest(NULL, Object(Config\Cache), false)
#10 /home/dnzwygdo/public_html/index.php(67): CodeIgniter\CodeIgniter->run()
#11 {main}
CRITICAL - 2025-05-27 16:36:09 --> Unable to connect to the database.
Main connection [MySQLi]: Too many connections
in SYSTEMPATH/Database/BaseConnection.php on line 418.
 1 SYSTEMPATH/Database/BaseConnection.php(588): CodeIgniter\Database\BaseConnection->initialize()
 2 SYSTEMPATH/Database/BaseBuilder.php(1669): CodeIgniter\Database\BaseConnection->query('SELECT COUNT(*) AS `numrows`
FROM `order_juragan`
WHERE `juragan` = :juragan:
AND `order_juragan`.`deleted_at` IS NULL', [...], false)
 3 SYSTEMPATH/Model.php(550): CodeIgniter\Database\BaseBuilder->countAllResults(true)
 4 APPPATH/Controllers/BaseController.php(90): CodeIgniter\Model->countAllResults()
 5 APPPATH/Controllers/BaseController.php(106): App\Controllers\BaseController->isJuragan('0918e5c4f1ce3170d25536a210dfd6b55452bbb9')
 6 APPPATH/Controllers/User/Invoices.php(136): App\Controllers\BaseController->allowedJuragan('18', '0918e5c4f1ce3170d25536a210dfd6b55452bbb9')
 7 SYSTEMPATH/CodeIgniter.php(898): App\Controllers\User\Invoices->lihat('0918e5c4f1ce3170d25536a210dfd6b55452bbb9')
 8 SYSTEMPATH/CodeIgniter.php(457): CodeIgniter\CodeIgniter->runController(Object(App\Controllers\User\Invoices))
 9 SYSTEMPATH/CodeIgniter.php(340): CodeIgniter\CodeIgniter->handleRequest(null, Object(Config\Cache), false)
10 FCPATH/index.php(67): CodeIgniter\CodeIgniter->run()
ERROR - 2025-05-27 16:36:11 --> Error connecting to the database: mysqli_sql_exception: Too many connections in /home/dnzwygdo/djuragancom/vendor/codeigniter4/framework/system/Database/MySQLi/Connection.php:171
Stack trace:
#0 /home/dnzwygdo/djuragancom/vendor/codeigniter4/framework/system/Database/MySQLi/Connection.php(171): mysqli->real_connect('localhost', 'dnzwygdo_jura94...', 'v[,S+a7zlZd0', 'dnzwygdo_juraga...', 3306, '', 0)
#1 /home/dnzwygdo/djuragancom/vendor/codeigniter4/framework/system/Database/BaseConnection.php(382): CodeIgniter\Database\MySQLi\Connection->connect(false)
#2 /home/dnzwygdo/djuragancom/vendor/codeigniter4/framework/system/Database/BaseConnection.php(588): CodeIgniter\Database\BaseConnection->initialize()
#3 /home/dnzwygdo/djuragancom/vendor/codeigniter4/framework/system/Database/BaseBuilder.php(1669): CodeIgniter\Database\BaseConnection->query('SELECT COUNT(*)...', Array, false)
#4 /home/dnzwygdo/djuragancom/vendor/codeigniter4/framework/system/Model.php(550): CodeIgniter\Database\BaseBuilder->countAllResults(true)
#5 /home/dnzwygdo/djuragancom/app/Controllers/BaseController.php(90): CodeIgniter\Model->countAllResults()
#6 /home/dnzwygdo/djuragancom/app/Controllers/BaseController.php(106): App\Controllers\BaseController->isJuragan('0918e5c4f1ce317...')
#7 /home/dnzwygdo/djuragancom/app/Controllers/User/Invoices.php(136): App\Controllers\BaseController->allowedJuragan('18', '0918e5c4f1ce317...')
#8 /home/dnzwygdo/djuragancom/vendor/codeigniter4/framework/system/CodeIgniter.php(898): App\Controllers\User\Invoices->lihat('0918e5c4f1ce317...')
#9 /home/dnzwygdo/djuragancom/vendor/codeigniter4/framework/system/CodeIgniter.php(457): CodeIgniter\CodeIgniter->runController(Object(App\Controllers\User\Invoices))
#10 /home/dnzwygdo/djuragancom/vendor/codeigniter4/framework/system/CodeIgniter.php(340): CodeIgniter\CodeIgniter->handleRequest(NULL, Object(Config\Cache), false)
#11 /home/dnzwygdo/public_html/index.php(67): CodeIgniter\CodeIgniter->run()
#12 {main}

Next CodeIgniter\Database\Exceptions\DatabaseException: Too many connections in /home/dnzwygdo/djuragancom/vendor/codeigniter4/framework/system/Database/MySQLi/Connection.php:215
Stack trace:
#0 /home/dnzwygdo/djuragancom/vendor/codeigniter4/framework/system/Database/BaseConnection.php(382): CodeIgniter\Database\MySQLi\Connection->connect(false)
#1 /home/dnzwygdo/djuragancom/vendor/codeigniter4/framework/system/Database/BaseConnection.php(588): CodeIgniter\Database\BaseConnection->initialize()
#2 /home/dnzwygdo/djuragancom/vendor/codeigniter4/framework/system/Database/BaseBuilder.php(1669): CodeIgniter\Database\BaseConnection->query('SELECT COUNT(*)...', Array, false)
#3 /home/dnzwygdo/djuragancom/vendor/codeigniter4/framework/system/Model.php(550): CodeIgniter\Database\BaseBuilder->countAllResults(true)
#4 /home/dnzwygdo/djuragancom/app/Controllers/BaseController.php(90): CodeIgniter\Model->countAllResults()
#5 /home/dnzwygdo/djuragancom/app/Controllers/BaseController.php(106): App\Controllers\BaseController->isJuragan('0918e5c4f1ce317...')
#6 /home/dnzwygdo/djuragancom/app/Controllers/User/Invoices.php(136): App\Controllers\BaseController->allowedJuragan('18', '0918e5c4f1ce317...')
#7 /home/dnzwygdo/djuragancom/vendor/codeigniter4/framework/system/CodeIgniter.php(898): App\Controllers\User\Invoices->lihat('0918e5c4f1ce317...')
#8 /home/dnzwygdo/djuragancom/vendor/codeigniter4/framework/system/CodeIgniter.php(457): CodeIgniter\CodeIgniter->runController(Object(App\Controllers\User\Invoices))
#9 /home/dnzwygdo/djuragancom/vendor/codeigniter4/framework/system/CodeIgniter.php(340): CodeIgniter\CodeIgniter->handleRequest(NULL, Object(Config\Cache), false)
#10 /home/dnzwygdo/public_html/index.php(67): CodeIgniter\CodeIgniter->run()
#11 {main}
CRITICAL - 2025-05-27 16:36:11 --> Unable to connect to the database.
Main connection [MySQLi]: Too many connections
in SYSTEMPATH/Database/BaseConnection.php on line 418.
 1 SYSTEMPATH/Database/BaseConnection.php(588): CodeIgniter\Database\BaseConnection->initialize()
 2 SYSTEMPATH/Database/BaseBuilder.php(1669): CodeIgniter\Database\BaseConnection->query('SELECT COUNT(*) AS `numrows`
FROM `order_juragan`
WHERE `juragan` = :juragan:
AND `order_juragan`.`deleted_at` IS NULL', [...], false)
 3 SYSTEMPATH/Model.php(550): CodeIgniter\Database\BaseBuilder->countAllResults(true)
 4 APPPATH/Controllers/BaseController.php(90): CodeIgniter\Model->countAllResults()
 5 APPPATH/Controllers/BaseController.php(106): App\Controllers\BaseController->isJuragan('0918e5c4f1ce3170d25536a210dfd6b55452bbb9')
 6 APPPATH/Controllers/User/Invoices.php(136): App\Controllers\BaseController->allowedJuragan('18', '0918e5c4f1ce3170d25536a210dfd6b55452bbb9')
 7 SYSTEMPATH/CodeIgniter.php(898): App\Controllers\User\Invoices->lihat('0918e5c4f1ce3170d25536a210dfd6b55452bbb9')
 8 SYSTEMPATH/CodeIgniter.php(457): CodeIgniter\CodeIgniter->runController(Object(App\Controllers\User\Invoices))
 9 SYSTEMPATH/CodeIgniter.php(340): CodeIgniter\CodeIgniter->handleRequest(null, Object(Config\Cache), false)
10 FCPATH/index.php(67): CodeIgniter\CodeIgniter->run()
ERROR - 2025-05-27 16:36:12 --> Error connecting to the database: mysqli_sql_exception: Too many connections in /home/dnzwygdo/djuragancom/vendor/codeigniter4/framework/system/Database/MySQLi/Connection.php:171
Stack trace:
#0 /home/dnzwygdo/djuragancom/vendor/codeigniter4/framework/system/Database/MySQLi/Connection.php(171): mysqli->real_connect('localhost', 'dnzwygdo_jura94...', 'v[,S+a7zlZd0', 'dnzwygdo_juraga...', 3306, '', 0)
#1 /home/dnzwygdo/djuragancom/vendor/codeigniter4/framework/system/Database/BaseConnection.php(382): CodeIgniter\Database\MySQLi\Connection->connect(false)
#2 /home/dnzwygdo/djuragancom/vendor/codeigniter4/framework/system/Database/BaseConnection.php(588): CodeIgniter\Database\BaseConnection->initialize()
#3 /home/dnzwygdo/djuragancom/vendor/codeigniter4/framework/system/Database/BaseBuilder.php(1669): CodeIgniter\Database\BaseConnection->query('SELECT COUNT(*)...', Array, false)
#4 /home/dnzwygdo/djuragancom/vendor/codeigniter4/framework/system/Model.php(550): CodeIgniter\Database\BaseBuilder->countAllResults(true)
#5 /home/dnzwygdo/djuragancom/app/Controllers/BaseController.php(90): CodeIgniter\Model->countAllResults()
#6 /home/dnzwygdo/djuragancom/app/Controllers/BaseController.php(106): App\Controllers\BaseController->isJuragan('0918e5c4f1ce317...')
#7 /home/dnzwygdo/djuragancom/app/Controllers/User/Invoices.php(136): App\Controllers\BaseController->allowedJuragan('18', '0918e5c4f1ce317...')
#8 /home/dnzwygdo/djuragancom/vendor/codeigniter4/framework/system/CodeIgniter.php(898): App\Controllers\User\Invoices->lihat('0918e5c4f1ce317...')
#9 /home/dnzwygdo/djuragancom/vendor/codeigniter4/framework/system/CodeIgniter.php(457): CodeIgniter\CodeIgniter->runController(Object(App\Controllers\User\Invoices))
#10 /home/dnzwygdo/djuragancom/vendor/codeigniter4/framework/system/CodeIgniter.php(340): CodeIgniter\CodeIgniter->handleRequest(NULL, Object(Config\Cache), false)
#11 /home/dnzwygdo/public_html/index.php(67): CodeIgniter\CodeIgniter->run()
#12 {main}

Next CodeIgniter\Database\Exceptions\DatabaseException: Too many connections in /home/dnzwygdo/djuragancom/vendor/codeigniter4/framework/system/Database/MySQLi/Connection.php:215
Stack trace:
#0 /home/dnzwygdo/djuragancom/vendor/codeigniter4/framework/system/Database/BaseConnection.php(382): CodeIgniter\Database\MySQLi\Connection->connect(false)
#1 /home/dnzwygdo/djuragancom/vendor/codeigniter4/framework/system/Database/BaseConnection.php(588): CodeIgniter\Database\BaseConnection->initialize()
#2 /home/dnzwygdo/djuragancom/vendor/codeigniter4/framework/system/Database/BaseBuilder.php(1669): CodeIgniter\Database\BaseConnection->query('SELECT COUNT(*)...', Array, false)
#3 /home/dnzwygdo/djuragancom/vendor/codeigniter4/framework/system/Model.php(550): CodeIgniter\Database\BaseBuilder->countAllResults(true)
#4 /home/dnzwygdo/djuragancom/app/Controllers/BaseController.php(90): CodeIgniter\Model->countAllResults()
#5 /home/dnzwygdo/djuragancom/app/Controllers/BaseController.php(106): App\Controllers\BaseController->isJuragan('0918e5c4f1ce317...')
#6 /home/dnzwygdo/djuragancom/app/Controllers/User/Invoices.php(136): App\Controllers\BaseController->allowedJuragan('18', '0918e5c4f1ce317...')
#7 /home/dnzwygdo/djuragancom/vendor/codeigniter4/framework/system/CodeIgniter.php(898): App\Controllers\User\Invoices->lihat('0918e5c4f1ce317...')
#8 /home/dnzwygdo/djuragancom/vendor/codeigniter4/framework/system/CodeIgniter.php(457): CodeIgniter\CodeIgniter->runController(Object(App\Controllers\User\Invoices))
#9 /home/dnzwygdo/djuragancom/vendor/codeigniter4/framework/system/CodeIgniter.php(340): CodeIgniter\CodeIgniter->handleRequest(NULL, Object(Config\Cache), false)
#10 /home/dnzwygdo/public_html/index.php(67): CodeIgniter\CodeIgniter->run()
#11 {main}
CRITICAL - 2025-05-27 16:36:12 --> Unable to connect to the database.
Main connection [MySQLi]: Too many connections
in SYSTEMPATH/Database/BaseConnection.php on line 418.
 1 SYSTEMPATH/Database/BaseConnection.php(588): CodeIgniter\Database\BaseConnection->initialize()
 2 SYSTEMPATH/Database/BaseBuilder.php(1669): CodeIgniter\Database\BaseConnection->query('SELECT COUNT(*) AS `numrows`
FROM `order_juragan`
WHERE `juragan` = :juragan:
AND `order_juragan`.`deleted_at` IS NULL', [...], false)
 3 SYSTEMPATH/Model.php(550): CodeIgniter\Database\BaseBuilder->countAllResults(true)
 4 APPPATH/Controllers/BaseController.php(90): CodeIgniter\Model->countAllResults()
 5 APPPATH/Controllers/BaseController.php(106): App\Controllers\BaseController->isJuragan('0918e5c4f1ce3170d25536a210dfd6b55452bbb9')
 6 APPPATH/Controllers/User/Invoices.php(136): App\Controllers\BaseController->allowedJuragan('18', '0918e5c4f1ce3170d25536a210dfd6b55452bbb9')
 7 SYSTEMPATH/CodeIgniter.php(898): App\Controllers\User\Invoices->lihat('0918e5c4f1ce3170d25536a210dfd6b55452bbb9')
 8 SYSTEMPATH/CodeIgniter.php(457): CodeIgniter\CodeIgniter->runController(Object(App\Controllers\User\Invoices))
 9 SYSTEMPATH/CodeIgniter.php(340): CodeIgniter\CodeIgniter->handleRequest(null, Object(Config\Cache), false)
10 FCPATH/index.php(67): CodeIgniter\CodeIgniter->run()
ERROR - 2025-05-27 16:36:13 --> Error connecting to the database: mysqli_sql_exception: Too many connections in /home/dnzwygdo/djuragancom/vendor/codeigniter4/framework/system/Database/MySQLi/Connection.php:171
Stack trace:
#0 /home/dnzwygdo/djuragancom/vendor/codeigniter4/framework/system/Database/MySQLi/Connection.php(171): mysqli->real_connect('localhost', 'dnzwygdo_jura94...', 'v[,S+a7zlZd0', 'dnzwygdo_juraga...', 3306, '', 0)
#1 /home/dnzwygdo/djuragancom/vendor/codeigniter4/framework/system/Database/BaseConnection.php(382): CodeIgniter\Database\MySQLi\Connection->connect(false)
#2 /home/dnzwygdo/djuragancom/vendor/codeigniter4/framework/system/Database/BaseConnection.php(588): CodeIgniter\Database\BaseConnection->initialize()
#3 /home/dnzwygdo/djuragancom/vendor/codeigniter4/framework/system/Database/BaseBuilder.php(1669): CodeIgniter\Database\BaseConnection->query('SELECT COUNT(*)...', Array, false)
#4 /home/dnzwygdo/djuragancom/vendor/codeigniter4/framework/system/Model.php(550): CodeIgniter\Database\BaseBuilder->countAllResults(true)
#5 /home/dnzwygdo/djuragancom/app/Controllers/BaseController.php(90): CodeIgniter\Model->countAllResults()
#6 /home/dnzwygdo/djuragancom/app/Controllers/BaseController.php(106): App\Controllers\BaseController->isJuragan('0918e5c4f1ce317...')
#7 /home/dnzwygdo/djuragancom/app/Controllers/User/Invoices.php(136): App\Controllers\BaseController->allowedJuragan('18', '0918e5c4f1ce317...')
#8 /home/dnzwygdo/djuragancom/vendor/codeigniter4/framework/system/CodeIgniter.php(898): App\Controllers\User\Invoices->lihat('0918e5c4f1ce317...')
#9 /home/dnzwygdo/djuragancom/vendor/codeigniter4/framework/system/CodeIgniter.php(457): CodeIgniter\CodeIgniter->runController(Object(App\Controllers\User\Invoices))
#10 /home/dnzwygdo/djuragancom/vendor/codeigniter4/framework/system/CodeIgniter.php(340): CodeIgniter\CodeIgniter->handleRequest(NULL, Object(Config\Cache), false)
#11 /home/dnzwygdo/public_html/index.php(67): CodeIgniter\CodeIgniter->run()
#12 {main}

Next CodeIgniter\Database\Exceptions\DatabaseException: Too many connections in /home/dnzwygdo/djuragancom/vendor/codeigniter4/framework/system/Database/MySQLi/Connection.php:215
Stack trace:
#0 /home/dnzwygdo/djuragancom/vendor/codeigniter4/framework/system/Database/BaseConnection.php(382): CodeIgniter\Database\MySQLi\Connection->connect(false)
#1 /home/dnzwygdo/djuragancom/vendor/codeigniter4/framework/system/Database/BaseConnection.php(588): CodeIgniter\Database\BaseConnection->initialize()
#2 /home/dnzwygdo/djuragancom/vendor/codeigniter4/framework/system/Database/BaseBuilder.php(1669): CodeIgniter\Database\BaseConnection->query('SELECT COUNT(*)...', Array, false)
#3 /home/dnzwygdo/djuragancom/vendor/codeigniter4/framework/system/Model.php(550): CodeIgniter\Database\BaseBuilder->countAllResults(true)
#4 /home/dnzwygdo/djuragancom/app/Controllers/BaseController.php(90): CodeIgniter\Model->countAllResults()
#5 /home/dnzwygdo/djuragancom/app/Controllers/BaseController.php(106): App\Controllers\BaseController->isJuragan('0918e5c4f1ce317...')
#6 /home/dnzwygdo/djuragancom/app/Controllers/User/Invoices.php(136): App\Controllers\BaseController->allowedJuragan('18', '0918e5c4f1ce317...')
#7 /home/dnzwygdo/djuragancom/vendor/codeigniter4/framework/system/CodeIgniter.php(898): App\Controllers\User\Invoices->lihat('0918e5c4f1ce317...')
#8 /home/dnzwygdo/djuragancom/vendor/codeigniter4/framework/system/CodeIgniter.php(457): CodeIgniter\CodeIgniter->runController(Object(App\Controllers\User\Invoices))
#9 /home/dnzwygdo/djuragancom/vendor/codeigniter4/framework/system/CodeIgniter.php(340): CodeIgniter\CodeIgniter->handleRequest(NULL, Object(Config\Cache), false)
#10 /home/dnzwygdo/public_html/index.php(67): CodeIgniter\CodeIgniter->run()
#11 {main}
CRITICAL - 2025-05-27 16:36:13 --> Unable to connect to the database.
Main connection [MySQLi]: Too many connections
in SYSTEMPATH/Database/BaseConnection.php on line 418.
 1 SYSTEMPATH/Database/BaseConnection.php(588): CodeIgniter\Database\BaseConnection->initialize()
 2 SYSTEMPATH/Database/BaseBuilder.php(1669): CodeIgniter\Database\BaseConnection->query('SELECT COUNT(*) AS `numrows`
FROM `order_juragan`
WHERE `juragan` = :juragan:
AND `order_juragan`.`deleted_at` IS NULL', [...], false)
 3 SYSTEMPATH/Model.php(550): CodeIgniter\Database\BaseBuilder->countAllResults(true)
 4 APPPATH/Controllers/BaseController.php(90): CodeIgniter\Model->countAllResults()
 5 APPPATH/Controllers/BaseController.php(106): App\Controllers\BaseController->isJuragan('0918e5c4f1ce3170d25536a210dfd6b55452bbb9')
 6 APPPATH/Controllers/User/Invoices.php(136): App\Controllers\BaseController->allowedJuragan('18', '0918e5c4f1ce3170d25536a210dfd6b55452bbb9')
 7 SYSTEMPATH/CodeIgniter.php(898): App\Controllers\User\Invoices->lihat('0918e5c4f1ce3170d25536a210dfd6b55452bbb9')
 8 SYSTEMPATH/CodeIgniter.php(457): CodeIgniter\CodeIgniter->runController(Object(App\Controllers\User\Invoices))
 9 SYSTEMPATH/CodeIgniter.php(340): CodeIgniter\CodeIgniter->handleRequest(null, Object(Config\Cache), false)
10 FCPATH/index.php(67): CodeIgniter\CodeIgniter->run()
ERROR - 2025-05-27 16:36:21 --> Error connecting to the database: mysqli_sql_exception: Too many connections in /home/dnzwygdo/djuragancom/vendor/codeigniter4/framework/system/Database/MySQLi/Connection.php:171
Stack trace:
#0 /home/dnzwygdo/djuragancom/vendor/codeigniter4/framework/system/Database/MySQLi/Connection.php(171): mysqli->real_connect('localhost', 'dnzwygdo_jura94...', 'v[,S+a7zlZd0', 'dnzwygdo_juraga...', 3306, '', 0)
#1 /home/dnzwygdo/djuragancom/vendor/codeigniter4/framework/system/Database/BaseConnection.php(382): CodeIgniter\Database\MySQLi\Connection->connect(false)
#2 /home/dnzwygdo/djuragancom/vendor/codeigniter4/framework/system/Database/BaseConnection.php(588): CodeIgniter\Database\BaseConnection->initialize()
#3 /home/dnzwygdo/djuragancom/vendor/codeigniter4/framework/system/Database/BaseBuilder.php(1669): CodeIgniter\Database\BaseConnection->query('SELECT COUNT(*)...', Array, false)
#4 /home/dnzwygdo/djuragancom/app/Controllers/Api/Notifikasi.php(37): CodeIgniter\Database\BaseBuilder->countAllResults()
#5 /home/dnzwygdo/djuragancom/vendor/codeigniter4/framework/system/CodeIgniter.php(898): App\Controllers\Api\Notifikasi->get()
#6 /home/dnzwygdo/djuragancom/vendor/codeigniter4/framework/system/CodeIgniter.php(457): CodeIgniter\CodeIgniter->runController(Object(App\Controllers\Api\Notifikasi))
#7 /home/dnzwygdo/djuragancom/vendor/codeigniter4/framework/system/CodeIgniter.php(340): CodeIgniter\CodeIgniter->handleRequest(NULL, Object(Config\Cache), false)
#8 /home/dnzwygdo/public_html/index.php(67): CodeIgniter\CodeIgniter->run()
#9 {main}

Next CodeIgniter\Database\Exceptions\DatabaseException: Too many connections in /home/dnzwygdo/djuragancom/vendor/codeigniter4/framework/system/Database/MySQLi/Connection.php:215
Stack trace:
#0 /home/dnzwygdo/djuragancom/vendor/codeigniter4/framework/system/Database/BaseConnection.php(382): CodeIgniter\Database\MySQLi\Connection->connect(false)
#1 /home/dnzwygdo/djuragancom/vendor/codeigniter4/framework/system/Database/BaseConnection.php(588): CodeIgniter\Database\BaseConnection->initialize()
#2 /home/dnzwygdo/djuragancom/vendor/codeigniter4/framework/system/Database/BaseBuilder.php(1669): CodeIgniter\Database\BaseConnection->query('SELECT COUNT(*)...', Array, false)
#3 /home/dnzwygdo/djuragancom/app/Controllers/Api/Notifikasi.php(37): CodeIgniter\Database\BaseBuilder->countAllResults()
#4 /home/dnzwygdo/djuragancom/vendor/codeigniter4/framework/system/CodeIgniter.php(898): App\Controllers\Api\Notifikasi->get()
#5 /home/dnzwygdo/djuragancom/vendor/codeigniter4/framework/system/CodeIgniter.php(457): CodeIgniter\CodeIgniter->runController(Object(App\Controllers\Api\Notifikasi))
#6 /home/dnzwygdo/djuragancom/vendor/codeigniter4/framework/system/CodeIgniter.php(340): CodeIgniter\CodeIgniter->handleRequest(NULL, Object(Config\Cache), false)
#7 /home/dnzwygdo/public_html/index.php(67): CodeIgniter\CodeIgniter->run()
#8 {main}
CRITICAL - 2025-05-27 16:36:21 --> Unable to connect to the database.
Main connection [MySQLi]: Too many connections
in SYSTEMPATH/Database/BaseConnection.php on line 418.
 1 SYSTEMPATH/Database/BaseConnection.php(588): CodeIgniter\Database\BaseConnection->initialize()
 2 SYSTEMPATH/Database/BaseBuilder.php(1669): CodeIgniter\Database\BaseConnection->query('SELECT COUNT(*) AS `numrows`
FROM `order_notifikasi` `n`
LEFT JOIN `order_invoice` `i` ON `n`.`invoice_id` = `i`.`id_invoice`
LEFT JOIN `order_user` `p` ON `n`.`from` = `p`.`id`
LEFT JOIN `order_juragan` `j` ON `j`.`id_juragan` = `n`.`juragan_id`
WHERE `n`.`for` = :n.for:
AND `n`.`read_at` IS NULL', [...], false)
 3 APPPATH/Controllers/Api/Notifikasi.php(37): CodeIgniter\Database\BaseBuilder->countAllResults()
 4 SYSTEMPATH/CodeIgniter.php(898): App\Controllers\Api\Notifikasi->get()
 5 SYSTEMPATH/CodeIgniter.php(457): CodeIgniter\CodeIgniter->runController(Object(App\Controllers\Api\Notifikasi))
 6 SYSTEMPATH/CodeIgniter.php(340): CodeIgniter\CodeIgniter->handleRequest(null, Object(Config\Cache), false)
 7 FCPATH/index.php(67): CodeIgniter\CodeIgniter->run()
ERROR - 2025-05-27 16:36:21 --> Error connecting to the database: mysqli_sql_exception: Too many connections in /home/dnzwygdo/djuragancom/vendor/codeigniter4/framework/system/Database/MySQLi/Connection.php:171
Stack trace:
#0 /home/dnzwygdo/djuragancom/vendor/codeigniter4/framework/system/Database/MySQLi/Connection.php(171): mysqli->real_connect('localhost', 'dnzwygdo_jura94...', 'v[,S+a7zlZd0', 'dnzwygdo_juraga...', 3306, '', 0)
#1 /home/dnzwygdo/djuragancom/vendor/codeigniter4/framework/system/Database/BaseConnection.php(382): CodeIgniter\Database\MySQLi\Connection->connect(false)
#2 /home/dnzwygdo/djuragancom/vendor/codeigniter4/framework/system/Database/BaseConnection.php(588): CodeIgniter\Database\BaseConnection->initialize()
#3 /home/dnzwygdo/djuragancom/vendor/codeigniter4/framework/system/Database/BaseBuilder.php(1669): CodeIgniter\Database\BaseConnection->query('SELECT COUNT(*)...', Array, false)
#4 /home/dnzwygdo/djuragancom/vendor/codeigniter4/framework/system/Model.php(550): CodeIgniter\Database\BaseBuilder->countAllResults(true)
#5 /home/dnzwygdo/djuragancom/app/Models/InvoiceModel.php(202): CodeIgniter\Model->countAllResults()
#6 /home/dnzwygdo/djuragancom/app/Models/InvoiceModel.php(136): App\Models\InvoiceModel->counts(12)
#7 /home/dnzwygdo/djuragancom/app/Controllers/Api/Invoice.php(17): App\Models\InvoiceModel->getCount(12)
#8 /home/dnzwygdo/djuragancom/vendor/codeigniter4/framework/system/CodeIgniter.php(898): App\Controllers\Api\Invoice->counter_tab('12')
#9 /home/dnzwygdo/djuragancom/vendor/codeigniter4/framework/system/CodeIgniter.php(457): CodeIgniter\CodeIgniter->runController(Object(App\Controllers\Api\Invoice))
#10 /home/dnzwygdo/djuragancom/vendor/codeigniter4/framework/system/CodeIgniter.php(340): CodeIgniter\CodeIgniter->handleRequest(NULL, Object(Config\Cache), false)
#11 /home/dnzwygdo/public_html/index.php(67): CodeIgniter\CodeIgniter->run()
#12 {main}

Next CodeIgniter\Database\Exceptions\DatabaseException: Too many connections in /home/dnzwygdo/djuragancom/vendor/codeigniter4/framework/system/Database/MySQLi/Connection.php:215
Stack trace:
#0 /home/dnzwygdo/djuragancom/vendor/codeigniter4/framework/system/Database/BaseConnection.php(382): CodeIgniter\Database\MySQLi\Connection->connect(false)
#1 /home/dnzwygdo/djuragancom/vendor/codeigniter4/framework/system/Database/BaseConnection.php(588): CodeIgniter\Database\BaseConnection->initialize()
#2 /home/dnzwygdo/djuragancom/vendor/codeigniter4/framework/system/Database/BaseBuilder.php(1669): CodeIgniter\Database\BaseConnection->query('SELECT COUNT(*)...', Array, false)
#3 /home/dnzwygdo/djuragancom/vendor/codeigniter4/framework/system/Model.php(550): CodeIgniter\Database\BaseBuilder->countAllResults(true)
#4 /home/dnzwygdo/djuragancom/app/Models/InvoiceModel.php(202): CodeIgniter\Model->countAllResults()
#5 /home/dnzwygdo/djuragancom/app/Models/InvoiceModel.php(136): App\Models\InvoiceModel->counts(12)
#6 /home/dnzwygdo/djuragancom/app/Controllers/Api/Invoice.php(17): App\Models\InvoiceModel->getCount(12)
#7 /home/dnzwygdo/djuragancom/vendor/codeigniter4/framework/system/CodeIgniter.php(898): App\Controllers\Api\Invoice->counter_tab('12')
#8 /home/dnzwygdo/djuragancom/vendor/codeigniter4/framework/system/CodeIgniter.php(457): CodeIgniter\CodeIgniter->runController(Object(App\Controllers\Api\Invoice))
#9 /home/dnzwygdo/djuragancom/vendor/codeigniter4/framework/system/CodeIgniter.php(340): CodeIgniter\CodeIgniter->handleRequest(NULL, Object(Config\Cache), false)
#10 /home/dnzwygdo/public_html/index.php(67): CodeIgniter\CodeIgniter->run()
#11 {main}
CRITICAL - 2025-05-27 16:36:21 --> Unable to connect to the database.
Main connection [MySQLi]: Too many connections
in SYSTEMPATH/Database/BaseConnection.php on line 418.
 1 SYSTEMPATH/Database/BaseConnection.php(588): CodeIgniter\Database\BaseConnection->initialize()
 2 SYSTEMPATH/Database/BaseBuilder.php(1669): CodeIgniter\Database\BaseConnection->query('SELECT COUNT(*) AS `numrows`
FROM `order_invoice`
JOIN `order_juragan` `j` ON `j`.`id_juragan` = `order_invoice`.`juragan_id`
WHERE `juragan_id` = :juragan_id:
AND `order_invoice`.`deleted_at` IS NULL', [...], false)
 3 SYSTEMPATH/Model.php(550): CodeIgniter\Database\BaseBuilder->countAllResults(true)
 4 APPPATH/Models/InvoiceModel.php(202): CodeIgniter\Model->countAllResults()
 5 APPPATH/Models/InvoiceModel.php(136): App\Models\InvoiceModel->counts(12)
 6 APPPATH/Controllers/Api/Invoice.php(17): App\Models\InvoiceModel->getCount(12)
 7 SYSTEMPATH/CodeIgniter.php(898): App\Controllers\Api\Invoice->counter_tab('12')
 8 SYSTEMPATH/CodeIgniter.php(457): CodeIgniter\CodeIgniter->runController(Object(App\Controllers\Api\Invoice))
 9 SYSTEMPATH/CodeIgniter.php(340): CodeIgniter\CodeIgniter->handleRequest(null, Object(Config\Cache), false)
10 FCPATH/index.php(67): CodeIgniter\CodeIgniter->run()
ERROR - 2025-05-27 16:36:21 --> Error connecting to the database: mysqli_sql_exception: Too many connections in /home/dnzwygdo/djuragancom/vendor/codeigniter4/framework/system/Database/MySQLi/Connection.php:171
Stack trace:
#0 /home/dnzwygdo/djuragancom/vendor/codeigniter4/framework/system/Database/MySQLi/Connection.php(171): mysqli->real_connect('localhost', 'dnzwygdo_jura94...', 'v[,S+a7zlZd0', 'dnzwygdo_juraga...', 3306, '', 0)
#1 /home/dnzwygdo/djuragancom/vendor/codeigniter4/framework/system/Database/BaseConnection.php(382): CodeIgniter\Database\MySQLi\Connection->connect(false)
#2 /home/dnzwygdo/djuragancom/vendor/codeigniter4/framework/system/Database/BaseConnection.php(588): CodeIgniter\Database\BaseConnection->initialize()
#3 /home/dnzwygdo/djuragancom/vendor/codeigniter4/framework/system/Database/BaseBuilder.php(1669): CodeIgniter\Database\BaseConnection->query('SELECT COUNT(*)...', Array, false)
#4 /home/dnzwygdo/djuragancom/app/Controllers/Api/Notifikasi.php(37): CodeIgniter\Database\BaseBuilder->countAllResults()
#5 /home/dnzwygdo/djuragancom/vendor/codeigniter4/framework/system/CodeIgniter.php(898): App\Controllers\Api\Notifikasi->get()
#6 /home/dnzwygdo/djuragancom/vendor/codeigniter4/framework/system/CodeIgniter.php(457): CodeIgniter\CodeIgniter->runController(Object(App\Controllers\Api\Notifikasi))
#7 /home/dnzwygdo/djuragancom/vendor/codeigniter4/framework/system/CodeIgniter.php(340): CodeIgniter\CodeIgniter->handleRequest(NULL, Object(Config\Cache), false)
#8 /home/dnzwygdo/public_html/index.php(67): CodeIgniter\CodeIgniter->run()
#9 {main}

Next CodeIgniter\Database\Exceptions\DatabaseException: Too many connections in /home/dnzwygdo/djuragancom/vendor/codeigniter4/framework/system/Database/MySQLi/Connection.php:215
Stack trace:
#0 /home/dnzwygdo/djuragancom/vendor/codeigniter4/framework/system/Database/BaseConnection.php(382): CodeIgniter\Database\MySQLi\Connection->connect(false)
#1 /home/dnzwygdo/djuragancom/vendor/codeigniter4/framework/system/Database/BaseConnection.php(588): CodeIgniter\Database\BaseConnection->initialize()
#2 /home/dnzwygdo/djuragancom/vendor/codeigniter4/framework/system/Database/BaseBuilder.php(1669): CodeIgniter\Database\BaseConnection->query('SELECT COUNT(*)...', Array, false)
#3 /home/dnzwygdo/djuragancom/app/Controllers/Api/Notifikasi.php(37): CodeIgniter\Database\BaseBuilder->countAllResults()
#4 /home/dnzwygdo/djuragancom/vendor/codeigniter4/framework/system/CodeIgniter.php(898): App\Controllers\Api\Notifikasi->get()
#5 /home/dnzwygdo/djuragancom/vendor/codeigniter4/framework/system/CodeIgniter.php(457): CodeIgniter\CodeIgniter->runController(Object(App\Controllers\Api\Notifikasi))
#6 /home/dnzwygdo/djuragancom/vendor/codeigniter4/framework/system/CodeIgniter.php(340): CodeIgniter\CodeIgniter->handleRequest(NULL, Object(Config\Cache), false)
#7 /home/dnzwygdo/public_html/index.php(67): CodeIgniter\CodeIgniter->run()
#8 {main}
CRITICAL - 2025-05-27 16:36:21 --> Unable to connect to the database.
Main connection [MySQLi]: Too many connections
in SYSTEMPATH/Database/BaseConnection.php on line 418.
 1 SYSTEMPATH/Database/BaseConnection.php(588): CodeIgniter\Database\BaseConnection->initialize()
 2 SYSTEMPATH/Database/BaseBuilder.php(1669): CodeIgniter\Database\BaseConnection->query('SELECT COUNT(*) AS `numrows`
FROM `order_notifikasi` `n`
LEFT JOIN `order_invoice` `i` ON `n`.`invoice_id` = `i`.`id_invoice`
LEFT JOIN `order_user` `p` ON `n`.`from` = `p`.`id`
LEFT JOIN `order_juragan` `j` ON `j`.`id_juragan` = `n`.`juragan_id`
WHERE `n`.`for` = :n.for:
AND `n`.`read_at` IS NULL', [...], false)
 3 APPPATH/Controllers/Api/Notifikasi.php(37): CodeIgniter\Database\BaseBuilder->countAllResults()
 4 SYSTEMPATH/CodeIgniter.php(898): App\Controllers\Api\Notifikasi->get()
 5 SYSTEMPATH/CodeIgniter.php(457): CodeIgniter\CodeIgniter->runController(Object(App\Controllers\Api\Notifikasi))
 6 SYSTEMPATH/CodeIgniter.php(340): CodeIgniter\CodeIgniter->handleRequest(null, Object(Config\Cache), false)
 7 FCPATH/index.php(67): CodeIgniter\CodeIgniter->run()
ERROR - 2025-05-27 16:36:28 --> Error connecting to the database: mysqli_sql_exception: Too many connections in /home/dnzwygdo/djuragancom/vendor/codeigniter4/framework/system/Database/MySQLi/Connection.php:171
Stack trace:
#0 /home/dnzwygdo/djuragancom/vendor/codeigniter4/framework/system/Database/MySQLi/Connection.php(171): mysqli->real_connect('localhost', 'dnzwygdo_jura94...', 'v[,S+a7zlZd0', 'dnzwygdo_juraga...', 3306, '', 0)
#1 /home/dnzwygdo/djuragancom/vendor/codeigniter4/framework/system/Database/BaseConnection.php(382): CodeIgniter\Database\MySQLi\Connection->connect(false)
#2 /home/dnzwygdo/djuragancom/vendor/codeigniter4/framework/system/Database/BaseConnection.php(588): CodeIgniter\Database\BaseConnection->initialize()
#3 /home/dnzwygdo/djuragancom/vendor/codeigniter4/framework/system/Database/BaseBuilder.php(1585): CodeIgniter\Database\BaseConnection->query('SELECT `j`.*, `...', Array, false)
#4 /home/dnzwygdo/djuragancom/app/Models/JuraganModel.php(49): CodeIgniter\Database\BaseBuilder->get()
#5 /home/dnzwygdo/djuragancom/app/Controllers/Juragan.php(66): App\Models\JuraganModel->byUserId('18')
#6 /home/dnzwygdo/djuragancom/app/Controllers/Api/Juragan.php(68): App\Controllers\Juragan::get_users('18')
#7 /home/dnzwygdo/djuragancom/vendor/codeigniter4/framework/system/CodeIgniter.php(898): App\Controllers\Api\Juragan->get_users()
#8 /home/dnzwygdo/djuragancom/vendor/codeigniter4/framework/system/CodeIgniter.php(457): CodeIgniter\CodeIgniter->runController(Object(App\Controllers\Api\Juragan))
#9 /home/dnzwygdo/djuragancom/vendor/codeigniter4/framework/system/CodeIgniter.php(340): CodeIgniter\CodeIgniter->handleRequest(NULL, Object(Config\Cache), false)
#10 /home/dnzwygdo/public_html/index.php(67): CodeIgniter\CodeIgniter->run()
#11 {main}

Next CodeIgniter\Database\Exceptions\DatabaseException: Too many connections in /home/dnzwygdo/djuragancom/vendor/codeigniter4/framework/system/Database/MySQLi/Connection.php:215
Stack trace:
#0 /home/dnzwygdo/djuragancom/vendor/codeigniter4/framework/system/Database/BaseConnection.php(382): CodeIgniter\Database\MySQLi\Connection->connect(false)
#1 /home/dnzwygdo/djuragancom/vendor/codeigniter4/framework/system/Database/BaseConnection.php(588): CodeIgniter\Database\BaseConnection->initialize()
#2 /home/dnzwygdo/djuragancom/vendor/codeigniter4/framework/system/Database/BaseBuilder.php(1585): CodeIgniter\Database\BaseConnection->query('SELECT `j`.*, `...', Array, false)
#3 /home/dnzwygdo/djuragancom/app/Models/JuraganModel.php(49): CodeIgniter\Database\BaseBuilder->get()
#4 /home/dnzwygdo/djuragancom/app/Controllers/Juragan.php(66): App\Models\JuraganModel->byUserId('18')
#5 /home/dnzwygdo/djuragancom/app/Controllers/Api/Juragan.php(68): App\Controllers\Juragan::get_users('18')
#6 /home/dnzwygdo/djuragancom/vendor/codeigniter4/framework/system/CodeIgniter.php(898): App\Controllers\Api\Juragan->get_users()
#7 /home/dnzwygdo/djuragancom/vendor/codeigniter4/framework/system/CodeIgniter.php(457): CodeIgniter\CodeIgniter->runController(Object(App\Controllers\Api\Juragan))
#8 /home/dnzwygdo/djuragancom/vendor/codeigniter4/framework/system/CodeIgniter.php(340): CodeIgniter\CodeIgniter->handleRequest(NULL, Object(Config\Cache), false)
#9 /home/dnzwygdo/public_html/index.php(67): CodeIgniter\CodeIgniter->run()
#10 {main}
CRITICAL - 2025-05-27 16:36:28 --> Unable to connect to the database.
Main connection [MySQLi]: Too many connections
in SYSTEMPATH/Database/BaseConnection.php on line 418.
 1 SYSTEMPATH/Database/BaseConnection.php(588): CodeIgniter\Database\BaseConnection->initialize()
 2 SYSTEMPATH/Database/BaseBuilder.php(1585): CodeIgniter\Database\BaseConnection->query('SELECT `j`.*, `u`.`id` as `user_id`, `u`.`name` as `nama_user`, `u`.`username`, `u`.`email`, `r`.`table`
FROM `order_juragan` `j`
JOIN `order_relasi` `r` ON `r`.`juragan_id` = `j`.`id_juragan`
JOIN `order_user` `u` ON `u`.`id` = `r`.`val_id`
WHERE `r`.`table` = :r.table:
GROUP BY `u`.`id`, `j`.`id_juragan`
HAVING `u`.`id` = :u.id:', [...], false)
 3 APPPATH/Models/JuraganModel.php(49): CodeIgniter\Database\BaseBuilder->get()
 4 APPPATH/Controllers/Juragan.php(66): App\Models\JuraganModel->byUserId('18')
 5 APPPATH/Controllers/Api/Juragan.php(68): App\Controllers\Juragan::get_users('18')
 6 SYSTEMPATH/CodeIgniter.php(898): App\Controllers\Api\Juragan->get_users()
 7 SYSTEMPATH/CodeIgniter.php(457): CodeIgniter\CodeIgniter->runController(Object(App\Controllers\Api\Juragan))
 8 SYSTEMPATH/CodeIgniter.php(340): CodeIgniter\CodeIgniter->handleRequest(null, Object(Config\Cache), false)
 9 FCPATH/index.php(67): CodeIgniter\CodeIgniter->run()
ERROR - 2025-05-27 16:36:55 --> Error connecting to the database: mysqli_sql_exception: Too many connections in /home/dnzwygdo/djuragancom/vendor/codeigniter4/framework/system/Database/MySQLi/Connection.php:171
Stack trace:
#0 /home/dnzwygdo/djuragancom/vendor/codeigniter4/framework/system/Database/MySQLi/Connection.php(171): mysqli->real_connect('localhost', 'dnzwygdo_jura94...', 'v[,S+a7zlZd0', 'dnzwygdo_juraga...', 3306, '', 0)
#1 /home/dnzwygdo/djuragancom/vendor/codeigniter4/framework/system/Database/BaseConnection.php(382): CodeIgniter\Database\MySQLi\Connection->connect(false)
#2 /home/dnzwygdo/djuragancom/vendor/codeigniter4/framework/system/Database/BaseConnection.php(588): CodeIgniter\Database\BaseConnection->initialize()
#3 /home/dnzwygdo/djuragancom/vendor/codeigniter4/framework/system/Database/BaseBuilder.php(1916): CodeIgniter\Database\BaseConnection->query('INSERT INTO `or...', Array, false)
#4 /home/dnzwygdo/djuragancom/vendor/codeigniter4/framework/system/Model.php(278): CodeIgniter\Database\BaseBuilder->insert()
#5 /home/dnzwygdo/djuragancom/vendor/codeigniter4/framework/system/BaseModel.php(738): CodeIgniter\Model->doInsert(Array)
#6 /home/dnzwygdo/djuragancom/vendor/codeigniter4/framework/system/Model.php(666): CodeIgniter\BaseModel->insert(Array, false)
#7 /home/dnzwygdo/djuragancom/vendor/codeigniter4/framework/system/BaseModel.php(658): CodeIgniter\Model->insert(Array, false)
#8 /home/dnzwygdo/djuragancom/app/Controllers/Pelanggan.php(41): CodeIgniter\BaseModel->save(Array)
#9 /home/dnzwygdo/djuragancom/vendor/codeigniter4/framework/system/CodeIgniter.php(898): App\Controllers\Pelanggan->baru()
#10 /home/dnzwygdo/djuragancom/vendor/codeigniter4/framework/system/CodeIgniter.php(457): CodeIgniter\CodeIgniter->runController(Object(App\Controllers\Pelanggan))
#11 /home/dnzwygdo/djuragancom/vendor/codeigniter4/framework/system/CodeIgniter.php(340): CodeIgniter\CodeIgniter->handleRequest(NULL, Object(Config\Cache), false)
#12 /home/dnzwygdo/public_html/index.php(67): CodeIgniter\CodeIgniter->run()
#13 {main}

Next CodeIgniter\Database\Exceptions\DatabaseException: Too many connections in /home/dnzwygdo/djuragancom/vendor/codeigniter4/framework/system/Database/MySQLi/Connection.php:215
Stack trace:
#0 /home/dnzwygdo/djuragancom/vendor/codeigniter4/framework/system/Database/BaseConnection.php(382): CodeIgniter\Database\MySQLi\Connection->connect(false)
#1 /home/dnzwygdo/djuragancom/vendor/codeigniter4/framework/system/Database/BaseConnection.php(588): CodeIgniter\Database\BaseConnection->initialize()
#2 /home/dnzwygdo/djuragancom/vendor/codeigniter4/framework/system/Database/BaseBuilder.php(1916): CodeIgniter\Database\BaseConnection->query('INSERT INTO `or...', Array, false)
#3 /home/dnzwygdo/djuragancom/vendor/codeigniter4/framework/system/Model.php(278): CodeIgniter\Database\BaseBuilder->insert()
#4 /home/dnzwygdo/djuragancom/vendor/codeigniter4/framework/system/BaseModel.php(738): CodeIgniter\Model->doInsert(Array)
#5 /home/dnzwygdo/djuragancom/vendor/codeigniter4/framework/system/Model.php(666): CodeIgniter\BaseModel->insert(Array, false)
#6 /home/dnzwygdo/djuragancom/vendor/codeigniter4/framework/system/BaseModel.php(658): CodeIgniter\Model->insert(Array, false)
#7 /home/dnzwygdo/djuragancom/app/Controllers/Pelanggan.php(41): CodeIgniter\BaseModel->save(Array)
#8 /home/dnzwygdo/djuragancom/vendor/codeigniter4/framework/system/CodeIgniter.php(898): App\Controllers\Pelanggan->baru()
#9 /home/dnzwygdo/djuragancom/vendor/codeigniter4/framework/system/CodeIgniter.php(457): CodeIgniter\CodeIgniter->runController(Object(App\Controllers\Pelanggan))
#10 /home/dnzwygdo/djuragancom/vendor/codeigniter4/framework/system/CodeIgniter.php(340): CodeIgniter\CodeIgniter->handleRequest(NULL, Object(Config\Cache), false)
#11 /home/dnzwygdo/public_html/index.php(67): CodeIgniter\CodeIgniter->run()
#12 {main}
CRITICAL - 2025-05-27 16:36:55 --> Unable to connect to the database.
Main connection [MySQLi]: Too many connections
in SYSTEMPATH/Database/BaseConnection.php on line 418.
 1 SYSTEMPATH/Database/BaseConnection.php(588): CodeIgniter\Database\BaseConnection->initialize()
 2 SYSTEMPATH/Database/BaseBuilder.php(1916): CodeIgniter\Database\BaseConnection->query('INSERT INTO `order_pelanggan` (`nama_pelanggan`, `hp`, `cod`, `kecamatan`, `kabupaten`, `provinsi`, `alamat`, `kodepos`, `created_at`, `updated_at`) VALUES (:nama_pelanggan:, :hp:, :cod:, :kecamatan:, :kabupaten:, :provinsi:, :alamat:, :kodepos:, :created_at:, :updated_at:)', [...], false)
 3 SYSTEMPATH/Model.php(278): CodeIgniter\Database\BaseBuilder->insert()
 4 SYSTEMPATH/BaseModel.php(738): CodeIgniter\Model->doInsert([...])
 5 SYSTEMPATH/Model.php(666): CodeIgniter\BaseModel->insert([...], false)
 6 SYSTEMPATH/BaseModel.php(658): CodeIgniter\Model->insert([...], false)
 7 APPPATH/Controllers/Pelanggan.php(41): CodeIgniter\BaseModel->save([...])
 8 SYSTEMPATH/CodeIgniter.php(898): App\Controllers\Pelanggan->baru()
 9 SYSTEMPATH/CodeIgniter.php(457): CodeIgniter\CodeIgniter->runController(Object(App\Controllers\Pelanggan))
10 SYSTEMPATH/CodeIgniter.php(340): CodeIgniter\CodeIgniter->handleRequest(null, Object(Config\Cache), false)
11 FCPATH/index.php(67): CodeIgniter\CodeIgniter->run()
ERROR - 2025-05-27 16:37:08 --> Error connecting to the database: mysqli_sql_exception: Too many connections in /home/dnzwygdo/djuragancom/vendor/codeigniter4/framework/system/Database/MySQLi/Connection.php:171
Stack trace:
#0 /home/dnzwygdo/djuragancom/vendor/codeigniter4/framework/system/Database/MySQLi/Connection.php(171): mysqli->real_connect('localhost', 'dnzwygdo_jura94...', 'v[,S+a7zlZd0', 'dnzwygdo_juraga...', 3306, '', 0)
#1 /home/dnzwygdo/djuragancom/vendor/codeigniter4/framework/system/Database/BaseConnection.php(382): CodeIgniter\Database\MySQLi\Connection->connect(false)
#2 /home/dnzwygdo/djuragancom/vendor/codeigniter4/framework/system/Database/BaseConnection.php(588): CodeIgniter\Database\BaseConnection->initialize()
#3 /home/dnzwygdo/djuragancom/vendor/codeigniter4/framework/system/Database/BaseBuilder.php(1669): CodeIgniter\Database\BaseConnection->query('SELECT COUNT(*)...', Array, false)
#4 /home/dnzwygdo/djuragancom/app/Controllers/Api/Notifikasi.php(37): CodeIgniter\Database\BaseBuilder->countAllResults()
#5 /home/dnzwygdo/djuragancom/vendor/codeigniter4/framework/system/CodeIgniter.php(898): App\Controllers\Api\Notifikasi->get()
#6 /home/dnzwygdo/djuragancom/vendor/codeigniter4/framework/system/CodeIgniter.php(457): CodeIgniter\CodeIgniter->runController(Object(App\Controllers\Api\Notifikasi))
#7 /home/dnzwygdo/djuragancom/vendor/codeigniter4/framework/system/CodeIgniter.php(340): CodeIgniter\CodeIgniter->handleRequest(NULL, Object(Config\Cache), false)
#8 /home/dnzwygdo/public_html/index.php(67): CodeIgniter\CodeIgniter->run()
#9 {main}

Next CodeIgniter\Database\Exceptions\DatabaseException: Too many connections in /home/dnzwygdo/djuragancom/vendor/codeigniter4/framework/system/Database/MySQLi/Connection.php:215
Stack trace:
#0 /home/dnzwygdo/djuragancom/vendor/codeigniter4/framework/system/Database/BaseConnection.php(382): CodeIgniter\Database\MySQLi\Connection->connect(false)
#1 /home/dnzwygdo/djuragancom/vendor/codeigniter4/framework/system/Database/BaseConnection.php(588): CodeIgniter\Database\BaseConnection->initialize()
#2 /home/dnzwygdo/djuragancom/vendor/codeigniter4/framework/system/Database/BaseBuilder.php(1669): CodeIgniter\Database\BaseConnection->query('SELECT COUNT(*)...', Array, false)
#3 /home/dnzwygdo/djuragancom/app/Controllers/Api/Notifikasi.php(37): CodeIgniter\Database\BaseBuilder->countAllResults()
#4 /home/dnzwygdo/djuragancom/vendor/codeigniter4/framework/system/CodeIgniter.php(898): App\Controllers\Api\Notifikasi->get()
#5 /home/dnzwygdo/djuragancom/vendor/codeigniter4/framework/system/CodeIgniter.php(457): CodeIgniter\CodeIgniter->runController(Object(App\Controllers\Api\Notifikasi))
#6 /home/dnzwygdo/djuragancom/vendor/codeigniter4/framework/system/CodeIgniter.php(340): CodeIgniter\CodeIgniter->handleRequest(NULL, Object(Config\Cache), false)
#7 /home/dnzwygdo/public_html/index.php(67): CodeIgniter\CodeIgniter->run()
#8 {main}
CRITICAL - 2025-05-27 16:37:08 --> Unable to connect to the database.
Main connection [MySQLi]: Too many connections
in SYSTEMPATH/Database/BaseConnection.php on line 418.
 1 SYSTEMPATH/Database/BaseConnection.php(588): CodeIgniter\Database\BaseConnection->initialize()
 2 SYSTEMPATH/Database/BaseBuilder.php(1669): CodeIgniter\Database\BaseConnection->query('SELECT COUNT(*) AS `numrows`
FROM `order_notifikasi` `n`
LEFT JOIN `order_invoice` `i` ON `n`.`invoice_id` = `i`.`id_invoice`
LEFT JOIN `order_user` `p` ON `n`.`from` = `p`.`id`
LEFT JOIN `order_juragan` `j` ON `j`.`id_juragan` = `n`.`juragan_id`
WHERE `n`.`for` = :n.for:
AND `n`.`read_at` IS NULL', [...], false)
 3 APPPATH/Controllers/Api/Notifikasi.php(37): CodeIgniter\Database\BaseBuilder->countAllResults()
 4 SYSTEMPATH/CodeIgniter.php(898): App\Controllers\Api\Notifikasi->get()
 5 SYSTEMPATH/CodeIgniter.php(457): CodeIgniter\CodeIgniter->runController(Object(App\Controllers\Api\Notifikasi))
 6 SYSTEMPATH/CodeIgniter.php(340): CodeIgniter\CodeIgniter->handleRequest(null, Object(Config\Cache), false)
 7 FCPATH/index.php(67): CodeIgniter\CodeIgniter->run()
ERROR - 2025-05-27 16:37:21 --> Error connecting to the database: mysqli_sql_exception: Too many connections in /home/dnzwygdo/djuragancom/vendor/codeigniter4/framework/system/Database/MySQLi/Connection.php:171
Stack trace:
#0 /home/dnzwygdo/djuragancom/vendor/codeigniter4/framework/system/Database/MySQLi/Connection.php(171): mysqli->real_connect('localhost', 'dnzwygdo_jura94...', 'v[,S+a7zlZd0', 'dnzwygdo_juraga...', 3306, '', 0)
#1 /home/dnzwygdo/djuragancom/vendor/codeigniter4/framework/system/Database/BaseConnection.php(382): CodeIgniter\Database\MySQLi\Connection->connect(false)
#2 /home/dnzwygdo/djuragancom/vendor/codeigniter4/framework/system/Database/BaseConnection.php(588): CodeIgniter\Database\BaseConnection->initialize()
#3 /home/dnzwygdo/djuragancom/vendor/codeigniter4/framework/system/Database/BaseBuilder.php(1669): CodeIgniter\Database\BaseConnection->query('SELECT COUNT(*)...', Array, false)
#4 /home/dnzwygdo/djuragancom/app/Controllers/Api/Notifikasi.php(37): CodeIgniter\Database\BaseBuilder->countAllResults()
#5 /home/dnzwygdo/djuragancom/vendor/codeigniter4/framework/system/CodeIgniter.php(898): App\Controllers\Api\Notifikasi->get()
#6 /home/dnzwygdo/djuragancom/vendor/codeigniter4/framework/system/CodeIgniter.php(457): CodeIgniter\CodeIgniter->runController(Object(App\Controllers\Api\Notifikasi))
#7 /home/dnzwygdo/djuragancom/vendor/codeigniter4/framework/system/CodeIgniter.php(340): CodeIgniter\CodeIgniter->handleRequest(NULL, Object(Config\Cache), false)
#8 /home/dnzwygdo/public_html/index.php(67): CodeIgniter\CodeIgniter->run()
#9 {main}

Next CodeIgniter\Database\Exceptions\DatabaseException: Too many connections in /home/dnzwygdo/djuragancom/vendor/codeigniter4/framework/system/Database/MySQLi/Connection.php:215
Stack trace:
#0 /home/dnzwygdo/djuragancom/vendor/codeigniter4/framework/system/Database/BaseConnection.php(382): CodeIgniter\Database\MySQLi\Connection->connect(false)
#1 /home/dnzwygdo/djuragancom/vendor/codeigniter4/framework/system/Database/BaseConnection.php(588): CodeIgniter\Database\BaseConnection->initialize()
#2 /home/dnzwygdo/djuragancom/vendor/codeigniter4/framework/system/Database/BaseBuilder.php(1669): CodeIgniter\Database\BaseConnection->query('SELECT COUNT(*)...', Array, false)
#3 /home/dnzwygdo/djuragancom/app/Controllers/Api/Notifikasi.php(37): CodeIgniter\Database\BaseBuilder->countAllResults()
#4 /home/dnzwygdo/djuragancom/vendor/codeigniter4/framework/system/CodeIgniter.php(898): App\Controllers\Api\Notifikasi->get()
#5 /home/dnzwygdo/djuragancom/vendor/codeigniter4/framework/system/CodeIgniter.php(457): CodeIgniter\CodeIgniter->runController(Object(App\Controllers\Api\Notifikasi))
#6 /home/dnzwygdo/djuragancom/vendor/codeigniter4/framework/system/CodeIgniter.php(340): CodeIgniter\CodeIgniter->handleRequest(NULL, Object(Config\Cache), false)
#7 /home/dnzwygdo/public_html/index.php(67): CodeIgniter\CodeIgniter->run()
#8 {main}
CRITICAL - 2025-05-27 16:37:21 --> Unable to connect to the database.
Main connection [MySQLi]: Too many connections
in SYSTEMPATH/Database/BaseConnection.php on line 418.
 1 SYSTEMPATH/Database/BaseConnection.php(588): CodeIgniter\Database\BaseConnection->initialize()
 2 SYSTEMPATH/Database/BaseBuilder.php(1669): CodeIgniter\Database\BaseConnection->query('SELECT COUNT(*) AS `numrows`
FROM `order_notifikasi` `n`
LEFT JOIN `order_invoice` `i` ON `n`.`invoice_id` = `i`.`id_invoice`
LEFT JOIN `order_user` `p` ON `n`.`from` = `p`.`id`
LEFT JOIN `order_juragan` `j` ON `j`.`id_juragan` = `n`.`juragan_id`
WHERE `n`.`for` = :n.for:
AND `n`.`read_at` IS NULL', [...], false)
 3 APPPATH/Controllers/Api/Notifikasi.php(37): CodeIgniter\Database\BaseBuilder->countAllResults()
 4 SYSTEMPATH/CodeIgniter.php(898): App\Controllers\Api\Notifikasi->get()
 5 SYSTEMPATH/CodeIgniter.php(457): CodeIgniter\CodeIgniter->runController(Object(App\Controllers\Api\Notifikasi))
 6 SYSTEMPATH/CodeIgniter.php(340): CodeIgniter\CodeIgniter->handleRequest(null, Object(Config\Cache), false)
 7 FCPATH/index.php(67): CodeIgniter\CodeIgniter->run()
ERROR - 2025-05-27 16:37:38 --> Error connecting to the database: mysqli_sql_exception: Too many connections in /home/dnzwygdo/djuragancom/vendor/codeigniter4/framework/system/Database/MySQLi/Connection.php:171
Stack trace:
#0 /home/dnzwygdo/djuragancom/vendor/codeigniter4/framework/system/Database/MySQLi/Connection.php(171): mysqli->real_connect('localhost', 'dnzwygdo_jura94...', 'v[,S+a7zlZd0', 'dnzwygdo_juraga...', 3306, '', 0)
#1 /home/dnzwygdo/djuragancom/vendor/codeigniter4/framework/system/Database/BaseConnection.php(382): CodeIgniter\Database\MySQLi\Connection->connect(false)
#2 /home/dnzwygdo/djuragancom/vendor/codeigniter4/framework/system/Database/BaseConnection.php(588): CodeIgniter\Database\BaseConnection->initialize()
#3 /home/dnzwygdo/djuragancom/vendor/codeigniter4/framework/system/Database/BaseBuilder.php(1669): CodeIgniter\Database\BaseConnection->query('SELECT COUNT(*)...', Array, false)
#4 /home/dnzwygdo/djuragancom/app/Controllers/Api/Notifikasi.php(37): CodeIgniter\Database\BaseBuilder->countAllResults()
#5 /home/dnzwygdo/djuragancom/vendor/codeigniter4/framework/system/CodeIgniter.php(898): App\Controllers\Api\Notifikasi->get()
#6 /home/dnzwygdo/djuragancom/vendor/codeigniter4/framework/system/CodeIgniter.php(457): CodeIgniter\CodeIgniter->runController(Object(App\Controllers\Api\Notifikasi))
#7 /home/dnzwygdo/djuragancom/vendor/codeigniter4/framework/system/CodeIgniter.php(340): CodeIgniter\CodeIgniter->handleRequest(NULL, Object(Config\Cache), false)
#8 /home/dnzwygdo/public_html/index.php(67): CodeIgniter\CodeIgniter->run()
#9 {main}

Next CodeIgniter\Database\Exceptions\DatabaseException: Too many connections in /home/dnzwygdo/djuragancom/vendor/codeigniter4/framework/system/Database/MySQLi/Connection.php:215
Stack trace:
#0 /home/dnzwygdo/djuragancom/vendor/codeigniter4/framework/system/Database/BaseConnection.php(382): CodeIgniter\Database\MySQLi\Connection->connect(false)
#1 /home/dnzwygdo/djuragancom/vendor/codeigniter4/framework/system/Database/BaseConnection.php(588): CodeIgniter\Database\BaseConnection->initialize()
#2 /home/dnzwygdo/djuragancom/vendor/codeigniter4/framework/system/Database/BaseBuilder.php(1669): CodeIgniter\Database\BaseConnection->query('SELECT COUNT(*)...', Array, false)
#3 /home/dnzwygdo/djuragancom/app/Controllers/Api/Notifikasi.php(37): CodeIgniter\Database\BaseBuilder->countAllResults()
#4 /home/dnzwygdo/djuragancom/vendor/codeigniter4/framework/system/CodeIgniter.php(898): App\Controllers\Api\Notifikasi->get()
#5 /home/dnzwygdo/djuragancom/vendor/codeigniter4/framework/system/CodeIgniter.php(457): CodeIgniter\CodeIgniter->runController(Object(App\Controllers\Api\Notifikasi))
#6 /home/dnzwygdo/djuragancom/vendor/codeigniter4/framework/system/CodeIgniter.php(340): CodeIgniter\CodeIgniter->handleRequest(NULL, Object(Config\Cache), false)
#7 /home/dnzwygdo/public_html/index.php(67): CodeIgniter\CodeIgniter->run()
#8 {main}
CRITICAL - 2025-05-27 16:37:38 --> Unable to connect to the database.
Main connection [MySQLi]: Too many connections
in SYSTEMPATH/Database/BaseConnection.php on line 418.
 1 SYSTEMPATH/Database/BaseConnection.php(588): CodeIgniter\Database\BaseConnection->initialize()
 2 SYSTEMPATH/Database/BaseBuilder.php(1669): CodeIgniter\Database\BaseConnection->query('SELECT COUNT(*) AS `numrows`
FROM `order_notifikasi` `n`
LEFT JOIN `order_invoice` `i` ON `n`.`invoice_id` = `i`.`id_invoice`
LEFT JOIN `order_user` `p` ON `n`.`from` = `p`.`id`
LEFT JOIN `order_juragan` `j` ON `j`.`id_juragan` = `n`.`juragan_id`
WHERE `n`.`for` = :n.for:
AND `n`.`read_at` IS NULL', [...], false)
 3 APPPATH/Controllers/Api/Notifikasi.php(37): CodeIgniter\Database\BaseBuilder->countAllResults()
 4 SYSTEMPATH/CodeIgniter.php(898): App\Controllers\Api\Notifikasi->get()
 5 SYSTEMPATH/CodeIgniter.php(457): CodeIgniter\CodeIgniter->runController(Object(App\Controllers\Api\Notifikasi))
 6 SYSTEMPATH/CodeIgniter.php(340): CodeIgniter\CodeIgniter->handleRequest(null, Object(Config\Cache), false)
 7 FCPATH/index.php(67): CodeIgniter\CodeIgniter->run()
ERROR - 2025-05-27 16:38:21 --> Error connecting to the database: mysqli_sql_exception: Too many connections in /home/dnzwygdo/djuragancom/vendor/codeigniter4/framework/system/Database/MySQLi/Connection.php:171
Stack trace:
#0 /home/dnzwygdo/djuragancom/vendor/codeigniter4/framework/system/Database/MySQLi/Connection.php(171): mysqli->real_connect('localhost', 'dnzwygdo_jura94...', 'v[,S+a7zlZd0', 'dnzwygdo_juraga...', 3306, '', 0)
#1 /home/dnzwygdo/djuragancom/vendor/codeigniter4/framework/system/Database/BaseConnection.php(382): CodeIgniter\Database\MySQLi\Connection->connect(false)
#2 /home/dnzwygdo/djuragancom/vendor/codeigniter4/framework/system/Database/BaseConnection.php(588): CodeIgniter\Database\BaseConnection->initialize()
#3 /home/dnzwygdo/djuragancom/vendor/codeigniter4/framework/system/Database/BaseBuilder.php(1669): CodeIgniter\Database\BaseConnection->query('SELECT COUNT(*)...', Array, false)
#4 /home/dnzwygdo/djuragancom/app/Controllers/Api/Notifikasi.php(37): CodeIgniter\Database\BaseBuilder->countAllResults()
#5 /home/dnzwygdo/djuragancom/vendor/codeigniter4/framework/system/CodeIgniter.php(898): App\Controllers\Api\Notifikasi->get()
#6 /home/dnzwygdo/djuragancom/vendor/codeigniter4/framework/system/CodeIgniter.php(457): CodeIgniter\CodeIgniter->runController(Object(App\Controllers\Api\Notifikasi))
#7 /home/dnzwygdo/djuragancom/vendor/codeigniter4/framework/system/CodeIgniter.php(340): CodeIgniter\CodeIgniter->handleRequest(NULL, Object(Config\Cache), false)
#8 /home/dnzwygdo/public_html/index.php(67): CodeIgniter\CodeIgniter->run()
#9 {main}

Next CodeIgniter\Database\Exceptions\DatabaseException: Too many connections in /home/dnzwygdo/djuragancom/vendor/codeigniter4/framework/system/Database/MySQLi/Connection.php:215
Stack trace:
#0 /home/dnzwygdo/djuragancom/vendor/codeigniter4/framework/system/Database/BaseConnection.php(382): CodeIgniter\Database\MySQLi\Connection->connect(false)
#1 /home/dnzwygdo/djuragancom/vendor/codeigniter4/framework/system/Database/BaseConnection.php(588): CodeIgniter\Database\BaseConnection->initialize()
#2 /home/dnzwygdo/djuragancom/vendor/codeigniter4/framework/system/Database/BaseBuilder.php(1669): CodeIgniter\Database\BaseConnection->query('SELECT COUNT(*)...', Array, false)
#3 /home/dnzwygdo/djuragancom/app/Controllers/Api/Notifikasi.php(37): CodeIgniter\Database\BaseBuilder->countAllResults()
#4 /home/dnzwygdo/djuragancom/vendor/codeigniter4/framework/system/CodeIgniter.php(898): App\Controllers\Api\Notifikasi->get()
#5 /home/dnzwygdo/djuragancom/vendor/codeigniter4/framework/system/CodeIgniter.php(457): CodeIgniter\CodeIgniter->runController(Object(App\Controllers\Api\Notifikasi))
#6 /home/dnzwygdo/djuragancom/vendor/codeigniter4/framework/system/CodeIgniter.php(340): CodeIgniter\CodeIgniter->handleRequest(NULL, Object(Config\Cache), false)
#7 /home/dnzwygdo/public_html/index.php(67): CodeIgniter\CodeIgniter->run()
#8 {main}
CRITICAL - 2025-05-27 16:38:21 --> Unable to connect to the database.
Main connection [MySQLi]: Too many connections
in SYSTEMPATH/Database/BaseConnection.php on line 418.
 1 SYSTEMPATH/Database/BaseConnection.php(588): CodeIgniter\Database\BaseConnection->initialize()
 2 SYSTEMPATH/Database/BaseBuilder.php(1669): CodeIgniter\Database\BaseConnection->query('SELECT COUNT(*) AS `numrows`
FROM `order_notifikasi` `n`
LEFT JOIN `order_invoice` `i` ON `n`.`invoice_id` = `i`.`id_invoice`
LEFT JOIN `order_user` `p` ON `n`.`from` = `p`.`id`
LEFT JOIN `order_juragan` `j` ON `j`.`id_juragan` = `n`.`juragan_id`
WHERE `n`.`for` = :n.for:
AND `n`.`read_at` IS NULL', [...], false)
 3 APPPATH/Controllers/Api/Notifikasi.php(37): CodeIgniter\Database\BaseBuilder->countAllResults()
 4 SYSTEMPATH/CodeIgniter.php(898): App\Controllers\Api\Notifikasi->get()
 5 SYSTEMPATH/CodeIgniter.php(457): CodeIgniter\CodeIgniter->runController(Object(App\Controllers\Api\Notifikasi))
 6 SYSTEMPATH/CodeIgniter.php(340): CodeIgniter\CodeIgniter->handleRequest(null, Object(Config\Cache), false)
 7 FCPATH/index.php(67): CodeIgniter\CodeIgniter->run()
ERROR - 2025-05-27 16:38:24 --> Error connecting to the database: mysqli_sql_exception: Too many connections in /home/dnzwygdo/djuragancom/vendor/codeigniter4/framework/system/Database/MySQLi/Connection.php:171
Stack trace:
#0 /home/dnzwygdo/djuragancom/vendor/codeigniter4/framework/system/Database/MySQLi/Connection.php(171): mysqli->real_connect('localhost', 'dnzwygdo_jura94...', 'v[,S+a7zlZd0', 'dnzwygdo_juraga...', 3306, '', 0)
#1 /home/dnzwygdo/djuragancom/vendor/codeigniter4/framework/system/Database/BaseConnection.php(382): CodeIgniter\Database\MySQLi\Connection->connect(false)
#2 /home/dnzwygdo/djuragancom/vendor/codeigniter4/framework/system/Database/BaseConnection.php(588): CodeIgniter\Database\BaseConnection->initialize()
#3 /home/dnzwygdo/djuragancom/vendor/codeigniter4/framework/system/Database/BaseBuilder.php(1669): CodeIgniter\Database\BaseConnection->query('SELECT COUNT(*)...', Array, false)
#4 /home/dnzwygdo/djuragancom/app/Controllers/Api/Notifikasi.php(37): CodeIgniter\Database\BaseBuilder->countAllResults()
#5 /home/dnzwygdo/djuragancom/vendor/codeigniter4/framework/system/CodeIgniter.php(898): App\Controllers\Api\Notifikasi->get()
#6 /home/dnzwygdo/djuragancom/vendor/codeigniter4/framework/system/CodeIgniter.php(457): CodeIgniter\CodeIgniter->runController(Object(App\Controllers\Api\Notifikasi))
#7 /home/dnzwygdo/djuragancom/vendor/codeigniter4/framework/system/CodeIgniter.php(340): CodeIgniter\CodeIgniter->handleRequest(NULL, Object(Config\Cache), false)
#8 /home/dnzwygdo/public_html/index.php(67): CodeIgniter\CodeIgniter->run()
#9 {main}

Next CodeIgniter\Database\Exceptions\DatabaseException: Too many connections in /home/dnzwygdo/djuragancom/vendor/codeigniter4/framework/system/Database/MySQLi/Connection.php:215
Stack trace:
#0 /home/dnzwygdo/djuragancom/vendor/codeigniter4/framework/system/Database/BaseConnection.php(382): CodeIgniter\Database\MySQLi\Connection->connect(false)
#1 /home/dnzwygdo/djuragancom/vendor/codeigniter4/framework/system/Database/BaseConnection.php(588): CodeIgniter\Database\BaseConnection->initialize()
#2 /home/dnzwygdo/djuragancom/vendor/codeigniter4/framework/system/Database/BaseBuilder.php(1669): CodeIgniter\Database\BaseConnection->query('SELECT COUNT(*)...', Array, false)
#3 /home/dnzwygdo/djuragancom/app/Controllers/Api/Notifikasi.php(37): CodeIgniter\Database\BaseBuilder->countAllResults()
#4 /home/dnzwygdo/djuragancom/vendor/codeigniter4/framework/system/CodeIgniter.php(898): App\Controllers\Api\Notifikasi->get()
#5 /home/dnzwygdo/djuragancom/vendor/codeigniter4/framework/system/CodeIgniter.php(457): CodeIgniter\CodeIgniter->runController(Object(App\Controllers\Api\Notifikasi))
#6 /home/dnzwygdo/djuragancom/vendor/codeigniter4/framework/system/CodeIgniter.php(340): CodeIgniter\CodeIgniter->handleRequest(NULL, Object(Config\Cache), false)
#7 /home/dnzwygdo/public_html/index.php(67): CodeIgniter\CodeIgniter->run()
#8 {main}
CRITICAL - 2025-05-27 16:38:24 --> Unable to connect to the database.
Main connection [MySQLi]: Too many connections
in SYSTEMPATH/Database/BaseConnection.php on line 418.
 1 SYSTEMPATH/Database/BaseConnection.php(588): CodeIgniter\Database\BaseConnection->initialize()
 2 SYSTEMPATH/Database/BaseBuilder.php(1669): CodeIgniter\Database\BaseConnection->query('SELECT COUNT(*) AS `numrows`
FROM `order_notifikasi` `n`
LEFT JOIN `order_invoice` `i` ON `n`.`invoice_id` = `i`.`id_invoice`
LEFT JOIN `order_user` `p` ON `n`.`from` = `p`.`id`
LEFT JOIN `order_juragan` `j` ON `j`.`id_juragan` = `n`.`juragan_id`
WHERE `n`.`for` = :n.for:
AND `n`.`read_at` IS NULL', [...], false)
 3 APPPATH/Controllers/Api/Notifikasi.php(37): CodeIgniter\Database\BaseBuilder->countAllResults()
 4 SYSTEMPATH/CodeIgniter.php(898): App\Controllers\Api\Notifikasi->get()
 5 SYSTEMPATH/CodeIgniter.php(457): CodeIgniter\CodeIgniter->runController(Object(App\Controllers\Api\Notifikasi))
 6 SYSTEMPATH/CodeIgniter.php(340): CodeIgniter\CodeIgniter->handleRequest(null, Object(Config\Cache), false)
 7 FCPATH/index.php(67): CodeIgniter\CodeIgniter->run()
ERROR - 2025-05-27 16:40:08 --> Error connecting to the database: mysqli_sql_exception: No such file or directory in /home/dnzwygdo/djuragancom/vendor/codeigniter4/framework/system/Database/MySQLi/Connection.php:171
Stack trace:
#0 /home/dnzwygdo/djuragancom/vendor/codeigniter4/framework/system/Database/MySQLi/Connection.php(171): mysqli->real_connect('localhost', 'dnzwygdo_jura94...', 'v[,S+a7zlZd0', 'dnzwygdo_juraga...', 3306, '', 0)
#1 /home/dnzwygdo/djuragancom/vendor/codeigniter4/framework/system/Database/BaseConnection.php(382): CodeIgniter\Database\MySQLi\Connection->connect(false)
#2 /home/dnzwygdo/djuragancom/vendor/codeigniter4/framework/system/Database/BaseConnection.php(588): CodeIgniter\Database\BaseConnection->initialize()
#3 /home/dnzwygdo/djuragancom/vendor/codeigniter4/framework/system/Database/BaseBuilder.php(1669): CodeIgniter\Database\BaseConnection->query('SELECT COUNT(*)...', Array, false)
#4 /home/dnzwygdo/djuragancom/app/Controllers/Api/Notifikasi.php(37): CodeIgniter\Database\BaseBuilder->countAllResults()
#5 /home/dnzwygdo/djuragancom/vendor/codeigniter4/framework/system/CodeIgniter.php(898): App\Controllers\Api\Notifikasi->get()
#6 /home/dnzwygdo/djuragancom/vendor/codeigniter4/framework/system/CodeIgniter.php(457): CodeIgniter\CodeIgniter->runController(Object(App\Controllers\Api\Notifikasi))
#7 /home/dnzwygdo/djuragancom/vendor/codeigniter4/framework/system/CodeIgniter.php(340): CodeIgniter\CodeIgniter->handleRequest(NULL, Object(Config\Cache), false)
#8 /home/dnzwygdo/public_html/index.php(67): CodeIgniter\CodeIgniter->run()
#9 {main}

Next CodeIgniter\Database\Exceptions\DatabaseException: No such file or directory in /home/dnzwygdo/djuragancom/vendor/codeigniter4/framework/system/Database/MySQLi/Connection.php:215
Stack trace:
#0 /home/dnzwygdo/djuragancom/vendor/codeigniter4/framework/system/Database/BaseConnection.php(382): CodeIgniter\Database\MySQLi\Connection->connect(false)
#1 /home/dnzwygdo/djuragancom/vendor/codeigniter4/framework/system/Database/BaseConnection.php(588): CodeIgniter\Database\BaseConnection->initialize()
#2 /home/dnzwygdo/djuragancom/vendor/codeigniter4/framework/system/Database/BaseBuilder.php(1669): CodeIgniter\Database\BaseConnection->query('SELECT COUNT(*)...', Array, false)
#3 /home/dnzwygdo/djuragancom/app/Controllers/Api/Notifikasi.php(37): CodeIgniter\Database\BaseBuilder->countAllResults()
#4 /home/dnzwygdo/djuragancom/vendor/codeigniter4/framework/system/CodeIgniter.php(898): App\Controllers\Api\Notifikasi->get()
#5 /home/dnzwygdo/djuragancom/vendor/codeigniter4/framework/system/CodeIgniter.php(457): CodeIgniter\CodeIgniter->runController(Object(App\Controllers\Api\Notifikasi))
#6 /home/dnzwygdo/djuragancom/vendor/codeigniter4/framework/system/CodeIgniter.php(340): CodeIgniter\CodeIgniter->handleRequest(NULL, Object(Config\Cache), false)
#7 /home/dnzwygdo/public_html/index.php(67): CodeIgniter\CodeIgniter->run()
#8 {main}
CRITICAL - 2025-05-27 16:40:08 --> Unable to connect to the database.
Main connection [MySQLi]: No such file or directory
in SYSTEMPATH/Database/BaseConnection.php on line 418.
 1 SYSTEMPATH/Database/BaseConnection.php(588): CodeIgniter\Database\BaseConnection->initialize()
 2 SYSTEMPATH/Database/BaseBuilder.php(1669): CodeIgniter\Database\BaseConnection->query('SELECT COUNT(*) AS `numrows`
FROM `order_notifikasi` `n`
LEFT JOIN `order_invoice` `i` ON `n`.`invoice_id` = `i`.`id_invoice`
LEFT JOIN `order_user` `p` ON `n`.`from` = `p`.`id`
LEFT JOIN `order_juragan` `j` ON `j`.`id_juragan` = `n`.`juragan_id`
WHERE `n`.`for` = :n.for:
AND `n`.`read_at` IS NULL', [...], false)
 3 APPPATH/Controllers/Api/Notifikasi.php(37): CodeIgniter\Database\BaseBuilder->countAllResults()
 4 SYSTEMPATH/CodeIgniter.php(898): App\Controllers\Api\Notifikasi->get()
 5 SYSTEMPATH/CodeIgniter.php(457): CodeIgniter\CodeIgniter->runController(Object(App\Controllers\Api\Notifikasi))
 6 SYSTEMPATH/CodeIgniter.php(340): CodeIgniter\CodeIgniter->handleRequest(null, Object(Config\Cache), false)
 7 FCPATH/index.php(67): CodeIgniter\CodeIgniter->run()
CRITICAL - 2025-05-27 19:00:30 --> Allowed memory size of 134217728 bytes exhausted (tried to allocate 20480 bytes)
in SYSTEMPATH/Database/MySQLi/Result.php on line 148.
 1 [internal function]: CodeIgniter\Debug\Exceptions->shutdownHandler()
CRITICAL - 2025-05-27 19:00:31 --> Allowed memory size of 134217728 bytes exhausted (tried to allocate 20480 bytes)
in SYSTEMPATH/Database/MySQLi/Result.php on line 148.
 1 [internal function]: CodeIgniter\Debug\Exceptions->shutdownHandler()
CRITICAL - 2025-05-27 19:01:51 --> Allowed memory size of 134217728 bytes exhausted (tried to allocate 20480 bytes)
in SYSTEMPATH/Database/MySQLi/Result.php on line 148.
 1 [internal function]: CodeIgniter\Debug\Exceptions->shutdownHandler()
CRITICAL - 2025-05-27 19:01:55 --> Allowed memory size of 134217728 bytes exhausted (tried to allocate 20480 bytes)
in SYSTEMPATH/Database/MySQLi/Result.php on line 148.
 1 [internal function]: CodeIgniter\Debug\Exceptions->shutdownHandler()
CRITICAL - 2025-05-27 19:01:56 --> Allowed memory size of 134217728 bytes exhausted (tried to allocate 20480 bytes)
in SYSTEMPATH/Database/MySQLi/Result.php on line 148.
 1 [internal function]: CodeIgniter\Debug\Exceptions->shutdownHandler()
CRITICAL - 2025-05-27 19:01:58 --> Allowed memory size of 134217728 bytes exhausted (tried to allocate 20480 bytes)
in SYSTEMPATH/Database/MySQLi/Result.php on line 148.
 1 [internal function]: CodeIgniter\Debug\Exceptions->shutdownHandler()
CRITICAL - 2025-05-27 20:23:10 --> Allowed memory size of 134217728 bytes exhausted (tried to allocate 20480 bytes)
in SYSTEMPATH/Database/MySQLi/Result.php on line 148.
 1 [internal function]: CodeIgniter\Debug\Exceptions->shutdownHandler()
