CRITICAL - 2020-12-04 13:47:16 --> count(): Parameter must be an array or an object that implements Countable
#0 /home/dnzwygdo/public_html/djuragan.com/orderan/app/Views/user/invoice/lihat.php(112): CodeIgniter\Debug\Exceptions->errorHandler(2, 'count(): Parame...', '/home/dnzwygdo/...', 112, Array)
#1 /home/dnzwygdo/public_html/djuragan.com/orderan/vendor/codeigniter4/framework/system/View/View.php(246): include('/home/dnzwygdo/...')
#2 /home/dnzwygdo/public_html/djuragan.com/orderan/vendor/codeigniter4/framework/system/Common.php(1119): CodeIgniter\View\View->render('user/invoice/li...', Array, true)
#3 /home/dnzwygdo/public_html/djuragan.com/orderan/app/Controllers/User/Invoices.php(179): view('user/invoice/li...', Array)
#4 /home/dnzwygdo/public_html/djuragan.com/orderan/vendor/codeigniter4/framework/system/CodeIgniter.php(918): App\Controllers\User\Invoices->lihat('5cc83b910b2a957...', 'semua')
#5 /home/dnzwygdo/public_html/djuragan.com/orderan/vendor/codeigniter4/framework/system/CodeIgniter.php(404): CodeIgniter\CodeIgniter->runController(Object(App\Controllers\User\Invoices))
#6 /home/dnzwygdo/public_html/djuragan.com/orderan/vendor/codeigniter4/framework/system/CodeIgniter.php(312): CodeIgniter\CodeIgniter->handleRequest(NULL, Object(Config\Cache), false)
#7 /home/dnzwygdo/public_html/djuragan.com/orderan/public/index.php(45): CodeIgniter\CodeIgniter->run()
#8 {main}
CRITICAL - 2020-12-04 13:47:22 --> count(): Parameter must be an array or an object that implements Countable
#0 /home/dnzwygdo/public_html/djuragan.com/orderan/app/Views/user/invoice/lihat.php(112): CodeIgniter\Debug\Exceptions->errorHandler(2, 'count(): Parame...', '/home/dnzwygdo/...', 112, Array)
#1 /home/dnzwygdo/public_html/djuragan.com/orderan/vendor/codeigniter4/framework/system/View/View.php(246): include('/home/dnzwygdo/...')
#2 /home/dnzwygdo/public_html/djuragan.com/orderan/vendor/codeigniter4/framework/system/Common.php(1119): CodeIgniter\View\View->render('user/invoice/li...', Array, true)
#3 /home/dnzwygdo/public_html/djuragan.com/orderan/app/Controllers/User/Invoices.php(179): view('user/invoice/li...', Array)
#4 /home/dnzwygdo/public_html/djuragan.com/orderan/vendor/codeigniter4/framework/system/CodeIgniter.php(918): App\Controllers\User\Invoices->lihat('5cc83b910b2a957...', 'semua')
#5 /home/dnzwygdo/public_html/djuragan.com/orderan/vendor/codeigniter4/framework/system/CodeIgniter.php(404): CodeIgniter\CodeIgniter->runController(Object(App\Controllers\User\Invoices))
#6 /home/dnzwygdo/public_html/djuragan.com/orderan/vendor/codeigniter4/framework/system/CodeIgniter.php(312): CodeIgniter\CodeIgniter->handleRequest(NULL, Object(Config\Cache), false)
#7 /home/dnzwygdo/public_html/djuragan.com/orderan/public/index.php(45): CodeIgniter\CodeIgniter->run()
#8 {main}
CRITICAL - 2020-12-04 13:47:27 --> count(): Parameter must be an array or an object that implements Countable
#0 /home/dnzwygdo/public_html/djuragan.com/orderan/app/Views/user/invoice/lihat.php(112): CodeIgniter\Debug\Exceptions->errorHandler(2, 'count(): Parame...', '/home/dnzwygdo/...', 112, Array)
#1 /home/dnzwygdo/public_html/djuragan.com/orderan/vendor/codeigniter4/framework/system/View/View.php(246): include('/home/dnzwygdo/...')
#2 /home/dnzwygdo/public_html/djuragan.com/orderan/vendor/codeigniter4/framework/system/Common.php(1119): CodeIgniter\View\View->render('user/invoice/li...', Array, true)
#3 /home/dnzwygdo/public_html/djuragan.com/orderan/app/Controllers/User/Invoices.php(179): view('user/invoice/li...', Array)
#4 /home/dnzwygdo/public_html/djuragan.com/orderan/vendor/codeigniter4/framework/system/CodeIgniter.php(918): App\Controllers\User\Invoices->lihat('5cc83b910b2a957...', 'semua')
#5 /home/dnzwygdo/public_html/djuragan.com/orderan/vendor/codeigniter4/framework/system/CodeIgniter.php(404): CodeIgniter\CodeIgniter->runController(Object(App\Controllers\User\Invoices))
#6 /home/dnzwygdo/public_html/djuragan.com/orderan/vendor/codeigniter4/framework/system/CodeIgniter.php(312): CodeIgniter\CodeIgniter->handleRequest(NULL, Object(Config\Cache), false)
#7 /home/dnzwygdo/public_html/djuragan.com/orderan/public/index.php(45): CodeIgniter\CodeIgniter->run()
#8 {main}
CRITICAL - 2020-12-04 13:47:32 --> count(): Parameter must be an array or an object that implements Countable
#0 /home/dnzwygdo/public_html/djuragan.com/orderan/app/Views/user/invoice/lihat.php(112): CodeIgniter\Debug\Exceptions->errorHandler(2, 'count(): Parame...', '/home/dnzwygdo/...', 112, Array)
#1 /home/dnzwygdo/public_html/djuragan.com/orderan/vendor/codeigniter4/framework/system/View/View.php(246): include('/home/dnzwygdo/...')
#2 /home/dnzwygdo/public_html/djuragan.com/orderan/vendor/codeigniter4/framework/system/Common.php(1119): CodeIgniter\View\View->render('user/invoice/li...', Array, true)
#3 /home/dnzwygdo/public_html/djuragan.com/orderan/app/Controllers/User/Invoices.php(179): view('user/invoice/li...', Array)
#4 /home/dnzwygdo/public_html/djuragan.com/orderan/vendor/codeigniter4/framework/system/CodeIgniter.php(918): App\Controllers\User\Invoices->lihat('5cc83b910b2a957...', 'semua')
#5 /home/dnzwygdo/public_html/djuragan.com/orderan/vendor/codeigniter4/framework/system/CodeIgniter.php(404): CodeIgniter\CodeIgniter->runController(Object(App\Controllers\User\Invoices))
#6 /home/dnzwygdo/public_html/djuragan.com/orderan/vendor/codeigniter4/framework/system/CodeIgniter.php(312): CodeIgniter\CodeIgniter->handleRequest(NULL, Object(Config\Cache), false)
#7 /home/dnzwygdo/public_html/djuragan.com/orderan/public/index.php(45): CodeIgniter\CodeIgniter->run()
#8 {main}
CRITICAL - 2020-12-04 13:47:44 --> count(): Parameter must be an array or an object that implements Countable
#0 /home/dnzwygdo/public_html/djuragan.com/orderan/app/Views/user/invoice/lihat.php(112): CodeIgniter\Debug\Exceptions->errorHandler(2, 'count(): Parame...', '/home/dnzwygdo/...', 112, Array)
#1 /home/dnzwygdo/public_html/djuragan.com/orderan/vendor/codeigniter4/framework/system/View/View.php(246): include('/home/dnzwygdo/...')
#2 /home/dnzwygdo/public_html/djuragan.com/orderan/vendor/codeigniter4/framework/system/Common.php(1119): CodeIgniter\View\View->render('user/invoice/li...', Array, true)
#3 /home/dnzwygdo/public_html/djuragan.com/orderan/app/Controllers/User/Invoices.php(179): view('user/invoice/li...', Array)
#4 /home/dnzwygdo/public_html/djuragan.com/orderan/vendor/codeigniter4/framework/system/CodeIgniter.php(918): App\Controllers\User\Invoices->lihat('5cc83b910b2a957...', 'semua')
#5 /home/dnzwygdo/public_html/djuragan.com/orderan/vendor/codeigniter4/framework/system/CodeIgniter.php(404): CodeIgniter\CodeIgniter->runController(Object(App\Controllers\User\Invoices))
#6 /home/dnzwygdo/public_html/djuragan.com/orderan/vendor/codeigniter4/framework/system/CodeIgniter.php(312): CodeIgniter\CodeIgniter->handleRequest(NULL, Object(Config\Cache), false)
#7 /home/dnzwygdo/public_html/djuragan.com/orderan/public/index.php(45): CodeIgniter\CodeIgniter->run()
#8 {main}
CRITICAL - 2020-12-04 13:47:51 --> count(): Parameter must be an array or an object that implements Countable
#0 /home/dnzwygdo/public_html/djuragan.com/orderan/app/Views/user/invoice/lihat.php(112): CodeIgniter\Debug\Exceptions->errorHandler(2, 'count(): Parame...', '/home/dnzwygdo/...', 112, Array)
#1 /home/dnzwygdo/public_html/djuragan.com/orderan/vendor/codeigniter4/framework/system/View/View.php(246): include('/home/dnzwygdo/...')
#2 /home/dnzwygdo/public_html/djuragan.com/orderan/vendor/codeigniter4/framework/system/Common.php(1119): CodeIgniter\View\View->render('user/invoice/li...', Array, true)
#3 /home/dnzwygdo/public_html/djuragan.com/orderan/app/Controllers/User/Invoices.php(179): view('user/invoice/li...', Array)
#4 /home/dnzwygdo/public_html/djuragan.com/orderan/vendor/codeigniter4/framework/system/CodeIgniter.php(918): App\Controllers\User\Invoices->lihat('5cc83b910b2a957...', 'semua')
#5 /home/dnzwygdo/public_html/djuragan.com/orderan/vendor/codeigniter4/framework/system/CodeIgniter.php(404): CodeIgniter\CodeIgniter->runController(Object(App\Controllers\User\Invoices))
#6 /home/dnzwygdo/public_html/djuragan.com/orderan/vendor/codeigniter4/framework/system/CodeIgniter.php(312): CodeIgniter\CodeIgniter->handleRequest(NULL, Object(Config\Cache), false)
#7 /home/dnzwygdo/public_html/djuragan.com/orderan/public/index.php(45): CodeIgniter\CodeIgniter->run()
#8 {main}
CRITICAL - 2020-12-04 13:47:59 --> count(): Parameter must be an array or an object that implements Countable
#0 /home/dnzwygdo/public_html/djuragan.com/orderan/app/Views/user/invoice/lihat.php(112): CodeIgniter\Debug\Exceptions->errorHandler(2, 'count(): Parame...', '/home/dnzwygdo/...', 112, Array)
#1 /home/dnzwygdo/public_html/djuragan.com/orderan/vendor/codeigniter4/framework/system/View/View.php(246): include('/home/dnzwygdo/...')
#2 /home/dnzwygdo/public_html/djuragan.com/orderan/vendor/codeigniter4/framework/system/Common.php(1119): CodeIgniter\View\View->render('user/invoice/li...', Array, true)
#3 /home/dnzwygdo/public_html/djuragan.com/orderan/app/Controllers/User/Invoices.php(179): view('user/invoice/li...', Array)
#4 /home/dnzwygdo/public_html/djuragan.com/orderan/vendor/codeigniter4/framework/system/CodeIgniter.php(918): App\Controllers\User\Invoices->lihat('5cc83b910b2a957...', 'semua')
#5 /home/dnzwygdo/public_html/djuragan.com/orderan/vendor/codeigniter4/framework/system/CodeIgniter.php(404): CodeIgniter\CodeIgniter->runController(Object(App\Controllers\User\Invoices))
#6 /home/dnzwygdo/public_html/djuragan.com/orderan/vendor/codeigniter4/framework/system/CodeIgniter.php(312): CodeIgniter\CodeIgniter->handleRequest(NULL, Object(Config\Cache), false)
#7 /home/dnzwygdo/public_html/djuragan.com/orderan/public/index.php(45): CodeIgniter\CodeIgniter->run()
#8 {main}
CRITICAL - 2020-12-04 13:47:59 --> count(): Parameter must be an array or an object that implements Countable
#0 /home/dnzwygdo/public_html/djuragan.com/orderan/app/Views/user/invoice/lihat.php(112): CodeIgniter\Debug\Exceptions->errorHandler(2, 'count(): Parame...', '/home/dnzwygdo/...', 112, Array)
#1 /home/dnzwygdo/public_html/djuragan.com/orderan/vendor/codeigniter4/framework/system/View/View.php(246): include('/home/dnzwygdo/...')
#2 /home/dnzwygdo/public_html/djuragan.com/orderan/vendor/codeigniter4/framework/system/Common.php(1119): CodeIgniter\View\View->render('user/invoice/li...', Array, true)
#3 /home/dnzwygdo/public_html/djuragan.com/orderan/app/Controllers/User/Invoices.php(179): view('user/invoice/li...', Array)
#4 /home/dnzwygdo/public_html/djuragan.com/orderan/vendor/codeigniter4/framework/system/CodeIgniter.php(918): App\Controllers\User\Invoices->lihat('5cc83b910b2a957...', 'semua')
#5 /home/dnzwygdo/public_html/djuragan.com/orderan/vendor/codeigniter4/framework/system/CodeIgniter.php(404): CodeIgniter\CodeIgniter->runController(Object(App\Controllers\User\Invoices))
#6 /home/dnzwygdo/public_html/djuragan.com/orderan/vendor/codeigniter4/framework/system/CodeIgniter.php(312): CodeIgniter\CodeIgniter->handleRequest(NULL, Object(Config\Cache), false)
#7 /home/dnzwygdo/public_html/djuragan.com/orderan/public/index.php(45): CodeIgniter\CodeIgniter->run()
#8 {main}
CRITICAL - 2020-12-04 13:48:10 --> count(): Parameter must be an array or an object that implements Countable
#0 /home/dnzwygdo/public_html/djuragan.com/orderan/app/Views/user/invoice/lihat.php(112): CodeIgniter\Debug\Exceptions->errorHandler(2, 'count(): Parame...', '/home/dnzwygdo/...', 112, Array)
#1 /home/dnzwygdo/public_html/djuragan.com/orderan/vendor/codeigniter4/framework/system/View/View.php(246): include('/home/dnzwygdo/...')
#2 /home/dnzwygdo/public_html/djuragan.com/orderan/vendor/codeigniter4/framework/system/Common.php(1119): CodeIgniter\View\View->render('user/invoice/li...', Array, true)
#3 /home/dnzwygdo/public_html/djuragan.com/orderan/app/Controllers/User/Invoices.php(179): view('user/invoice/li...', Array)
#4 /home/dnzwygdo/public_html/djuragan.com/orderan/vendor/codeigniter4/framework/system/CodeIgniter.php(918): App\Controllers\User\Invoices->lihat('5cc83b910b2a957...', 'semua')
#5 /home/dnzwygdo/public_html/djuragan.com/orderan/vendor/codeigniter4/framework/system/CodeIgniter.php(404): CodeIgniter\CodeIgniter->runController(Object(App\Controllers\User\Invoices))
#6 /home/dnzwygdo/public_html/djuragan.com/orderan/vendor/codeigniter4/framework/system/CodeIgniter.php(312): CodeIgniter\CodeIgniter->handleRequest(NULL, Object(Config\Cache), false)
#7 /home/dnzwygdo/public_html/djuragan.com/orderan/public/index.php(45): CodeIgniter\CodeIgniter->run()
#8 {main}
CRITICAL - 2020-12-04 13:48:13 --> count(): Parameter must be an array or an object that implements Countable
#0 /home/dnzwygdo/public_html/djuragan.com/orderan/app/Views/user/invoice/lihat.php(112): CodeIgniter\Debug\Exceptions->errorHandler(2, 'count(): Parame...', '/home/dnzwygdo/...', 112, Array)
#1 /home/dnzwygdo/public_html/djuragan.com/orderan/vendor/codeigniter4/framework/system/View/View.php(246): include('/home/dnzwygdo/...')
#2 /home/dnzwygdo/public_html/djuragan.com/orderan/vendor/codeigniter4/framework/system/Common.php(1119): CodeIgniter\View\View->render('user/invoice/li...', Array, true)
#3 /home/dnzwygdo/public_html/djuragan.com/orderan/app/Controllers/User/Invoices.php(179): view('user/invoice/li...', Array)
#4 /home/dnzwygdo/public_html/djuragan.com/orderan/vendor/codeigniter4/framework/system/CodeIgniter.php(918): App\Controllers\User\Invoices->lihat('5cc83b910b2a957...', 'semua')
#5 /home/dnzwygdo/public_html/djuragan.com/orderan/vendor/codeigniter4/framework/system/CodeIgniter.php(404): CodeIgniter\CodeIgniter->runController(Object(App\Controllers\User\Invoices))
#6 /home/dnzwygdo/public_html/djuragan.com/orderan/vendor/codeigniter4/framework/system/CodeIgniter.php(312): CodeIgniter\CodeIgniter->handleRequest(NULL, Object(Config\Cache), false)
#7 /home/dnzwygdo/public_html/djuragan.com/orderan/public/index.php(45): CodeIgniter\CodeIgniter->run()
#8 {main}
CRITICAL - 2020-12-04 13:48:30 --> count(): Parameter must be an array or an object that implements Countable
#0 /home/dnzwygdo/public_html/djuragan.com/orderan/app/Views/user/invoice/lihat.php(112): CodeIgniter\Debug\Exceptions->errorHandler(2, 'count(): Parame...', '/home/dnzwygdo/...', 112, Array)
#1 /home/dnzwygdo/public_html/djuragan.com/orderan/vendor/codeigniter4/framework/system/View/View.php(246): include('/home/dnzwygdo/...')
#2 /home/dnzwygdo/public_html/djuragan.com/orderan/vendor/codeigniter4/framework/system/Common.php(1119): CodeIgniter\View\View->render('user/invoice/li...', Array, true)
#3 /home/dnzwygdo/public_html/djuragan.com/orderan/app/Controllers/User/Invoices.php(179): view('user/invoice/li...', Array)
#4 /home/dnzwygdo/public_html/djuragan.com/orderan/vendor/codeigniter4/framework/system/CodeIgniter.php(918): App\Controllers\User\Invoices->lihat('5cc83b910b2a957...', 'semua')
#5 /home/dnzwygdo/public_html/djuragan.com/orderan/vendor/codeigniter4/framework/system/CodeIgniter.php(404): CodeIgniter\CodeIgniter->runController(Object(App\Controllers\User\Invoices))
#6 /home/dnzwygdo/public_html/djuragan.com/orderan/vendor/codeigniter4/framework/system/CodeIgniter.php(312): CodeIgniter\CodeIgniter->handleRequest(NULL, Object(Config\Cache), false)
#7 /home/dnzwygdo/public_html/djuragan.com/orderan/public/index.php(45): CodeIgniter\CodeIgniter->run()
#8 {main}
CRITICAL - 2020-12-04 13:48:30 --> count(): Parameter must be an array or an object that implements Countable
#0 /home/dnzwygdo/public_html/djuragan.com/orderan/app/Views/user/invoice/lihat.php(112): CodeIgniter\Debug\Exceptions->errorHandler(2, 'count(): Parame...', '/home/dnzwygdo/...', 112, Array)
#1 /home/dnzwygdo/public_html/djuragan.com/orderan/vendor/codeigniter4/framework/system/View/View.php(246): include('/home/dnzwygdo/...')
#2 /home/dnzwygdo/public_html/djuragan.com/orderan/vendor/codeigniter4/framework/system/Common.php(1119): CodeIgniter\View\View->render('user/invoice/li...', Array, true)
#3 /home/dnzwygdo/public_html/djuragan.com/orderan/app/Controllers/User/Invoices.php(179): view('user/invoice/li...', Array)
#4 /home/dnzwygdo/public_html/djuragan.com/orderan/vendor/codeigniter4/framework/system/CodeIgniter.php(918): App\Controllers\User\Invoices->lihat('5cc83b910b2a957...', 'semua')
#5 /home/dnzwygdo/public_html/djuragan.com/orderan/vendor/codeigniter4/framework/system/CodeIgniter.php(404): CodeIgniter\CodeIgniter->runController(Object(App\Controllers\User\Invoices))
#6 /home/dnzwygdo/public_html/djuragan.com/orderan/vendor/codeigniter4/framework/system/CodeIgniter.php(312): CodeIgniter\CodeIgniter->handleRequest(NULL, Object(Config\Cache), false)
#7 /home/dnzwygdo/public_html/djuragan.com/orderan/public/index.php(45): CodeIgniter\CodeIgniter->run()
#8 {main}
CRITICAL - 2020-12-04 13:50:01 --> count(): Parameter must be an array or an object that implements Countable
#0 /home/dnzwygdo/public_html/djuragan.com/orderan/app/Views/user/invoice/lihat.php(112): CodeIgniter\Debug\Exceptions->errorHandler(2, 'count(): Parame...', '/home/dnzwygdo/...', 112, Array)
#1 /home/dnzwygdo/public_html/djuragan.com/orderan/vendor/codeigniter4/framework/system/View/View.php(246): include('/home/dnzwygdo/...')
#2 /home/dnzwygdo/public_html/djuragan.com/orderan/vendor/codeigniter4/framework/system/Common.php(1119): CodeIgniter\View\View->render('user/invoice/li...', Array, true)
#3 /home/dnzwygdo/public_html/djuragan.com/orderan/app/Controllers/User/Invoices.php(179): view('user/invoice/li...', Array)
#4 /home/dnzwygdo/public_html/djuragan.com/orderan/vendor/codeigniter4/framework/system/CodeIgniter.php(918): App\Controllers\User\Invoices->lihat('5cc83b910b2a957...', 'semua')
#5 /home/dnzwygdo/public_html/djuragan.com/orderan/vendor/codeigniter4/framework/system/CodeIgniter.php(404): CodeIgniter\CodeIgniter->runController(Object(App\Controllers\User\Invoices))
#6 /home/dnzwygdo/public_html/djuragan.com/orderan/vendor/codeigniter4/framework/system/CodeIgniter.php(312): CodeIgniter\CodeIgniter->handleRequest(NULL, Object(Config\Cache), false)
#7 /home/dnzwygdo/public_html/djuragan.com/orderan/public/index.php(45): CodeIgniter\CodeIgniter->run()
#8 {main}
CRITICAL - 2020-12-04 13:50:05 --> count(): Parameter must be an array or an object that implements Countable
#0 /home/dnzwygdo/public_html/djuragan.com/orderan/app/Views/user/invoice/lihat.php(112): CodeIgniter\Debug\Exceptions->errorHandler(2, 'count(): Parame...', '/home/dnzwygdo/...', 112, Array)
#1 /home/dnzwygdo/public_html/djuragan.com/orderan/vendor/codeigniter4/framework/system/View/View.php(246): include('/home/dnzwygdo/...')
#2 /home/dnzwygdo/public_html/djuragan.com/orderan/vendor/codeigniter4/framework/system/Common.php(1119): CodeIgniter\View\View->render('user/invoice/li...', Array, true)
#3 /home/dnzwygdo/public_html/djuragan.com/orderan/app/Controllers/User/Invoices.php(179): view('user/invoice/li...', Array)
#4 /home/dnzwygdo/public_html/djuragan.com/orderan/vendor/codeigniter4/framework/system/CodeIgniter.php(918): App\Controllers\User\Invoices->lihat('5cc83b910b2a957...', 'semua')
#5 /home/dnzwygdo/public_html/djuragan.com/orderan/vendor/codeigniter4/framework/system/CodeIgniter.php(404): CodeIgniter\CodeIgniter->runController(Object(App\Controllers\User\Invoices))
#6 /home/dnzwygdo/public_html/djuragan.com/orderan/vendor/codeigniter4/framework/system/CodeIgniter.php(312): CodeIgniter\CodeIgniter->handleRequest(NULL, Object(Config\Cache), false)
#7 /home/dnzwygdo/public_html/djuragan.com/orderan/public/index.php(45): CodeIgniter\CodeIgniter->run()
#8 {main}
CRITICAL - 2020-12-04 13:50:15 --> count(): Parameter must be an array or an object that implements Countable
#0 /home/dnzwygdo/public_html/djuragan.com/orderan/app/Views/admin/invoice/lihat.php(112): CodeIgniter\Debug\Exceptions->errorHandler(2, 'count(): Parame...', '/home/dnzwygdo/...', 112, Array)
#1 /home/dnzwygdo/public_html/djuragan.com/orderan/vendor/codeigniter4/framework/system/View/View.php(246): include('/home/dnzwygdo/...')
#2 /home/dnzwygdo/public_html/djuragan.com/orderan/vendor/codeigniter4/framework/system/Common.php(1119): CodeIgniter\View\View->render('admin/invoice/l...', Array, true)
#3 /home/dnzwygdo/public_html/djuragan.com/orderan/app/Controllers/Admin/Invoices.php(80): view('admin/invoice/l...', Array)
#4 /home/dnzwygdo/public_html/djuragan.com/orderan/vendor/codeigniter4/framework/system/CodeIgniter.php(918): App\Controllers\Admin\Invoices->lihat('semua', 'semua')
#5 /home/dnzwygdo/public_html/djuragan.com/orderan/vendor/codeigniter4/framework/system/CodeIgniter.php(404): CodeIgniter\CodeIgniter->runController(Object(App\Controllers\Admin\Invoices))
#6 /home/dnzwygdo/public_html/djuragan.com/orderan/vendor/codeigniter4/framework/system/CodeIgniter.php(312): CodeIgniter\CodeIgniter->handleRequest(NULL, Object(Config\Cache), false)
#7 /home/dnzwygdo/public_html/djuragan.com/orderan/public/index.php(45): CodeIgniter\CodeIgniter->run()
#8 {main}
CRITICAL - 2020-12-04 13:50:25 --> count(): Parameter must be an array or an object that implements Countable
#0 /home/dnzwygdo/public_html/djuragan.com/orderan/app/Views/admin/invoice/lihat.php(112): CodeIgniter\Debug\Exceptions->errorHandler(2, 'count(): Parame...', '/home/dnzwygdo/...', 112, Array)
#1 /home/dnzwygdo/public_html/djuragan.com/orderan/vendor/codeigniter4/framework/system/View/View.php(246): include('/home/dnzwygdo/...')
#2 /home/dnzwygdo/public_html/djuragan.com/orderan/vendor/codeigniter4/framework/system/Common.php(1119): CodeIgniter\View\View->render('admin/invoice/l...', Array, true)
#3 /home/dnzwygdo/public_html/djuragan.com/orderan/app/Controllers/Admin/Invoices.php(80): view('admin/invoice/l...', Array)
#4 /home/dnzwygdo/public_html/djuragan.com/orderan/vendor/codeigniter4/framework/system/CodeIgniter.php(918): App\Controllers\Admin\Invoices->lihat('semua', 'semua')
#5 /home/dnzwygdo/public_html/djuragan.com/orderan/vendor/codeigniter4/framework/system/CodeIgniter.php(404): CodeIgniter\CodeIgniter->runController(Object(App\Controllers\Admin\Invoices))
#6 /home/dnzwygdo/public_html/djuragan.com/orderan/vendor/codeigniter4/framework/system/CodeIgniter.php(312): CodeIgniter\CodeIgniter->handleRequest(NULL, Object(Config\Cache), false)
#7 /home/dnzwygdo/public_html/djuragan.com/orderan/public/index.php(45): CodeIgniter\CodeIgniter->run()
#8 {main}
CRITICAL - 2020-12-04 13:50:29 --> count(): Parameter must be an array or an object that implements Countable
#0 /home/dnzwygdo/public_html/djuragan.com/orderan/app/Views/admin/invoice/lihat.php(112): CodeIgniter\Debug\Exceptions->errorHandler(2, 'count(): Parame...', '/home/dnzwygdo/...', 112, Array)
#1 /home/dnzwygdo/public_html/djuragan.com/orderan/vendor/codeigniter4/framework/system/View/View.php(246): include('/home/dnzwygdo/...')
#2 /home/dnzwygdo/public_html/djuragan.com/orderan/vendor/codeigniter4/framework/system/Common.php(1119): CodeIgniter\View\View->render('admin/invoice/l...', Array, true)
#3 /home/dnzwygdo/public_html/djuragan.com/orderan/app/Controllers/Admin/Invoices.php(80): view('admin/invoice/l...', Array)
#4 /home/dnzwygdo/public_html/djuragan.com/orderan/vendor/codeigniter4/framework/system/CodeIgniter.php(918): App\Controllers\Admin\Invoices->lihat('semua', 'semua')
#5 /home/dnzwygdo/public_html/djuragan.com/orderan/vendor/codeigniter4/framework/system/CodeIgniter.php(404): CodeIgniter\CodeIgniter->runController(Object(App\Controllers\Admin\Invoices))
#6 /home/dnzwygdo/public_html/djuragan.com/orderan/vendor/codeigniter4/framework/system/CodeIgniter.php(312): CodeIgniter\CodeIgniter->handleRequest(NULL, Object(Config\Cache), false)
#7 /home/dnzwygdo/public_html/djuragan.com/orderan/public/index.php(45): CodeIgniter\CodeIgniter->run()
#8 {main}
CRITICAL - 2020-12-04 13:50:50 --> count(): Parameter must be an array or an object that implements Countable
#0 /home/dnzwygdo/public_html/djuragan.com/orderan/app/Views/admin/invoice/lihat.php(112): CodeIgniter\Debug\Exceptions->errorHandler(2, 'count(): Parame...', '/home/dnzwygdo/...', 112, Array)
#1 /home/dnzwygdo/public_html/djuragan.com/orderan/vendor/codeigniter4/framework/system/View/View.php(246): include('/home/dnzwygdo/...')
#2 /home/dnzwygdo/public_html/djuragan.com/orderan/vendor/codeigniter4/framework/system/Common.php(1119): CodeIgniter\View\View->render('admin/invoice/l...', Array, true)
#3 /home/dnzwygdo/public_html/djuragan.com/orderan/app/Controllers/Admin/Invoices.php(80): view('admin/invoice/l...', Array)
#4 /home/dnzwygdo/public_html/djuragan.com/orderan/vendor/codeigniter4/framework/system/CodeIgniter.php(918): App\Controllers\Admin\Invoices->lihat('semua', 'semua')
#5 /home/dnzwygdo/public_html/djuragan.com/orderan/vendor/codeigniter4/framework/system/CodeIgniter.php(404): CodeIgniter\CodeIgniter->runController(Object(App\Controllers\Admin\Invoices))
#6 /home/dnzwygdo/public_html/djuragan.com/orderan/vendor/codeigniter4/framework/system/CodeIgniter.php(312): CodeIgniter\CodeIgniter->handleRequest(NULL, Object(Config\Cache), false)
#7 /home/dnzwygdo/public_html/djuragan.com/orderan/public/index.php(45): CodeIgniter\CodeIgniter->run()
#8 {main}
CRITICAL - 2020-12-04 13:53:08 --> count(): Parameter must be an array or an object that implements Countable
#0 /home/dnzwygdo/public_html/djuragan.com/orderan/app/Views/admin/invoice/lihat.php(112): CodeIgniter\Debug\Exceptions->errorHandler(2, 'count(): Parame...', '/home/dnzwygdo/...', 112, Array)
#1 /home/dnzwygdo/public_html/djuragan.com/orderan/vendor/codeigniter4/framework/system/View/View.php(246): include('/home/dnzwygdo/...')
#2 /home/dnzwygdo/public_html/djuragan.com/orderan/vendor/codeigniter4/framework/system/Common.php(1119): CodeIgniter\View\View->render('admin/invoice/l...', Array, true)
#3 /home/dnzwygdo/public_html/djuragan.com/orderan/app/Controllers/Admin/Invoices.php(80): view('admin/invoice/l...', Array)
#4 /home/dnzwygdo/public_html/djuragan.com/orderan/vendor/codeigniter4/framework/system/CodeIgniter.php(918): App\Controllers\Admin\Invoices->lihat('semua', 'semua')
#5 /home/dnzwygdo/public_html/djuragan.com/orderan/vendor/codeigniter4/framework/system/CodeIgniter.php(404): CodeIgniter\CodeIgniter->runController(Object(App\Controllers\Admin\Invoices))
#6 /home/dnzwygdo/public_html/djuragan.com/orderan/vendor/codeigniter4/framework/system/CodeIgniter.php(312): CodeIgniter\CodeIgniter->handleRequest(NULL, Object(Config\Cache), false)
#7 /home/dnzwygdo/public_html/djuragan.com/orderan/public/index.php(45): CodeIgniter\CodeIgniter->run()
#8 {main}
CRITICAL - 2020-12-04 13:53:29 --> count(): Parameter must be an array or an object that implements Countable
#0 /home/dnzwygdo/public_html/djuragan.com/orderan/app/Views/user/invoice/lihat.php(112): CodeIgniter\Debug\Exceptions->errorHandler(2, 'count(): Parame...', '/home/dnzwygdo/...', 112, Array)
#1 /home/dnzwygdo/public_html/djuragan.com/orderan/vendor/codeigniter4/framework/system/View/View.php(246): include('/home/dnzwygdo/...')
#2 /home/dnzwygdo/public_html/djuragan.com/orderan/vendor/codeigniter4/framework/system/Common.php(1119): CodeIgniter\View\View->render('user/invoice/li...', Array, true)
#3 /home/dnzwygdo/public_html/djuragan.com/orderan/app/Controllers/User/Invoices.php(179): view('user/invoice/li...', Array)
#4 /home/dnzwygdo/public_html/djuragan.com/orderan/vendor/codeigniter4/framework/system/CodeIgniter.php(918): App\Controllers\User\Invoices->lihat('5cc83b910b2a957...', 'semua')
#5 /home/dnzwygdo/public_html/djuragan.com/orderan/vendor/codeigniter4/framework/system/CodeIgniter.php(404): CodeIgniter\CodeIgniter->runController(Object(App\Controllers\User\Invoices))
#6 /home/dnzwygdo/public_html/djuragan.com/orderan/vendor/codeigniter4/framework/system/CodeIgniter.php(312): CodeIgniter\CodeIgniter->handleRequest(NULL, Object(Config\Cache), false)
#7 /home/dnzwygdo/public_html/djuragan.com/orderan/public/index.php(45): CodeIgniter\CodeIgniter->run()
#8 {main}
CRITICAL - 2020-12-04 13:53:46 --> count(): Parameter must be an array or an object that implements Countable
#0 /home/dnzwygdo/public_html/djuragan.com/orderan/app/Views/user/invoice/lihat.php(112): CodeIgniter\Debug\Exceptions->errorHandler(2, 'count(): Parame...', '/home/dnzwygdo/...', 112, Array)
#1 /home/dnzwygdo/public_html/djuragan.com/orderan/vendor/codeigniter4/framework/system/View/View.php(246): include('/home/dnzwygdo/...')
#2 /home/dnzwygdo/public_html/djuragan.com/orderan/vendor/codeigniter4/framework/system/Common.php(1119): CodeIgniter\View\View->render('user/invoice/li...', Array, true)
#3 /home/dnzwygdo/public_html/djuragan.com/orderan/app/Controllers/User/Invoices.php(179): view('user/invoice/li...', Array)
#4 /home/dnzwygdo/public_html/djuragan.com/orderan/vendor/codeigniter4/framework/system/CodeIgniter.php(918): App\Controllers\User\Invoices->lihat('5cc83b910b2a957...', 'semua')
#5 /home/dnzwygdo/public_html/djuragan.com/orderan/vendor/codeigniter4/framework/system/CodeIgniter.php(404): CodeIgniter\CodeIgniter->runController(Object(App\Controllers\User\Invoices))
#6 /home/dnzwygdo/public_html/djuragan.com/orderan/vendor/codeigniter4/framework/system/CodeIgniter.php(312): CodeIgniter\CodeIgniter->handleRequest(NULL, Object(Config\Cache), false)
#7 /home/dnzwygdo/public_html/djuragan.com/orderan/public/index.php(45): CodeIgniter\CodeIgniter->run()
#8 {main}
CRITICAL - 2020-12-04 13:54:09 --> count(): Parameter must be an array or an object that implements Countable
#0 /home/dnzwygdo/public_html/djuragan.com/orderan/app/Views/user/invoice/lihat.php(112): CodeIgniter\Debug\Exceptions->errorHandler(2, 'count(): Parame...', '/home/dnzwygdo/...', 112, Array)
#1 /home/dnzwygdo/public_html/djuragan.com/orderan/vendor/codeigniter4/framework/system/View/View.php(246): include('/home/dnzwygdo/...')
#2 /home/dnzwygdo/public_html/djuragan.com/orderan/vendor/codeigniter4/framework/system/Common.php(1119): CodeIgniter\View\View->render('user/invoice/li...', Array, true)
#3 /home/dnzwygdo/public_html/djuragan.com/orderan/app/Controllers/User/Invoices.php(179): view('user/invoice/li...', Array)
#4 /home/dnzwygdo/public_html/djuragan.com/orderan/vendor/codeigniter4/framework/system/CodeIgniter.php(918): App\Controllers\User\Invoices->lihat('5cc83b910b2a957...', 'semua')
#5 /home/dnzwygdo/public_html/djuragan.com/orderan/vendor/codeigniter4/framework/system/CodeIgniter.php(404): CodeIgniter\CodeIgniter->runController(Object(App\Controllers\User\Invoices))
#6 /home/dnzwygdo/public_html/djuragan.com/orderan/vendor/codeigniter4/framework/system/CodeIgniter.php(312): CodeIgniter\CodeIgniter->handleRequest(NULL, Object(Config\Cache), false)
#7 /home/dnzwygdo/public_html/djuragan.com/orderan/public/index.php(45): CodeIgniter\CodeIgniter->run()
#8 {main}
CRITICAL - 2020-12-04 13:54:11 --> count(): Parameter must be an array or an object that implements Countable
#0 /home/dnzwygdo/public_html/djuragan.com/orderan/app/Views/user/invoice/lihat.php(112): CodeIgniter\Debug\Exceptions->errorHandler(2, 'count(): Parame...', '/home/dnzwygdo/...', 112, Array)
#1 /home/dnzwygdo/public_html/djuragan.com/orderan/vendor/codeigniter4/framework/system/View/View.php(246): include('/home/dnzwygdo/...')
#2 /home/dnzwygdo/public_html/djuragan.com/orderan/vendor/codeigniter4/framework/system/Common.php(1119): CodeIgniter\View\View->render('user/invoice/li...', Array, true)
#3 /home/dnzwygdo/public_html/djuragan.com/orderan/app/Controllers/User/Invoices.php(179): view('user/invoice/li...', Array)
#4 /home/dnzwygdo/public_html/djuragan.com/orderan/vendor/codeigniter4/framework/system/CodeIgniter.php(918): App\Controllers\User\Invoices->lihat('5cc83b910b2a957...', 'semua')
#5 /home/dnzwygdo/public_html/djuragan.com/orderan/vendor/codeigniter4/framework/system/CodeIgniter.php(404): CodeIgniter\CodeIgniter->runController(Object(App\Controllers\User\Invoices))
#6 /home/dnzwygdo/public_html/djuragan.com/orderan/vendor/codeigniter4/framework/system/CodeIgniter.php(312): CodeIgniter\CodeIgniter->handleRequest(NULL, Object(Config\Cache), false)
#7 /home/dnzwygdo/public_html/djuragan.com/orderan/public/index.php(45): CodeIgniter\CodeIgniter->run()
#8 {main}
CRITICAL - 2020-12-04 13:54:14 --> count(): Parameter must be an array or an object that implements Countable
#0 /home/dnzwygdo/public_html/djuragan.com/orderan/app/Views/user/invoice/lihat.php(112): CodeIgniter\Debug\Exceptions->errorHandler(2, 'count(): Parame...', '/home/dnzwygdo/...', 112, Array)
#1 /home/dnzwygdo/public_html/djuragan.com/orderan/vendor/codeigniter4/framework/system/View/View.php(246): include('/home/dnzwygdo/...')
#2 /home/dnzwygdo/public_html/djuragan.com/orderan/vendor/codeigniter4/framework/system/Common.php(1119): CodeIgniter\View\View->render('user/invoice/li...', Array, true)
#3 /home/dnzwygdo/public_html/djuragan.com/orderan/app/Controllers/User/Invoices.php(179): view('user/invoice/li...', Array)
#4 /home/dnzwygdo/public_html/djuragan.com/orderan/vendor/codeigniter4/framework/system/CodeIgniter.php(918): App\Controllers\User\Invoices->lihat('5cc83b910b2a957...', 'semua')
#5 /home/dnzwygdo/public_html/djuragan.com/orderan/vendor/codeigniter4/framework/system/CodeIgniter.php(404): CodeIgniter\CodeIgniter->runController(Object(App\Controllers\User\Invoices))
#6 /home/dnzwygdo/public_html/djuragan.com/orderan/vendor/codeigniter4/framework/system/CodeIgniter.php(312): CodeIgniter\CodeIgniter->handleRequest(NULL, Object(Config\Cache), false)
#7 /home/dnzwygdo/public_html/djuragan.com/orderan/public/index.php(45): CodeIgniter\CodeIgniter->run()
#8 {main}
CRITICAL - 2020-12-04 13:54:17 --> count(): Parameter must be an array or an object that implements Countable
#0 /home/dnzwygdo/public_html/djuragan.com/orderan/app/Views/user/invoice/lihat.php(112): CodeIgniter\Debug\Exceptions->errorHandler(2, 'count(): Parame...', '/home/dnzwygdo/...', 112, Array)
#1 /home/dnzwygdo/public_html/djuragan.com/orderan/vendor/codeigniter4/framework/system/View/View.php(246): include('/home/dnzwygdo/...')
#2 /home/dnzwygdo/public_html/djuragan.com/orderan/vendor/codeigniter4/framework/system/Common.php(1119): CodeIgniter\View\View->render('user/invoice/li...', Array, true)
#3 /home/dnzwygdo/public_html/djuragan.com/orderan/app/Controllers/User/Invoices.php(179): view('user/invoice/li...', Array)
#4 /home/dnzwygdo/public_html/djuragan.com/orderan/vendor/codeigniter4/framework/system/CodeIgniter.php(918): App\Controllers\User\Invoices->lihat('5cc83b910b2a957...', 'semua')
#5 /home/dnzwygdo/public_html/djuragan.com/orderan/vendor/codeigniter4/framework/system/CodeIgniter.php(404): CodeIgniter\CodeIgniter->runController(Object(App\Controllers\User\Invoices))
#6 /home/dnzwygdo/public_html/djuragan.com/orderan/vendor/codeigniter4/framework/system/CodeIgniter.php(312): CodeIgniter\CodeIgniter->handleRequest(NULL, Object(Config\Cache), false)
#7 /home/dnzwygdo/public_html/djuragan.com/orderan/public/index.php(45): CodeIgniter\CodeIgniter->run()
#8 {main}
CRITICAL - 2020-12-04 13:54:18 --> count(): Parameter must be an array or an object that implements Countable
#0 /home/dnzwygdo/public_html/djuragan.com/orderan/app/Views/user/invoice/lihat.php(112): CodeIgniter\Debug\Exceptions->errorHandler(2, 'count(): Parame...', '/home/dnzwygdo/...', 112, Array)
#1 /home/dnzwygdo/public_html/djuragan.com/orderan/vendor/codeigniter4/framework/system/View/View.php(246): include('/home/dnzwygdo/...')
#2 /home/dnzwygdo/public_html/djuragan.com/orderan/vendor/codeigniter4/framework/system/Common.php(1119): CodeIgniter\View\View->render('user/invoice/li...', Array, true)
#3 /home/dnzwygdo/public_html/djuragan.com/orderan/app/Controllers/User/Invoices.php(179): view('user/invoice/li...', Array)
#4 /home/dnzwygdo/public_html/djuragan.com/orderan/vendor/codeigniter4/framework/system/CodeIgniter.php(918): App\Controllers\User\Invoices->lihat('5cc83b910b2a957...', 'semua')
#5 /home/dnzwygdo/public_html/djuragan.com/orderan/vendor/codeigniter4/framework/system/CodeIgniter.php(404): CodeIgniter\CodeIgniter->runController(Object(App\Controllers\User\Invoices))
#6 /home/dnzwygdo/public_html/djuragan.com/orderan/vendor/codeigniter4/framework/system/CodeIgniter.php(312): CodeIgniter\CodeIgniter->handleRequest(NULL, Object(Config\Cache), false)
#7 /home/dnzwygdo/public_html/djuragan.com/orderan/public/index.php(45): CodeIgniter\CodeIgniter->run()
#8 {main}
CRITICAL - 2020-12-04 13:54:24 --> count(): Parameter must be an array or an object that implements Countable
#0 /home/dnzwygdo/public_html/djuragan.com/orderan/app/Views/user/invoice/lihat.php(112): CodeIgniter\Debug\Exceptions->errorHandler(2, 'count(): Parame...', '/home/dnzwygdo/...', 112, Array)
#1 /home/dnzwygdo/public_html/djuragan.com/orderan/vendor/codeigniter4/framework/system/View/View.php(246): include('/home/dnzwygdo/...')
#2 /home/dnzwygdo/public_html/djuragan.com/orderan/vendor/codeigniter4/framework/system/Common.php(1119): CodeIgniter\View\View->render('user/invoice/li...', Array, true)
#3 /home/dnzwygdo/public_html/djuragan.com/orderan/app/Controllers/User/Invoices.php(179): view('user/invoice/li...', Array)
#4 /home/dnzwygdo/public_html/djuragan.com/orderan/vendor/codeigniter4/framework/system/CodeIgniter.php(918): App\Controllers\User\Invoices->lihat('5cc83b910b2a957...', 'semua')
#5 /home/dnzwygdo/public_html/djuragan.com/orderan/vendor/codeigniter4/framework/system/CodeIgniter.php(404): CodeIgniter\CodeIgniter->runController(Object(App\Controllers\User\Invoices))
#6 /home/dnzwygdo/public_html/djuragan.com/orderan/vendor/codeigniter4/framework/system/CodeIgniter.php(312): CodeIgniter\CodeIgniter->handleRequest(NULL, Object(Config\Cache), false)
#7 /home/dnzwygdo/public_html/djuragan.com/orderan/public/index.php(45): CodeIgniter\CodeIgniter->run()
#8 {main}
CRITICAL - 2020-12-04 13:54:32 --> count(): Parameter must be an array or an object that implements Countable
#0 /home/dnzwygdo/public_html/djuragan.com/orderan/app/Views/user/invoice/lihat.php(112): CodeIgniter\Debug\Exceptions->errorHandler(2, 'count(): Parame...', '/home/dnzwygdo/...', 112, Array)
#1 /home/dnzwygdo/public_html/djuragan.com/orderan/vendor/codeigniter4/framework/system/View/View.php(246): include('/home/dnzwygdo/...')
#2 /home/dnzwygdo/public_html/djuragan.com/orderan/vendor/codeigniter4/framework/system/Common.php(1119): CodeIgniter\View\View->render('user/invoice/li...', Array, true)
#3 /home/dnzwygdo/public_html/djuragan.com/orderan/app/Controllers/User/Invoices.php(179): view('user/invoice/li...', Array)
#4 /home/dnzwygdo/public_html/djuragan.com/orderan/vendor/codeigniter4/framework/system/CodeIgniter.php(918): App\Controllers\User\Invoices->lihat('5cc83b910b2a957...', 'semua')
#5 /home/dnzwygdo/public_html/djuragan.com/orderan/vendor/codeigniter4/framework/system/CodeIgniter.php(404): CodeIgniter\CodeIgniter->runController(Object(App\Controllers\User\Invoices))
#6 /home/dnzwygdo/public_html/djuragan.com/orderan/vendor/codeigniter4/framework/system/CodeIgniter.php(312): CodeIgniter\CodeIgniter->handleRequest(NULL, Object(Config\Cache), false)
#7 /home/dnzwygdo/public_html/djuragan.com/orderan/public/index.php(45): CodeIgniter\CodeIgniter->run()
#8 {main}
CRITICAL - 2020-12-04 13:54:47 --> count(): Parameter must be an array or an object that implements Countable
#0 /home/dnzwygdo/public_html/djuragan.com/orderan/app/Views/user/invoice/lihat.php(112): CodeIgniter\Debug\Exceptions->errorHandler(2, 'count(): Parame...', '/home/dnzwygdo/...', 112, Array)
#1 /home/dnzwygdo/public_html/djuragan.com/orderan/vendor/codeigniter4/framework/system/View/View.php(246): include('/home/dnzwygdo/...')
#2 /home/dnzwygdo/public_html/djuragan.com/orderan/vendor/codeigniter4/framework/system/Common.php(1119): CodeIgniter\View\View->render('user/invoice/li...', Array, true)
#3 /home/dnzwygdo/public_html/djuragan.com/orderan/app/Controllers/User/Invoices.php(179): view('user/invoice/li...', Array)
#4 /home/dnzwygdo/public_html/djuragan.com/orderan/vendor/codeigniter4/framework/system/CodeIgniter.php(918): App\Controllers\User\Invoices->lihat('5cc83b910b2a957...', 'belum-proses')
#5 /home/dnzwygdo/public_html/djuragan.com/orderan/vendor/codeigniter4/framework/system/CodeIgniter.php(404): CodeIgniter\CodeIgniter->runController(Object(App\Controllers\User\Invoices))
#6 /home/dnzwygdo/public_html/djuragan.com/orderan/vendor/codeigniter4/framework/system/CodeIgniter.php(312): CodeIgniter\CodeIgniter->handleRequest(NULL, Object(Config\Cache), false)
#7 /home/dnzwygdo/public_html/djuragan.com/orderan/public/index.php(45): CodeIgniter\CodeIgniter->run()
#8 {main}
CRITICAL - 2020-12-04 13:54:50 --> count(): Parameter must be an array or an object that implements Countable
#0 /home/dnzwygdo/public_html/djuragan.com/orderan/app/Views/user/invoice/lihat.php(112): CodeIgniter\Debug\Exceptions->errorHandler(2, 'count(): Parame...', '/home/dnzwygdo/...', 112, Array)
#1 /home/dnzwygdo/public_html/djuragan.com/orderan/vendor/codeigniter4/framework/system/View/View.php(246): include('/home/dnzwygdo/...')
#2 /home/dnzwygdo/public_html/djuragan.com/orderan/vendor/codeigniter4/framework/system/Common.php(1119): CodeIgniter\View\View->render('user/invoice/li...', Array, true)
#3 /home/dnzwygdo/public_html/djuragan.com/orderan/app/Controllers/User/Invoices.php(179): view('user/invoice/li...', Array)
#4 /home/dnzwygdo/public_html/djuragan.com/orderan/vendor/codeigniter4/framework/system/CodeIgniter.php(918): App\Controllers\User\Invoices->lihat('5cc83b910b2a957...', 'belum-proses')
#5 /home/dnzwygdo/public_html/djuragan.com/orderan/vendor/codeigniter4/framework/system/CodeIgniter.php(404): CodeIgniter\CodeIgniter->runController(Object(App\Controllers\User\Invoices))
#6 /home/dnzwygdo/public_html/djuragan.com/orderan/vendor/codeigniter4/framework/system/CodeIgniter.php(312): CodeIgniter\CodeIgniter->handleRequest(NULL, Object(Config\Cache), false)
#7 /home/dnzwygdo/public_html/djuragan.com/orderan/public/index.php(45): CodeIgniter\CodeIgniter->run()
#8 {main}
CRITICAL - 2020-12-04 13:55:00 --> count(): Parameter must be an array or an object that implements Countable
#0 /home/dnzwygdo/public_html/djuragan.com/orderan/app/Views/user/invoice/lihat.php(112): CodeIgniter\Debug\Exceptions->errorHandler(2, 'count(): Parame...', '/home/dnzwygdo/...', 112, Array)
#1 /home/dnzwygdo/public_html/djuragan.com/orderan/vendor/codeigniter4/framework/system/View/View.php(246): include('/home/dnzwygdo/...')
#2 /home/dnzwygdo/public_html/djuragan.com/orderan/vendor/codeigniter4/framework/system/Common.php(1119): CodeIgniter\View\View->render('user/invoice/li...', Array, true)
#3 /home/dnzwygdo/public_html/djuragan.com/orderan/app/Controllers/User/Invoices.php(179): view('user/invoice/li...', Array)
#4 /home/dnzwygdo/public_html/djuragan.com/orderan/vendor/codeigniter4/framework/system/CodeIgniter.php(918): App\Controllers\User\Invoices->lihat('5cc83b910b2a957...', 'semua')
#5 /home/dnzwygdo/public_html/djuragan.com/orderan/vendor/codeigniter4/framework/system/CodeIgniter.php(404): CodeIgniter\CodeIgniter->runController(Object(App\Controllers\User\Invoices))
#6 /home/dnzwygdo/public_html/djuragan.com/orderan/vendor/codeigniter4/framework/system/CodeIgniter.php(312): CodeIgniter\CodeIgniter->handleRequest(NULL, Object(Config\Cache), false)
#7 /home/dnzwygdo/public_html/djuragan.com/orderan/public/index.php(45): CodeIgniter\CodeIgniter->run()
#8 {main}
CRITICAL - 2020-12-04 13:55:03 --> count(): Parameter must be an array or an object that implements Countable
#0 /home/dnzwygdo/public_html/djuragan.com/orderan/app/Views/user/invoice/lihat.php(112): CodeIgniter\Debug\Exceptions->errorHandler(2, 'count(): Parame...', '/home/dnzwygdo/...', 112, Array)
#1 /home/dnzwygdo/public_html/djuragan.com/orderan/vendor/codeigniter4/framework/system/View/View.php(246): include('/home/dnzwygdo/...')
#2 /home/dnzwygdo/public_html/djuragan.com/orderan/vendor/codeigniter4/framework/system/Common.php(1119): CodeIgniter\View\View->render('user/invoice/li...', Array, true)
#3 /home/dnzwygdo/public_html/djuragan.com/orderan/app/Controllers/User/Invoices.php(179): view('user/invoice/li...', Array)
#4 /home/dnzwygdo/public_html/djuragan.com/orderan/vendor/codeigniter4/framework/system/CodeIgniter.php(918): App\Controllers\User\Invoices->lihat('5cc83b910b2a957...', 'belum-proses')
#5 /home/dnzwygdo/public_html/djuragan.com/orderan/vendor/codeigniter4/framework/system/CodeIgniter.php(404): CodeIgniter\CodeIgniter->runController(Object(App\Controllers\User\Invoices))
#6 /home/dnzwygdo/public_html/djuragan.com/orderan/vendor/codeigniter4/framework/system/CodeIgniter.php(312): CodeIgniter\CodeIgniter->handleRequest(NULL, Object(Config\Cache), false)
#7 /home/dnzwygdo/public_html/djuragan.com/orderan/public/index.php(45): CodeIgniter\CodeIgniter->run()
#8 {main}
CRITICAL - 2020-12-04 13:55:14 --> count(): Parameter must be an array or an object that implements Countable
#0 /home/dnzwygdo/public_html/djuragan.com/orderan/app/Views/user/invoice/lihat.php(112): CodeIgniter\Debug\Exceptions->errorHandler(2, 'count(): Parame...', '/home/dnzwygdo/...', 112, Array)
#1 /home/dnzwygdo/public_html/djuragan.com/orderan/vendor/codeigniter4/framework/system/View/View.php(246): include('/home/dnzwygdo/...')
#2 /home/dnzwygdo/public_html/djuragan.com/orderan/vendor/codeigniter4/framework/system/Common.php(1119): CodeIgniter\View\View->render('user/invoice/li...', Array, true)
#3 /home/dnzwygdo/public_html/djuragan.com/orderan/app/Controllers/User/Invoices.php(179): view('user/invoice/li...', Array)
#4 /home/dnzwygdo/public_html/djuragan.com/orderan/vendor/codeigniter4/framework/system/CodeIgniter.php(918): App\Controllers\User\Invoices->lihat('5cc83b910b2a957...', 'semua')
#5 /home/dnzwygdo/public_html/djuragan.com/orderan/vendor/codeigniter4/framework/system/CodeIgniter.php(404): CodeIgniter\CodeIgniter->runController(Object(App\Controllers\User\Invoices))
#6 /home/dnzwygdo/public_html/djuragan.com/orderan/vendor/codeigniter4/framework/system/CodeIgniter.php(312): CodeIgniter\CodeIgniter->handleRequest(NULL, Object(Config\Cache), false)
#7 /home/dnzwygdo/public_html/djuragan.com/orderan/public/index.php(45): CodeIgniter\CodeIgniter->run()
#8 {main}
CRITICAL - 2020-12-04 13:55:25 --> count(): Parameter must be an array or an object that implements Countable
#0 /home/dnzwygdo/public_html/djuragan.com/orderan/app/Views/user/invoice/lihat.php(112): CodeIgniter\Debug\Exceptions->errorHandler(2, 'count(): Parame...', '/home/dnzwygdo/...', 112, Array)
#1 /home/dnzwygdo/public_html/djuragan.com/orderan/vendor/codeigniter4/framework/system/View/View.php(246): include('/home/dnzwygdo/...')
#2 /home/dnzwygdo/public_html/djuragan.com/orderan/vendor/codeigniter4/framework/system/Common.php(1119): CodeIgniter\View\View->render('user/invoice/li...', Array, true)
#3 /home/dnzwygdo/public_html/djuragan.com/orderan/app/Controllers/User/Invoices.php(179): view('user/invoice/li...', Array)
#4 /home/dnzwygdo/public_html/djuragan.com/orderan/vendor/codeigniter4/framework/system/CodeIgniter.php(918): App\Controllers\User\Invoices->lihat('5cc83b910b2a957...', 'semua')
#5 /home/dnzwygdo/public_html/djuragan.com/orderan/vendor/codeigniter4/framework/system/CodeIgniter.php(404): CodeIgniter\CodeIgniter->runController(Object(App\Controllers\User\Invoices))
#6 /home/dnzwygdo/public_html/djuragan.com/orderan/vendor/codeigniter4/framework/system/CodeIgniter.php(312): CodeIgniter\CodeIgniter->handleRequest(NULL, Object(Config\Cache), false)
#7 /home/dnzwygdo/public_html/djuragan.com/orderan/public/index.php(45): CodeIgniter\CodeIgniter->run()
#8 {main}
CRITICAL - 2020-12-04 13:55:37 --> count(): Parameter must be an array or an object that implements Countable
#0 /home/dnzwygdo/public_html/djuragan.com/orderan/app/Views/user/invoice/lihat.php(112): CodeIgniter\Debug\Exceptions->errorHandler(2, 'count(): Parame...', '/home/dnzwygdo/...', 112, Array)
#1 /home/dnzwygdo/public_html/djuragan.com/orderan/vendor/codeigniter4/framework/system/View/View.php(246): include('/home/dnzwygdo/...')
#2 /home/dnzwygdo/public_html/djuragan.com/orderan/vendor/codeigniter4/framework/system/Common.php(1119): CodeIgniter\View\View->render('user/invoice/li...', Array, true)
#3 /home/dnzwygdo/public_html/djuragan.com/orderan/app/Controllers/User/Invoices.php(179): view('user/invoice/li...', Array)
#4 /home/dnzwygdo/public_html/djuragan.com/orderan/vendor/codeigniter4/framework/system/CodeIgniter.php(918): App\Controllers\User\Invoices->lihat('5cc83b910b2a957...', 'belum-proses')
#5 /home/dnzwygdo/public_html/djuragan.com/orderan/vendor/codeigniter4/framework/system/CodeIgniter.php(404): CodeIgniter\CodeIgniter->runController(Object(App\Controllers\User\Invoices))
#6 /home/dnzwygdo/public_html/djuragan.com/orderan/vendor/codeigniter4/framework/system/CodeIgniter.php(312): CodeIgniter\CodeIgniter->handleRequest(NULL, Object(Config\Cache), false)
#7 /home/dnzwygdo/public_html/djuragan.com/orderan/public/index.php(45): CodeIgniter\CodeIgniter->run()
#8 {main}
CRITICAL - 2020-12-04 13:56:11 --> count(): Parameter must be an array or an object that implements Countable
#0 /home/dnzwygdo/public_html/djuragan.com/orderan/app/Views/user/invoice/lihat.php(112): CodeIgniter\Debug\Exceptions->errorHandler(2, 'count(): Parame...', '/home/dnzwygdo/...', 112, Array)
#1 /home/dnzwygdo/public_html/djuragan.com/orderan/vendor/codeigniter4/framework/system/View/View.php(246): include('/home/dnzwygdo/...')
#2 /home/dnzwygdo/public_html/djuragan.com/orderan/vendor/codeigniter4/framework/system/Common.php(1119): CodeIgniter\View\View->render('user/invoice/li...', Array, true)
#3 /home/dnzwygdo/public_html/djuragan.com/orderan/app/Controllers/User/Invoices.php(179): view('user/invoice/li...', Array)
#4 /home/dnzwygdo/public_html/djuragan.com/orderan/vendor/codeigniter4/framework/system/CodeIgniter.php(918): App\Controllers\User\Invoices->lihat('5cc83b910b2a957...', 'belum-proses')
#5 /home/dnzwygdo/public_html/djuragan.com/orderan/vendor/codeigniter4/framework/system/CodeIgniter.php(404): CodeIgniter\CodeIgniter->runController(Object(App\Controllers\User\Invoices))
#6 /home/dnzwygdo/public_html/djuragan.com/orderan/vendor/codeigniter4/framework/system/CodeIgniter.php(312): CodeIgniter\CodeIgniter->handleRequest(NULL, Object(Config\Cache), false)
#7 /home/dnzwygdo/public_html/djuragan.com/orderan/public/index.php(45): CodeIgniter\CodeIgniter->run()
#8 {main}
CRITICAL - 2020-12-04 13:57:49 --> count(): Parameter must be an array or an object that implements Countable
#0 /home/dnzwygdo/public_html/djuragan.com/orderan/app/Views/user/invoice/lihat.php(112): CodeIgniter\Debug\Exceptions->errorHandler(2, 'count(): Parame...', '/home/dnzwygdo/...', 112, Array)
#1 /home/dnzwygdo/public_html/djuragan.com/orderan/vendor/codeigniter4/framework/system/View/View.php(246): include('/home/dnzwygdo/...')
#2 /home/dnzwygdo/public_html/djuragan.com/orderan/vendor/codeigniter4/framework/system/Common.php(1119): CodeIgniter\View\View->render('user/invoice/li...', Array, true)
#3 /home/dnzwygdo/public_html/djuragan.com/orderan/app/Controllers/User/Invoices.php(179): view('user/invoice/li...', Array)
#4 /home/dnzwygdo/public_html/djuragan.com/orderan/vendor/codeigniter4/framework/system/CodeIgniter.php(918): App\Controllers\User\Invoices->lihat('5cc83b910b2a957...', 'semua')
#5 /home/dnzwygdo/public_html/djuragan.com/orderan/vendor/codeigniter4/framework/system/CodeIgniter.php(404): CodeIgniter\CodeIgniter->runController(Object(App\Controllers\User\Invoices))
#6 /home/dnzwygdo/public_html/djuragan.com/orderan/vendor/codeigniter4/framework/system/CodeIgniter.php(312): CodeIgniter\CodeIgniter->handleRequest(NULL, Object(Config\Cache), false)
#7 /home/dnzwygdo/public_html/djuragan.com/orderan/public/index.php(45): CodeIgniter\CodeIgniter->run()
#8 {main}
CRITICAL - 2020-12-04 13:57:50 --> count(): Parameter must be an array or an object that implements Countable
#0 /home/dnzwygdo/public_html/djuragan.com/orderan/app/Views/user/invoice/lihat.php(112): CodeIgniter\Debug\Exceptions->errorHandler(2, 'count(): Parame...', '/home/dnzwygdo/...', 112, Array)
#1 /home/dnzwygdo/public_html/djuragan.com/orderan/vendor/codeigniter4/framework/system/View/View.php(246): include('/home/dnzwygdo/...')
#2 /home/dnzwygdo/public_html/djuragan.com/orderan/vendor/codeigniter4/framework/system/Common.php(1119): CodeIgniter\View\View->render('user/invoice/li...', Array, true)
#3 /home/dnzwygdo/public_html/djuragan.com/orderan/app/Controllers/User/Invoices.php(179): view('user/invoice/li...', Array)
#4 /home/dnzwygdo/public_html/djuragan.com/orderan/vendor/codeigniter4/framework/system/CodeIgniter.php(918): App\Controllers\User\Invoices->lihat('5cc83b910b2a957...', 'semua')
#5 /home/dnzwygdo/public_html/djuragan.com/orderan/vendor/codeigniter4/framework/system/CodeIgniter.php(404): CodeIgniter\CodeIgniter->runController(Object(App\Controllers\User\Invoices))
#6 /home/dnzwygdo/public_html/djuragan.com/orderan/vendor/codeigniter4/framework/system/CodeIgniter.php(312): CodeIgniter\CodeIgniter->handleRequest(NULL, Object(Config\Cache), false)
#7 /home/dnzwygdo/public_html/djuragan.com/orderan/public/index.php(45): CodeIgniter\CodeIgniter->run()
#8 {main}
CRITICAL - 2020-12-04 13:58:03 --> count(): Parameter must be an array or an object that implements Countable
#0 /home/dnzwygdo/public_html/djuragan.com/orderan/app/Views/user/invoice/lihat.php(112): CodeIgniter\Debug\Exceptions->errorHandler(2, 'count(): Parame...', '/home/dnzwygdo/...', 112, Array)
#1 /home/dnzwygdo/public_html/djuragan.com/orderan/vendor/codeigniter4/framework/system/View/View.php(246): include('/home/dnzwygdo/...')
#2 /home/dnzwygdo/public_html/djuragan.com/orderan/vendor/codeigniter4/framework/system/Common.php(1119): CodeIgniter\View\View->render('user/invoice/li...', Array, true)
#3 /home/dnzwygdo/public_html/djuragan.com/orderan/app/Controllers/User/Invoices.php(179): view('user/invoice/li...', Array)
#4 /home/dnzwygdo/public_html/djuragan.com/orderan/vendor/codeigniter4/framework/system/CodeIgniter.php(918): App\Controllers\User\Invoices->lihat('5cc83b910b2a957...', 'semua')
#5 /home/dnzwygdo/public_html/djuragan.com/orderan/vendor/codeigniter4/framework/system/CodeIgniter.php(404): CodeIgniter\CodeIgniter->runController(Object(App\Controllers\User\Invoices))
#6 /home/dnzwygdo/public_html/djuragan.com/orderan/vendor/codeigniter4/framework/system/CodeIgniter.php(312): CodeIgniter\CodeIgniter->handleRequest(NULL, Object(Config\Cache), false)
#7 /home/dnzwygdo/public_html/djuragan.com/orderan/public/index.php(45): CodeIgniter\CodeIgniter->run()
#8 {main}
CRITICAL - 2020-12-04 13:58:12 --> count(): Parameter must be an array or an object that implements Countable
#0 /home/dnzwygdo/public_html/djuragan.com/orderan/app/Views/user/invoice/lihat.php(112): CodeIgniter\Debug\Exceptions->errorHandler(2, 'count(): Parame...', '/home/dnzwygdo/...', 112, Array)
#1 /home/dnzwygdo/public_html/djuragan.com/orderan/vendor/codeigniter4/framework/system/View/View.php(246): include('/home/dnzwygdo/...')
#2 /home/dnzwygdo/public_html/djuragan.com/orderan/vendor/codeigniter4/framework/system/Common.php(1119): CodeIgniter\View\View->render('user/invoice/li...', Array, true)
#3 /home/dnzwygdo/public_html/djuragan.com/orderan/app/Controllers/User/Invoices.php(179): view('user/invoice/li...', Array)
#4 /home/dnzwygdo/public_html/djuragan.com/orderan/vendor/codeigniter4/framework/system/CodeIgniter.php(918): App\Controllers\User\Invoices->lihat('5cc83b910b2a957...', 'semua')
#5 /home/dnzwygdo/public_html/djuragan.com/orderan/vendor/codeigniter4/framework/system/CodeIgniter.php(404): CodeIgniter\CodeIgniter->runController(Object(App\Controllers\User\Invoices))
#6 /home/dnzwygdo/public_html/djuragan.com/orderan/vendor/codeigniter4/framework/system/CodeIgniter.php(312): CodeIgniter\CodeIgniter->handleRequest(NULL, Object(Config\Cache), false)
#7 /home/dnzwygdo/public_html/djuragan.com/orderan/public/index.php(45): CodeIgniter\CodeIgniter->run()
#8 {main}
CRITICAL - 2020-12-04 13:59:33 --> count(): Parameter must be an array or an object that implements Countable
#0 /home/dnzwygdo/public_html/djuragan.com/orderan/app/Views/user/invoice/lihat.php(112): CodeIgniter\Debug\Exceptions->errorHandler(2, 'count(): Parame...', '/home/dnzwygdo/...', 112, Array)
#1 /home/dnzwygdo/public_html/djuragan.com/orderan/vendor/codeigniter4/framework/system/View/View.php(246): include('/home/dnzwygdo/...')
#2 /home/dnzwygdo/public_html/djuragan.com/orderan/vendor/codeigniter4/framework/system/Common.php(1119): CodeIgniter\View\View->render('user/invoice/li...', Array, true)
#3 /home/dnzwygdo/public_html/djuragan.com/orderan/app/Controllers/User/Invoices.php(179): view('user/invoice/li...', Array)
#4 /home/dnzwygdo/public_html/djuragan.com/orderan/vendor/codeigniter4/framework/system/CodeIgniter.php(918): App\Controllers\User\Invoices->lihat('5cc83b910b2a957...', 'semua')
#5 /home/dnzwygdo/public_html/djuragan.com/orderan/vendor/codeigniter4/framework/system/CodeIgniter.php(404): CodeIgniter\CodeIgniter->runController(Object(App\Controllers\User\Invoices))
#6 /home/dnzwygdo/public_html/djuragan.com/orderan/vendor/codeigniter4/framework/system/CodeIgniter.php(312): CodeIgniter\CodeIgniter->handleRequest(NULL, Object(Config\Cache), false)
#7 /home/dnzwygdo/public_html/djuragan.com/orderan/public/index.php(45): CodeIgniter\CodeIgniter->run()
#8 {main}
CRITICAL - 2020-12-04 14:00:49 --> count(): Parameter must be an array or an object that implements Countable
#0 /home/dnzwygdo/public_html/djuragan.com/orderan/app/Views/user/invoice/lihat.php(112): CodeIgniter\Debug\Exceptions->errorHandler(2, 'count(): Parame...', '/home/dnzwygdo/...', 112, Array)
#1 /home/dnzwygdo/public_html/djuragan.com/orderan/vendor/codeigniter4/framework/system/View/View.php(246): include('/home/dnzwygdo/...')
#2 /home/dnzwygdo/public_html/djuragan.com/orderan/vendor/codeigniter4/framework/system/Common.php(1119): CodeIgniter\View\View->render('user/invoice/li...', Array, true)
#3 /home/dnzwygdo/public_html/djuragan.com/orderan/app/Controllers/User/Invoices.php(179): view('user/invoice/li...', Array)
#4 /home/dnzwygdo/public_html/djuragan.com/orderan/vendor/codeigniter4/framework/system/CodeIgniter.php(918): App\Controllers\User\Invoices->lihat('5cc83b910b2a957...', 'semua')
#5 /home/dnzwygdo/public_html/djuragan.com/orderan/vendor/codeigniter4/framework/system/CodeIgniter.php(404): CodeIgniter\CodeIgniter->runController(Object(App\Controllers\User\Invoices))
#6 /home/dnzwygdo/public_html/djuragan.com/orderan/vendor/codeigniter4/framework/system/CodeIgniter.php(312): CodeIgniter\CodeIgniter->handleRequest(NULL, Object(Config\Cache), false)
#7 /home/dnzwygdo/public_html/djuragan.com/orderan/public/index.php(45): CodeIgniter\CodeIgniter->run()
#8 {main}
CRITICAL - 2020-12-04 14:04:37 --> count(): Parameter must be an array or an object that implements Countable
#0 /home/dnzwygdo/public_html/djuragan.com/orderan/app/Views/user/invoice/lihat.php(112): CodeIgniter\Debug\Exceptions->errorHandler(2, 'count(): Parame...', '/home/dnzwygdo/...', 112, Array)
#1 /home/dnzwygdo/public_html/djuragan.com/orderan/vendor/codeigniter4/framework/system/View/View.php(246): include('/home/dnzwygdo/...')
#2 /home/dnzwygdo/public_html/djuragan.com/orderan/vendor/codeigniter4/framework/system/Common.php(1119): CodeIgniter\View\View->render('user/invoice/li...', Array, true)
#3 /home/dnzwygdo/public_html/djuragan.com/orderan/app/Controllers/User/Invoices.php(179): view('user/invoice/li...', Array)
#4 /home/dnzwygdo/public_html/djuragan.com/orderan/vendor/codeigniter4/framework/system/CodeIgniter.php(918): App\Controllers\User\Invoices->lihat('5cc83b910b2a957...', 'semua')
#5 /home/dnzwygdo/public_html/djuragan.com/orderan/vendor/codeigniter4/framework/system/CodeIgniter.php(404): CodeIgniter\CodeIgniter->runController(Object(App\Controllers\User\Invoices))
#6 /home/dnzwygdo/public_html/djuragan.com/orderan/vendor/codeigniter4/framework/system/CodeIgniter.php(312): CodeIgniter\CodeIgniter->handleRequest(NULL, Object(Config\Cache), false)
#7 /home/dnzwygdo/public_html/djuragan.com/orderan/public/index.php(45): CodeIgniter\CodeIgniter->run()
#8 {main}
CRITICAL - 2020-12-04 14:06:05 --> count(): Parameter must be an array or an object that implements Countable
#0 /home/dnzwygdo/public_html/djuragan.com/orderan/app/Views/user/invoice/lihat.php(112): CodeIgniter\Debug\Exceptions->errorHandler(2, 'count(): Parame...', '/home/dnzwygdo/...', 112, Array)
#1 /home/dnzwygdo/public_html/djuragan.com/orderan/vendor/codeigniter4/framework/system/View/View.php(246): include('/home/dnzwygdo/...')
#2 /home/dnzwygdo/public_html/djuragan.com/orderan/vendor/codeigniter4/framework/system/Common.php(1119): CodeIgniter\View\View->render('user/invoice/li...', Array, true)
#3 /home/dnzwygdo/public_html/djuragan.com/orderan/app/Controllers/User/Invoices.php(179): view('user/invoice/li...', Array)
#4 /home/dnzwygdo/public_html/djuragan.com/orderan/vendor/codeigniter4/framework/system/CodeIgniter.php(918): App\Controllers\User\Invoices->lihat('5cc83b910b2a957...', 'semua')
#5 /home/dnzwygdo/public_html/djuragan.com/orderan/vendor/codeigniter4/framework/system/CodeIgniter.php(404): CodeIgniter\CodeIgniter->runController(Object(App\Controllers\User\Invoices))
#6 /home/dnzwygdo/public_html/djuragan.com/orderan/vendor/codeigniter4/framework/system/CodeIgniter.php(312): CodeIgniter\CodeIgniter->handleRequest(NULL, Object(Config\Cache), false)
#7 /home/dnzwygdo/public_html/djuragan.com/orderan/public/index.php(45): CodeIgniter\CodeIgniter->run()
#8 {main}
CRITICAL - 2020-12-04 14:06:23 --> count(): Parameter must be an array or an object that implements Countable
#0 /home/dnzwygdo/public_html/djuragan.com/orderan/app/Views/user/invoice/lihat.php(112): CodeIgniter\Debug\Exceptions->errorHandler(2, 'count(): Parame...', '/home/dnzwygdo/...', 112, Array)
#1 /home/dnzwygdo/public_html/djuragan.com/orderan/vendor/codeigniter4/framework/system/View/View.php(246): include('/home/dnzwygdo/...')
#2 /home/dnzwygdo/public_html/djuragan.com/orderan/vendor/codeigniter4/framework/system/Common.php(1119): CodeIgniter\View\View->render('user/invoice/li...', Array, true)
#3 /home/dnzwygdo/public_html/djuragan.com/orderan/app/Controllers/User/Invoices.php(179): view('user/invoice/li...', Array)
#4 /home/dnzwygdo/public_html/djuragan.com/orderan/vendor/codeigniter4/framework/system/CodeIgniter.php(918): App\Controllers\User\Invoices->lihat('5cc83b910b2a957...', 'semua')
#5 /home/dnzwygdo/public_html/djuragan.com/orderan/vendor/codeigniter4/framework/system/CodeIgniter.php(404): CodeIgniter\CodeIgniter->runController(Object(App\Controllers\User\Invoices))
#6 /home/dnzwygdo/public_html/djuragan.com/orderan/vendor/codeigniter4/framework/system/CodeIgniter.php(312): CodeIgniter\CodeIgniter->handleRequest(NULL, Object(Config\Cache), false)
#7 /home/dnzwygdo/public_html/djuragan.com/orderan/public/index.php(45): CodeIgniter\CodeIgniter->run()
#8 {main}
CRITICAL - 2020-12-04 14:06:51 --> count(): Parameter must be an array or an object that implements Countable
#0 /home/dnzwygdo/public_html/djuragan.com/orderan/app/Views/user/invoice/lihat.php(112): CodeIgniter\Debug\Exceptions->errorHandler(2, 'count(): Parame...', '/home/dnzwygdo/...', 112, Array)
#1 /home/dnzwygdo/public_html/djuragan.com/orderan/vendor/codeigniter4/framework/system/View/View.php(246): include('/home/dnzwygdo/...')
#2 /home/dnzwygdo/public_html/djuragan.com/orderan/vendor/codeigniter4/framework/system/Common.php(1119): CodeIgniter\View\View->render('user/invoice/li...', Array, true)
#3 /home/dnzwygdo/public_html/djuragan.com/orderan/app/Controllers/User/Invoices.php(179): view('user/invoice/li...', Array)
#4 /home/dnzwygdo/public_html/djuragan.com/orderan/vendor/codeigniter4/framework/system/CodeIgniter.php(918): App\Controllers\User\Invoices->lihat('5cc83b910b2a957...', 'semua')
#5 /home/dnzwygdo/public_html/djuragan.com/orderan/vendor/codeigniter4/framework/system/CodeIgniter.php(404): CodeIgniter\CodeIgniter->runController(Object(App\Controllers\User\Invoices))
#6 /home/dnzwygdo/public_html/djuragan.com/orderan/vendor/codeigniter4/framework/system/CodeIgniter.php(312): CodeIgniter\CodeIgniter->handleRequest(NULL, Object(Config\Cache), false)
#7 /home/dnzwygdo/public_html/djuragan.com/orderan/public/index.php(45): CodeIgniter\CodeIgniter->run()
#8 {main}
CRITICAL - 2020-12-04 14:06:59 --> count(): Parameter must be an array or an object that implements Countable
#0 /home/dnzwygdo/public_html/djuragan.com/orderan/app/Views/user/invoice/lihat.php(112): CodeIgniter\Debug\Exceptions->errorHandler(2, 'count(): Parame...', '/home/dnzwygdo/...', 112, Array)
#1 /home/dnzwygdo/public_html/djuragan.com/orderan/vendor/codeigniter4/framework/system/View/View.php(246): include('/home/dnzwygdo/...')
#2 /home/dnzwygdo/public_html/djuragan.com/orderan/vendor/codeigniter4/framework/system/Common.php(1119): CodeIgniter\View\View->render('user/invoice/li...', Array, true)
#3 /home/dnzwygdo/public_html/djuragan.com/orderan/app/Controllers/User/Invoices.php(179): view('user/invoice/li...', Array)
#4 /home/dnzwygdo/public_html/djuragan.com/orderan/vendor/codeigniter4/framework/system/CodeIgniter.php(918): App\Controllers\User\Invoices->lihat('5cc83b910b2a957...', 'semua')
#5 /home/dnzwygdo/public_html/djuragan.com/orderan/vendor/codeigniter4/framework/system/CodeIgniter.php(404): CodeIgniter\CodeIgniter->runController(Object(App\Controllers\User\Invoices))
#6 /home/dnzwygdo/public_html/djuragan.com/orderan/vendor/codeigniter4/framework/system/CodeIgniter.php(312): CodeIgniter\CodeIgniter->handleRequest(NULL, Object(Config\Cache), false)
#7 /home/dnzwygdo/public_html/djuragan.com/orderan/public/index.php(45): CodeIgniter\CodeIgniter->run()
#8 {main}
CRITICAL - 2020-12-04 14:08:22 --> count(): Parameter must be an array or an object that implements Countable
#0 /home/dnzwygdo/public_html/djuragan.com/orderan/app/Views/user/invoice/lihat.php(112): CodeIgniter\Debug\Exceptions->errorHandler(2, 'count(): Parame...', '/home/dnzwygdo/...', 112, Array)
#1 /home/dnzwygdo/public_html/djuragan.com/orderan/vendor/codeigniter4/framework/system/View/View.php(246): include('/home/dnzwygdo/...')
#2 /home/dnzwygdo/public_html/djuragan.com/orderan/vendor/codeigniter4/framework/system/Common.php(1119): CodeIgniter\View\View->render('user/invoice/li...', Array, true)
#3 /home/dnzwygdo/public_html/djuragan.com/orderan/app/Controllers/User/Invoices.php(179): view('user/invoice/li...', Array)
#4 /home/dnzwygdo/public_html/djuragan.com/orderan/vendor/codeigniter4/framework/system/CodeIgniter.php(918): App\Controllers\User\Invoices->lihat('5cc83b910b2a957...', 'semua')
#5 /home/dnzwygdo/public_html/djuragan.com/orderan/vendor/codeigniter4/framework/system/CodeIgniter.php(404): CodeIgniter\CodeIgniter->runController(Object(App\Controllers\User\Invoices))
#6 /home/dnzwygdo/public_html/djuragan.com/orderan/vendor/codeigniter4/framework/system/CodeIgniter.php(312): CodeIgniter\CodeIgniter->handleRequest(NULL, Object(Config\Cache), false)
#7 /home/dnzwygdo/public_html/djuragan.com/orderan/public/index.php(45): CodeIgniter\CodeIgniter->run()
#8 {main}
CRITICAL - 2020-12-04 14:11:24 --> count(): Parameter must be an array or an object that implements Countable
#0 /home/dnzwygdo/public_html/djuragan.com/orderan/app/Views/user/invoice/lihat.php(112): CodeIgniter\Debug\Exceptions->errorHandler(2, 'count(): Parame...', '/home/dnzwygdo/...', 112, Array)
#1 /home/dnzwygdo/public_html/djuragan.com/orderan/vendor/codeigniter4/framework/system/View/View.php(246): include('/home/dnzwygdo/...')
#2 /home/dnzwygdo/public_html/djuragan.com/orderan/vendor/codeigniter4/framework/system/Common.php(1119): CodeIgniter\View\View->render('user/invoice/li...', Array, true)
#3 /home/dnzwygdo/public_html/djuragan.com/orderan/app/Controllers/User/Invoices.php(179): view('user/invoice/li...', Array)
#4 /home/dnzwygdo/public_html/djuragan.com/orderan/vendor/codeigniter4/framework/system/CodeIgniter.php(918): App\Controllers\User\Invoices->lihat('5cc83b910b2a957...', 'semua')
#5 /home/dnzwygdo/public_html/djuragan.com/orderan/vendor/codeigniter4/framework/system/CodeIgniter.php(404): CodeIgniter\CodeIgniter->runController(Object(App\Controllers\User\Invoices))
#6 /home/dnzwygdo/public_html/djuragan.com/orderan/vendor/codeigniter4/framework/system/CodeIgniter.php(312): CodeIgniter\CodeIgniter->handleRequest(NULL, Object(Config\Cache), false)
#7 /home/dnzwygdo/public_html/djuragan.com/orderan/public/index.php(45): CodeIgniter\CodeIgniter->run()
#8 {main}
CRITICAL - 2020-12-04 14:12:09 --> count(): Parameter must be an array or an object that implements Countable
#0 /home/dnzwygdo/public_html/djuragan.com/orderan/app/Views/user/invoice/lihat.php(112): CodeIgniter\Debug\Exceptions->errorHandler(2, 'count(): Parame...', '/home/dnzwygdo/...', 112, Array)
#1 /home/dnzwygdo/public_html/djuragan.com/orderan/vendor/codeigniter4/framework/system/View/View.php(246): include('/home/dnzwygdo/...')
#2 /home/dnzwygdo/public_html/djuragan.com/orderan/vendor/codeigniter4/framework/system/Common.php(1119): CodeIgniter\View\View->render('user/invoice/li...', Array, true)
#3 /home/dnzwygdo/public_html/djuragan.com/orderan/app/Controllers/User/Invoices.php(179): view('user/invoice/li...', Array)
#4 /home/dnzwygdo/public_html/djuragan.com/orderan/vendor/codeigniter4/framework/system/CodeIgniter.php(918): App\Controllers\User\Invoices->lihat('5cc83b910b2a957...', 'semua')
#5 /home/dnzwygdo/public_html/djuragan.com/orderan/vendor/codeigniter4/framework/system/CodeIgniter.php(404): CodeIgniter\CodeIgniter->runController(Object(App\Controllers\User\Invoices))
#6 /home/dnzwygdo/public_html/djuragan.com/orderan/vendor/codeigniter4/framework/system/CodeIgniter.php(312): CodeIgniter\CodeIgniter->handleRequest(NULL, Object(Config\Cache), false)
#7 /home/dnzwygdo/public_html/djuragan.com/orderan/public/index.php(45): CodeIgniter\CodeIgniter->run()
#8 {main}
CRITICAL - 2020-12-04 14:14:05 --> count(): Parameter must be an array or an object that implements Countable
#0 /home/dnzwygdo/public_html/djuragan.com/orderan/app/Views/user/invoice/lihat.php(112): CodeIgniter\Debug\Exceptions->errorHandler(2, 'count(): Parame...', '/home/dnzwygdo/...', 112, Array)
#1 /home/dnzwygdo/public_html/djuragan.com/orderan/vendor/codeigniter4/framework/system/View/View.php(246): include('/home/dnzwygdo/...')
#2 /home/dnzwygdo/public_html/djuragan.com/orderan/vendor/codeigniter4/framework/system/Common.php(1119): CodeIgniter\View\View->render('user/invoice/li...', Array, true)
#3 /home/dnzwygdo/public_html/djuragan.com/orderan/app/Controllers/User/Invoices.php(179): view('user/invoice/li...', Array)
#4 /home/dnzwygdo/public_html/djuragan.com/orderan/vendor/codeigniter4/framework/system/CodeIgniter.php(918): App\Controllers\User\Invoices->lihat('5cc83b910b2a957...', 'semua')
#5 /home/dnzwygdo/public_html/djuragan.com/orderan/vendor/codeigniter4/framework/system/CodeIgniter.php(404): CodeIgniter\CodeIgniter->runController(Object(App\Controllers\User\Invoices))
#6 /home/dnzwygdo/public_html/djuragan.com/orderan/vendor/codeigniter4/framework/system/CodeIgniter.php(312): CodeIgniter\CodeIgniter->handleRequest(NULL, Object(Config\Cache), false)
#7 /home/dnzwygdo/public_html/djuragan.com/orderan/public/index.php(45): CodeIgniter\CodeIgniter->run()
#8 {main}
CRITICAL - 2020-12-04 14:14:18 --> count(): Parameter must be an array or an object that implements Countable
#0 /home/dnzwygdo/public_html/djuragan.com/orderan/app/Views/user/invoice/lihat.php(112): CodeIgniter\Debug\Exceptions->errorHandler(2, 'count(): Parame...', '/home/dnzwygdo/...', 112, Array)
#1 /home/dnzwygdo/public_html/djuragan.com/orderan/vendor/codeigniter4/framework/system/View/View.php(246): include('/home/dnzwygdo/...')
#2 /home/dnzwygdo/public_html/djuragan.com/orderan/vendor/codeigniter4/framework/system/Common.php(1119): CodeIgniter\View\View->render('user/invoice/li...', Array, true)
#3 /home/dnzwygdo/public_html/djuragan.com/orderan/app/Controllers/User/Invoices.php(179): view('user/invoice/li...', Array)
#4 /home/dnzwygdo/public_html/djuragan.com/orderan/vendor/codeigniter4/framework/system/CodeIgniter.php(918): App\Controllers\User\Invoices->lihat('5cc83b910b2a957...', 'semua')
#5 /home/dnzwygdo/public_html/djuragan.com/orderan/vendor/codeigniter4/framework/system/CodeIgniter.php(404): CodeIgniter\CodeIgniter->runController(Object(App\Controllers\User\Invoices))
#6 /home/dnzwygdo/public_html/djuragan.com/orderan/vendor/codeigniter4/framework/system/CodeIgniter.php(312): CodeIgniter\CodeIgniter->handleRequest(NULL, Object(Config\Cache), false)
#7 /home/dnzwygdo/public_html/djuragan.com/orderan/public/index.php(45): CodeIgniter\CodeIgniter->run()
#8 {main}
CRITICAL - 2020-12-04 14:15:47 --> count(): Parameter must be an array or an object that implements Countable
#0 /home/dnzwygdo/public_html/djuragan.com/orderan/app/Views/admin/invoice/lihat.php(112): CodeIgniter\Debug\Exceptions->errorHandler(2, 'count(): Parame...', '/home/dnzwygdo/...', 112, Array)
#1 /home/dnzwygdo/public_html/djuragan.com/orderan/vendor/codeigniter4/framework/system/View/View.php(246): include('/home/dnzwygdo/...')
#2 /home/dnzwygdo/public_html/djuragan.com/orderan/vendor/codeigniter4/framework/system/Common.php(1119): CodeIgniter\View\View->render('admin/invoice/l...', Array, true)
#3 /home/dnzwygdo/public_html/djuragan.com/orderan/app/Controllers/Admin/Invoices.php(80): view('admin/invoice/l...', Array)
#4 /home/dnzwygdo/public_html/djuragan.com/orderan/vendor/codeigniter4/framework/system/CodeIgniter.php(918): App\Controllers\Admin\Invoices->lihat('semua', 'semua')
#5 /home/dnzwygdo/public_html/djuragan.com/orderan/vendor/codeigniter4/framework/system/CodeIgniter.php(404): CodeIgniter\CodeIgniter->runController(Object(App\Controllers\Admin\Invoices))
#6 /home/dnzwygdo/public_html/djuragan.com/orderan/vendor/codeigniter4/framework/system/CodeIgniter.php(312): CodeIgniter\CodeIgniter->handleRequest(NULL, Object(Config\Cache), false)
#7 /home/dnzwygdo/public_html/djuragan.com/orderan/public/index.php(45): CodeIgniter\CodeIgniter->run()
#8 {main}
CRITICAL - 2020-12-04 14:15:53 --> count(): Parameter must be an array or an object that implements Countable
#0 /home/dnzwygdo/public_html/djuragan.com/orderan/app/Views/admin/invoice/lihat.php(112): CodeIgniter\Debug\Exceptions->errorHandler(2, 'count(): Parame...', '/home/dnzwygdo/...', 112, Array)
#1 /home/dnzwygdo/public_html/djuragan.com/orderan/vendor/codeigniter4/framework/system/View/View.php(246): include('/home/dnzwygdo/...')
#2 /home/dnzwygdo/public_html/djuragan.com/orderan/vendor/codeigniter4/framework/system/Common.php(1119): CodeIgniter\View\View->render('admin/invoice/l...', Array, true)
#3 /home/dnzwygdo/public_html/djuragan.com/orderan/app/Controllers/Admin/Invoices.php(80): view('admin/invoice/l...', Array)
#4 /home/dnzwygdo/public_html/djuragan.com/orderan/vendor/codeigniter4/framework/system/CodeIgniter.php(918): App\Controllers\Admin\Invoices->lihat('semua', 'semua')
#5 /home/dnzwygdo/public_html/djuragan.com/orderan/vendor/codeigniter4/framework/system/CodeIgniter.php(404): CodeIgniter\CodeIgniter->runController(Object(App\Controllers\Admin\Invoices))
#6 /home/dnzwygdo/public_html/djuragan.com/orderan/vendor/codeigniter4/framework/system/CodeIgniter.php(312): CodeIgniter\CodeIgniter->handleRequest(NULL, Object(Config\Cache), false)
#7 /home/dnzwygdo/public_html/djuragan.com/orderan/public/index.php(45): CodeIgniter\CodeIgniter->run()
#8 {main}
CRITICAL - 2020-12-04 14:16:45 --> count(): Parameter must be an array or an object that implements Countable
#0 /home/dnzwygdo/public_html/djuragan.com/orderan/app/Views/admin/invoice/lihat.php(112): CodeIgniter\Debug\Exceptions->errorHandler(2, 'count(): Parame...', '/home/dnzwygdo/...', 112, Array)
#1 /home/dnzwygdo/public_html/djuragan.com/orderan/vendor/codeigniter4/framework/system/View/View.php(246): include('/home/dnzwygdo/...')
#2 /home/dnzwygdo/public_html/djuragan.com/orderan/vendor/codeigniter4/framework/system/Common.php(1119): CodeIgniter\View\View->render('admin/invoice/l...', Array, true)
#3 /home/dnzwygdo/public_html/djuragan.com/orderan/app/Controllers/Admin/Invoices.php(80): view('admin/invoice/l...', Array)
#4 /home/dnzwygdo/public_html/djuragan.com/orderan/vendor/codeigniter4/framework/system/CodeIgniter.php(918): App\Controllers\Admin\Invoices->lihat('semua', 'semua')
#5 /home/dnzwygdo/public_html/djuragan.com/orderan/vendor/codeigniter4/framework/system/CodeIgniter.php(404): CodeIgniter\CodeIgniter->runController(Object(App\Controllers\Admin\Invoices))
#6 /home/dnzwygdo/public_html/djuragan.com/orderan/vendor/codeigniter4/framework/system/CodeIgniter.php(312): CodeIgniter\CodeIgniter->handleRequest(NULL, Object(Config\Cache), false)
#7 /home/dnzwygdo/public_html/djuragan.com/orderan/public/index.php(45): CodeIgniter\CodeIgniter->run()
#8 {main}
CRITICAL - 2020-12-04 14:21:46 --> count(): Parameter must be an array or an object that implements Countable
#0 /home/dnzwygdo/public_html/djuragan.com/orderan/app/Views/user/invoice/lihat.php(112): CodeIgniter\Debug\Exceptions->errorHandler(2, 'count(): Parame...', '/home/dnzwygdo/...', 112, Array)
#1 /home/dnzwygdo/public_html/djuragan.com/orderan/vendor/codeigniter4/framework/system/View/View.php(246): include('/home/dnzwygdo/...')
#2 /home/dnzwygdo/public_html/djuragan.com/orderan/vendor/codeigniter4/framework/system/Common.php(1119): CodeIgniter\View\View->render('user/invoice/li...', Array, true)
#3 /home/dnzwygdo/public_html/djuragan.com/orderan/app/Controllers/User/Invoices.php(179): view('user/invoice/li...', Array)
#4 /home/dnzwygdo/public_html/djuragan.com/orderan/vendor/codeigniter4/framework/system/CodeIgniter.php(918): App\Controllers\User\Invoices->lihat('5cc83b910b2a957...', 'semua')
#5 /home/dnzwygdo/public_html/djuragan.com/orderan/vendor/codeigniter4/framework/system/CodeIgniter.php(404): CodeIgniter\CodeIgniter->runController(Object(App\Controllers\User\Invoices))
#6 /home/dnzwygdo/public_html/djuragan.com/orderan/vendor/codeigniter4/framework/system/CodeIgniter.php(312): CodeIgniter\CodeIgniter->handleRequest(NULL, Object(Config\Cache), false)
#7 /home/dnzwygdo/public_html/djuragan.com/orderan/public/index.php(45): CodeIgniter\CodeIgniter->run()
#8 {main}
CRITICAL - 2020-12-04 14:21:58 --> count(): Parameter must be an array or an object that implements Countable
#0 /home/dnzwygdo/public_html/djuragan.com/orderan/app/Views/user/invoice/lihat.php(112): CodeIgniter\Debug\Exceptions->errorHandler(2, 'count(): Parame...', '/home/dnzwygdo/...', 112, Array)
#1 /home/dnzwygdo/public_html/djuragan.com/orderan/vendor/codeigniter4/framework/system/View/View.php(246): include('/home/dnzwygdo/...')
#2 /home/dnzwygdo/public_html/djuragan.com/orderan/vendor/codeigniter4/framework/system/Common.php(1119): CodeIgniter\View\View->render('user/invoice/li...', Array, true)
#3 /home/dnzwygdo/public_html/djuragan.com/orderan/app/Controllers/User/Invoices.php(179): view('user/invoice/li...', Array)
#4 /home/dnzwygdo/public_html/djuragan.com/orderan/vendor/codeigniter4/framework/system/CodeIgniter.php(918): App\Controllers\User\Invoices->lihat('5cc83b910b2a957...', 'semua')
#5 /home/dnzwygdo/public_html/djuragan.com/orderan/vendor/codeigniter4/framework/system/CodeIgniter.php(404): CodeIgniter\CodeIgniter->runController(Object(App\Controllers\User\Invoices))
#6 /home/dnzwygdo/public_html/djuragan.com/orderan/vendor/codeigniter4/framework/system/CodeIgniter.php(312): CodeIgniter\CodeIgniter->handleRequest(NULL, Object(Config\Cache), false)
#7 /home/dnzwygdo/public_html/djuragan.com/orderan/public/index.php(45): CodeIgniter\CodeIgniter->run()
#8 {main}
CRITICAL - 2020-12-04 14:24:50 --> count(): Parameter must be an array or an object that implements Countable
#0 /home/dnzwygdo/public_html/djuragan.com/orderan/app/Views/user/invoice/lihat.php(112): CodeIgniter\Debug\Exceptions->errorHandler(2, 'count(): Parame...', '/home/dnzwygdo/...', 112, Array)
#1 /home/dnzwygdo/public_html/djuragan.com/orderan/vendor/codeigniter4/framework/system/View/View.php(246): include('/home/dnzwygdo/...')
#2 /home/dnzwygdo/public_html/djuragan.com/orderan/vendor/codeigniter4/framework/system/Common.php(1119): CodeIgniter\View\View->render('user/invoice/li...', Array, true)
#3 /home/dnzwygdo/public_html/djuragan.com/orderan/app/Controllers/User/Invoices.php(179): view('user/invoice/li...', Array)
#4 /home/dnzwygdo/public_html/djuragan.com/orderan/vendor/codeigniter4/framework/system/CodeIgniter.php(918): App\Controllers\User\Invoices->lihat('5cc83b910b2a957...', 'semua')
#5 /home/dnzwygdo/public_html/djuragan.com/orderan/vendor/codeigniter4/framework/system/CodeIgniter.php(404): CodeIgniter\CodeIgniter->runController(Object(App\Controllers\User\Invoices))
#6 /home/dnzwygdo/public_html/djuragan.com/orderan/vendor/codeigniter4/framework/system/CodeIgniter.php(312): CodeIgniter\CodeIgniter->handleRequest(NULL, Object(Config\Cache), false)
#7 /home/dnzwygdo/public_html/djuragan.com/orderan/public/index.php(45): CodeIgniter\CodeIgniter->run()
#8 {main}
CRITICAL - 2020-12-04 14:29:29 --> count(): Parameter must be an array or an object that implements Countable
#0 /home/dnzwygdo/public_html/djuragan.com/orderan/app/Views/user/invoice/lihat.php(112): CodeIgniter\Debug\Exceptions->errorHandler(2, 'count(): Parame...', '/home/dnzwygdo/...', 112, Array)
#1 /home/dnzwygdo/public_html/djuragan.com/orderan/vendor/codeigniter4/framework/system/View/View.php(246): include('/home/dnzwygdo/...')
#2 /home/dnzwygdo/public_html/djuragan.com/orderan/vendor/codeigniter4/framework/system/Common.php(1119): CodeIgniter\View\View->render('user/invoice/li...', Array, true)
#3 /home/dnzwygdo/public_html/djuragan.com/orderan/app/Controllers/User/Invoices.php(179): view('user/invoice/li...', Array)
#4 /home/dnzwygdo/public_html/djuragan.com/orderan/vendor/codeigniter4/framework/system/CodeIgniter.php(918): App\Controllers\User\Invoices->lihat('5cc83b910b2a957...', 'semua')
#5 /home/dnzwygdo/public_html/djuragan.com/orderan/vendor/codeigniter4/framework/system/CodeIgniter.php(404): CodeIgniter\CodeIgniter->runController(Object(App\Controllers\User\Invoices))
#6 /home/dnzwygdo/public_html/djuragan.com/orderan/vendor/codeigniter4/framework/system/CodeIgniter.php(312): CodeIgniter\CodeIgniter->handleRequest(NULL, Object(Config\Cache), false)
#7 /home/dnzwygdo/public_html/djuragan.com/orderan/public/index.php(45): CodeIgniter\CodeIgniter->run()
#8 {main}
CRITICAL - 2020-12-04 14:30:43 --> count(): Parameter must be an array or an object that implements Countable
#0 /home/dnzwygdo/public_html/djuragan.com/orderan/app/Views/user/invoice/lihat.php(112): CodeIgniter\Debug\Exceptions->errorHandler(2, 'count(): Parame...', '/home/dnzwygdo/...', 112, Array)
#1 /home/dnzwygdo/public_html/djuragan.com/orderan/vendor/codeigniter4/framework/system/View/View.php(246): include('/home/dnzwygdo/...')
#2 /home/dnzwygdo/public_html/djuragan.com/orderan/vendor/codeigniter4/framework/system/Common.php(1119): CodeIgniter\View\View->render('user/invoice/li...', Array, true)
#3 /home/dnzwygdo/public_html/djuragan.com/orderan/app/Controllers/User/Invoices.php(179): view('user/invoice/li...', Array)
#4 /home/dnzwygdo/public_html/djuragan.com/orderan/vendor/codeigniter4/framework/system/CodeIgniter.php(918): App\Controllers\User\Invoices->lihat('5cc83b910b2a957...', 'semua')
#5 /home/dnzwygdo/public_html/djuragan.com/orderan/vendor/codeigniter4/framework/system/CodeIgniter.php(404): CodeIgniter\CodeIgniter->runController(Object(App\Controllers\User\Invoices))
#6 /home/dnzwygdo/public_html/djuragan.com/orderan/vendor/codeigniter4/framework/system/CodeIgniter.php(312): CodeIgniter\CodeIgniter->handleRequest(NULL, Object(Config\Cache), false)
#7 /home/dnzwygdo/public_html/djuragan.com/orderan/public/index.php(45): CodeIgniter\CodeIgniter->run()
#8 {main}
CRITICAL - 2020-12-04 14:35:41 --> count(): Parameter must be an array or an object that implements Countable
#0 /home/dnzwygdo/public_html/djuragan.com/orderan/app/Views/user/invoice/lihat.php(112): CodeIgniter\Debug\Exceptions->errorHandler(2, 'count(): Parame...', '/home/dnzwygdo/...', 112, Array)
#1 /home/dnzwygdo/public_html/djuragan.com/orderan/vendor/codeigniter4/framework/system/View/View.php(246): include('/home/dnzwygdo/...')
#2 /home/dnzwygdo/public_html/djuragan.com/orderan/vendor/codeigniter4/framework/system/Common.php(1119): CodeIgniter\View\View->render('user/invoice/li...', Array, true)
#3 /home/dnzwygdo/public_html/djuragan.com/orderan/app/Controllers/User/Invoices.php(179): view('user/invoice/li...', Array)
#4 /home/dnzwygdo/public_html/djuragan.com/orderan/vendor/codeigniter4/framework/system/CodeIgniter.php(918): App\Controllers\User\Invoices->lihat('5cc83b910b2a957...', 'semua')
#5 /home/dnzwygdo/public_html/djuragan.com/orderan/vendor/codeigniter4/framework/system/CodeIgniter.php(404): CodeIgniter\CodeIgniter->runController(Object(App\Controllers\User\Invoices))
#6 /home/dnzwygdo/public_html/djuragan.com/orderan/vendor/codeigniter4/framework/system/CodeIgniter.php(312): CodeIgniter\CodeIgniter->handleRequest(NULL, Object(Config\Cache), false)
#7 /home/dnzwygdo/public_html/djuragan.com/orderan/public/index.php(45): CodeIgniter\CodeIgniter->run()
#8 {main}
CRITICAL - 2020-12-04 14:43:09 --> count(): Parameter must be an array or an object that implements Countable
#0 /home/dnzwygdo/public_html/djuragan.com/orderan/app/Views/admin/invoice/lihat.php(112): CodeIgniter\Debug\Exceptions->errorHandler(2, 'count(): Parame...', '/home/dnzwygdo/...', 112, Array)
#1 /home/dnzwygdo/public_html/djuragan.com/orderan/vendor/codeigniter4/framework/system/View/View.php(246): include('/home/dnzwygdo/...')
#2 /home/dnzwygdo/public_html/djuragan.com/orderan/vendor/codeigniter4/framework/system/Common.php(1119): CodeIgniter\View\View->render('admin/invoice/l...', Array, true)
#3 /home/dnzwygdo/public_html/djuragan.com/orderan/app/Controllers/Admin/Invoices.php(80): view('admin/invoice/l...', Array)
#4 /home/dnzwygdo/public_html/djuragan.com/orderan/vendor/codeigniter4/framework/system/CodeIgniter.php(918): App\Controllers\Admin\Invoices->lihat('semua', 'semua')
#5 /home/dnzwygdo/public_html/djuragan.com/orderan/vendor/codeigniter4/framework/system/CodeIgniter.php(404): CodeIgniter\CodeIgniter->runController(Object(App\Controllers\Admin\Invoices))
#6 /home/dnzwygdo/public_html/djuragan.com/orderan/vendor/codeigniter4/framework/system/CodeIgniter.php(312): CodeIgniter\CodeIgniter->handleRequest(NULL, Object(Config\Cache), false)
#7 /home/dnzwygdo/public_html/djuragan.com/orderan/public/index.php(45): CodeIgniter\CodeIgniter->run()
#8 {main}
CRITICAL - 2020-12-04 14:50:32 --> count(): Parameter must be an array or an object that implements Countable
#0 /home/dnzwygdo/public_html/djuragan.com/orderan/app/Views/user/invoice/lihat.php(112): CodeIgniter\Debug\Exceptions->errorHandler(2, 'count(): Parame...', '/home/dnzwygdo/...', 112, Array)
#1 /home/dnzwygdo/public_html/djuragan.com/orderan/vendor/codeigniter4/framework/system/View/View.php(246): include('/home/dnzwygdo/...')
#2 /home/dnzwygdo/public_html/djuragan.com/orderan/vendor/codeigniter4/framework/system/Common.php(1119): CodeIgniter\View\View->render('user/invoice/li...', Array, true)
#3 /home/dnzwygdo/public_html/djuragan.com/orderan/app/Controllers/User/Invoices.php(179): view('user/invoice/li...', Array)
#4 /home/dnzwygdo/public_html/djuragan.com/orderan/vendor/codeigniter4/framework/system/CodeIgniter.php(918): App\Controllers\User\Invoices->lihat('5cc83b910b2a957...', 'semua')
#5 /home/dnzwygdo/public_html/djuragan.com/orderan/vendor/codeigniter4/framework/system/CodeIgniter.php(404): CodeIgniter\CodeIgniter->runController(Object(App\Controllers\User\Invoices))
#6 /home/dnzwygdo/public_html/djuragan.com/orderan/vendor/codeigniter4/framework/system/CodeIgniter.php(312): CodeIgniter\CodeIgniter->handleRequest(NULL, Object(Config\Cache), false)
#7 /home/dnzwygdo/public_html/djuragan.com/orderan/public/index.php(45): CodeIgniter\CodeIgniter->run()
#8 {main}
CRITICAL - 2020-12-04 14:59:54 --> count(): Parameter must be an array or an object that implements Countable
#0 /home/dnzwygdo/public_html/djuragan.com/orderan/app/Views/user/invoice/lihat.php(112): CodeIgniter\Debug\Exceptions->errorHandler(2, 'count(): Parame...', '/home/dnzwygdo/...', 112, Array)
#1 /home/dnzwygdo/public_html/djuragan.com/orderan/vendor/codeigniter4/framework/system/View/View.php(246): include('/home/dnzwygdo/...')
#2 /home/dnzwygdo/public_html/djuragan.com/orderan/vendor/codeigniter4/framework/system/Common.php(1119): CodeIgniter\View\View->render('user/invoice/li...', Array, true)
#3 /home/dnzwygdo/public_html/djuragan.com/orderan/app/Controllers/User/Invoices.php(179): view('user/invoice/li...', Array)
#4 /home/dnzwygdo/public_html/djuragan.com/orderan/vendor/codeigniter4/framework/system/CodeIgniter.php(918): App\Controllers\User\Invoices->lihat('5cc83b910b2a957...', 'semua')
#5 /home/dnzwygdo/public_html/djuragan.com/orderan/vendor/codeigniter4/framework/system/CodeIgniter.php(404): CodeIgniter\CodeIgniter->runController(Object(App\Controllers\User\Invoices))
#6 /home/dnzwygdo/public_html/djuragan.com/orderan/vendor/codeigniter4/framework/system/CodeIgniter.php(312): CodeIgniter\CodeIgniter->handleRequest(NULL, Object(Config\Cache), false)
#7 /home/dnzwygdo/public_html/djuragan.com/orderan/public/index.php(45): CodeIgniter\CodeIgniter->run()
#8 {main}
CRITICAL - 2020-12-04 15:00:52 --> count(): Parameter must be an array or an object that implements Countable
#0 /home/dnzwygdo/public_html/djuragan.com/orderan/app/Views/user/invoice/lihat.php(112): CodeIgniter\Debug\Exceptions->errorHandler(2, 'count(): Parame...', '/home/dnzwygdo/...', 112, Array)
#1 /home/dnzwygdo/public_html/djuragan.com/orderan/vendor/codeigniter4/framework/system/View/View.php(246): include('/home/dnzwygdo/...')
#2 /home/dnzwygdo/public_html/djuragan.com/orderan/vendor/codeigniter4/framework/system/Common.php(1119): CodeIgniter\View\View->render('user/invoice/li...', Array, true)
#3 /home/dnzwygdo/public_html/djuragan.com/orderan/app/Controllers/User/Invoices.php(179): view('user/invoice/li...', Array)
#4 /home/dnzwygdo/public_html/djuragan.com/orderan/vendor/codeigniter4/framework/system/CodeIgniter.php(918): App\Controllers\User\Invoices->lihat('5cc83b910b2a957...', 'semua')
#5 /home/dnzwygdo/public_html/djuragan.com/orderan/vendor/codeigniter4/framework/system/CodeIgniter.php(404): CodeIgniter\CodeIgniter->runController(Object(App\Controllers\User\Invoices))
#6 /home/dnzwygdo/public_html/djuragan.com/orderan/vendor/codeigniter4/framework/system/CodeIgniter.php(312): CodeIgniter\CodeIgniter->handleRequest(NULL, Object(Config\Cache), false)
#7 /home/dnzwygdo/public_html/djuragan.com/orderan/public/index.php(45): CodeIgniter\CodeIgniter->run()
#8 {main}
CRITICAL - 2020-12-04 15:00:59 --> count(): Parameter must be an array or an object that implements Countable
#0 /home/dnzwygdo/public_html/djuragan.com/orderan/app/Views/user/invoice/lihat.php(112): CodeIgniter\Debug\Exceptions->errorHandler(2, 'count(): Parame...', '/home/dnzwygdo/...', 112, Array)
#1 /home/dnzwygdo/public_html/djuragan.com/orderan/vendor/codeigniter4/framework/system/View/View.php(246): include('/home/dnzwygdo/...')
#2 /home/dnzwygdo/public_html/djuragan.com/orderan/vendor/codeigniter4/framework/system/Common.php(1119): CodeIgniter\View\View->render('user/invoice/li...', Array, true)
#3 /home/dnzwygdo/public_html/djuragan.com/orderan/app/Controllers/User/Invoices.php(179): view('user/invoice/li...', Array)
#4 /home/dnzwygdo/public_html/djuragan.com/orderan/vendor/codeigniter4/framework/system/CodeIgniter.php(918): App\Controllers\User\Invoices->lihat('5cc83b910b2a957...', 'semua')
#5 /home/dnzwygdo/public_html/djuragan.com/orderan/vendor/codeigniter4/framework/system/CodeIgniter.php(404): CodeIgniter\CodeIgniter->runController(Object(App\Controllers\User\Invoices))
#6 /home/dnzwygdo/public_html/djuragan.com/orderan/vendor/codeigniter4/framework/system/CodeIgniter.php(312): CodeIgniter\CodeIgniter->handleRequest(NULL, Object(Config\Cache), false)
#7 /home/dnzwygdo/public_html/djuragan.com/orderan/public/index.php(45): CodeIgniter\CodeIgniter->run()
#8 {main}
CRITICAL - 2020-12-04 15:01:20 --> count(): Parameter must be an array or an object that implements Countable
#0 /home/dnzwygdo/public_html/djuragan.com/orderan/app/Views/user/invoice/lihat.php(112): CodeIgniter\Debug\Exceptions->errorHandler(2, 'count(): Parame...', '/home/dnzwygdo/...', 112, Array)
#1 /home/dnzwygdo/public_html/djuragan.com/orderan/vendor/codeigniter4/framework/system/View/View.php(246): include('/home/dnzwygdo/...')
#2 /home/dnzwygdo/public_html/djuragan.com/orderan/vendor/codeigniter4/framework/system/Common.php(1119): CodeIgniter\View\View->render('user/invoice/li...', Array, true)
#3 /home/dnzwygdo/public_html/djuragan.com/orderan/app/Controllers/User/Invoices.php(179): view('user/invoice/li...', Array)
#4 /home/dnzwygdo/public_html/djuragan.com/orderan/vendor/codeigniter4/framework/system/CodeIgniter.php(918): App\Controllers\User\Invoices->lihat('5cc83b910b2a957...', 'semua')
#5 /home/dnzwygdo/public_html/djuragan.com/orderan/vendor/codeigniter4/framework/system/CodeIgniter.php(404): CodeIgniter\CodeIgniter->runController(Object(App\Controllers\User\Invoices))
#6 /home/dnzwygdo/public_html/djuragan.com/orderan/vendor/codeigniter4/framework/system/CodeIgniter.php(312): CodeIgniter\CodeIgniter->handleRequest(NULL, Object(Config\Cache), false)
#7 /home/dnzwygdo/public_html/djuragan.com/orderan/public/index.php(45): CodeIgniter\CodeIgniter->run()
#8 {main}
CRITICAL - 2020-12-04 15:01:59 --> count(): Parameter must be an array or an object that implements Countable
#0 /home/dnzwygdo/public_html/djuragan.com/orderan/app/Views/user/invoice/lihat.php(112): CodeIgniter\Debug\Exceptions->errorHandler(2, 'count(): Parame...', '/home/dnzwygdo/...', 112, Array)
#1 /home/dnzwygdo/public_html/djuragan.com/orderan/vendor/codeigniter4/framework/system/View/View.php(246): include('/home/dnzwygdo/...')
#2 /home/dnzwygdo/public_html/djuragan.com/orderan/vendor/codeigniter4/framework/system/Common.php(1119): CodeIgniter\View\View->render('user/invoice/li...', Array, true)
#3 /home/dnzwygdo/public_html/djuragan.com/orderan/app/Controllers/User/Invoices.php(179): view('user/invoice/li...', Array)
#4 /home/dnzwygdo/public_html/djuragan.com/orderan/vendor/codeigniter4/framework/system/CodeIgniter.php(918): App\Controllers\User\Invoices->lihat('5cc83b910b2a957...', 'semua')
#5 /home/dnzwygdo/public_html/djuragan.com/orderan/vendor/codeigniter4/framework/system/CodeIgniter.php(404): CodeIgniter\CodeIgniter->runController(Object(App\Controllers\User\Invoices))
#6 /home/dnzwygdo/public_html/djuragan.com/orderan/vendor/codeigniter4/framework/system/CodeIgniter.php(312): CodeIgniter\CodeIgniter->handleRequest(NULL, Object(Config\Cache), false)
#7 /home/dnzwygdo/public_html/djuragan.com/orderan/public/index.php(45): CodeIgniter\CodeIgniter->run()
#8 {main}
CRITICAL - 2020-12-04 15:02:05 --> count(): Parameter must be an array or an object that implements Countable
#0 /home/dnzwygdo/public_html/djuragan.com/orderan/app/Views/user/invoice/lihat.php(112): CodeIgniter\Debug\Exceptions->errorHandler(2, 'count(): Parame...', '/home/dnzwygdo/...', 112, Array)
#1 /home/dnzwygdo/public_html/djuragan.com/orderan/vendor/codeigniter4/framework/system/View/View.php(246): include('/home/dnzwygdo/...')
#2 /home/dnzwygdo/public_html/djuragan.com/orderan/vendor/codeigniter4/framework/system/Common.php(1119): CodeIgniter\View\View->render('user/invoice/li...', Array, true)
#3 /home/dnzwygdo/public_html/djuragan.com/orderan/app/Controllers/User/Invoices.php(179): view('user/invoice/li...', Array)
#4 /home/dnzwygdo/public_html/djuragan.com/orderan/vendor/codeigniter4/framework/system/CodeIgniter.php(918): App\Controllers\User\Invoices->lihat('5cc83b910b2a957...', 'semua')
#5 /home/dnzwygdo/public_html/djuragan.com/orderan/vendor/codeigniter4/framework/system/CodeIgniter.php(404): CodeIgniter\CodeIgniter->runController(Object(App\Controllers\User\Invoices))
#6 /home/dnzwygdo/public_html/djuragan.com/orderan/vendor/codeigniter4/framework/system/CodeIgniter.php(312): CodeIgniter\CodeIgniter->handleRequest(NULL, Object(Config\Cache), false)
#7 /home/dnzwygdo/public_html/djuragan.com/orderan/public/index.php(45): CodeIgniter\CodeIgniter->run()
#8 {main}
CRITICAL - 2020-12-04 15:03:01 --> count(): Parameter must be an array or an object that implements Countable
#0 /home/dnzwygdo/public_html/djuragan.com/orderan/app/Views/admin/invoice/lihat.php(112): CodeIgniter\Debug\Exceptions->errorHandler(2, 'count(): Parame...', '/home/dnzwygdo/...', 112, Array)
#1 /home/dnzwygdo/public_html/djuragan.com/orderan/vendor/codeigniter4/framework/system/View/View.php(246): include('/home/dnzwygdo/...')
#2 /home/dnzwygdo/public_html/djuragan.com/orderan/vendor/codeigniter4/framework/system/Common.php(1119): CodeIgniter\View\View->render('admin/invoice/l...', Array, true)
#3 /home/dnzwygdo/public_html/djuragan.com/orderan/app/Controllers/Admin/Invoices.php(80): view('admin/invoice/l...', Array)
#4 /home/dnzwygdo/public_html/djuragan.com/orderan/vendor/codeigniter4/framework/system/CodeIgniter.php(918): App\Controllers\Admin\Invoices->lihat('semua', 'semua')
#5 /home/dnzwygdo/public_html/djuragan.com/orderan/vendor/codeigniter4/framework/system/CodeIgniter.php(404): CodeIgniter\CodeIgniter->runController(Object(App\Controllers\Admin\Invoices))
#6 /home/dnzwygdo/public_html/djuragan.com/orderan/vendor/codeigniter4/framework/system/CodeIgniter.php(312): CodeIgniter\CodeIgniter->handleRequest(NULL, Object(Config\Cache), false)
#7 /home/dnzwygdo/public_html/djuragan.com/orderan/public/index.php(45): CodeIgniter\CodeIgniter->run()
#8 {main}
CRITICAL - 2020-12-04 15:13:36 --> count(): Parameter must be an array or an object that implements Countable
#0 /home/dnzwygdo/public_html/djuragan.com/orderan/app/Views/user/invoice/lihat.php(112): CodeIgniter\Debug\Exceptions->errorHandler(2, 'count(): Parame...', '/home/dnzwygdo/...', 112, Array)
#1 /home/dnzwygdo/public_html/djuragan.com/orderan/vendor/codeigniter4/framework/system/View/View.php(246): include('/home/dnzwygdo/...')
#2 /home/dnzwygdo/public_html/djuragan.com/orderan/vendor/codeigniter4/framework/system/Common.php(1119): CodeIgniter\View\View->render('user/invoice/li...', Array, true)
#3 /home/dnzwygdo/public_html/djuragan.com/orderan/app/Controllers/User/Invoices.php(179): view('user/invoice/li...', Array)
#4 /home/dnzwygdo/public_html/djuragan.com/orderan/vendor/codeigniter4/framework/system/CodeIgniter.php(918): App\Controllers\User\Invoices->lihat('5cc83b910b2a957...', 'belum-proses')
#5 /home/dnzwygdo/public_html/djuragan.com/orderan/vendor/codeigniter4/framework/system/CodeIgniter.php(404): CodeIgniter\CodeIgniter->runController(Object(App\Controllers\User\Invoices))
#6 /home/dnzwygdo/public_html/djuragan.com/orderan/vendor/codeigniter4/framework/system/CodeIgniter.php(312): CodeIgniter\CodeIgniter->handleRequest(NULL, Object(Config\Cache), false)
#7 /home/dnzwygdo/public_html/djuragan.com/orderan/public/index.php(45): CodeIgniter\CodeIgniter->run()
#8 {main}
CRITICAL - 2020-12-04 15:13:50 --> count(): Parameter must be an array or an object that implements Countable
#0 /home/dnzwygdo/public_html/djuragan.com/orderan/app/Views/user/invoice/lihat.php(112): CodeIgniter\Debug\Exceptions->errorHandler(2, 'count(): Parame...', '/home/dnzwygdo/...', 112, Array)
#1 /home/dnzwygdo/public_html/djuragan.com/orderan/vendor/codeigniter4/framework/system/View/View.php(246): include('/home/dnzwygdo/...')
#2 /home/dnzwygdo/public_html/djuragan.com/orderan/vendor/codeigniter4/framework/system/Common.php(1119): CodeIgniter\View\View->render('user/invoice/li...', Array, true)
#3 /home/dnzwygdo/public_html/djuragan.com/orderan/app/Controllers/User/Invoices.php(179): view('user/invoice/li...', Array)
#4 /home/dnzwygdo/public_html/djuragan.com/orderan/vendor/codeigniter4/framework/system/CodeIgniter.php(918): App\Controllers\User\Invoices->lihat('5cc83b910b2a957...', 'belum-proses')
#5 /home/dnzwygdo/public_html/djuragan.com/orderan/vendor/codeigniter4/framework/system/CodeIgniter.php(404): CodeIgniter\CodeIgniter->runController(Object(App\Controllers\User\Invoices))
#6 /home/dnzwygdo/public_html/djuragan.com/orderan/vendor/codeigniter4/framework/system/CodeIgniter.php(312): CodeIgniter\CodeIgniter->handleRequest(NULL, Object(Config\Cache), false)
#7 /home/dnzwygdo/public_html/djuragan.com/orderan/public/index.php(45): CodeIgniter\CodeIgniter->run()
#8 {main}
CRITICAL - 2020-12-04 15:14:02 --> count(): Parameter must be an array or an object that implements Countable
#0 /home/dnzwygdo/public_html/djuragan.com/orderan/app/Views/user/invoice/lihat.php(112): CodeIgniter\Debug\Exceptions->errorHandler(2, 'count(): Parame...', '/home/dnzwygdo/...', 112, Array)
#1 /home/dnzwygdo/public_html/djuragan.com/orderan/vendor/codeigniter4/framework/system/View/View.php(246): include('/home/dnzwygdo/...')
#2 /home/dnzwygdo/public_html/djuragan.com/orderan/vendor/codeigniter4/framework/system/Common.php(1119): CodeIgniter\View\View->render('user/invoice/li...', Array, true)
#3 /home/dnzwygdo/public_html/djuragan.com/orderan/app/Controllers/User/Invoices.php(179): view('user/invoice/li...', Array)
#4 /home/dnzwygdo/public_html/djuragan.com/orderan/vendor/codeigniter4/framework/system/CodeIgniter.php(918): App\Controllers\User\Invoices->lihat('5cc83b910b2a957...', 'semua')
#5 /home/dnzwygdo/public_html/djuragan.com/orderan/vendor/codeigniter4/framework/system/CodeIgniter.php(404): CodeIgniter\CodeIgniter->runController(Object(App\Controllers\User\Invoices))
#6 /home/dnzwygdo/public_html/djuragan.com/orderan/vendor/codeigniter4/framework/system/CodeIgniter.php(312): CodeIgniter\CodeIgniter->handleRequest(NULL, Object(Config\Cache), false)
#7 /home/dnzwygdo/public_html/djuragan.com/orderan/public/index.php(45): CodeIgniter\CodeIgniter->run()
#8 {main}
CRITICAL - 2020-12-04 15:15:48 --> count(): Parameter must be an array or an object that implements Countable
#0 /home/dnzwygdo/public_html/djuragan.com/orderan/app/Views/user/invoice/lihat.php(112): CodeIgniter\Debug\Exceptions->errorHandler(2, 'count(): Parame...', '/home/dnzwygdo/...', 112, Array)
#1 /home/dnzwygdo/public_html/djuragan.com/orderan/vendor/codeigniter4/framework/system/View/View.php(246): include('/home/dnzwygdo/...')
#2 /home/dnzwygdo/public_html/djuragan.com/orderan/vendor/codeigniter4/framework/system/Common.php(1119): CodeIgniter\View\View->render('user/invoice/li...', Array, true)
#3 /home/dnzwygdo/public_html/djuragan.com/orderan/app/Controllers/User/Invoices.php(179): view('user/invoice/li...', Array)
#4 /home/dnzwygdo/public_html/djuragan.com/orderan/vendor/codeigniter4/framework/system/CodeIgniter.php(918): App\Controllers\User\Invoices->lihat('5cc83b910b2a957...', 'semua')
#5 /home/dnzwygdo/public_html/djuragan.com/orderan/vendor/codeigniter4/framework/system/CodeIgniter.php(404): CodeIgniter\CodeIgniter->runController(Object(App\Controllers\User\Invoices))
#6 /home/dnzwygdo/public_html/djuragan.com/orderan/vendor/codeigniter4/framework/system/CodeIgniter.php(312): CodeIgniter\CodeIgniter->handleRequest(NULL, Object(Config\Cache), false)
#7 /home/dnzwygdo/public_html/djuragan.com/orderan/public/index.php(45): CodeIgniter\CodeIgniter->run()
#8 {main}
CRITICAL - 2020-12-04 15:16:41 --> count(): Parameter must be an array or an object that implements Countable
#0 /home/dnzwygdo/public_html/djuragan.com/orderan/app/Views/user/invoice/lihat.php(112): CodeIgniter\Debug\Exceptions->errorHandler(2, 'count(): Parame...', '/home/dnzwygdo/...', 112, Array)
#1 /home/dnzwygdo/public_html/djuragan.com/orderan/vendor/codeigniter4/framework/system/View/View.php(246): include('/home/dnzwygdo/...')
#2 /home/dnzwygdo/public_html/djuragan.com/orderan/vendor/codeigniter4/framework/system/Common.php(1119): CodeIgniter\View\View->render('user/invoice/li...', Array, true)
#3 /home/dnzwygdo/public_html/djuragan.com/orderan/app/Controllers/User/Invoices.php(179): view('user/invoice/li...', Array)
#4 /home/dnzwygdo/public_html/djuragan.com/orderan/vendor/codeigniter4/framework/system/CodeIgniter.php(918): App\Controllers\User\Invoices->lihat('5cc83b910b2a957...', 'semua')
#5 /home/dnzwygdo/public_html/djuragan.com/orderan/vendor/codeigniter4/framework/system/CodeIgniter.php(404): CodeIgniter\CodeIgniter->runController(Object(App\Controllers\User\Invoices))
#6 /home/dnzwygdo/public_html/djuragan.com/orderan/vendor/codeigniter4/framework/system/CodeIgniter.php(312): CodeIgniter\CodeIgniter->handleRequest(NULL, Object(Config\Cache), false)
#7 /home/dnzwygdo/public_html/djuragan.com/orderan/public/index.php(45): CodeIgniter\CodeIgniter->run()
#8 {main}
CRITICAL - 2020-12-04 15:16:52 --> count(): Parameter must be an array or an object that implements Countable
#0 /home/dnzwygdo/public_html/djuragan.com/orderan/app/Views/user/invoice/lihat.php(112): CodeIgniter\Debug\Exceptions->errorHandler(2, 'count(): Parame...', '/home/dnzwygdo/...', 112, Array)
#1 /home/dnzwygdo/public_html/djuragan.com/orderan/vendor/codeigniter4/framework/system/View/View.php(246): include('/home/dnzwygdo/...')
#2 /home/dnzwygdo/public_html/djuragan.com/orderan/vendor/codeigniter4/framework/system/Common.php(1119): CodeIgniter\View\View->render('user/invoice/li...', Array, true)
#3 /home/dnzwygdo/public_html/djuragan.com/orderan/app/Controllers/User/Invoices.php(179): view('user/invoice/li...', Array)
#4 /home/dnzwygdo/public_html/djuragan.com/orderan/vendor/codeigniter4/framework/system/CodeIgniter.php(918): App\Controllers\User\Invoices->lihat('5cc83b910b2a957...', 'semua')
#5 /home/dnzwygdo/public_html/djuragan.com/orderan/vendor/codeigniter4/framework/system/CodeIgniter.php(404): CodeIgniter\CodeIgniter->runController(Object(App\Controllers\User\Invoices))
#6 /home/dnzwygdo/public_html/djuragan.com/orderan/vendor/codeigniter4/framework/system/CodeIgniter.php(312): CodeIgniter\CodeIgniter->handleRequest(NULL, Object(Config\Cache), false)
#7 /home/dnzwygdo/public_html/djuragan.com/orderan/public/index.php(45): CodeIgniter\CodeIgniter->run()
#8 {main}
CRITICAL - 2020-12-04 15:17:06 --> count(): Parameter must be an array or an object that implements Countable
#0 /home/dnzwygdo/public_html/djuragan.com/orderan/app/Views/user/invoice/lihat.php(112): CodeIgniter\Debug\Exceptions->errorHandler(2, 'count(): Parame...', '/home/dnzwygdo/...', 112, Array)
#1 /home/dnzwygdo/public_html/djuragan.com/orderan/vendor/codeigniter4/framework/system/View/View.php(246): include('/home/dnzwygdo/...')
#2 /home/dnzwygdo/public_html/djuragan.com/orderan/vendor/codeigniter4/framework/system/Common.php(1119): CodeIgniter\View\View->render('user/invoice/li...', Array, true)
#3 /home/dnzwygdo/public_html/djuragan.com/orderan/app/Controllers/User/Invoices.php(179): view('user/invoice/li...', Array)
#4 /home/dnzwygdo/public_html/djuragan.com/orderan/vendor/codeigniter4/framework/system/CodeIgniter.php(918): App\Controllers\User\Invoices->lihat('5cc83b910b2a957...', 'semua')
#5 /home/dnzwygdo/public_html/djuragan.com/orderan/vendor/codeigniter4/framework/system/CodeIgniter.php(404): CodeIgniter\CodeIgniter->runController(Object(App\Controllers\User\Invoices))
#6 /home/dnzwygdo/public_html/djuragan.com/orderan/vendor/codeigniter4/framework/system/CodeIgniter.php(312): CodeIgniter\CodeIgniter->handleRequest(NULL, Object(Config\Cache), false)
#7 /home/dnzwygdo/public_html/djuragan.com/orderan/public/index.php(45): CodeIgniter\CodeIgniter->run()
#8 {main}
CRITICAL - 2020-12-04 15:17:39 --> count(): Parameter must be an array or an object that implements Countable
#0 /home/dnzwygdo/public_html/djuragan.com/orderan/app/Views/user/invoice/lihat.php(112): CodeIgniter\Debug\Exceptions->errorHandler(2, 'count(): Parame...', '/home/dnzwygdo/...', 112, Array)
#1 /home/dnzwygdo/public_html/djuragan.com/orderan/vendor/codeigniter4/framework/system/View/View.php(246): include('/home/dnzwygdo/...')
#2 /home/dnzwygdo/public_html/djuragan.com/orderan/vendor/codeigniter4/framework/system/Common.php(1119): CodeIgniter\View\View->render('user/invoice/li...', Array, true)
#3 /home/dnzwygdo/public_html/djuragan.com/orderan/app/Controllers/User/Invoices.php(179): view('user/invoice/li...', Array)
#4 /home/dnzwygdo/public_html/djuragan.com/orderan/vendor/codeigniter4/framework/system/CodeIgniter.php(918): App\Controllers\User\Invoices->lihat('5cc83b910b2a957...', 'semua')
#5 /home/dnzwygdo/public_html/djuragan.com/orderan/vendor/codeigniter4/framework/system/CodeIgniter.php(404): CodeIgniter\CodeIgniter->runController(Object(App\Controllers\User\Invoices))
#6 /home/dnzwygdo/public_html/djuragan.com/orderan/vendor/codeigniter4/framework/system/CodeIgniter.php(312): CodeIgniter\CodeIgniter->handleRequest(NULL, Object(Config\Cache), false)
#7 /home/dnzwygdo/public_html/djuragan.com/orderan/public/index.php(45): CodeIgniter\CodeIgniter->run()
#8 {main}
CRITICAL - 2020-12-04 15:18:11 --> count(): Parameter must be an array or an object that implements Countable
#0 /home/dnzwygdo/public_html/djuragan.com/orderan/app/Views/user/invoice/lihat.php(112): CodeIgniter\Debug\Exceptions->errorHandler(2, 'count(): Parame...', '/home/dnzwygdo/...', 112, Array)
#1 /home/dnzwygdo/public_html/djuragan.com/orderan/vendor/codeigniter4/framework/system/View/View.php(246): include('/home/dnzwygdo/...')
#2 /home/dnzwygdo/public_html/djuragan.com/orderan/vendor/codeigniter4/framework/system/Common.php(1119): CodeIgniter\View\View->render('user/invoice/li...', Array, true)
#3 /home/dnzwygdo/public_html/djuragan.com/orderan/app/Controllers/User/Invoices.php(179): view('user/invoice/li...', Array)
#4 /home/dnzwygdo/public_html/djuragan.com/orderan/vendor/codeigniter4/framework/system/CodeIgniter.php(918): App\Controllers\User\Invoices->lihat('5cc83b910b2a957...', 'semua')
#5 /home/dnzwygdo/public_html/djuragan.com/orderan/vendor/codeigniter4/framework/system/CodeIgniter.php(404): CodeIgniter\CodeIgniter->runController(Object(App\Controllers\User\Invoices))
#6 /home/dnzwygdo/public_html/djuragan.com/orderan/vendor/codeigniter4/framework/system/CodeIgniter.php(312): CodeIgniter\CodeIgniter->handleRequest(NULL, Object(Config\Cache), false)
#7 /home/dnzwygdo/public_html/djuragan.com/orderan/public/index.php(45): CodeIgniter\CodeIgniter->run()
#8 {main}
CRITICAL - 2020-12-04 15:19:54 --> count(): Parameter must be an array or an object that implements Countable
#0 /home/dnzwygdo/public_html/djuragan.com/orderan/app/Views/user/invoice/lihat.php(112): CodeIgniter\Debug\Exceptions->errorHandler(2, 'count(): Parame...', '/home/dnzwygdo/...', 112, Array)
#1 /home/dnzwygdo/public_html/djuragan.com/orderan/vendor/codeigniter4/framework/system/View/View.php(246): include('/home/dnzwygdo/...')
#2 /home/dnzwygdo/public_html/djuragan.com/orderan/vendor/codeigniter4/framework/system/Common.php(1119): CodeIgniter\View\View->render('user/invoice/li...', Array, true)
#3 /home/dnzwygdo/public_html/djuragan.com/orderan/app/Controllers/User/Invoices.php(179): view('user/invoice/li...', Array)
#4 /home/dnzwygdo/public_html/djuragan.com/orderan/vendor/codeigniter4/framework/system/CodeIgniter.php(918): App\Controllers\User\Invoices->lihat('5cc83b910b2a957...', 'semua')
#5 /home/dnzwygdo/public_html/djuragan.com/orderan/vendor/codeigniter4/framework/system/CodeIgniter.php(404): CodeIgniter\CodeIgniter->runController(Object(App\Controllers\User\Invoices))
#6 /home/dnzwygdo/public_html/djuragan.com/orderan/vendor/codeigniter4/framework/system/CodeIgniter.php(312): CodeIgniter\CodeIgniter->handleRequest(NULL, Object(Config\Cache), false)
#7 /home/dnzwygdo/public_html/djuragan.com/orderan/public/index.php(45): CodeIgniter\CodeIgniter->run()
#8 {main}
CRITICAL - 2020-12-04 15:20:44 --> count(): Parameter must be an array or an object that implements Countable
#0 /home/dnzwygdo/public_html/djuragan.com/orderan/app/Views/user/invoice/lihat.php(112): CodeIgniter\Debug\Exceptions->errorHandler(2, 'count(): Parame...', '/home/dnzwygdo/...', 112, Array)
#1 /home/dnzwygdo/public_html/djuragan.com/orderan/vendor/codeigniter4/framework/system/View/View.php(246): include('/home/dnzwygdo/...')
#2 /home/dnzwygdo/public_html/djuragan.com/orderan/vendor/codeigniter4/framework/system/Common.php(1119): CodeIgniter\View\View->render('user/invoice/li...', Array, true)
#3 /home/dnzwygdo/public_html/djuragan.com/orderan/app/Controllers/User/Invoices.php(179): view('user/invoice/li...', Array)
#4 /home/dnzwygdo/public_html/djuragan.com/orderan/vendor/codeigniter4/framework/system/CodeIgniter.php(918): App\Controllers\User\Invoices->lihat('5cc83b910b2a957...', 'semua')
#5 /home/dnzwygdo/public_html/djuragan.com/orderan/vendor/codeigniter4/framework/system/CodeIgniter.php(404): CodeIgniter\CodeIgniter->runController(Object(App\Controllers\User\Invoices))
#6 /home/dnzwygdo/public_html/djuragan.com/orderan/vendor/codeigniter4/framework/system/CodeIgniter.php(312): CodeIgniter\CodeIgniter->handleRequest(NULL, Object(Config\Cache), false)
#7 /home/dnzwygdo/public_html/djuragan.com/orderan/public/index.php(45): CodeIgniter\CodeIgniter->run()
#8 {main}
CRITICAL - 2020-12-04 15:21:46 --> count(): Parameter must be an array or an object that implements Countable
#0 /home/dnzwygdo/public_html/djuragan.com/orderan/app/Views/user/invoice/lihat.php(112): CodeIgniter\Debug\Exceptions->errorHandler(2, 'count(): Parame...', '/home/dnzwygdo/...', 112, Array)
#1 /home/dnzwygdo/public_html/djuragan.com/orderan/vendor/codeigniter4/framework/system/View/View.php(246): include('/home/dnzwygdo/...')
#2 /home/dnzwygdo/public_html/djuragan.com/orderan/vendor/codeigniter4/framework/system/Common.php(1119): CodeIgniter\View\View->render('user/invoice/li...', Array, true)
#3 /home/dnzwygdo/public_html/djuragan.com/orderan/app/Controllers/User/Invoices.php(179): view('user/invoice/li...', Array)
#4 /home/dnzwygdo/public_html/djuragan.com/orderan/vendor/codeigniter4/framework/system/CodeIgniter.php(918): App\Controllers\User\Invoices->lihat('5cc83b910b2a957...', 'semua')
#5 /home/dnzwygdo/public_html/djuragan.com/orderan/vendor/codeigniter4/framework/system/CodeIgniter.php(404): CodeIgniter\CodeIgniter->runController(Object(App\Controllers\User\Invoices))
#6 /home/dnzwygdo/public_html/djuragan.com/orderan/vendor/codeigniter4/framework/system/CodeIgniter.php(312): CodeIgniter\CodeIgniter->handleRequest(NULL, Object(Config\Cache), false)
#7 /home/dnzwygdo/public_html/djuragan.com/orderan/public/index.php(45): CodeIgniter\CodeIgniter->run()
#8 {main}
CRITICAL - 2020-12-04 15:21:52 --> count(): Parameter must be an array or an object that implements Countable
#0 /home/dnzwygdo/public_html/djuragan.com/orderan/app/Views/admin/invoice/lihat.php(112): CodeIgniter\Debug\Exceptions->errorHandler(2, 'count(): Parame...', '/home/dnzwygdo/...', 112, Array)
#1 /home/dnzwygdo/public_html/djuragan.com/orderan/vendor/codeigniter4/framework/system/View/View.php(246): include('/home/dnzwygdo/...')
#2 /home/dnzwygdo/public_html/djuragan.com/orderan/vendor/codeigniter4/framework/system/Common.php(1119): CodeIgniter\View\View->render('admin/invoice/l...', Array, true)
#3 /home/dnzwygdo/public_html/djuragan.com/orderan/app/Controllers/Admin/Invoices.php(80): view('admin/invoice/l...', Array)
#4 /home/dnzwygdo/public_html/djuragan.com/orderan/vendor/codeigniter4/framework/system/CodeIgniter.php(918): App\Controllers\Admin\Invoices->lihat('semua', 'semua')
#5 /home/dnzwygdo/public_html/djuragan.com/orderan/vendor/codeigniter4/framework/system/CodeIgniter.php(404): CodeIgniter\CodeIgniter->runController(Object(App\Controllers\Admin\Invoices))
#6 /home/dnzwygdo/public_html/djuragan.com/orderan/vendor/codeigniter4/framework/system/CodeIgniter.php(312): CodeIgniter\CodeIgniter->handleRequest(NULL, Object(Config\Cache), false)
#7 /home/dnzwygdo/public_html/djuragan.com/orderan/public/index.php(45): CodeIgniter\CodeIgniter->run()
#8 {main}
CRITICAL - 2020-12-04 15:23:01 --> count(): Parameter must be an array or an object that implements Countable
#0 /home/dnzwygdo/public_html/djuragan.com/orderan/app/Views/user/invoice/lihat.php(112): CodeIgniter\Debug\Exceptions->errorHandler(2, 'count(): Parame...', '/home/dnzwygdo/...', 112, Array)
#1 /home/dnzwygdo/public_html/djuragan.com/orderan/vendor/codeigniter4/framework/system/View/View.php(246): include('/home/dnzwygdo/...')
#2 /home/dnzwygdo/public_html/djuragan.com/orderan/vendor/codeigniter4/framework/system/Common.php(1119): CodeIgniter\View\View->render('user/invoice/li...', Array, true)
#3 /home/dnzwygdo/public_html/djuragan.com/orderan/app/Controllers/User/Invoices.php(179): view('user/invoice/li...', Array)
#4 /home/dnzwygdo/public_html/djuragan.com/orderan/vendor/codeigniter4/framework/system/CodeIgniter.php(918): App\Controllers\User\Invoices->lihat('5cc83b910b2a957...', 'semua')
#5 /home/dnzwygdo/public_html/djuragan.com/orderan/vendor/codeigniter4/framework/system/CodeIgniter.php(404): CodeIgniter\CodeIgniter->runController(Object(App\Controllers\User\Invoices))
#6 /home/dnzwygdo/public_html/djuragan.com/orderan/vendor/codeigniter4/framework/system/CodeIgniter.php(312): CodeIgniter\CodeIgniter->handleRequest(NULL, Object(Config\Cache), false)
#7 /home/dnzwygdo/public_html/djuragan.com/orderan/public/index.php(45): CodeIgniter\CodeIgniter->run()
#8 {main}
CRITICAL - 2020-12-04 15:23:30 --> count(): Parameter must be an array or an object that implements Countable
#0 /home/dnzwygdo/public_html/djuragan.com/orderan/app/Views/user/invoice/lihat.php(112): CodeIgniter\Debug\Exceptions->errorHandler(2, 'count(): Parame...', '/home/dnzwygdo/...', 112, Array)
#1 /home/dnzwygdo/public_html/djuragan.com/orderan/vendor/codeigniter4/framework/system/View/View.php(246): include('/home/dnzwygdo/...')
#2 /home/dnzwygdo/public_html/djuragan.com/orderan/vendor/codeigniter4/framework/system/Common.php(1119): CodeIgniter\View\View->render('user/invoice/li...', Array, true)
#3 /home/dnzwygdo/public_html/djuragan.com/orderan/app/Controllers/User/Invoices.php(179): view('user/invoice/li...', Array)
#4 /home/dnzwygdo/public_html/djuragan.com/orderan/vendor/codeigniter4/framework/system/CodeIgniter.php(918): App\Controllers\User\Invoices->lihat('5cc83b910b2a957...', 'semua')
#5 /home/dnzwygdo/public_html/djuragan.com/orderan/vendor/codeigniter4/framework/system/CodeIgniter.php(404): CodeIgniter\CodeIgniter->runController(Object(App\Controllers\User\Invoices))
#6 /home/dnzwygdo/public_html/djuragan.com/orderan/vendor/codeigniter4/framework/system/CodeIgniter.php(312): CodeIgniter\CodeIgniter->handleRequest(NULL, Object(Config\Cache), false)
#7 /home/dnzwygdo/public_html/djuragan.com/orderan/public/index.php(45): CodeIgniter\CodeIgniter->run()
#8 {main}
CRITICAL - 2020-12-04 15:24:28 --> count(): Parameter must be an array or an object that implements Countable
#0 /home/dnzwygdo/public_html/djuragan.com/orderan/app/Views/user/invoice/lihat.php(112): CodeIgniter\Debug\Exceptions->errorHandler(2, 'count(): Parame...', '/home/dnzwygdo/...', 112, Array)
#1 /home/dnzwygdo/public_html/djuragan.com/orderan/vendor/codeigniter4/framework/system/View/View.php(246): include('/home/dnzwygdo/...')
#2 /home/dnzwygdo/public_html/djuragan.com/orderan/vendor/codeigniter4/framework/system/Common.php(1119): CodeIgniter\View\View->render('user/invoice/li...', Array, true)
#3 /home/dnzwygdo/public_html/djuragan.com/orderan/app/Controllers/User/Invoices.php(179): view('user/invoice/li...', Array)
#4 /home/dnzwygdo/public_html/djuragan.com/orderan/vendor/codeigniter4/framework/system/CodeIgniter.php(918): App\Controllers\User\Invoices->lihat('5cc83b910b2a957...', 'semua')
#5 /home/dnzwygdo/public_html/djuragan.com/orderan/vendor/codeigniter4/framework/system/CodeIgniter.php(404): CodeIgniter\CodeIgniter->runController(Object(App\Controllers\User\Invoices))
#6 /home/dnzwygdo/public_html/djuragan.com/orderan/vendor/codeigniter4/framework/system/CodeIgniter.php(312): CodeIgniter\CodeIgniter->handleRequest(NULL, Object(Config\Cache), false)
#7 /home/dnzwygdo/public_html/djuragan.com/orderan/public/index.php(45): CodeIgniter\CodeIgniter->run()
#8 {main}
CRITICAL - 2020-12-04 15:24:56 --> count(): Parameter must be an array or an object that implements Countable
#0 /home/dnzwygdo/public_html/djuragan.com/orderan/app/Views/user/invoice/lihat.php(112): CodeIgniter\Debug\Exceptions->errorHandler(2, 'count(): Parame...', '/home/dnzwygdo/...', 112, Array)
#1 /home/dnzwygdo/public_html/djuragan.com/orderan/vendor/codeigniter4/framework/system/View/View.php(246): include('/home/dnzwygdo/...')
#2 /home/dnzwygdo/public_html/djuragan.com/orderan/vendor/codeigniter4/framework/system/Common.php(1119): CodeIgniter\View\View->render('user/invoice/li...', Array, true)
#3 /home/dnzwygdo/public_html/djuragan.com/orderan/app/Controllers/User/Invoices.php(179): view('user/invoice/li...', Array)
#4 /home/dnzwygdo/public_html/djuragan.com/orderan/vendor/codeigniter4/framework/system/CodeIgniter.php(918): App\Controllers\User\Invoices->lihat('5cc83b910b2a957...', 'semua')
#5 /home/dnzwygdo/public_html/djuragan.com/orderan/vendor/codeigniter4/framework/system/CodeIgniter.php(404): CodeIgniter\CodeIgniter->runController(Object(App\Controllers\User\Invoices))
#6 /home/dnzwygdo/public_html/djuragan.com/orderan/vendor/codeigniter4/framework/system/CodeIgniter.php(312): CodeIgniter\CodeIgniter->handleRequest(NULL, Object(Config\Cache), false)
#7 /home/dnzwygdo/public_html/djuragan.com/orderan/public/index.php(45): CodeIgniter\CodeIgniter->run()
#8 {main}
CRITICAL - 2020-12-04 15:25:07 --> count(): Parameter must be an array or an object that implements Countable
#0 /home/dnzwygdo/public_html/djuragan.com/orderan/app/Views/user/invoice/lihat.php(112): CodeIgniter\Debug\Exceptions->errorHandler(2, 'count(): Parame...', '/home/dnzwygdo/...', 112, Array)
#1 /home/dnzwygdo/public_html/djuragan.com/orderan/vendor/codeigniter4/framework/system/View/View.php(246): include('/home/dnzwygdo/...')
#2 /home/dnzwygdo/public_html/djuragan.com/orderan/vendor/codeigniter4/framework/system/Common.php(1119): CodeIgniter\View\View->render('user/invoice/li...', Array, true)
#3 /home/dnzwygdo/public_html/djuragan.com/orderan/app/Controllers/User/Invoices.php(179): view('user/invoice/li...', Array)
#4 /home/dnzwygdo/public_html/djuragan.com/orderan/vendor/codeigniter4/framework/system/CodeIgniter.php(918): App\Controllers\User\Invoices->lihat('5cc83b910b2a957...', 'semua')
#5 /home/dnzwygdo/public_html/djuragan.com/orderan/vendor/codeigniter4/framework/system/CodeIgniter.php(404): CodeIgniter\CodeIgniter->runController(Object(App\Controllers\User\Invoices))
#6 /home/dnzwygdo/public_html/djuragan.com/orderan/vendor/codeigniter4/framework/system/CodeIgniter.php(312): CodeIgniter\CodeIgniter->handleRequest(NULL, Object(Config\Cache), false)
#7 /home/dnzwygdo/public_html/djuragan.com/orderan/public/index.php(45): CodeIgniter\CodeIgniter->run()
#8 {main}
CRITICAL - 2020-12-04 15:25:22 --> count(): Parameter must be an array or an object that implements Countable
#0 /home/dnzwygdo/public_html/djuragan.com/orderan/app/Views/user/invoice/lihat.php(112): CodeIgniter\Debug\Exceptions->errorHandler(2, 'count(): Parame...', '/home/dnzwygdo/...', 112, Array)
#1 /home/dnzwygdo/public_html/djuragan.com/orderan/vendor/codeigniter4/framework/system/View/View.php(246): include('/home/dnzwygdo/...')
#2 /home/dnzwygdo/public_html/djuragan.com/orderan/vendor/codeigniter4/framework/system/Common.php(1119): CodeIgniter\View\View->render('user/invoice/li...', Array, true)
#3 /home/dnzwygdo/public_html/djuragan.com/orderan/app/Controllers/User/Invoices.php(179): view('user/invoice/li...', Array)
#4 /home/dnzwygdo/public_html/djuragan.com/orderan/vendor/codeigniter4/framework/system/CodeIgniter.php(918): App\Controllers\User\Invoices->lihat('5cc83b910b2a957...', 'semua')
#5 /home/dnzwygdo/public_html/djuragan.com/orderan/vendor/codeigniter4/framework/system/CodeIgniter.php(404): CodeIgniter\CodeIgniter->runController(Object(App\Controllers\User\Invoices))
#6 /home/dnzwygdo/public_html/djuragan.com/orderan/vendor/codeigniter4/framework/system/CodeIgniter.php(312): CodeIgniter\CodeIgniter->handleRequest(NULL, Object(Config\Cache), false)
#7 /home/dnzwygdo/public_html/djuragan.com/orderan/public/index.php(45): CodeIgniter\CodeIgniter->run()
#8 {main}
CRITICAL - 2020-12-04 15:25:54 --> count(): Parameter must be an array or an object that implements Countable
#0 /home/dnzwygdo/public_html/djuragan.com/orderan/app/Views/user/invoice/lihat.php(112): CodeIgniter\Debug\Exceptions->errorHandler(2, 'count(): Parame...', '/home/dnzwygdo/...', 112, Array)
#1 /home/dnzwygdo/public_html/djuragan.com/orderan/vendor/codeigniter4/framework/system/View/View.php(246): include('/home/dnzwygdo/...')
#2 /home/dnzwygdo/public_html/djuragan.com/orderan/vendor/codeigniter4/framework/system/Common.php(1119): CodeIgniter\View\View->render('user/invoice/li...', Array, true)
#3 /home/dnzwygdo/public_html/djuragan.com/orderan/app/Controllers/User/Invoices.php(179): view('user/invoice/li...', Array)
#4 /home/dnzwygdo/public_html/djuragan.com/orderan/vendor/codeigniter4/framework/system/CodeIgniter.php(918): App\Controllers\User\Invoices->lihat('5cc83b910b2a957...', 'semua')
#5 /home/dnzwygdo/public_html/djuragan.com/orderan/vendor/codeigniter4/framework/system/CodeIgniter.php(404): CodeIgniter\CodeIgniter->runController(Object(App\Controllers\User\Invoices))
#6 /home/dnzwygdo/public_html/djuragan.com/orderan/vendor/codeigniter4/framework/system/CodeIgniter.php(312): CodeIgniter\CodeIgniter->handleRequest(NULL, Object(Config\Cache), false)
#7 /home/dnzwygdo/public_html/djuragan.com/orderan/public/index.php(45): CodeIgniter\CodeIgniter->run()
#8 {main}
CRITICAL - 2020-12-04 15:25:56 --> count(): Parameter must be an array or an object that implements Countable
#0 /home/dnzwygdo/public_html/djuragan.com/orderan/app/Views/user/invoice/lihat.php(112): CodeIgniter\Debug\Exceptions->errorHandler(2, 'count(): Parame...', '/home/dnzwygdo/...', 112, Array)
#1 /home/dnzwygdo/public_html/djuragan.com/orderan/vendor/codeigniter4/framework/system/View/View.php(246): include('/home/dnzwygdo/...')
#2 /home/dnzwygdo/public_html/djuragan.com/orderan/vendor/codeigniter4/framework/system/Common.php(1119): CodeIgniter\View\View->render('user/invoice/li...', Array, true)
#3 /home/dnzwygdo/public_html/djuragan.com/orderan/app/Controllers/User/Invoices.php(179): view('user/invoice/li...', Array)
#4 /home/dnzwygdo/public_html/djuragan.com/orderan/vendor/codeigniter4/framework/system/CodeIgniter.php(918): App\Controllers\User\Invoices->lihat('5cc83b910b2a957...', 'semua')
#5 /home/dnzwygdo/public_html/djuragan.com/orderan/vendor/codeigniter4/framework/system/CodeIgniter.php(404): CodeIgniter\CodeIgniter->runController(Object(App\Controllers\User\Invoices))
#6 /home/dnzwygdo/public_html/djuragan.com/orderan/vendor/codeigniter4/framework/system/CodeIgniter.php(312): CodeIgniter\CodeIgniter->handleRequest(NULL, Object(Config\Cache), false)
#7 /home/dnzwygdo/public_html/djuragan.com/orderan/public/index.php(45): CodeIgniter\CodeIgniter->run()
#8 {main}
CRITICAL - 2020-12-04 15:26:40 --> count(): Parameter must be an array or an object that implements Countable
#0 /home/dnzwygdo/public_html/djuragan.com/orderan/app/Views/user/invoice/lihat.php(112): CodeIgniter\Debug\Exceptions->errorHandler(2, 'count(): Parame...', '/home/dnzwygdo/...', 112, Array)
#1 /home/dnzwygdo/public_html/djuragan.com/orderan/vendor/codeigniter4/framework/system/View/View.php(246): include('/home/dnzwygdo/...')
#2 /home/dnzwygdo/public_html/djuragan.com/orderan/vendor/codeigniter4/framework/system/Common.php(1119): CodeIgniter\View\View->render('user/invoice/li...', Array, true)
#3 /home/dnzwygdo/public_html/djuragan.com/orderan/app/Controllers/User/Invoices.php(179): view('user/invoice/li...', Array)
#4 /home/dnzwygdo/public_html/djuragan.com/orderan/vendor/codeigniter4/framework/system/CodeIgniter.php(918): App\Controllers\User\Invoices->lihat('5cc83b910b2a957...', 'semua')
#5 /home/dnzwygdo/public_html/djuragan.com/orderan/vendor/codeigniter4/framework/system/CodeIgniter.php(404): CodeIgniter\CodeIgniter->runController(Object(App\Controllers\User\Invoices))
#6 /home/dnzwygdo/public_html/djuragan.com/orderan/vendor/codeigniter4/framework/system/CodeIgniter.php(312): CodeIgniter\CodeIgniter->handleRequest(NULL, Object(Config\Cache), false)
#7 /home/dnzwygdo/public_html/djuragan.com/orderan/public/index.php(45): CodeIgniter\CodeIgniter->run()
#8 {main}
CRITICAL - 2020-12-04 15:30:38 --> count(): Parameter must be an array or an object that implements Countable
#0 /home/dnzwygdo/public_html/djuragan.com/orderan/app/Views/user/invoice/lihat.php(112): CodeIgniter\Debug\Exceptions->errorHandler(2, 'count(): Parame...', '/home/dnzwygdo/...', 112, Array)
#1 /home/dnzwygdo/public_html/djuragan.com/orderan/vendor/codeigniter4/framework/system/View/View.php(246): include('/home/dnzwygdo/...')
#2 /home/dnzwygdo/public_html/djuragan.com/orderan/vendor/codeigniter4/framework/system/Common.php(1119): CodeIgniter\View\View->render('user/invoice/li...', Array, true)
#3 /home/dnzwygdo/public_html/djuragan.com/orderan/app/Controllers/User/Invoices.php(179): view('user/invoice/li...', Array)
#4 /home/dnzwygdo/public_html/djuragan.com/orderan/vendor/codeigniter4/framework/system/CodeIgniter.php(918): App\Controllers\User\Invoices->lihat('5cc83b910b2a957...', 'semua')
#5 /home/dnzwygdo/public_html/djuragan.com/orderan/vendor/codeigniter4/framework/system/CodeIgniter.php(404): CodeIgniter\CodeIgniter->runController(Object(App\Controllers\User\Invoices))
#6 /home/dnzwygdo/public_html/djuragan.com/orderan/vendor/codeigniter4/framework/system/CodeIgniter.php(312): CodeIgniter\CodeIgniter->handleRequest(NULL, Object(Config\Cache), false)
#7 /home/dnzwygdo/public_html/djuragan.com/orderan/public/index.php(45): CodeIgniter\CodeIgniter->run()
#8 {main}
CRITICAL - 2020-12-04 15:30:46 --> count(): Parameter must be an array or an object that implements Countable
#0 /home/dnzwygdo/public_html/djuragan.com/orderan/app/Views/user/invoice/lihat.php(112): CodeIgniter\Debug\Exceptions->errorHandler(2, 'count(): Parame...', '/home/dnzwygdo/...', 112, Array)
#1 /home/dnzwygdo/public_html/djuragan.com/orderan/vendor/codeigniter4/framework/system/View/View.php(246): include('/home/dnzwygdo/...')
#2 /home/dnzwygdo/public_html/djuragan.com/orderan/vendor/codeigniter4/framework/system/Common.php(1119): CodeIgniter\View\View->render('user/invoice/li...', Array, true)
#3 /home/dnzwygdo/public_html/djuragan.com/orderan/app/Controllers/User/Invoices.php(179): view('user/invoice/li...', Array)
#4 /home/dnzwygdo/public_html/djuragan.com/orderan/vendor/codeigniter4/framework/system/CodeIgniter.php(918): App\Controllers\User\Invoices->lihat('5cc83b910b2a957...', 'semua')
#5 /home/dnzwygdo/public_html/djuragan.com/orderan/vendor/codeigniter4/framework/system/CodeIgniter.php(404): CodeIgniter\CodeIgniter->runController(Object(App\Controllers\User\Invoices))
#6 /home/dnzwygdo/public_html/djuragan.com/orderan/vendor/codeigniter4/framework/system/CodeIgniter.php(312): CodeIgniter\CodeIgniter->handleRequest(NULL, Object(Config\Cache), false)
#7 /home/dnzwygdo/public_html/djuragan.com/orderan/public/index.php(45): CodeIgniter\CodeIgniter->run()
#8 {main}
CRITICAL - 2020-12-04 15:32:18 --> count(): Parameter must be an array or an object that implements Countable
#0 /home/dnzwygdo/public_html/djuragan.com/orderan/app/Views/user/invoice/lihat.php(112): CodeIgniter\Debug\Exceptions->errorHandler(2, 'count(): Parame...', '/home/dnzwygdo/...', 112, Array)
#1 /home/dnzwygdo/public_html/djuragan.com/orderan/vendor/codeigniter4/framework/system/View/View.php(246): include('/home/dnzwygdo/...')
#2 /home/dnzwygdo/public_html/djuragan.com/orderan/vendor/codeigniter4/framework/system/Common.php(1119): CodeIgniter\View\View->render('user/invoice/li...', Array, true)
#3 /home/dnzwygdo/public_html/djuragan.com/orderan/app/Controllers/User/Invoices.php(179): view('user/invoice/li...', Array)
#4 /home/dnzwygdo/public_html/djuragan.com/orderan/vendor/codeigniter4/framework/system/CodeIgniter.php(918): App\Controllers\User\Invoices->lihat('5cc83b910b2a957...', 'semua')
#5 /home/dnzwygdo/public_html/djuragan.com/orderan/vendor/codeigniter4/framework/system/CodeIgniter.php(404): CodeIgniter\CodeIgniter->runController(Object(App\Controllers\User\Invoices))
#6 /home/dnzwygdo/public_html/djuragan.com/orderan/vendor/codeigniter4/framework/system/CodeIgniter.php(312): CodeIgniter\CodeIgniter->handleRequest(NULL, Object(Config\Cache), false)
#7 /home/dnzwygdo/public_html/djuragan.com/orderan/public/index.php(45): CodeIgniter\CodeIgniter->run()
#8 {main}
CRITICAL - 2020-12-04 15:39:40 --> count(): Parameter must be an array or an object that implements Countable
#0 /home/dnzwygdo/public_html/djuragan.com/orderan/app/Views/admin/invoice/lihat.php(112): CodeIgniter\Debug\Exceptions->errorHandler(2, 'count(): Parame...', '/home/dnzwygdo/...', 112, Array)
#1 /home/dnzwygdo/public_html/djuragan.com/orderan/vendor/codeigniter4/framework/system/View/View.php(246): include('/home/dnzwygdo/...')
#2 /home/dnzwygdo/public_html/djuragan.com/orderan/vendor/codeigniter4/framework/system/Common.php(1119): CodeIgniter\View\View->render('admin/invoice/l...', Array, true)
#3 /home/dnzwygdo/public_html/djuragan.com/orderan/app/Controllers/Admin/Invoices.php(80): view('admin/invoice/l...', Array)
#4 /home/dnzwygdo/public_html/djuragan.com/orderan/vendor/codeigniter4/framework/system/CodeIgniter.php(918): App\Controllers\Admin\Invoices->lihat('semua', 'semua')
#5 /home/dnzwygdo/public_html/djuragan.com/orderan/vendor/codeigniter4/framework/system/CodeIgniter.php(404): CodeIgniter\CodeIgniter->runController(Object(App\Controllers\Admin\Invoices))
#6 /home/dnzwygdo/public_html/djuragan.com/orderan/vendor/codeigniter4/framework/system/CodeIgniter.php(312): CodeIgniter\CodeIgniter->handleRequest(NULL, Object(Config\Cache), false)
#7 /home/dnzwygdo/public_html/djuragan.com/orderan/public/index.php(45): CodeIgniter\CodeIgniter->run()
#8 {main}
CRITICAL - 2020-12-04 15:41:23 --> Trying to get property 'nama' of non-object
#0 /home/dnzwygdo/public_html/djuragan.com/orderan/app/Views/admin/invoice/lihat.php(109): CodeIgniter\Debug\Exceptions->errorHandler(8, 'Trying to get p...', '/home/dnzwygdo/...', 109, Array)
#1 /home/dnzwygdo/public_html/djuragan.com/orderan/vendor/codeigniter4/framework/system/View/View.php(246): include('/home/dnzwygdo/...')
#2 /home/dnzwygdo/public_html/djuragan.com/orderan/vendor/codeigniter4/framework/system/Common.php(1119): CodeIgniter\View\View->render('admin/invoice/l...', Array, true)
#3 /home/dnzwygdo/public_html/djuragan.com/orderan/app/Controllers/Admin/Invoices.php(80): view('admin/invoice/l...', Array)
#4 /home/dnzwygdo/public_html/djuragan.com/orderan/vendor/codeigniter4/framework/system/CodeIgniter.php(918): App\Controllers\Admin\Invoices->lihat('semua', 'semua')
#5 /home/dnzwygdo/public_html/djuragan.com/orderan/vendor/codeigniter4/framework/system/CodeIgniter.php(404): CodeIgniter\CodeIgniter->runController(Object(App\Controllers\Admin\Invoices))
#6 /home/dnzwygdo/public_html/djuragan.com/orderan/vendor/codeigniter4/framework/system/CodeIgniter.php(312): CodeIgniter\CodeIgniter->handleRequest(NULL, Object(Config\Cache), false)
#7 /home/dnzwygdo/public_html/djuragan.com/orderan/public/index.php(45): CodeIgniter\CodeIgniter->run()
#8 {main}
CRITICAL - 2020-12-04 15:45:16 --> count(): Parameter must be an array or an object that implements Countable
#0 /home/dnzwygdo/public_html/djuragan.com/orderan/app/Views/admin/invoice/lihat.php(112): CodeIgniter\Debug\Exceptions->errorHandler(2, 'count(): Parame...', '/home/dnzwygdo/...', 112, Array)
#1 /home/dnzwygdo/public_html/djuragan.com/orderan/vendor/codeigniter4/framework/system/View/View.php(246): include('/home/dnzwygdo/...')
#2 /home/dnzwygdo/public_html/djuragan.com/orderan/vendor/codeigniter4/framework/system/Common.php(1119): CodeIgniter\View\View->render('admin/invoice/l...', Array, true)
#3 /home/dnzwygdo/public_html/djuragan.com/orderan/app/Controllers/Admin/Invoices.php(80): view('admin/invoice/l...', Array)
#4 /home/dnzwygdo/public_html/djuragan.com/orderan/vendor/codeigniter4/framework/system/CodeIgniter.php(918): App\Controllers\Admin\Invoices->lihat('semua', 'semua')
#5 /home/dnzwygdo/public_html/djuragan.com/orderan/vendor/codeigniter4/framework/system/CodeIgniter.php(404): CodeIgniter\CodeIgniter->runController(Object(App\Controllers\Admin\Invoices))
#6 /home/dnzwygdo/public_html/djuragan.com/orderan/vendor/codeigniter4/framework/system/CodeIgniter.php(312): CodeIgniter\CodeIgniter->handleRequest(NULL, Object(Config\Cache), false)
#7 /home/dnzwygdo/public_html/djuragan.com/orderan/public/index.php(45): CodeIgniter\CodeIgniter->run()
#8 {main}
CRITICAL - 2020-12-04 15:45:52 --> Trying to get property 'nama' of non-object
#0 /home/dnzwygdo/public_html/djuragan.com/orderan/app/Views/admin/invoice/lihat.php(109): CodeIgniter\Debug\Exceptions->errorHandler(8, 'Trying to get p...', '/home/dnzwygdo/...', 109, Array)
#1 /home/dnzwygdo/public_html/djuragan.com/orderan/vendor/codeigniter4/framework/system/View/View.php(246): include('/home/dnzwygdo/...')
#2 /home/dnzwygdo/public_html/djuragan.com/orderan/vendor/codeigniter4/framework/system/Common.php(1119): CodeIgniter\View\View->render('admin/invoice/l...', Array, true)
#3 /home/dnzwygdo/public_html/djuragan.com/orderan/app/Controllers/Admin/Invoices.php(80): view('admin/invoice/l...', Array)
#4 /home/dnzwygdo/public_html/djuragan.com/orderan/vendor/codeigniter4/framework/system/CodeIgniter.php(918): App\Controllers\Admin\Invoices->lihat('semua', 'semua')
#5 /home/dnzwygdo/public_html/djuragan.com/orderan/vendor/codeigniter4/framework/system/CodeIgniter.php(404): CodeIgniter\CodeIgniter->runController(Object(App\Controllers\Admin\Invoices))
#6 /home/dnzwygdo/public_html/djuragan.com/orderan/vendor/codeigniter4/framework/system/CodeIgniter.php(312): CodeIgniter\CodeIgniter->handleRequest(NULL, Object(Config\Cache), false)
#7 /home/dnzwygdo/public_html/djuragan.com/orderan/public/index.php(45): CodeIgniter\CodeIgniter->run()
#8 {main}
CRITICAL - 2020-12-04 15:46:43 --> count(): Parameter must be an array or an object that implements Countable
#0 /home/dnzwygdo/public_html/djuragan.com/orderan/app/Views/user/invoice/lihat.php(112): CodeIgniter\Debug\Exceptions->errorHandler(2, 'count(): Parame...', '/home/dnzwygdo/...', 112, Array)
#1 /home/dnzwygdo/public_html/djuragan.com/orderan/vendor/codeigniter4/framework/system/View/View.php(246): include('/home/dnzwygdo/...')
#2 /home/dnzwygdo/public_html/djuragan.com/orderan/vendor/codeigniter4/framework/system/Common.php(1119): CodeIgniter\View\View->render('user/invoice/li...', Array, true)
#3 /home/dnzwygdo/public_html/djuragan.com/orderan/app/Controllers/User/Invoices.php(179): view('user/invoice/li...', Array)
#4 /home/dnzwygdo/public_html/djuragan.com/orderan/vendor/codeigniter4/framework/system/CodeIgniter.php(918): App\Controllers\User\Invoices->lihat('5cc83b910b2a957...', 'semua')
#5 /home/dnzwygdo/public_html/djuragan.com/orderan/vendor/codeigniter4/framework/system/CodeIgniter.php(404): CodeIgniter\CodeIgniter->runController(Object(App\Controllers\User\Invoices))
#6 /home/dnzwygdo/public_html/djuragan.com/orderan/vendor/codeigniter4/framework/system/CodeIgniter.php(312): CodeIgniter\CodeIgniter->handleRequest(NULL, Object(Config\Cache), false)
#7 /home/dnzwygdo/public_html/djuragan.com/orderan/public/index.php(45): CodeIgniter\CodeIgniter->run()
#8 {main}
CRITICAL - 2020-12-04 15:55:59 --> count(): Parameter must be an array or an object that implements Countable
#0 /home/dnzwygdo/public_html/djuragan.com/orderan/app/Views/admin/invoice/lihat.php(112): CodeIgniter\Debug\Exceptions->errorHandler(2, 'count(): Parame...', '/home/dnzwygdo/...', 112, Array)
#1 /home/dnzwygdo/public_html/djuragan.com/orderan/vendor/codeigniter4/framework/system/View/View.php(246): include('/home/dnzwygdo/...')
#2 /home/dnzwygdo/public_html/djuragan.com/orderan/vendor/codeigniter4/framework/system/Common.php(1119): CodeIgniter\View\View->render('admin/invoice/l...', Array, true)
#3 /home/dnzwygdo/public_html/djuragan.com/orderan/app/Controllers/Admin/Invoices.php(80): view('admin/invoice/l...', Array)
#4 /home/dnzwygdo/public_html/djuragan.com/orderan/vendor/codeigniter4/framework/system/CodeIgniter.php(918): App\Controllers\Admin\Invoices->lihat('semua', 'semua')
#5 /home/dnzwygdo/public_html/djuragan.com/orderan/vendor/codeigniter4/framework/system/CodeIgniter.php(404): CodeIgniter\CodeIgniter->runController(Object(App\Controllers\Admin\Invoices))
#6 /home/dnzwygdo/public_html/djuragan.com/orderan/vendor/codeigniter4/framework/system/CodeIgniter.php(312): CodeIgniter\CodeIgniter->handleRequest(NULL, Object(Config\Cache), false)
#7 /home/dnzwygdo/public_html/djuragan.com/orderan/public/index.php(45): CodeIgniter\CodeIgniter->run()
#8 {main}
CRITICAL - 2020-12-04 16:12:15 --> count(): Parameter must be an array or an object that implements Countable
#0 /home/dnzwygdo/public_html/djuragan.com/orderan/app/Views/admin/invoice/lihat.php(112): CodeIgniter\Debug\Exceptions->errorHandler(2, 'count(): Parame...', '/home/dnzwygdo/...', 112, Array)
#1 /home/dnzwygdo/public_html/djuragan.com/orderan/vendor/codeigniter4/framework/system/View/View.php(246): include('/home/dnzwygdo/...')
#2 /home/dnzwygdo/public_html/djuragan.com/orderan/vendor/codeigniter4/framework/system/Common.php(1119): CodeIgniter\View\View->render('admin/invoice/l...', Array, true)
#3 /home/dnzwygdo/public_html/djuragan.com/orderan/app/Controllers/Admin/Invoices.php(80): view('admin/invoice/l...', Array)
#4 /home/dnzwygdo/public_html/djuragan.com/orderan/vendor/codeigniter4/framework/system/CodeIgniter.php(918): App\Controllers\Admin\Invoices->lihat('semua', 'semua')
#5 /home/dnzwygdo/public_html/djuragan.com/orderan/vendor/codeigniter4/framework/system/CodeIgniter.php(404): CodeIgniter\CodeIgniter->runController(Object(App\Controllers\Admin\Invoices))
#6 /home/dnzwygdo/public_html/djuragan.com/orderan/vendor/codeigniter4/framework/system/CodeIgniter.php(312): CodeIgniter\CodeIgniter->handleRequest(NULL, Object(Config\Cache), false)
#7 /home/dnzwygdo/public_html/djuragan.com/orderan/public/index.php(45): CodeIgniter\CodeIgniter->run()
#8 {main}
CRITICAL - 2020-12-04 16:25:29 --> count(): Parameter must be an array or an object that implements Countable
#0 /home/dnzwygdo/public_html/djuragan.com/orderan/app/Views/admin/invoice/lihat.php(112): CodeIgniter\Debug\Exceptions->errorHandler(2, 'count(): Parame...', '/home/dnzwygdo/...', 112, Array)
#1 /home/dnzwygdo/public_html/djuragan.com/orderan/vendor/codeigniter4/framework/system/View/View.php(246): include('/home/dnzwygdo/...')
#2 /home/dnzwygdo/public_html/djuragan.com/orderan/vendor/codeigniter4/framework/system/Common.php(1119): CodeIgniter\View\View->render('admin/invoice/l...', Array, true)
#3 /home/dnzwygdo/public_html/djuragan.com/orderan/app/Controllers/Admin/Invoices.php(80): view('admin/invoice/l...', Array)
#4 /home/dnzwygdo/public_html/djuragan.com/orderan/vendor/codeigniter4/framework/system/CodeIgniter.php(918): App\Controllers\Admin\Invoices->lihat('semua', 'semua')
#5 /home/dnzwygdo/public_html/djuragan.com/orderan/vendor/codeigniter4/framework/system/CodeIgniter.php(404): CodeIgniter\CodeIgniter->runController(Object(App\Controllers\Admin\Invoices))
#6 /home/dnzwygdo/public_html/djuragan.com/orderan/vendor/codeigniter4/framework/system/CodeIgniter.php(312): CodeIgniter\CodeIgniter->handleRequest(NULL, Object(Config\Cache), false)
#7 /home/dnzwygdo/public_html/djuragan.com/orderan/public/index.php(45): CodeIgniter\CodeIgniter->run()
#8 {main}
CRITICAL - 2020-12-04 16:28:44 --> count(): Parameter must be an array or an object that implements Countable
#0 /home/dnzwygdo/public_html/djuragan.com/orderan/app/Views/admin/invoice/lihat.php(112): CodeIgniter\Debug\Exceptions->errorHandler(2, 'count(): Parame...', '/home/dnzwygdo/...', 112, Array)
#1 /home/dnzwygdo/public_html/djuragan.com/orderan/vendor/codeigniter4/framework/system/View/View.php(246): include('/home/dnzwygdo/...')
#2 /home/dnzwygdo/public_html/djuragan.com/orderan/vendor/codeigniter4/framework/system/Common.php(1119): CodeIgniter\View\View->render('admin/invoice/l...', Array, true)
#3 /home/dnzwygdo/public_html/djuragan.com/orderan/app/Controllers/Admin/Invoices.php(80): view('admin/invoice/l...', Array)
#4 /home/dnzwygdo/public_html/djuragan.com/orderan/vendor/codeigniter4/framework/system/CodeIgniter.php(918): App\Controllers\Admin\Invoices->lihat('semua', 'semua')
#5 /home/dnzwygdo/public_html/djuragan.com/orderan/vendor/codeigniter4/framework/system/CodeIgniter.php(404): CodeIgniter\CodeIgniter->runController(Object(App\Controllers\Admin\Invoices))
#6 /home/dnzwygdo/public_html/djuragan.com/orderan/vendor/codeigniter4/framework/system/CodeIgniter.php(312): CodeIgniter\CodeIgniter->handleRequest(NULL, Object(Config\Cache), false)
#7 /home/dnzwygdo/public_html/djuragan.com/orderan/public/index.php(45): CodeIgniter\CodeIgniter->run()
#8 {main}
CRITICAL - 2020-12-04 16:30:04 --> count(): Parameter must be an array or an object that implements Countable
#0 /home/dnzwygdo/public_html/djuragan.com/orderan/app/Views/user/invoice/lihat.php(112): CodeIgniter\Debug\Exceptions->errorHandler(2, 'count(): Parame...', '/home/dnzwygdo/...', 112, Array)
#1 /home/dnzwygdo/public_html/djuragan.com/orderan/vendor/codeigniter4/framework/system/View/View.php(246): include('/home/dnzwygdo/...')
#2 /home/dnzwygdo/public_html/djuragan.com/orderan/vendor/codeigniter4/framework/system/Common.php(1119): CodeIgniter\View\View->render('user/invoice/li...', Array, true)
#3 /home/dnzwygdo/public_html/djuragan.com/orderan/app/Controllers/User/Invoices.php(179): view('user/invoice/li...', Array)
#4 /home/dnzwygdo/public_html/djuragan.com/orderan/vendor/codeigniter4/framework/system/CodeIgniter.php(918): App\Controllers\User\Invoices->lihat('5cc83b910b2a957...', 'semua')
#5 /home/dnzwygdo/public_html/djuragan.com/orderan/vendor/codeigniter4/framework/system/CodeIgniter.php(404): CodeIgniter\CodeIgniter->runController(Object(App\Controllers\User\Invoices))
#6 /home/dnzwygdo/public_html/djuragan.com/orderan/vendor/codeigniter4/framework/system/CodeIgniter.php(312): CodeIgniter\CodeIgniter->handleRequest(NULL, Object(Config\Cache), false)
#7 /home/dnzwygdo/public_html/djuragan.com/orderan/public/index.php(45): CodeIgniter\CodeIgniter->run()
#8 {main}
CRITICAL - 2020-12-04 16:30:15 --> count(): Parameter must be an array or an object that implements Countable
#0 /home/dnzwygdo/public_html/djuragan.com/orderan/app/Views/user/invoice/lihat.php(112): CodeIgniter\Debug\Exceptions->errorHandler(2, 'count(): Parame...', '/home/dnzwygdo/...', 112, Array)
#1 /home/dnzwygdo/public_html/djuragan.com/orderan/vendor/codeigniter4/framework/system/View/View.php(246): include('/home/dnzwygdo/...')
#2 /home/dnzwygdo/public_html/djuragan.com/orderan/vendor/codeigniter4/framework/system/Common.php(1119): CodeIgniter\View\View->render('user/invoice/li...', Array, true)
#3 /home/dnzwygdo/public_html/djuragan.com/orderan/app/Controllers/User/Invoices.php(179): view('user/invoice/li...', Array)
#4 /home/dnzwygdo/public_html/djuragan.com/orderan/vendor/codeigniter4/framework/system/CodeIgniter.php(918): App\Controllers\User\Invoices->lihat('5cc83b910b2a957...', 'semua')
#5 /home/dnzwygdo/public_html/djuragan.com/orderan/vendor/codeigniter4/framework/system/CodeIgniter.php(404): CodeIgniter\CodeIgniter->runController(Object(App\Controllers\User\Invoices))
#6 /home/dnzwygdo/public_html/djuragan.com/orderan/vendor/codeigniter4/framework/system/CodeIgniter.php(312): CodeIgniter\CodeIgniter->handleRequest(NULL, Object(Config\Cache), false)
#7 /home/dnzwygdo/public_html/djuragan.com/orderan/public/index.php(45): CodeIgniter\CodeIgniter->run()
#8 {main}
CRITICAL - 2020-12-04 16:33:12 --> count(): Parameter must be an array or an object that implements Countable
#0 /home/dnzwygdo/public_html/djuragan.com/orderan/app/Views/user/invoice/lihat.php(112): CodeIgniter\Debug\Exceptions->errorHandler(2, 'count(): Parame...', '/home/dnzwygdo/...', 112, Array)
#1 /home/dnzwygdo/public_html/djuragan.com/orderan/vendor/codeigniter4/framework/system/View/View.php(246): include('/home/dnzwygdo/...')
#2 /home/dnzwygdo/public_html/djuragan.com/orderan/vendor/codeigniter4/framework/system/Common.php(1119): CodeIgniter\View\View->render('user/invoice/li...', Array, true)
#3 /home/dnzwygdo/public_html/djuragan.com/orderan/app/Controllers/User/Invoices.php(179): view('user/invoice/li...', Array)
#4 /home/dnzwygdo/public_html/djuragan.com/orderan/vendor/codeigniter4/framework/system/CodeIgniter.php(918): App\Controllers\User\Invoices->lihat('5cc83b910b2a957...', 'semua')
#5 /home/dnzwygdo/public_html/djuragan.com/orderan/vendor/codeigniter4/framework/system/CodeIgniter.php(404): CodeIgniter\CodeIgniter->runController(Object(App\Controllers\User\Invoices))
#6 /home/dnzwygdo/public_html/djuragan.com/orderan/vendor/codeigniter4/framework/system/CodeIgniter.php(312): CodeIgniter\CodeIgniter->handleRequest(NULL, Object(Config\Cache), false)
#7 /home/dnzwygdo/public_html/djuragan.com/orderan/public/index.php(45): CodeIgniter\CodeIgniter->run()
#8 {main}
CRITICAL - 2020-12-04 16:33:41 --> count(): Parameter must be an array or an object that implements Countable
#0 /home/dnzwygdo/public_html/djuragan.com/orderan/app/Views/user/invoice/lihat.php(112): CodeIgniter\Debug\Exceptions->errorHandler(2, 'count(): Parame...', '/home/dnzwygdo/...', 112, Array)
#1 /home/dnzwygdo/public_html/djuragan.com/orderan/vendor/codeigniter4/framework/system/View/View.php(246): include('/home/dnzwygdo/...')
#2 /home/dnzwygdo/public_html/djuragan.com/orderan/vendor/codeigniter4/framework/system/Common.php(1119): CodeIgniter\View\View->render('user/invoice/li...', Array, true)
#3 /home/dnzwygdo/public_html/djuragan.com/orderan/app/Controllers/User/Invoices.php(179): view('user/invoice/li...', Array)
#4 /home/dnzwygdo/public_html/djuragan.com/orderan/vendor/codeigniter4/framework/system/CodeIgniter.php(918): App\Controllers\User\Invoices->lihat('5cc83b910b2a957...', 'semua')
#5 /home/dnzwygdo/public_html/djuragan.com/orderan/vendor/codeigniter4/framework/system/CodeIgniter.php(404): CodeIgniter\CodeIgniter->runController(Object(App\Controllers\User\Invoices))
#6 /home/dnzwygdo/public_html/djuragan.com/orderan/vendor/codeigniter4/framework/system/CodeIgniter.php(312): CodeIgniter\CodeIgniter->handleRequest(NULL, Object(Config\Cache), false)
#7 /home/dnzwygdo/public_html/djuragan.com/orderan/public/index.php(45): CodeIgniter\CodeIgniter->run()
#8 {main}
CRITICAL - 2020-12-04 16:40:41 --> count(): Parameter must be an array or an object that implements Countable
#0 /home/dnzwygdo/public_html/djuragan.com/orderan/app/Views/user/invoice/lihat.php(112): CodeIgniter\Debug\Exceptions->errorHandler(2, 'count(): Parame...', '/home/dnzwygdo/...', 112, Array)
#1 /home/dnzwygdo/public_html/djuragan.com/orderan/vendor/codeigniter4/framework/system/View/View.php(246): include('/home/dnzwygdo/...')
#2 /home/dnzwygdo/public_html/djuragan.com/orderan/vendor/codeigniter4/framework/system/Common.php(1119): CodeIgniter\View\View->render('user/invoice/li...', Array, true)
#3 /home/dnzwygdo/public_html/djuragan.com/orderan/app/Controllers/User/Invoices.php(179): view('user/invoice/li...', Array)
#4 /home/dnzwygdo/public_html/djuragan.com/orderan/vendor/codeigniter4/framework/system/CodeIgniter.php(918): App\Controllers\User\Invoices->lihat('5cc83b910b2a957...', 'semua')
#5 /home/dnzwygdo/public_html/djuragan.com/orderan/vendor/codeigniter4/framework/system/CodeIgniter.php(404): CodeIgniter\CodeIgniter->runController(Object(App\Controllers\User\Invoices))
#6 /home/dnzwygdo/public_html/djuragan.com/orderan/vendor/codeigniter4/framework/system/CodeIgniter.php(312): CodeIgniter\CodeIgniter->handleRequest(NULL, Object(Config\Cache), false)
#7 /home/dnzwygdo/public_html/djuragan.com/orderan/public/index.php(45): CodeIgniter\CodeIgniter->run()
#8 {main}
CRITICAL - 2020-12-04 16:49:20 --> count(): Parameter must be an array or an object that implements Countable
#0 /home/dnzwygdo/public_html/djuragan.com/orderan/app/Views/user/invoice/lihat.php(112): CodeIgniter\Debug\Exceptions->errorHandler(2, 'count(): Parame...', '/home/dnzwygdo/...', 112, Array)
#1 /home/dnzwygdo/public_html/djuragan.com/orderan/vendor/codeigniter4/framework/system/View/View.php(246): include('/home/dnzwygdo/...')
#2 /home/dnzwygdo/public_html/djuragan.com/orderan/vendor/codeigniter4/framework/system/Common.php(1119): CodeIgniter\View\View->render('user/invoice/li...', Array, true)
#3 /home/dnzwygdo/public_html/djuragan.com/orderan/app/Controllers/User/Invoices.php(179): view('user/invoice/li...', Array)
#4 /home/dnzwygdo/public_html/djuragan.com/orderan/vendor/codeigniter4/framework/system/CodeIgniter.php(918): App\Controllers\User\Invoices->lihat('5cc83b910b2a957...', 'semua')
#5 /home/dnzwygdo/public_html/djuragan.com/orderan/vendor/codeigniter4/framework/system/CodeIgniter.php(404): CodeIgniter\CodeIgniter->runController(Object(App\Controllers\User\Invoices))
#6 /home/dnzwygdo/public_html/djuragan.com/orderan/vendor/codeigniter4/framework/system/CodeIgniter.php(312): CodeIgniter\CodeIgniter->handleRequest(NULL, Object(Config\Cache), false)
#7 /home/dnzwygdo/public_html/djuragan.com/orderan/public/index.php(45): CodeIgniter\CodeIgniter->run()
#8 {main}
CRITICAL - 2020-12-04 17:28:51 --> count(): Parameter must be an array or an object that implements Countable
#0 /home/dnzwygdo/public_html/djuragan.com/orderan/app/Views/admin/invoice/lihat.php(112): CodeIgniter\Debug\Exceptions->errorHandler(2, 'count(): Parame...', '/home/dnzwygdo/...', 112, Array)
#1 /home/dnzwygdo/public_html/djuragan.com/orderan/vendor/codeigniter4/framework/system/View/View.php(246): include('/home/dnzwygdo/...')
#2 /home/dnzwygdo/public_html/djuragan.com/orderan/vendor/codeigniter4/framework/system/Common.php(1119): CodeIgniter\View\View->render('admin/invoice/l...', Array, true)
#3 /home/dnzwygdo/public_html/djuragan.com/orderan/app/Controllers/Admin/Invoices.php(80): view('admin/invoice/l...', Array)
#4 /home/dnzwygdo/public_html/djuragan.com/orderan/vendor/codeigniter4/framework/system/CodeIgniter.php(918): App\Controllers\Admin\Invoices->lihat('semua', 'semua')
#5 /home/dnzwygdo/public_html/djuragan.com/orderan/vendor/codeigniter4/framework/system/CodeIgniter.php(404): CodeIgniter\CodeIgniter->runController(Object(App\Controllers\Admin\Invoices))
#6 /home/dnzwygdo/public_html/djuragan.com/orderan/vendor/codeigniter4/framework/system/CodeIgniter.php(312): CodeIgniter\CodeIgniter->handleRequest(NULL, Object(Config\Cache), false)
#7 /home/dnzwygdo/public_html/djuragan.com/orderan/public/index.php(45): CodeIgniter\CodeIgniter->run()
#8 {main}
CRITICAL - 2020-12-04 18:28:11 --> count(): Parameter must be an array or an object that implements Countable
#0 /home/dnzwygdo/public_html/djuragan.com/orderan/app/Views/user/invoice/lihat.php(112): CodeIgniter\Debug\Exceptions->errorHandler(2, 'count(): Parame...', '/home/dnzwygdo/...', 112, Array)
#1 /home/dnzwygdo/public_html/djuragan.com/orderan/vendor/codeigniter4/framework/system/View/View.php(246): include('/home/dnzwygdo/...')
#2 /home/dnzwygdo/public_html/djuragan.com/orderan/vendor/codeigniter4/framework/system/Common.php(1119): CodeIgniter\View\View->render('user/invoice/li...', Array, true)
#3 /home/dnzwygdo/public_html/djuragan.com/orderan/app/Controllers/User/Invoices.php(179): view('user/invoice/li...', Array)
#4 /home/dnzwygdo/public_html/djuragan.com/orderan/vendor/codeigniter4/framework/system/CodeIgniter.php(918): App\Controllers\User\Invoices->lihat('5cc83b910b2a957...', 'semua')
#5 /home/dnzwygdo/public_html/djuragan.com/orderan/vendor/codeigniter4/framework/system/CodeIgniter.php(404): CodeIgniter\CodeIgniter->runController(Object(App\Controllers\User\Invoices))
#6 /home/dnzwygdo/public_html/djuragan.com/orderan/vendor/codeigniter4/framework/system/CodeIgniter.php(312): CodeIgniter\CodeIgniter->handleRequest(NULL, Object(Config\Cache), false)
#7 /home/dnzwygdo/public_html/djuragan.com/orderan/public/index.php(45): CodeIgniter\CodeIgniter->run()
#8 {main}
CRITICAL - 2020-12-04 18:40:17 --> count(): Parameter must be an array or an object that implements Countable
#0 /home/dnzwygdo/public_html/djuragan.com/orderan/app/Views/admin/invoice/lihat.php(112): CodeIgniter\Debug\Exceptions->errorHandler(2, 'count(): Parame...', '/home/dnzwygdo/...', 112, Array)
#1 /home/dnzwygdo/public_html/djuragan.com/orderan/vendor/codeigniter4/framework/system/View/View.php(246): include('/home/dnzwygdo/...')
#2 /home/dnzwygdo/public_html/djuragan.com/orderan/vendor/codeigniter4/framework/system/Common.php(1119): CodeIgniter\View\View->render('admin/invoice/l...', Array, true)
#3 /home/dnzwygdo/public_html/djuragan.com/orderan/app/Controllers/Admin/Invoices.php(80): view('admin/invoice/l...', Array)
#4 /home/dnzwygdo/public_html/djuragan.com/orderan/vendor/codeigniter4/framework/system/CodeIgniter.php(918): App\Controllers\Admin\Invoices->lihat('semua', 'semua')
#5 /home/dnzwygdo/public_html/djuragan.com/orderan/vendor/codeigniter4/framework/system/CodeIgniter.php(404): CodeIgniter\CodeIgniter->runController(Object(App\Controllers\Admin\Invoices))
#6 /home/dnzwygdo/public_html/djuragan.com/orderan/vendor/codeigniter4/framework/system/CodeIgniter.php(312): CodeIgniter\CodeIgniter->handleRequest(NULL, Object(Config\Cache), false)
#7 /home/dnzwygdo/public_html/djuragan.com/orderan/public/index.php(45): CodeIgniter\CodeIgniter->run()
#8 {main}
CRITICAL - 2020-12-04 18:40:28 --> count(): Parameter must be an array or an object that implements Countable
#0 /home/dnzwygdo/public_html/djuragan.com/orderan/app/Views/admin/invoice/lihat.php(112): CodeIgniter\Debug\Exceptions->errorHandler(2, 'count(): Parame...', '/home/dnzwygdo/...', 112, Array)
#1 /home/dnzwygdo/public_html/djuragan.com/orderan/vendor/codeigniter4/framework/system/View/View.php(246): include('/home/dnzwygdo/...')
#2 /home/dnzwygdo/public_html/djuragan.com/orderan/vendor/codeigniter4/framework/system/Common.php(1119): CodeIgniter\View\View->render('admin/invoice/l...', Array, true)
#3 /home/dnzwygdo/public_html/djuragan.com/orderan/app/Controllers/Admin/Invoices.php(80): view('admin/invoice/l...', Array)
#4 /home/dnzwygdo/public_html/djuragan.com/orderan/vendor/codeigniter4/framework/system/CodeIgniter.php(918): App\Controllers\Admin\Invoices->lihat('semua', 'semua')
#5 /home/dnzwygdo/public_html/djuragan.com/orderan/vendor/codeigniter4/framework/system/CodeIgniter.php(404): CodeIgniter\CodeIgniter->runController(Object(App\Controllers\Admin\Invoices))
#6 /home/dnzwygdo/public_html/djuragan.com/orderan/vendor/codeigniter4/framework/system/CodeIgniter.php(312): CodeIgniter\CodeIgniter->handleRequest(NULL, Object(Config\Cache), false)
#7 /home/dnzwygdo/public_html/djuragan.com/orderan/public/index.php(45): CodeIgniter\CodeIgniter->run()
#8 {main}
CRITICAL - 2020-12-04 18:41:11 --> count(): Parameter must be an array or an object that implements Countable
#0 /home/dnzwygdo/public_html/djuragan.com/orderan/app/Views/admin/invoice/lihat.php(112): CodeIgniter\Debug\Exceptions->errorHandler(2, 'count(): Parame...', '/home/dnzwygdo/...', 112, Array)
#1 /home/dnzwygdo/public_html/djuragan.com/orderan/vendor/codeigniter4/framework/system/View/View.php(246): include('/home/dnzwygdo/...')
#2 /home/dnzwygdo/public_html/djuragan.com/orderan/vendor/codeigniter4/framework/system/Common.php(1119): CodeIgniter\View\View->render('admin/invoice/l...', Array, true)
#3 /home/dnzwygdo/public_html/djuragan.com/orderan/app/Controllers/Admin/Invoices.php(80): view('admin/invoice/l...', Array)
#4 /home/dnzwygdo/public_html/djuragan.com/orderan/vendor/codeigniter4/framework/system/CodeIgniter.php(918): App\Controllers\Admin\Invoices->lihat('semua', 'semua')
#5 /home/dnzwygdo/public_html/djuragan.com/orderan/vendor/codeigniter4/framework/system/CodeIgniter.php(404): CodeIgniter\CodeIgniter->runController(Object(App\Controllers\Admin\Invoices))
#6 /home/dnzwygdo/public_html/djuragan.com/orderan/vendor/codeigniter4/framework/system/CodeIgniter.php(312): CodeIgniter\CodeIgniter->handleRequest(NULL, Object(Config\Cache), false)
#7 /home/dnzwygdo/public_html/djuragan.com/orderan/public/index.php(45): CodeIgniter\CodeIgniter->run()
#8 {main}
CRITICAL - 2020-12-04 18:41:23 --> count(): Parameter must be an array or an object that implements Countable
#0 /home/dnzwygdo/public_html/djuragan.com/orderan/app/Views/admin/invoice/lihat.php(112): CodeIgniter\Debug\Exceptions->errorHandler(2, 'count(): Parame...', '/home/dnzwygdo/...', 112, Array)
#1 /home/dnzwygdo/public_html/djuragan.com/orderan/vendor/codeigniter4/framework/system/View/View.php(246): include('/home/dnzwygdo/...')
#2 /home/dnzwygdo/public_html/djuragan.com/orderan/vendor/codeigniter4/framework/system/Common.php(1119): CodeIgniter\View\View->render('admin/invoice/l...', Array, true)
#3 /home/dnzwygdo/public_html/djuragan.com/orderan/app/Controllers/Admin/Invoices.php(80): view('admin/invoice/l...', Array)
#4 /home/dnzwygdo/public_html/djuragan.com/orderan/vendor/codeigniter4/framework/system/CodeIgniter.php(918): App\Controllers\Admin\Invoices->lihat('semua', 'semua')
#5 /home/dnzwygdo/public_html/djuragan.com/orderan/vendor/codeigniter4/framework/system/CodeIgniter.php(404): CodeIgniter\CodeIgniter->runController(Object(App\Controllers\Admin\Invoices))
#6 /home/dnzwygdo/public_html/djuragan.com/orderan/vendor/codeigniter4/framework/system/CodeIgniter.php(312): CodeIgniter\CodeIgniter->handleRequest(NULL, Object(Config\Cache), false)
#7 /home/dnzwygdo/public_html/djuragan.com/orderan/public/index.php(45): CodeIgniter\CodeIgniter->run()
#8 {main}
CRITICAL - 2020-12-04 20:02:07 --> count(): Parameter must be an array or an object that implements Countable
#0 /home/dnzwygdo/public_html/djuragan.com/orderan/app/Views/admin/invoice/lihat.php(112): CodeIgniter\Debug\Exceptions->errorHandler(2, 'count(): Parame...', '/home/dnzwygdo/...', 112, Array)
#1 /home/dnzwygdo/public_html/djuragan.com/orderan/vendor/codeigniter4/framework/system/View/View.php(246): include('/home/dnzwygdo/...')
#2 /home/dnzwygdo/public_html/djuragan.com/orderan/vendor/codeigniter4/framework/system/Common.php(1119): CodeIgniter\View\View->render('admin/invoice/l...', Array, true)
#3 /home/dnzwygdo/public_html/djuragan.com/orderan/app/Controllers/Admin/Invoices.php(80): view('admin/invoice/l...', Array)
#4 /home/dnzwygdo/public_html/djuragan.com/orderan/vendor/codeigniter4/framework/system/CodeIgniter.php(918): App\Controllers\Admin\Invoices->lihat('semua', 'semua')
#5 /home/dnzwygdo/public_html/djuragan.com/orderan/vendor/codeigniter4/framework/system/CodeIgniter.php(404): CodeIgniter\CodeIgniter->runController(Object(App\Controllers\Admin\Invoices))
#6 /home/dnzwygdo/public_html/djuragan.com/orderan/vendor/codeigniter4/framework/system/CodeIgniter.php(312): CodeIgniter\CodeIgniter->handleRequest(NULL, Object(Config\Cache), false)
#7 /home/dnzwygdo/public_html/djuragan.com/orderan/public/index.php(45): CodeIgniter\CodeIgniter->run()
#8 {main}
